# Clay logo mesh
mtllib vite-bolt-clay-clay.mtl

v 0.7327901422977448 -0.12087798863649368 -0.14799999818205833
v 0.3188839256763458 -0.6377530097961426 -0.14799999818205833
v 0.07779016345739365 -0.8886904716491699 -0.14799999818205833
v 0.8324776589870453 0.2599032521247864 -0.14799999818205833
v 0.9323213994503021 0.1853720098733902 -0.14799999818205833
v 0.7327901422977448 -0.12087798863649368 -0.14799999818205833
v 0.6502901613712311 0.8911532759666443 -0.14799999818205833
v 0.6282589137554169 0.7602157592773438 -0.14799999818205833
v 0.4846651554107666 0.5438095331192017 -0.14799999818205833
v -0.31799107789993286 0.7724032402038574 -0.14799999818205833
v 0.33700892329216003 0.9049032926559448 -0.14799999818205833
v 0.6502901613712311 0.8911532759666443 -0.14799999818205833
v -0.9320535957813263 0.34099701046943665 -0.14799999818205833
v -0.8053348362445831 0.5086532831192017 -0.14799999818205833
v -0.31799107789993286 0.7724032402038574 -0.14799999818205833
v -0.49783483147621155 0.2677157521247864 -0.14799999818205833
v -0.7900223433971405 0.28896576166152954 -0.14799999818205833
v -0.9320535957813263 0.34099701046943665 -0.14799999818205833
v -0.5586160719394684 -0.3365029990673065 -0.14799999818205833
v -0.50674107670784 -0.203846737742424 -0.14799999818205833
v -0.3640848398208618 0.008184514939785004 -0.14799999818205833
v -0.19174107909202576 -0.39337798953056335 -0.14799999818205833
v -0.43424108624458313 -0.37931549549102783 -0.14799999818205833
v -0.5586160719394684 -0.3365029990673065 -0.14799999818205833
v 0.07779016345739365 -0.8886904716491699 -0.14799999818205833
v 0.022790166549384594 -0.8093155026435852 -0.14799999818205833
v 0.011852666037157178 -0.5885342359542847 -0.14799999818205833
v 0.8324776589870453 0.2599032521247864 -0.14799999818205833
v 0.7327901422977448 -0.12087798863649368 -0.14799999818205833
v 0.07779016345739365 -0.8886904716491699 -0.14799999818205833
v 0.6502901613712311 0.8911532759666443 -0.14799999818205833
v 0.4846651554107666 0.5438095331192017 -0.14799999818205833
v 0.4027901589870453 0.40334075689315796 -0.14799999818205833
v -0.9320535957813263 0.34099701046943665 -0.14799999818205833
v -0.31799107789993286 0.7724032402038574 -0.14799999818205833
v 0.6502901613712311 0.8911532759666443 -0.14799999818205833
v -0.31814733147621155 0.2386532723903656 -0.14799999818205833
v -0.49783483147621155 0.2677157521247864 -0.14799999818205833
v -0.9320535957813263 0.34099701046943665 -0.14799999818205833
v -0.5586160719394684 -0.3365029990673065 -0.14799999818205833
v -0.3640848398208618 0.008184514939785004 -0.14799999818205833
v -0.2823660969734192 0.1422470211982727 -0.14799999818205833
v -0.04580358415842056 -0.40884673595428467 -0.14799999818205833
v -0.19174107909202576 -0.39337798953056335 -0.14799999818205833
v -0.5586160719394684 -0.3365029990673065 -0.14799999818205833
v 0.07779016345739365 -0.8886904716491699 -0.14799999818205833
v 0.011852666037157178 -0.5885342359542847 -0.14799999818205833
v -0.0028348341584205627 -0.451659232378006 -0.14799999818205833
v 0.5866964161396027 0.2774032652378082 -0.14799999818205833
v 0.8324776589870453 0.2599032521247864 -0.14799999818205833
v 0.07779016345739365 -0.8886904716491699 -0.14799999818205833
v -0.9320535957813263 0.34099701046943665 -0.14799999818205833
v 0.6502901613712311 0.8911532759666443 -0.14799999818205833
v 0.4027901589870453 0.40334075689315796 -0.14799999818205833
v -0.04580358415842056 -0.40884673595428467 -0.14799999818205833
v -0.5586160719394684 -0.3365029990673065 -0.14799999818205833
v -0.2823660969734192 0.1422470211982727 -0.14799999818205833
v 0.5866964161396027 0.2774032652378082 -0.14799999818205833
v 0.07779016345739365 -0.8886904716491699 -0.14799999818205833
v -0.0028348341584205627 -0.451659232378006 -0.14799999818205833
v -0.9320535957813263 0.34099701046943665 -0.14799999818205833
v 0.4027901589870453 0.40334075689315796 -0.14799999818205833
v 0.39529016613960266 0.3386532664299011 -0.14799999818205833
v -0.04580358415842056 -0.40884673595428467 -0.14799999818205833
v -0.2823660969734192 0.1422470211982727 -0.14799999818205833
v -0.27236607670783997 0.20021575689315796 -0.14799999818205833
v 0.5866964161396027 0.2774032652378082 -0.14799999818205833
v -0.0028348341584205627 -0.451659232378006 -0.14799999818205833
v -0.04580358415842056 -0.40884673595428467 -0.14799999818205833
v -0.9320535957813263 0.34099701046943665 -0.14799999818205833
v 0.39529016613960266 0.3386532664299011 -0.14799999818205833
v 0.43685266375541687 0.3002157509326935 -0.14799999818205833
v 0.5866964161396027 0.2774032652378082 -0.14799999818205833
v -0.04580358415842056 -0.40884673595428467 -0.14799999818205833
v -0.27236607670783997 0.20021575689315796 -0.14799999818205833
v -0.9320535957813263 0.34099701046943665 -0.14799999818205833
v 0.43685266375541687 0.3002157509326935 -0.14799999818205833
v 0.5866964161396027 0.2774032652378082 -0.14799999818205833
v 0.5866964161396027 0.2774032652378082 -0.14799999818205833
v -0.27236607670783997 0.20021575689315796 -0.14799999818205833
v -0.31814733147621155 0.2386532723903656 -0.14799999818205833
v -0.31814733147621155 0.2386532723903656 -0.14799999818205833
v -0.9320535957813263 0.34099701046943665 -0.14799999818205833
v 0.5866964161396027 0.2774032652378082 -0.14799999818205833
v 0.07779016345739365 -0.8886904716491699 0.14799999818205833
v 0.3188839256763458 -0.6377530097961426 0.14799999818205833
v 0.7327901422977448 -0.12087798863649368 0.14799999818205833
v 0.7327901422977448 -0.12087798863649368 0.14799999818205833
v 0.9323213994503021 0.1853720098733902 0.14799999818205833
v 0.8324776589870453 0.2599032521247864 0.14799999818205833
v 0.4846651554107666 0.5438095331192017 0.14799999818205833
v 0.6282589137554169 0.7602157592773438 0.14799999818205833
v 0.6502901613712311 0.8911532759666443 0.14799999818205833
v 0.6502901613712311 0.8911532759666443 0.14799999818205833
v 0.33700892329216003 0.9049032926559448 0.14799999818205833
v -0.31799107789993286 0.7724032402038574 0.14799999818205833
v -0.31799107789993286 0.7724032402038574 0.14799999818205833
v -0.8053348362445831 0.5086532831192017 0.14799999818205833
v -0.9320535957813263 0.34099701046943665 0.14799999818205833
v -0.9320535957813263 0.34099701046943665 0.14799999818205833
v -0.7900223433971405 0.28896576166152954 0.14799999818205833
v -0.49783483147621155 0.2677157521247864 0.14799999818205833
v -0.3640848398208618 0.008184514939785004 0.14799999818205833
v -0.50674107670784 -0.203846737742424 0.14799999818205833
v -0.5586160719394684 -0.3365029990673065 0.14799999818205833
v -0.5586160719394684 -0.3365029990673065 0.14799999818205833
v -0.43424108624458313 -0.37931549549102783 0.14799999818205833
v -0.19174107909202576 -0.39337798953056335 0.14799999818205833
v 0.011852666037157178 -0.5885342359542847 0.14799999818205833
v 0.022790166549384594 -0.8093155026435852 0.14799999818205833
v 0.07779016345739365 -0.8886904716491699 0.14799999818205833
v 0.07779016345739365 -0.8886904716491699 0.14799999818205833
v 0.7327901422977448 -0.12087798863649368 0.14799999818205833
v 0.8324776589870453 0.2599032521247864 0.14799999818205833
v 0.4027901589870453 0.40334075689315796 0.14799999818205833
v 0.4846651554107666 0.5438095331192017 0.14799999818205833
v 0.6502901613712311 0.8911532759666443 0.14799999818205833
v 0.6502901613712311 0.8911532759666443 0.14799999818205833
v -0.31799107789993286 0.7724032402038574 0.14799999818205833
v -0.9320535957813263 0.34099701046943665 0.14799999818205833
v -0.9320535957813263 0.34099701046943665 0.14799999818205833
v -0.49783483147621155 0.2677157521247864 0.14799999818205833
v -0.31814733147621155 0.2386532723903656 0.14799999818205833
v -0.2823660969734192 0.1422470211982727 0.14799999818205833
v -0.3640848398208618 0.008184514939785004 0.14799999818205833
v -0.5586160719394684 -0.3365029990673065 0.14799999818205833
v -0.5586160719394684 -0.3365029990673065 0.14799999818205833
v -0.19174107909202576 -0.39337798953056335 0.14799999818205833
v -0.04580358415842056 -0.40884673595428467 0.14799999818205833
v -0.0028348341584205627 -0.451659232378006 0.14799999818205833
v 0.011852666037157178 -0.5885342359542847 0.14799999818205833
v 0.07779016345739365 -0.8886904716491699 0.14799999818205833
v 0.07779016345739365 -0.8886904716491699 0.14799999818205833
v 0.8324776589870453 0.2599032521247864 0.14799999818205833
v 0.5866964161396027 0.2774032652378082 0.14799999818205833
v 0.4027901589870453 0.40334075689315796 0.14799999818205833
v 0.6502901613712311 0.8911532759666443 0.14799999818205833
v -0.9320535957813263 0.34099701046943665 0.14799999818205833
v -0.2823660969734192 0.1422470211982727 0.14799999818205833
v -0.5586160719394684 -0.3365029990673065 0.14799999818205833
v -0.04580358415842056 -0.40884673595428467 0.14799999818205833
v -0.0028348341584205627 -0.451659232378006 0.14799999818205833
v 0.07779016345739365 -0.8886904716491699 0.14799999818205833
v 0.5866964161396027 0.2774032652378082 0.14799999818205833
v 0.39529016613960266 0.3386532664299011 0.14799999818205833
v 0.4027901589870453 0.40334075689315796 0.14799999818205833
v -0.9320535957813263 0.34099701046943665 0.14799999818205833
v -0.27236607670783997 0.20021575689315796 0.14799999818205833
v -0.2823660969734192 0.1422470211982727 0.14799999818205833
v -0.04580358415842056 -0.40884673595428467 0.14799999818205833
v -0.04580358415842056 -0.40884673595428467 0.14799999818205833
v -0.0028348341584205627 -0.451659232378006 0.14799999818205833
v 0.5866964161396027 0.2774032652378082 0.14799999818205833
v 0.43685266375541687 0.3002157509326935 0.14799999818205833
v 0.39529016613960266 0.3386532664299011 0.14799999818205833
v -0.9320535957813263 0.34099701046943665 0.14799999818205833
v -0.27236607670783997 0.20021575689315796 0.14799999818205833
v -0.04580358415842056 -0.40884673595428467 0.14799999818205833
v 0.5866964161396027 0.2774032652378082 0.14799999818205833
v 0.5866964161396027 0.2774032652378082 0.14799999818205833
v 0.43685266375541687 0.3002157509326935 0.14799999818205833
v -0.9320535957813263 0.34099701046943665 0.14799999818205833
v -0.31814733147621155 0.2386532723903656 0.14799999818205833
v -0.27236607670783997 0.20021575689315796 0.14799999818205833
v 0.5866964161396027 0.2774032652378082 0.14799999818205833
v 0.5866964161396027 0.2774032652378082 0.14799999818205833
v -0.9320535957813263 0.34099701046943665 0.14799999818205833
v -0.31814733147621155 0.2386532723903656 0.14799999818205833
v 0.7327901422977448 -0.12087798863649368 -0.14799999818205833
v 0.9323213994503021 0.1853720098733902 -0.14799999818205833
v 0.73642298579216 -0.12350637465715408 -0.14769818261265755
v 0.9323213994503021 0.1853720098733902 -0.14799999818205833
v 0.9383674561977386 0.18644756078720093 -0.14769818261265755
v 0.73642298579216 -0.12350637465715408 -0.14769818261265755
v 0.73642298579216 -0.12350637465715408 -0.14769818261265755
v 0.9383674561977386 0.18644756078720093 -0.14769818261265755
v 0.7400100529193878 -0.12610171735286713 -0.14679653570055962
v 0.9383674561977386 0.18644756078720093 -0.14769818261265755
v 0.9443374574184418 0.18750958144664764 -0.14679653570055962
v 0.7400100529193878 -0.12610171735286713 -0.14679653570055962
v 0.7400100529193878 -0.12610171735286713 -0.14679653570055962
v 0.9443374574184418 0.18750958144664764 -0.14679653570055962
v 0.7435064017772675 -0.1286313608288765 -0.14530639722943306
v 0.9443374574184418 0.18750958144664764 -0.14679653570055962
v 0.9501563012599945 0.18854472041130066 -0.14530639722943306
v 0.7435064017772675 -0.1286313608288765 -0.14530639722943306
v 0.7435064017772675 -0.1286313608288765 -0.14530639722943306
v 0.9501563012599945 0.18854472041130066 -0.14530639722943306
v 0.7468679845333099 -0.13106350600719452 -0.14324650168418884
v 0.9501563012599945 0.18854472041130066 -0.14530639722943306
v 0.9557509124279022 0.18953995406627655 -0.14324650168418884
v 0.7468679845333099 -0.13106350600719452 -0.14324650168418884
v 0.7468679845333099 -0.13106350600719452 -0.14324650168418884
v 0.9557509124279022 0.18953995406627655 -0.14324650168418884
v 0.7500524818897247 -0.13336756080389023 -0.14064275845885277
v 0.9557509124279022 0.18953995406627655 -0.14324650168418884
v 0.9610508978366852 0.19048278033733368 -0.14064275845885277
v 0.7500524818897247 -0.13336756080389023 -0.14064275845885277
v 0.7500524818897247 -0.13336756080389023 -0.14064275845885277
v 0.9610508978366852 0.19048278033733368 -0.14064275845885277
v 0.7530198991298676 -0.1355145499110222 -0.13752790912985802
v 0.9610508978366852 0.19048278033733368 -0.14064275845885277
v 0.9659895598888397 0.19136133790016174 -0.13752790912985802
v 0.7530198991298676 -0.1355145499110222 -0.13752790912985802
v 0.7530198991298676 -0.1355145499110222 -0.13752790912985802
v 0.9659895598888397 0.19136133790016174 -0.13752790912985802
v 0.7557329833507538 -0.13747747987508774 -0.13394112139940262
v 0.9659895598888397 0.19136133790016174 -0.13752790912985802
v 0.9705048501491547 0.1921645700931549 -0.13394112139940262
v 0.7557329833507538 -0.13747747987508774 -0.13394112139940262
v 0.7557329833507538 -0.13747747987508774 -0.13394112139940262
v 0.9705048501491547 0.1921645700931549 -0.13394112139940262
v 0.7581574618816376 -0.13923165947198868 -0.12992750853300095
v 0.9705048501491547 0.1921645700931549 -0.13394112139940262
v 0.9745399653911591 0.19288238883018494 -0.12992750853300095
v 0.7581574618816376 -0.13923165947198868 -0.12992750853300095
v 0.7581574618816376 -0.13923165947198868 -0.12992750853300095
v 0.9745399653911591 0.19288238883018494 -0.12992750853300095
v 0.7602629959583282 -0.14075502753257751 -0.12553753703832626
v 0.9745399653911591 0.19288238883018494 -0.12992750853300095
v 0.9780441224575043 0.19350574910640717 -0.12553753703832626
v 0.7602629959583282 -0.14075502753257751 -0.12553753703832626
v 0.7602629959583282 -0.14075502753257751 -0.12553753703832626
v 0.9780441224575043 0.19350574910640717 -0.12553753703832626
v 0.762023001909256 -0.14202843606472015 -0.12082641758024693
v 0.9780441224575043 0.19350574910640717 -0.12553753703832626
v 0.9809732735157013 0.19402682781219482 -0.12082641758024693
v 0.762023001909256 -0.14202843606472015 -0.12082641758024693
v 0.762023001909256 -0.14202843606472015 -0.12082641758024693
v 0.9809732735157013 0.19402682781219482 -0.12082641758024693
v 0.7634154260158539 -0.1430358588695526 -0.11585339345037937
v 0.9809732735157013 0.19402682781219482 -0.12082641758024693
v 0.9832906424999237 0.19443906843662262 -0.11585339345037937
v 0.7634154260158539 -0.1430358588695526 -0.11585339345037937
v 0.7634154260158539 -0.1430358588695526 -0.11585339345037937
v 0.9832906424999237 0.19443906843662262 -0.11585339345037937
v 0.7644226849079132 -0.1437646448612213 -0.11068100295960903
v 0.9832906424999237 0.19443906843662262 -0.11585339345037937
v 0.9849670827388763 0.1947372853755951 -0.11068100295960903
v 0.7644226849079132 -0.1437646448612213 -0.11068100295960903
v 0.7644226849079132 -0.1437646448612213 -0.11068100295960903
v 0.9849670827388763 0.1947372853755951 -0.11068100295960903
v 0.7650321424007416 -0.14420560002326965 -0.10537429247051477
v 0.9849670827388763 0.1947372853755951 -0.11068100295960903
v 0.9859813749790192 0.1949177384376526 -0.10537429247051477
v 0.7650321424007416 -0.14420560002326965 -0.10537429247051477
v 0.7650321424007416 -0.14420560002326965 -0.10537429247051477
v 0.9859813749790192 0.1949177384376526 -0.10537429247051477
v 0.7652361690998077 -0.1443532109260559 -0.09999999776482582
v 0.9859813749790192 0.1949177384376526 -0.10537429247051477
v 0.9863209426403046 0.19497813284397125 -0.09999999776482582
v 0.7652361690998077 -0.1443532109260559 -0.09999999776482582
v 0.7652361690998077 -0.1443532109260559 -0.09999999776482582
v 0.9863209426403046 0.19497813284397125 -0.09999999776482582
v 0.7652361690998077 -0.1443532109260559 0.10000000521540642
v 0.9863209426403046 0.19497813284397125 -0.09999999776482582
v 0.9863209426403046 0.19497813284397125 0.10000000521540642
v 0.7652361690998077 -0.1443532109260559 0.10000000521540642
v 0.7652361690998077 -0.1443532109260559 0.10000000521540642
v 0.9863209426403046 0.19497813284397125 0.10000000521540642
v 0.7650321424007416 -0.14420560002326965 0.1053743027150631
v 0.9863209426403046 0.19497813284397125 0.10000000521540642
v 0.9859813749790192 0.1949177384376526 0.1053743027150631
v 0.7650321424007416 -0.14420560002326965 0.1053743027150631
v 0.7650321424007416 -0.14420560002326965 0.1053743027150631
v 0.9859813749790192 0.1949177384376526 0.1053743027150631
v 0.7644226849079132 -0.1437646448612213 0.11068100854754448
v 0.9859813749790192 0.1949177384376526 0.1053743027150631
v 0.9849670827388763 0.1947372853755951 0.11068100854754448
v 0.7644226849079132 -0.1437646448612213 0.11068100854754448
v 0.7644226849079132 -0.1437646448612213 0.11068100854754448
v 0.9849670827388763 0.1947372853755951 0.11068100854754448
v 0.7634154260158539 -0.1430358588695526 0.11585339531302452
v 0.9849670827388763 0.1947372853755951 0.11068100854754448
v 0.9832906424999237 0.19443906843662262 0.11585339531302452
v 0.7634154260158539 -0.1430358588695526 0.11585339531302452
v 0.7634154260158539 -0.1430358588695526 0.11585339531302452
v 0.9832906424999237 0.19443906843662262 0.11585339531302452
v 0.762023001909256 -0.14202843606472015 0.12082641944289207
v 0.9832906424999237 0.19443906843662262 0.11585339531302452
v 0.9809732735157013 0.19402682781219482 0.12082641944289207
v 0.762023001909256 -0.14202843606472015 0.12082641944289207
v 0.762023001909256 -0.14202843606472015 0.12082641944289207
v 0.9809732735157013 0.19402682781219482 0.12082641944289207
v 0.7602629959583282 -0.14075502753257751 0.12553754076361656
v 0.9809732735157013 0.19402682781219482 0.12082641944289207
v 0.9780441224575043 0.19350574910640717 0.12553754076361656
v 0.7602629959583282 -0.14075502753257751 0.12553754076361656
v 0.7602629959583282 -0.14075502753257751 0.12553754076361656
v 0.9780441224575043 0.19350574910640717 0.12553754076361656
v 0.7581574618816376 -0.13923165947198868 0.12992751225829124
v 0.9780441224575043 0.19350574910640717 0.12553754076361656
v 0.9745399653911591 0.19288238883018494 0.12992751225829124
v 0.7581574618816376 -0.13923165947198868 0.12992751225829124
v 0.7581574618816376 -0.13923165947198868 0.12992751225829124
v 0.9745399653911591 0.19288238883018494 0.12992751225829124
v 0.7557329833507538 -0.13747747987508774 0.13394112512469292
v 0.9745399653911591 0.19288238883018494 0.12992751225829124
v 0.9705048501491547 0.1921645700931549 0.13394112512469292
v 0.7557329833507538 -0.13747747987508774 0.13394112512469292
v 0.7557329833507538 -0.13747747987508774 0.13394112512469292
v 0.9705048501491547 0.1921645700931549 0.13394112512469292
v 0.7530198991298676 -0.1355145499110222 0.13752790912985802
v 0.9705048501491547 0.1921645700931549 0.13394112512469292
v 0.9659895598888397 0.19136133790016174 0.13752790912985802
v 0.7530198991298676 -0.1355145499110222 0.13752790912985802
v 0.7530198991298676 -0.1355145499110222 0.13752790912985802
v 0.9659895598888397 0.19136133790016174 0.13752790912985802
v 0.7500524818897247 -0.13336756080389023 0.14064275845885277
v 0.9659895598888397 0.19136133790016174 0.13752790912985802
v 0.9610508978366852 0.19048278033733368 0.14064275845885277
v 0.7500524818897247 -0.13336756080389023 0.14064275845885277
v 0.7500524818897247 -0.13336756080389023 0.14064275845885277
v 0.9610508978366852 0.19048278033733368 0.14064275845885277
v 0.7468679845333099 -0.13106350600719452 0.14324651286005974
v 0.9610508978366852 0.19048278033733368 0.14064275845885277
v 0.9557509124279022 0.18953995406627655 0.14324651286005974
v 0.7468679845333099 -0.13106350600719452 0.14324651286005974
v 0.7468679845333099 -0.13106350600719452 0.14324651286005974
v 0.9557509124279022 0.18953995406627655 0.14324651286005974
v 0.7435064017772675 -0.1286313608288765 0.14530640468001366
v 0.9557509124279022 0.18953995406627655 0.14324651286005974
v 0.9501563012599945 0.18854472041130066 0.14530640468001366
v 0.7435064017772675 -0.1286313608288765 0.14530640468001366
v 0.7435064017772675 -0.1286313608288765 0.14530640468001366
v 0.9501563012599945 0.18854472041130066 0.14530640468001366
v 0.7400100529193878 -0.12610171735286713 0.14679653570055962
v 0.9501563012599945 0.18854472041130066 0.14530640468001366
v 0.9443374574184418 0.18750958144664764 0.14679653570055962
v 0.7400100529193878 -0.12610171735286713 0.14679653570055962
v 0.7400100529193878 -0.12610171735286713 0.14679653570055962
v 0.9443374574184418 0.18750958144664764 0.14679653570055962
v 0.73642298579216 -0.12350637465715408 0.14769819006323814
v 0.9443374574184418 0.18750958144664764 0.14679653570055962
v 0.9383674561977386 0.18644756078720093 0.14769819006323814
v 0.73642298579216 -0.12350637465715408 0.14769819006323814
v 0.73642298579216 -0.12350637465715408 0.14769819006323814
v 0.9383674561977386 0.18644756078720093 0.14769819006323814
v 0.7327901422977448 -0.12087798863649368 0.14799999818205833
v 0.9383674561977386 0.18644756078720093 0.14769819006323814
v 0.9323213994503021 0.1853720098733902 0.14799999818205833
v 0.7327901422977448 -0.12087798863649368 0.14799999818205833
v 0.9323213994503021 0.1853720098733902 -0.14799999818205833
v 0.8324776589870453 0.2599032521247864 -0.14799999818205833
v 0.9383674561977386 0.18644756078720093 -0.14769818261265755
v 0.8324776589870453 0.2599032521247864 -0.14799999818205833
v 0.8341049253940582 0.26427730917930603 -0.14769818261265755
v 0.9383674561977386 0.18644756078720093 -0.14769818261265755
v 0.9383674561977386 0.18644756078720093 -0.14769818261265755
v 0.8341049253940582 0.26427730917930603 -0.14769818261265755
v 0.9443374574184418 0.18750958144664764 -0.14679653570055962
v 0.8341049253940582 0.26427730917930603 -0.14769818261265755
v 0.8357117474079132 0.268596351146698 -0.14679653570055962
v 0.9443374574184418 0.18750958144664764 -0.14679653570055962
v 0.9443374574184418 0.18750958144664764 -0.14679653570055962
v 0.8357117474079132 0.268596351146698 -0.14679653570055962
v 0.9501563012599945 0.18854472041130066 -0.14530639722943306
v 0.8357117474079132 0.268596351146698 -0.14679653570055962
v 0.8372778594493866 0.2728060781955719 -0.14530639722943306
v 0.9501563012599945 0.18854472041130066 -0.14530639722943306
v 0.9501563012599945 0.18854472041130066 -0.14530639722943306
v 0.8372778594493866 0.2728060781955719 -0.14530639722943306
v 0.9557509124279022 0.18953995406627655 -0.14324650168418884
v 0.8372778594493866 0.2728060781955719 -0.14530639722943306
v 0.8387836515903473 0.2768535614013672 -0.14324650168418884
v 0.9557509124279022 0.18953995406627655 -0.14324650168418884
v 0.9557509124279022 0.18953995406627655 -0.14324650168418884
v 0.8387836515903473 0.2768535614013672 -0.14324650168418884
v 0.9610508978366852 0.19048278033733368 -0.14064275845885277
v 0.8387836515903473 0.2768535614013672 -0.14324650168418884
v 0.8402101099491119 0.2806878685951233 -0.14064275845885277
v 0.9610508978366852 0.19048278033733368 -0.14064275845885277
v 0.9610508978366852 0.19048278033733368 -0.14064275845885277
v 0.8402101099491119 0.2806878685951233 -0.14064275845885277
v 0.9659895598888397 0.19136133790016174 -0.13752790912985802
v 0.8402101099491119 0.2806878685951233 -0.14064275845885277
v 0.8415393531322479 0.2842607796192169 -0.13752790912985802
v 0.9659895598888397 0.19136133790016174 -0.13752790912985802
v 0.9659895598888397 0.19136133790016174 -0.13752790912985802
v 0.8415393531322479 0.2842607796192169 -0.13752790912985802
v 0.9705048501491547 0.1921645700931549 -0.13394112139940262
v 0.8415393531322479 0.2842607796192169 -0.13752790912985802
v 0.8427546322345734 0.2875274121761322 -0.13394112139940262
v 0.9705048501491547 0.1921645700931549 -0.13394112139940262
v 0.9705048501491547 0.1921645700931549 -0.13394112139940262
v 0.8427546322345734 0.2875274121761322 -0.13394112139940262
v 0.9745399653911591 0.19288238883018494 -0.12992750853300095
v 0.8427546322345734 0.2875274121761322 -0.13394112139940262
v 0.8438406884670258 0.2904466390609741 -0.12992750853300095
v 0.9745399653911591 0.19288238883018494 -0.12992750853300095
v 0.9745399653911591 0.19288238883018494 -0.12992750853300095
v 0.8438406884670258 0.2904466390609741 -0.12992750853300095
v 0.9780441224575043 0.19350574910640717 -0.12553753703832626
v 0.8438406884670258 0.2904466390609741 -0.12992750853300095
v 0.8447838127613068 0.2929817736148834 -0.12553753703832626
v 0.9780441224575043 0.19350574910640717 -0.12553753703832626
v 0.9780441224575043 0.19350574910640717 -0.12553753703832626
v 0.8447838127613068 0.2929817736148834 -0.12553753703832626
v 0.9809732735157013 0.19402682781219482 -0.12082641758024693
v 0.8447838127613068 0.2929817736148834 -0.12553753703832626
v 0.8455722033977509 0.2951008975505829 -0.12082641758024693
v 0.9809732735157013 0.19402682781219482 -0.12082641758024693
v 0.9809732735157013 0.19402682781219482 -0.12082641758024693
v 0.8455722033977509 0.2951008975505829 -0.12082641758024693
v 0.9832906424999237 0.19443906843662262 -0.11585339345037937
v 0.8455722033977509 0.2951008975505829 -0.12082641758024693
v 0.8461959064006805 0.2967774271965027 -0.11585339345037937
v 0.9832906424999237 0.19443906843662262 -0.11585339345037937
v 0.9832906424999237 0.19443906843662262 -0.11585339345037937
v 0.8461959064006805 0.2967774271965027 -0.11585339345037937
v 0.9849670827388763 0.1947372853755951 -0.11068100295960903
v 0.8461959064006805 0.2967774271965027 -0.11585339345037937
v 0.8466471135616302 0.29799023270606995 -0.11068100295960903
v 0.9849670827388763 0.1947372853755951 -0.11068100295960903
v 0.9849670827388763 0.1947372853755951 -0.11068100295960903
v 0.8466471135616302 0.29799023270606995 -0.11068100295960903
v 0.9859813749790192 0.1949177384376526 -0.10537429247051477
v 0.8466471135616302 0.29799023270606995 -0.11068100295960903
v 0.8469201028347015 0.29872405529022217 -0.10537429247051477
v 0.9859813749790192 0.1949177384376526 -0.10537429247051477
v 0.9859813749790192 0.1949177384376526 -0.10537429247051477
v 0.8469201028347015 0.29872405529022217 -0.10537429247051477
v 0.9863209426403046 0.19497813284397125 -0.09999999776482582
v 0.8469201028347015 0.29872405529022217 -0.10537429247051477
v 0.8470114767551422 0.29896968603134155 -0.09999999776482582
v 0.9863209426403046 0.19497813284397125 -0.09999999776482582
v 0.9863209426403046 0.19497813284397125 -0.09999999776482582
v 0.8470114767551422 0.29896968603134155 -0.09999999776482582
v 0.9863209426403046 0.19497813284397125 0.10000000521540642
v 0.8470114767551422 0.29896968603134155 -0.09999999776482582
v 0.8470114767551422 0.29896968603134155 0.10000000521540642
v 0.9863209426403046 0.19497813284397125 0.10000000521540642
v 0.9863209426403046 0.19497813284397125 0.10000000521540642
v 0.8470114767551422 0.29896968603134155 0.10000000521540642
v 0.9859813749790192 0.1949177384376526 0.1053743027150631
v 0.8470114767551422 0.29896968603134155 0.10000000521540642
v 0.8469201028347015 0.29872405529022217 0.1053743027150631
v 0.9859813749790192 0.1949177384376526 0.1053743027150631
v 0.9859813749790192 0.1949177384376526 0.1053743027150631
v 0.8469201028347015 0.29872405529022217 0.1053743027150631
v 0.9849670827388763 0.1947372853755951 0.11068100854754448
v 0.8469201028347015 0.29872405529022217 0.1053743027150631
v 0.8466471135616302 0.29799023270606995 0.11068100854754448
v 0.9849670827388763 0.1947372853755951 0.11068100854754448
v 0.9849670827388763 0.1947372853755951 0.11068100854754448
v 0.8466471135616302 0.29799023270606995 0.11068100854754448
v 0.9832906424999237 0.19443906843662262 0.11585339531302452
v 0.8466471135616302 0.29799023270606995 0.11068100854754448
v 0.8461959064006805 0.2967774271965027 0.11585339531302452
v 0.9832906424999237 0.19443906843662262 0.11585339531302452
v 0.9832906424999237 0.19443906843662262 0.11585339531302452
v 0.8461959064006805 0.2967774271965027 0.11585339531302452
v 0.9809732735157013 0.19402682781219482 0.12082641944289207
v 0.8461959064006805 0.2967774271965027 0.11585339531302452
v 0.8455722033977509 0.2951008975505829 0.12082641944289207
v 0.9809732735157013 0.19402682781219482 0.12082641944289207
v 0.9809732735157013 0.19402682781219482 0.12082641944289207
v 0.8455722033977509 0.2951008975505829 0.12082641944289207
v 0.9780441224575043 0.19350574910640717 0.12553754076361656
v 0.8455722033977509 0.2951008975505829 0.12082641944289207
v 0.8447838127613068 0.2929817736148834 0.12553754076361656
v 0.9780441224575043 0.19350574910640717 0.12553754076361656
v 0.9780441224575043 0.19350574910640717 0.12553754076361656
v 0.8447838127613068 0.2929817736148834 0.12553754076361656
v 0.9745399653911591 0.19288238883018494 0.12992751225829124
v 0.8447838127613068 0.2929817736148834 0.12553754076361656
v 0.8438406884670258 0.2904466390609741 0.12992751225829124
v 0.9745399653911591 0.19288238883018494 0.12992751225829124
v 0.9745399653911591 0.19288238883018494 0.12992751225829124
v 0.8438406884670258 0.2904466390609741 0.12992751225829124
v 0.9705048501491547 0.1921645700931549 0.13394112512469292
v 0.8438406884670258 0.2904466390609741 0.12992751225829124
v 0.8427546322345734 0.2875274121761322 0.13394112512469292
v 0.9705048501491547 0.1921645700931549 0.13394112512469292
v 0.9705048501491547 0.1921645700931549 0.13394112512469292
v 0.8427546322345734 0.2875274121761322 0.13394112512469292
v 0.9659895598888397 0.19136133790016174 0.13752790912985802
v 0.8427546322345734 0.2875274121761322 0.13394112512469292
v 0.8415393531322479 0.2842607796192169 0.13752790912985802
v 0.9659895598888397 0.19136133790016174 0.13752790912985802
v 0.9659895598888397 0.19136133790016174 0.13752790912985802
v 0.8415393531322479 0.2842607796192169 0.13752790912985802
v 0.9610508978366852 0.19048278033733368 0.14064275845885277
v 0.8415393531322479 0.2842607796192169 0.13752790912985802
v 0.8402101099491119 0.2806878685951233 0.14064275845885277
v 0.9610508978366852 0.19048278033733368 0.14064275845885277
v 0.9610508978366852 0.19048278033733368 0.14064275845885277
v 0.8402101099491119 0.2806878685951233 0.14064275845885277
v 0.9557509124279022 0.18953995406627655 0.14324651286005974
v 0.8402101099491119 0.2806878685951233 0.14064275845885277
v 0.8387836515903473 0.2768535614013672 0.14324651286005974
v 0.9557509124279022 0.18953995406627655 0.14324651286005974
v 0.9557509124279022 0.18953995406627655 0.14324651286005974
v 0.8387836515903473 0.2768535614013672 0.14324651286005974
v 0.9501563012599945 0.18854472041130066 0.14530640468001366
v 0.8387836515903473 0.2768535614013672 0.14324651286005974
v 0.8372778594493866 0.2728060781955719 0.14530640468001366
v 0.9501563012599945 0.18854472041130066 0.14530640468001366
v 0.9501563012599945 0.18854472041130066 0.14530640468001366
v 0.8372778594493866 0.2728060781955719 0.14530640468001366
v 0.9443374574184418 0.18750958144664764 0.14679653570055962
v 0.8372778594493866 0.2728060781955719 0.14530640468001366
v 0.8357117474079132 0.268596351146698 0.14679653570055962
v 0.9443374574184418 0.18750958144664764 0.14679653570055962
v 0.9443374574184418 0.18750958144664764 0.14679653570055962
v 0.8357117474079132 0.268596351146698 0.14679653570055962
v 0.9383674561977386 0.18644756078720093 0.14769819006323814
v 0.8357117474079132 0.268596351146698 0.14679653570055962
v 0.8341049253940582 0.26427730917930603 0.14769819006323814
v 0.9383674561977386 0.18644756078720093 0.14769819006323814
v 0.9383674561977386 0.18644756078720093 0.14769819006323814
v 0.8341049253940582 0.26427730917930603 0.14769819006323814
v 0.9323213994503021 0.1853720098733902 0.14799999818205833
v 0.8341049253940582 0.26427730917930603 0.14769819006323814
v 0.8324776589870453 0.2599032521247864 0.14799999818205833
v 0.9323213994503021 0.1853720098733902 0.14799999818205833
v 0.8324776589870453 0.2599032521247864 -0.14799999818205833
v 0.5866964161396027 0.2774032652378082 -0.14799999818205833
v 0.8341049253940582 0.26427730917930603 -0.14769818261265755
v 0.5866964161396027 0.2774032652378082 -0.14799999818205833
v 0.5871932804584503 0.28185781836509705 -0.14769818261265755
v 0.8341049253940582 0.26427730917930603 -0.14769818261265755
v 0.8341049253940582 0.26427730917930603 -0.14769818261265755
v 0.5871932804584503 0.28185781836509705 -0.14769818261265755
v 0.8357117474079132 0.268596351146698 -0.14679653570055962
v 0.5871932804584503 0.28185781836509705 -0.14769818261265755
v 0.5876838862895966 0.2862563133239746 -0.14679653570055962
v 0.8357117474079132 0.268596351146698 -0.14679653570055962
v 0.8357117474079132 0.268596351146698 -0.14679653570055962
v 0.5876838862895966 0.2862563133239746 -0.14679653570055962
v 0.8372778594493866 0.2728060781955719 -0.14530639722943306
v 0.5876838862895966 0.2862563133239746 -0.14679653570055962
v 0.5881620943546295 0.2905435264110565 -0.14530639722943306
v 0.8372778594493866 0.2728060781955719 -0.14530639722943306
v 0.8372778594493866 0.2728060781955719 -0.14530639722943306
v 0.5881620943546295 0.2905435264110565 -0.14530639722943306
v 0.8387836515903473 0.2768535614013672 -0.14324650168418884
v 0.5881620943546295 0.2905435264110565 -0.14530639722943306
v 0.5886218845844269 0.29466545581817627 -0.14324650168418884
v 0.8387836515903473 0.2768535614013672 -0.14324650168418884
v 0.8387836515903473 0.2768535614013672 -0.14324650168418884
v 0.5886218845844269 0.29466545581817627 -0.14324650168418884
v 0.8402101099491119 0.2806878685951233 -0.14064275845885277
v 0.5886218845844269 0.29466545581817627 -0.14324650168418884
v 0.5890574157238007 0.29857030510902405 -0.14064275845885277
v 0.8402101099491119 0.2806878685951233 -0.14064275845885277
v 0.8402101099491119 0.2806878685951233 -0.14064275845885277
v 0.5890574157238007 0.29857030510902405 -0.14064275845885277
v 0.8415393531322479 0.2842607796192169 -0.13752790912985802
v 0.5890574157238007 0.29857030510902405 -0.14064275845885277
v 0.5894632637500763 0.3022089898586273 -0.13752790912985802
v 0.8415393531322479 0.2842607796192169 -0.13752790912985802
v 0.8415393531322479 0.2842607796192169 -0.13752790912985802
v 0.5894632637500763 0.3022089898586273 -0.13752790912985802
v 0.8427546322345734 0.2875274121761322 -0.13394112139940262
v 0.5894632637500763 0.3022089898586273 -0.13752790912985802
v 0.5898343622684479 0.3055357038974762 -0.13394112139940262
v 0.8427546322345734 0.2875274121761322 -0.13394112139940262
v 0.8427546322345734 0.2875274121761322 -0.13394112139940262
v 0.5898343622684479 0.3055357038974762 -0.13394112139940262
v 0.8438406884670258 0.2904466390609741 -0.12992750853300095
v 0.5898343622684479 0.3055357038974762 -0.13394112139940262
v 0.5901659429073334 0.30850866436958313 -0.12992750853300095
v 0.8438406884670258 0.2904466390609741 -0.12992750853300095
v 0.8438406884670258 0.2904466390609741 -0.12992750853300095
v 0.5901659429073334 0.30850866436958313 -0.12992750853300095
v 0.8447838127613068 0.2929817736148834 -0.12553753703832626
v 0.5901659429073334 0.30850866436958313 -0.12992750853300095
v 0.5904538929462433 0.3110904395580292 -0.12553753703832626
v 0.8447838127613068 0.2929817736148834 -0.12553753703832626
v 0.8447838127613068 0.2929817736148834 -0.12553753703832626
v 0.5904538929462433 0.3110904395580292 -0.12553753703832626
v 0.8455722033977509 0.2951008975505829 -0.12082641758024693
v 0.5904538929462433 0.3110904395580292 -0.12553753703832626
v 0.5906946361064911 0.31324857473373413 -0.12082641758024693
v 0.8455722033977509 0.2951008975505829 -0.12082641758024693
v 0.8455722033977509 0.2951008975505829 -0.12082641758024693
v 0.5906946361064911 0.31324857473373413 -0.12082641758024693
v 0.8461959064006805 0.2967774271965027 -0.11585339345037937
v 0.5906946361064911 0.31324857473373413 -0.12082641758024693
v 0.5908850729465485 0.3149559497833252 -0.11585339345037937
v 0.8461959064006805 0.2967774271965027 -0.11585339345037937
v 0.8461959064006805 0.2967774271965027 -0.11585339345037937
v 0.5908850729465485 0.3149559497833252 -0.11585339345037937
v 0.8466471135616302 0.29799023270606995 -0.11068100295960903
v 0.5908850729465485 0.3149559497833252 -0.11585339345037937
v 0.5910228192806244 0.31619104743003845 -0.11068100295960903
v 0.8466471135616302 0.29799023270606995 -0.11068100295960903
v 0.8466471135616302 0.29799023270606995 -0.11068100295960903
v 0.5910228192806244 0.31619104743003845 -0.11068100295960903
v 0.8469201028347015 0.29872405529022217 -0.10537429247051477
v 0.5910228192806244 0.31619104743003845 -0.11068100295960903
v 0.5911062061786652 0.3169384002685547 -0.10537429247051477
v 0.8469201028347015 0.29872405529022217 -0.10537429247051477
v 0.8469201028347015 0.29872405529022217 -0.10537429247051477
v 0.5911062061786652 0.3169384002685547 -0.10537429247051477
v 0.8470114767551422 0.29896968603134155 -0.09999999776482582
v 0.5911062061786652 0.3169384002685547 -0.10537429247051477
v 0.59113410115242 0.317188560962677 -0.09999999776482582
v 0.8470114767551422 0.29896968603134155 -0.09999999776482582
v 0.8470114767551422 0.29896968603134155 -0.09999999776482582
v 0.59113410115242 0.317188560962677 -0.09999999776482582
v 0.8470114767551422 0.29896968603134155 0.10000000521540642
v 0.59113410115242 0.317188560962677 -0.09999999776482582
v 0.59113410115242 0.317188560962677 0.10000000521540642
v 0.8470114767551422 0.29896968603134155 0.10000000521540642
v 0.8470114767551422 0.29896968603134155 0.10000000521540642
v 0.59113410115242 0.317188560962677 0.10000000521540642
v 0.8469201028347015 0.29872405529022217 0.1053743027150631
v 0.59113410115242 0.317188560962677 0.10000000521540642
v 0.5911062061786652 0.3169384002685547 0.1053743027150631
v 0.8469201028347015 0.29872405529022217 0.1053743027150631
v 0.8469201028347015 0.29872405529022217 0.1053743027150631
v 0.5911062061786652 0.3169384002685547 0.1053743027150631
v 0.8466471135616302 0.29799023270606995 0.11068100854754448
v 0.5911062061786652 0.3169384002685547 0.1053743027150631
v 0.5910228192806244 0.31619104743003845 0.11068100854754448
v 0.8466471135616302 0.29799023270606995 0.11068100854754448
v 0.8466471135616302 0.29799023270606995 0.11068100854754448
v 0.5910228192806244 0.31619104743003845 0.11068100854754448
v 0.8461959064006805 0.2967774271965027 0.11585339531302452
v 0.5910228192806244 0.31619104743003845 0.11068100854754448
v 0.5908850729465485 0.3149559497833252 0.11585339531302452
v 0.8461959064006805 0.2967774271965027 0.11585339531302452
v 0.8461959064006805 0.2967774271965027 0.11585339531302452
v 0.5908850729465485 0.3149559497833252 0.11585339531302452
v 0.8455722033977509 0.2951008975505829 0.12082641944289207
v 0.5908850729465485 0.3149559497833252 0.11585339531302452
v 0.5906946361064911 0.31324857473373413 0.12082641944289207
v 0.8455722033977509 0.2951008975505829 0.12082641944289207
v 0.8455722033977509 0.2951008975505829 0.12082641944289207
v 0.5906946361064911 0.31324857473373413 0.12082641944289207
v 0.8447838127613068 0.2929817736148834 0.12553754076361656
v 0.5906946361064911 0.31324857473373413 0.12082641944289207
v 0.5904538929462433 0.3110904395580292 0.12553754076361656
v 0.8447838127613068 0.2929817736148834 0.12553754076361656
v 0.8447838127613068 0.2929817736148834 0.12553754076361656
v 0.5904538929462433 0.3110904395580292 0.12553754076361656
v 0.8438406884670258 0.2904466390609741 0.12992751225829124
v 0.5904538929462433 0.3110904395580292 0.12553754076361656
v 0.5901659429073334 0.30850866436958313 0.12992751225829124
v 0.8438406884670258 0.2904466390609741 0.12992751225829124
v 0.8438406884670258 0.2904466390609741 0.12992751225829124
v 0.5901659429073334 0.30850866436958313 0.12992751225829124
v 0.8427546322345734 0.2875274121761322 0.13394112512469292
v 0.5901659429073334 0.30850866436958313 0.12992751225829124
v 0.5898343622684479 0.3055357038974762 0.13394112512469292
v 0.8427546322345734 0.2875274121761322 0.13394112512469292
v 0.8427546322345734 0.2875274121761322 0.13394112512469292
v 0.5898343622684479 0.3055357038974762 0.13394112512469292
v 0.8415393531322479 0.2842607796192169 0.13752790912985802
v 0.5898343622684479 0.3055357038974762 0.13394112512469292
v 0.5894632637500763 0.3022089898586273 0.13752790912985802
v 0.8415393531322479 0.2842607796192169 0.13752790912985802
v 0.8415393531322479 0.2842607796192169 0.13752790912985802
v 0.5894632637500763 0.3022089898586273 0.13752790912985802
v 0.8402101099491119 0.2806878685951233 0.14064275845885277
v 0.5894632637500763 0.3022089898586273 0.13752790912985802
v 0.5890574157238007 0.29857030510902405 0.14064275845885277
v 0.8402101099491119 0.2806878685951233 0.14064275845885277
v 0.8402101099491119 0.2806878685951233 0.14064275845885277
v 0.5890574157238007 0.29857030510902405 0.14064275845885277
v 0.8387836515903473 0.2768535614013672 0.14324651286005974
v 0.5890574157238007 0.29857030510902405 0.14064275845885277
v 0.5886218845844269 0.29466545581817627 0.14324651286005974
v 0.8387836515903473 0.2768535614013672 0.14324651286005974
v 0.8387836515903473 0.2768535614013672 0.14324651286005974
v 0.5886218845844269 0.29466545581817627 0.14324651286005974
v 0.8372778594493866 0.2728060781955719 0.14530640468001366
v 0.5886218845844269 0.29466545581817627 0.14324651286005974
v 0.5881620943546295 0.2905435264110565 0.14530640468001366
v 0.8372778594493866 0.2728060781955719 0.14530640468001366
v 0.8372778594493866 0.2728060781955719 0.14530640468001366
v 0.5881620943546295 0.2905435264110565 0.14530640468001366
v 0.8357117474079132 0.268596351146698 0.14679653570055962
v 0.5881620943546295 0.2905435264110565 0.14530640468001366
v 0.5876838862895966 0.2862563133239746 0.14679653570055962
v 0.8357117474079132 0.268596351146698 0.14679653570055962
v 0.8357117474079132 0.268596351146698 0.14679653570055962
v 0.5876838862895966 0.2862563133239746 0.14679653570055962
v 0.8341049253940582 0.26427730917930603 0.14769819006323814
v 0.5876838862895966 0.2862563133239746 0.14679653570055962
v 0.5871932804584503 0.28185781836509705 0.14769819006323814
v 0.8341049253940582 0.26427730917930603 0.14769819006323814
v 0.8341049253940582 0.26427730917930603 0.14769819006323814
v 0.5871932804584503 0.28185781836509705 0.14769819006323814
v 0.8324776589870453 0.2599032521247864 0.14799999818205833
v 0.5871932804584503 0.28185781836509705 0.14769819006323814
v 0.5866964161396027 0.2774032652378082 0.14799999818205833
v 0.8324776589870453 0.2599032521247864 0.14799999818205833
v 0.5866964161396027 0.2774032652378082 -0.14799999818205833
v 0.43685266375541687 0.3002157509326935 -0.14799999818205833
v 0.5871932804584503 0.28185781836509705 -0.14769818261265755
v 0.43685266375541687 0.3002157509326935 -0.14799999818205833
v 0.4388848841190338 0.3044365644454956 -0.14769818261265755
v 0.5871932804584503 0.28185781836509705 -0.14769818261265755
v 0.5871932804584503 0.28185781836509705 -0.14769818261265755
v 0.4388848841190338 0.3044365644454956 -0.14769818261265755
v 0.5876838862895966 0.2862563133239746 -0.14679653570055962
v 0.4388848841190338 0.3044365644454956 -0.14769818261265755
v 0.4408915340900421 0.30860427021980286 -0.14679653570055962
v 0.5876838862895966 0.2862563133239746 -0.14679653570055962
v 0.5876838862895966 0.2862563133239746 -0.14679653570055962
v 0.4408915340900421 0.30860427021980286 -0.14679653570055962
v 0.5881620943546295 0.2905435264110565 -0.14530639722943306
v 0.4408915340900421 0.30860427021980286 -0.14679653570055962
v 0.4428474009037018 0.31266650557518005 -0.14530639722943306
v 0.5881620943546295 0.2905435264110565 -0.14530639722943306
v 0.5881620943546295 0.2905435264110565 -0.14530639722943306
v 0.4428474009037018 0.31266650557518005 -0.14530639722943306
v 0.5886218845844269 0.29466545581817627 -0.14324650168418884
v 0.4428474009037018 0.31266650557518005 -0.14530639722943306
v 0.4447278678417206 0.3165721595287323 -0.14324650168418884
v 0.5886218845844269 0.29466545581817627 -0.14324650168418884
v 0.5886218845844269 0.29466545581817627 -0.14324650168418884
v 0.4447278678417206 0.3165721595287323 -0.14324650168418884
v 0.5890574157238007 0.29857030510902405 -0.14064275845885277
v 0.4447278678417206 0.3165721595287323 -0.14324650168418884
v 0.44650930166244507 0.3202721178531647 -0.14064275845885277
v 0.5890574157238007 0.29857030510902405 -0.14064275845885277
v 0.5890574157238007 0.29857030510902405 -0.14064275845885277
v 0.44650930166244507 0.3202721178531647 -0.14064275845885277
v 0.5894632637500763 0.3022089898586273 -0.13752790912985802
v 0.44650930166244507 0.3202721178531647 -0.14064275845885277
v 0.4481693208217621 0.32371985912323 -0.13752790912985802
v 0.5894632637500763 0.3022089898586273 -0.13752790912985802
v 0.5894632637500763 0.3022089898586273 -0.13752790912985802
v 0.4481693208217621 0.32371985912323 -0.13752790912985802
v 0.5898343622684479 0.3055357038974762 -0.13394112139940262
v 0.4481693208217621 0.32371985912323 -0.13752790912985802
v 0.44968700408935547 0.3268720209598541 -0.13394112139940262
v 0.5898343622684479 0.3055357038974762 -0.13394112139940262
v 0.5898343622684479 0.3055357038974762 -0.13394112139940262
v 0.44968700408935547 0.3268720209598541 -0.13394112139940262
v 0.5901659429073334 0.30850866436958313 -0.12992750853300095
v 0.44968700408935547 0.3268720209598541 -0.13394112139940262
v 0.4510433077812195 0.3296889662742615 -0.12992750853300095
v 0.5901659429073334 0.30850866436958313 -0.12992750853300095
v 0.5901659429073334 0.30850866436958313 -0.12992750853300095
v 0.4510433077812195 0.3296889662742615 -0.12992750853300095
v 0.5904538929462433 0.3110904395580292 -0.12553753703832626
v 0.4510433077812195 0.3296889662742615 -0.12992750853300095
v 0.4522211253643036 0.33213526010513306 -0.12553753703832626
v 0.5904538929462433 0.3110904395580292 -0.12553753703832626
v 0.5904538929462433 0.3110904395580292 -0.12553753703832626
v 0.4522211253643036 0.33213526010513306 -0.12553753703832626
v 0.5906946361064911 0.31324857473373413 -0.12082641758024693
v 0.4522211253643036 0.33213526010513306 -0.12553753703832626
v 0.4532057046890259 0.33418014645576477 -0.12082641758024693
v 0.5906946361064911 0.31324857473373413 -0.12082641758024693
v 0.5906946361064911 0.31324857473373413 -0.12082641758024693
v 0.4532057046890259 0.33418014645576477 -0.12082641758024693
v 0.5908850729465485 0.3149559497833252 -0.11585339345037937
v 0.4532057046890259 0.33418014645576477 -0.12082641758024693
v 0.4539846181869507 0.3357979357242584 -0.11585339345037937
v 0.5908850729465485 0.3149559497833252 -0.11585339345037937
v 0.5908850729465485 0.3149559497833252 -0.11585339345037937
v 0.4539846181869507 0.3357979357242584 -0.11585339345037937
v 0.5910228192806244 0.31619104743003845 -0.11068100295960903
v 0.4539846181869507 0.3357979357242584 -0.11585339345037937
v 0.45454809069633484 0.33696824312210083 -0.11068100295960903
v 0.5910228192806244 0.31619104743003845 -0.11068100295960903
v 0.5910228192806244 0.31619104743003845 -0.11068100295960903
v 0.45454809069633484 0.33696824312210083 -0.11068100295960903
v 0.5911062061786652 0.3169384002685547 -0.10537429247051477
v 0.45454809069633484 0.33696824312210083 -0.11068100295960903
v 0.4548890292644501 0.33767634630203247 -0.10537429247051477
v 0.5911062061786652 0.3169384002685547 -0.10537429247051477
v 0.5911062061786652 0.3169384002685547 -0.10537429247051477
v 0.4548890292644501 0.33767634630203247 -0.10537429247051477
v 0.59113410115242 0.317188560962677 -0.09999999776482582
v 0.4548890292644501 0.33767634630203247 -0.10537429247051477
v 0.45500317215919495 0.3379133939743042 -0.09999999776482582
v 0.59113410115242 0.317188560962677 -0.09999999776482582
v 0.59113410115242 0.317188560962677 -0.09999999776482582
v 0.45500317215919495 0.3379133939743042 -0.09999999776482582
v 0.59113410115242 0.317188560962677 0.10000000521540642
v 0.45500317215919495 0.3379133939743042 -0.09999999776482582
v 0.45500317215919495 0.3379133939743042 0.10000000521540642
v 0.59113410115242 0.317188560962677 0.10000000521540642
v 0.59113410115242 0.317188560962677 0.10000000521540642
v 0.45500317215919495 0.3379133939743042 0.10000000521540642
v 0.5911062061786652 0.3169384002685547 0.1053743027150631
v 0.45500317215919495 0.3379133939743042 0.10000000521540642
v 0.4548890292644501 0.33767634630203247 0.1053743027150631
v 0.5911062061786652 0.3169384002685547 0.1053743027150631
v 0.5911062061786652 0.3169384002685547 0.1053743027150631
v 0.4548890292644501 0.33767634630203247 0.1053743027150631
v 0.5910228192806244 0.31619104743003845 0.11068100854754448
v 0.4548890292644501 0.33767634630203247 0.1053743027150631
v 0.45454809069633484 0.33696824312210083 0.11068100854754448
v 0.5910228192806244 0.31619104743003845 0.11068100854754448
v 0.5910228192806244 0.31619104743003845 0.11068100854754448
v 0.45454809069633484 0.33696824312210083 0.11068100854754448
v 0.5908850729465485 0.3149559497833252 0.11585339531302452
v 0.45454809069633484 0.33696824312210083 0.11068100854754448
v 0.4539846181869507 0.3357979357242584 0.11585339531302452
v 0.5908850729465485 0.3149559497833252 0.11585339531302452
v 0.5908850729465485 0.3149559497833252 0.11585339531302452
v 0.4539846181869507 0.3357979357242584 0.11585339531302452
v 0.5906946361064911 0.31324857473373413 0.12082641944289207
v 0.4539846181869507 0.3357979357242584 0.11585339531302452
v 0.4532057046890259 0.33418014645576477 0.12082641944289207
v 0.5906946361064911 0.31324857473373413 0.12082641944289207
v 0.5906946361064911 0.31324857473373413 0.12082641944289207
v 0.4532057046890259 0.33418014645576477 0.12082641944289207
v 0.5904538929462433 0.3110904395580292 0.12553754076361656
v 0.4532057046890259 0.33418014645576477 0.12082641944289207
v 0.4522211253643036 0.33213526010513306 0.12553754076361656
v 0.5904538929462433 0.3110904395580292 0.12553754076361656
v 0.5904538929462433 0.3110904395580292 0.12553754076361656
v 0.4522211253643036 0.33213526010513306 0.12553754076361656
v 0.5901659429073334 0.30850866436958313 0.12992751225829124
v 0.4522211253643036 0.33213526010513306 0.12553754076361656
v 0.4510433077812195 0.3296889662742615 0.12992751225829124
v 0.5901659429073334 0.30850866436958313 0.12992751225829124
v 0.5901659429073334 0.30850866436958313 0.12992751225829124
v 0.4510433077812195 0.3296889662742615 0.12992751225829124
v 0.5898343622684479 0.3055357038974762 0.13394112512469292
v 0.4510433077812195 0.3296889662742615 0.12992751225829124
v 0.44968700408935547 0.3268720209598541 0.13394112512469292
v 0.5898343622684479 0.3055357038974762 0.13394112512469292
v 0.5898343622684479 0.3055357038974762 0.13394112512469292
v 0.44968700408935547 0.3268720209598541 0.13394112512469292
v 0.5894632637500763 0.3022089898586273 0.13752790912985802
v 0.44968700408935547 0.3268720209598541 0.13394112512469292
v 0.4481693208217621 0.32371985912323 0.13752790912985802
v 0.5894632637500763 0.3022089898586273 0.13752790912985802
v 0.5894632637500763 0.3022089898586273 0.13752790912985802
v 0.4481693208217621 0.32371985912323 0.13752790912985802
v 0.5890574157238007 0.29857030510902405 0.14064275845885277
v 0.4481693208217621 0.32371985912323 0.13752790912985802
v 0.44650930166244507 0.3202721178531647 0.14064275845885277
v 0.5890574157238007 0.29857030510902405 0.14064275845885277
v 0.5890574157238007 0.29857030510902405 0.14064275845885277
v 0.44650930166244507 0.3202721178531647 0.14064275845885277
v 0.5886218845844269 0.29466545581817627 0.14324651286005974
v 0.44650930166244507 0.3202721178531647 0.14064275845885277
v 0.4447278678417206 0.3165721595287323 0.14324651286005974
v 0.5886218845844269 0.29466545581817627 0.14324651286005974
v 0.5886218845844269 0.29466545581817627 0.14324651286005974
v 0.4447278678417206 0.3165721595287323 0.14324651286005974
v 0.5881620943546295 0.2905435264110565 0.14530640468001366
v 0.4447278678417206 0.3165721595287323 0.14324651286005974
v 0.4428474009037018 0.31266650557518005 0.14530640468001366
v 0.5881620943546295 0.2905435264110565 0.14530640468001366
v 0.5881620943546295 0.2905435264110565 0.14530640468001366
v 0.4428474009037018 0.31266650557518005 0.14530640468001366
v 0.5876838862895966 0.2862563133239746 0.14679653570055962
v 0.4428474009037018 0.31266650557518005 0.14530640468001366
v 0.4408915340900421 0.30860427021980286 0.14679653570055962
v 0.5876838862895966 0.2862563133239746 0.14679653570055962
v 0.5876838862895966 0.2862563133239746 0.14679653570055962
v 0.4408915340900421 0.30860427021980286 0.14679653570055962
v 0.5871932804584503 0.28185781836509705 0.14769819006323814
v 0.4408915340900421 0.30860427021980286 0.14679653570055962
v 0.4388848841190338 0.3044365644454956 0.14769819006323814
v 0.5871932804584503 0.28185781836509705 0.14769819006323814
v 0.5871932804584503 0.28185781836509705 0.14769819006323814
v 0.4388848841190338 0.3044365644454956 0.14769819006323814
v 0.5866964161396027 0.2774032652378082 0.14799999818205833
v 0.4388848841190338 0.3044365644454956 0.14769819006323814
v 0.43685266375541687 0.3002157509326935 0.14799999818205833
v 0.5866964161396027 0.2774032652378082 0.14799999818205833
v 0.43685266375541687 0.3002157509326935 -0.14799999818205833
v 0.39529016613960266 0.3386532664299011 -0.14799999818205833
v 0.4388848841190338 0.3044365644454956 -0.14769818261265755
v 0.39529016613960266 0.3386532664299011 -0.14799999818205833
v 0.4000009000301361 0.340396910905838 -0.14769818261265755
v 0.4388848841190338 0.3044365644454956 -0.14769818261265755
v 0.4388848841190338 0.3044365644454956 -0.14769818261265755
v 0.4000009000301361 0.340396910905838 -0.14769818261265755
v 0.4408915340900421 0.30860427021980286 -0.14679653570055962
v 0.4000009000301361 0.340396910905838 -0.14769818261265755
v 0.4046524167060852 0.34211865067481995 -0.14679653570055962
v 0.4408915340900421 0.30860427021980286 -0.14679653570055962
v 0.4408915340900421 0.30860427021980286 -0.14679653570055962
v 0.4046524167060852 0.34211865067481995 -0.14679653570055962
v 0.4428474009037018 0.31266650557518005 -0.14530639722943306
v 0.4046524167060852 0.34211865067481995 -0.14679653570055962
v 0.4091861844062805 0.3437967896461487 -0.14530639722943306
v 0.4428474009037018 0.31266650557518005 -0.14530639722943306
v 0.4428474009037018 0.31266650557518005 -0.14530639722943306
v 0.4091861844062805 0.3437967896461487 -0.14530639722943306
v 0.4447278678417206 0.3165721595287323 -0.14324650168418884
v 0.4091861844062805 0.3437967896461487 -0.14530639722943306
v 0.4135451912879944 0.3454102575778961 -0.14324650168418884
v 0.4447278678417206 0.3165721595287323 -0.14324650168418884
v 0.4447278678417206 0.3165721595287323 -0.14324650168418884
v 0.4135451912879944 0.3454102575778961 -0.14324650168418884
v 0.44650930166244507 0.3202721178531647 -0.14064275845885277
v 0.4135451912879944 0.3454102575778961 -0.14324650168418884
v 0.4176746606826782 0.34693875908851624 -0.14064275845885277
v 0.44650930166244507 0.3202721178531647 -0.14064275845885277
v 0.44650930166244507 0.3202721178531647 -0.14064275845885277
v 0.4176746606826782 0.34693875908851624 -0.14064275845885277
v 0.4481693208217621 0.32371985912323 -0.13752790912985802
v 0.4176746606826782 0.34693875908851624 -0.14064275845885277
v 0.4215225875377655 0.3483630418777466 -0.13752790912985802
v 0.4481693208217621 0.32371985912323 -0.13752790912985802
v 0.4481693208217621 0.32371985912323 -0.13752790912985802
v 0.4215225875377655 0.3483630418777466 -0.13752790912985802
v 0.44968700408935547 0.3268720209598541 -0.13394112139940262
v 0.4215225875377655 0.3483630418777466 -0.13752790912985802
v 0.42504066228866577 0.34966525435447693 -0.13394112139940262
v 0.44968700408935547 0.3268720209598541 -0.13394112139940262
v 0.44968700408935547 0.3268720209598541 -0.13394112139940262
v 0.42504066228866577 0.34966525435447693 -0.13394112139940262
v 0.4510433077812195 0.3296889662742615 -0.12992750853300095
v 0.42504066228866577 0.34966525435447693 -0.13394112139940262
v 0.4281845986843109 0.35082894563674927 -0.12992750853300095
v 0.4510433077812195 0.3296889662742615 -0.12992750853300095
v 0.4510433077812195 0.3296889662742615 -0.12992750853300095
v 0.4281845986843109 0.35082894563674927 -0.12992750853300095
v 0.4522211253643036 0.33213526010513306 -0.12553753703832626
v 0.4281845986843109 0.35082894563674927 -0.12992750853300095
v 0.43091484904289246 0.351839542388916 -0.12553753703832626
v 0.4522211253643036 0.33213526010513306 -0.12553753703832626
v 0.4522211253643036 0.33213526010513306 -0.12553753703832626
v 0.43091484904289246 0.351839542388916 -0.12553753703832626
v 0.4532057046890259 0.33418014645576477 -0.12082641758024693
v 0.43091484904289246 0.351839542388916 -0.12553753703832626
v 0.43319714069366455 0.3526843190193176 -0.12082641758024693
v 0.4532057046890259 0.33418014645576477 -0.12082641758024693
v 0.4532057046890259 0.33418014645576477 -0.12082641758024693
v 0.43319714069366455 0.3526843190193176 -0.12082641758024693
v 0.4539846181869507 0.3357979357242584 -0.11585339345037937
v 0.43319714069366455 0.3526843190193176 -0.12082641758024693
v 0.4350026845932007 0.3533526360988617 -0.11585339345037937
v 0.4539846181869507 0.3357979357242584 -0.11585339345037937
v 0.4539846181869507 0.3357979357242584 -0.11585339345037937
v 0.4350026845932007 0.3533526360988617 -0.11585339345037937
v 0.45454809069633484 0.33696824312210083 -0.11068100295960903
v 0.4350026845932007 0.3533526360988617 -0.11585339345037937
v 0.4363088607788086 0.3538361191749573 -0.11068100295960903
v 0.45454809069633484 0.33696824312210083 -0.11068100295960903
v 0.45454809069633484 0.33696824312210083 -0.11068100295960903
v 0.4363088607788086 0.3538361191749573 -0.11068100295960903
v 0.4548890292644501 0.33767634630203247 -0.10537429247051477
v 0.4363088607788086 0.3538361191749573 -0.11068100295960903
v 0.4370991587638855 0.3541286289691925 -0.10537429247051477
v 0.4548890292644501 0.33767634630203247 -0.10537429247051477
v 0.4548890292644501 0.33767634630203247 -0.10537429247051477
v 0.4370991587638855 0.3541286289691925 -0.10537429247051477
v 0.45500317215919495 0.3379133939743042 -0.09999999776482582
v 0.4370991587638855 0.3541286289691925 -0.10537429247051477
v 0.43736371397972107 0.35422655940055847 -0.09999999776482582
v 0.45500317215919495 0.3379133939743042 -0.09999999776482582
v 0.45500317215919495 0.3379133939743042 -0.09999999776482582
v 0.43736371397972107 0.35422655940055847 -0.09999999776482582
v 0.45500317215919495 0.3379133939743042 0.10000000521540642
v 0.43736371397972107 0.35422655940055847 -0.09999999776482582
v 0.43736371397972107 0.35422655940055847 0.10000000521540642
v 0.45500317215919495 0.3379133939743042 0.10000000521540642
v 0.45500317215919495 0.3379133939743042 0.10000000521540642
v 0.43736371397972107 0.35422655940055847 0.10000000521540642
v 0.4548890292644501 0.33767634630203247 0.1053743027150631
v 0.43736371397972107 0.35422655940055847 0.10000000521540642
v 0.4370991587638855 0.3541286289691925 0.1053743027150631
v 0.4548890292644501 0.33767634630203247 0.1053743027150631
v 0.4548890292644501 0.33767634630203247 0.1053743027150631
v 0.4370991587638855 0.3541286289691925 0.1053743027150631
v 0.45454809069633484 0.33696824312210083 0.11068100854754448
v 0.4370991587638855 0.3541286289691925 0.1053743027150631
v 0.4363088607788086 0.3538361191749573 0.11068100854754448
v 0.45454809069633484 0.33696824312210083 0.11068100854754448
v 0.45454809069633484 0.33696824312210083 0.11068100854754448
v 0.4363088607788086 0.3538361191749573 0.11068100854754448
v 0.4539846181869507 0.3357979357242584 0.11585339531302452
v 0.4363088607788086 0.3538361191749573 0.11068100854754448
v 0.4350026845932007 0.3533526360988617 0.11585339531302452
v 0.4539846181869507 0.3357979357242584 0.11585339531302452
v 0.4539846181869507 0.3357979357242584 0.11585339531302452
v 0.4350026845932007 0.3533526360988617 0.11585339531302452
v 0.4532057046890259 0.33418014645576477 0.12082641944289207
v 0.4350026845932007 0.3533526360988617 0.11585339531302452
v 0.43319714069366455 0.3526843190193176 0.12082641944289207
v 0.4532057046890259 0.33418014645576477 0.12082641944289207
v 0.4532057046890259 0.33418014645576477 0.12082641944289207
v 0.43319714069366455 0.3526843190193176 0.12082641944289207
v 0.4522211253643036 0.33213526010513306 0.12553754076361656
v 0.43319714069366455 0.3526843190193176 0.12082641944289207
v 0.43091484904289246 0.351839542388916 0.12553754076361656
v 0.4522211253643036 0.33213526010513306 0.12553754076361656
v 0.4522211253643036 0.33213526010513306 0.12553754076361656
v 0.43091484904289246 0.351839542388916 0.12553754076361656
v 0.4510433077812195 0.3296889662742615 0.12992751225829124
v 0.43091484904289246 0.351839542388916 0.12553754076361656
v 0.4281845986843109 0.35082894563674927 0.12992751225829124
v 0.4510433077812195 0.3296889662742615 0.12992751225829124
v 0.4510433077812195 0.3296889662742615 0.12992751225829124
v 0.4281845986843109 0.35082894563674927 0.12992751225829124
v 0.44968700408935547 0.3268720209598541 0.13394112512469292
v 0.4281845986843109 0.35082894563674927 0.12992751225829124
v 0.42504066228866577 0.34966525435447693 0.13394112512469292
v 0.44968700408935547 0.3268720209598541 0.13394112512469292
v 0.44968700408935547 0.3268720209598541 0.13394112512469292
v 0.42504066228866577 0.34966525435447693 0.13394112512469292
v 0.4481693208217621 0.32371985912323 0.13752790912985802
v 0.42504066228866577 0.34966525435447693 0.13394112512469292
v 0.4215225875377655 0.3483630418777466 0.13752790912985802
v 0.4481693208217621 0.32371985912323 0.13752790912985802
v 0.4481693208217621 0.32371985912323 0.13752790912985802
v 0.4215225875377655 0.3483630418777466 0.13752790912985802
v 0.44650930166244507 0.3202721178531647 0.14064275845885277
v 0.4215225875377655 0.3483630418777466 0.13752790912985802
v 0.4176746606826782 0.34693875908851624 0.14064275845885277
v 0.44650930166244507 0.3202721178531647 0.14064275845885277
v 0.44650930166244507 0.3202721178531647 0.14064275845885277
v 0.4176746606826782 0.34693875908851624 0.14064275845885277
v 0.4447278678417206 0.3165721595287323 0.14324651286005974
v 0.4176746606826782 0.34693875908851624 0.14064275845885277
v 0.4135451912879944 0.3454102575778961 0.14324651286005974
v 0.4447278678417206 0.3165721595287323 0.14324651286005974
v 0.4447278678417206 0.3165721595287323 0.14324651286005974
v 0.4135451912879944 0.3454102575778961 0.14324651286005974
v 0.4428474009037018 0.31266650557518005 0.14530640468001366
v 0.4135451912879944 0.3454102575778961 0.14324651286005974
v 0.4091861844062805 0.3437967896461487 0.14530640468001366
v 0.4428474009037018 0.31266650557518005 0.14530640468001366
v 0.4428474009037018 0.31266650557518005 0.14530640468001366
v 0.4091861844062805 0.3437967896461487 0.14530640468001366
v 0.4408915340900421 0.30860427021980286 0.14679653570055962
v 0.4091861844062805 0.3437967896461487 0.14530640468001366
v 0.4046524167060852 0.34211865067481995 0.14679653570055962
v 0.4408915340900421 0.30860427021980286 0.14679653570055962
v 0.4408915340900421 0.30860427021980286 0.14679653570055962
v 0.4046524167060852 0.34211865067481995 0.14679653570055962
v 0.4388848841190338 0.3044365644454956 0.14769819006323814
v 0.4046524167060852 0.34211865067481995 0.14679653570055962
v 0.4000009000301361 0.340396910905838 0.14769819006323814
v 0.4388848841190338 0.3044365644454956 0.14769819006323814
v 0.4388848841190338 0.3044365644454956 0.14769819006323814
v 0.4000009000301361 0.340396910905838 0.14769819006323814
v 0.43685266375541687 0.3002157509326935 0.14799999818205833
v 0.4000009000301361 0.340396910905838 0.14769819006323814
v 0.39529016613960266 0.3386532664299011 0.14799999818205833
v 0.43685266375541687 0.3002157509326935 0.14799999818205833
v 0.39529016613960266 0.3386532664299011 -0.14799999818205833
v 0.4027901589870453 0.40334075689315796 -0.14799999818205833
v 0.4000009000301361 0.340396910905838 -0.14769818261265755
v 0.4027901589870453 0.40334075689315796 -0.14799999818205833
v 0.4071310758590698 0.40189462900161743 -0.14769818261265755
v 0.4000009000301361 0.340396910905838 -0.14769818261265755
v 0.4000009000301361 0.340396910905838 -0.14769818261265755
v 0.4071310758590698 0.40189462900161743 -0.14769818261265755
v 0.4046524167060852 0.34211865067481995 -0.14679653570055962
v 0.4071310758590698 0.40189462900161743 -0.14769818261265755
v 0.4114173948764801 0.4004666805267334 -0.14679653570055962
v 0.4046524167060852 0.34211865067481995 -0.14679653570055962
v 0.4046524167060852 0.34211865067481995 -0.14679653570055962
v 0.4114173948764801 0.4004666805267334 -0.14679653570055962
v 0.4091861844062805 0.3437967896461487 -0.14530639722943306
v 0.4114173948764801 0.4004666805267334 -0.14679653570055962
v 0.41559523344039917 0.39907488226890564 -0.14530639722943306
v 0.4091861844062805 0.3437967896461487 -0.14530639722943306
v 0.4091861844062805 0.3437967896461487 -0.14530639722943306
v 0.41559523344039917 0.39907488226890564 -0.14530639722943306
v 0.4135451912879944 0.3454102575778961 -0.14324650168418884
v 0.41559523344039917 0.39907488226890564 -0.14530639722943306
v 0.41961202025413513 0.39773669838905334 -0.14324650168418884
v 0.4135451912879944 0.3454102575778961 -0.14324650168418884
v 0.4135451912879944 0.3454102575778961 -0.14324650168418884
v 0.41961202025413513 0.39773669838905334 -0.14324650168418884
v 0.4176746606826782 0.34693875908851624 -0.14064275845885277
v 0.41961202025413513 0.39773669838905334 -0.14324650168418884
v 0.4234172999858856 0.39646902680397034 -0.14064275845885277
v 0.4176746606826782 0.34693875908851624 -0.14064275845885277
v 0.4176746606826782 0.34693875908851624 -0.14064275845885277
v 0.4234172999858856 0.39646902680397034 -0.14064275845885277
v 0.4215225875377655 0.3483630418777466 -0.13752790912985802
v 0.4234172999858856 0.39646902680397034 -0.14064275845885277
v 0.4269631505012512 0.39528775215148926 -0.13752790912985802
v 0.4215225875377655 0.3483630418777466 -0.13752790912985802
v 0.4215225875377655 0.3483630418777466 -0.13752790912985802
v 0.4269631505012512 0.39528775215148926 -0.13752790912985802
v 0.42504066228866577 0.34966525435447693 -0.13394112139940262
v 0.4269631505012512 0.39528775215148926 -0.13752790912985802
v 0.43020501732826233 0.39420774579048157 -0.13394112139940262
v 0.42504066228866577 0.34966525435447693 -0.13394112139940262
v 0.42504066228866577 0.34966525435447693 -0.13394112139940262
v 0.43020501732826233 0.39420774579048157 -0.13394112139940262
v 0.4281845986843109 0.35082894563674927 -0.12992750853300095
v 0.43020501732826233 0.39420774579048157 -0.13394112139940262
v 0.4331021308898926 0.39324259757995605 -0.12992750853300095
v 0.4281845986843109 0.35082894563674927 -0.12992750853300095
v 0.4281845986843109 0.35082894563674927 -0.12992750853300095
v 0.4331021308898926 0.39324259757995605 -0.12992750853300095
v 0.43091484904289246 0.351839542388916 -0.12553753703832626
v 0.4331021308898926 0.39324259757995605 -0.12992750853300095
v 0.4356180429458618 0.3924044370651245 -0.12553753703832626
v 0.43091484904289246 0.351839542388916 -0.12553753703832626
v 0.43091484904289246 0.351839542388916 -0.12553753703832626
v 0.4356180429458618 0.3924044370651245 -0.12553753703832626
v 0.43319714069366455 0.3526843190193176 -0.12082641758024693
v 0.4356180429458618 0.3924044370651245 -0.12553753703832626
v 0.4377211332321167 0.3917038142681122 -0.12082641758024693
v 0.43319714069366455 0.3526843190193176 -0.12082641758024693
v 0.43319714069366455 0.3526843190193176 -0.12082641758024693
v 0.4377211332321167 0.3917038142681122 -0.12082641758024693
v 0.4350026845932007 0.3533526360988617 -0.11585339345037937
v 0.4377211332321167 0.3917038142681122 -0.12082641758024693
v 0.43938493728637695 0.3911495506763458 -0.11585339345037937
v 0.4350026845932007 0.3533526360988617 -0.11585339345037937
v 0.4350026845932007 0.3533526360988617 -0.11585339345037937
v 0.43938493728637695 0.3911495506763458 -0.11585339345037937
v 0.4363088607788086 0.3538361191749573 -0.11068100295960903
v 0.43938493728637695 0.3911495506763458 -0.11585339345037937
v 0.4405885636806488 0.3907485604286194 -0.11068100295960903
v 0.4363088607788086 0.3538361191749573 -0.11068100295960903
v 0.4363088607788086 0.3538361191749573 -0.11068100295960903
v 0.4405885636806488 0.3907485604286194 -0.11068100295960903
v 0.4370991587638855 0.3541286289691925 -0.10537429247051477
v 0.4405885636806488 0.3907485604286194 -0.11068100295960903
v 0.4413168430328369 0.39050593972206116 -0.10537429247051477
v 0.4370991587638855 0.3541286289691925 -0.10537429247051477
v 0.4370991587638855 0.3541286289691925 -0.10537429247051477
v 0.4413168430328369 0.39050593972206116 -0.10537429247051477
v 0.43736371397972107 0.35422655940055847 -0.09999999776482582
v 0.4413168430328369 0.39050593972206116 -0.10537429247051477
v 0.4415605962276459 0.3904247283935547 -0.09999999776482582
v 0.43736371397972107 0.35422655940055847 -0.09999999776482582
v 0.43736371397972107 0.35422655940055847 -0.09999999776482582
v 0.4415605962276459 0.3904247283935547 -0.09999999776482582
v 0.43736371397972107 0.35422655940055847 0.10000000521540642
v 0.4415605962276459 0.3904247283935547 -0.09999999776482582
v 0.4415605962276459 0.3904247283935547 0.10000000521540642
v 0.43736371397972107 0.35422655940055847 0.10000000521540642
v 0.43736371397972107 0.35422655940055847 0.10000000521540642
v 0.4415605962276459 0.3904247283935547 0.10000000521540642
v 0.4370991587638855 0.3541286289691925 0.1053743027150631
v 0.4415605962276459 0.3904247283935547 0.10000000521540642
v 0.4413168430328369 0.39050593972206116 0.1053743027150631
v 0.4370991587638855 0.3541286289691925 0.1053743027150631
v 0.4370991587638855 0.3541286289691925 0.1053743027150631
v 0.4413168430328369 0.39050593972206116 0.1053743027150631
v 0.4363088607788086 0.3538361191749573 0.11068100854754448
v 0.4413168430328369 0.39050593972206116 0.1053743027150631
v 0.4405885636806488 0.3907485604286194 0.11068100854754448
v 0.4363088607788086 0.3538361191749573 0.11068100854754448
v 0.4363088607788086 0.3538361191749573 0.11068100854754448
v 0.4405885636806488 0.3907485604286194 0.11068100854754448
v 0.4350026845932007 0.3533526360988617 0.11585339531302452
v 0.4405885636806488 0.3907485604286194 0.11068100854754448
v 0.43938493728637695 0.3911495506763458 0.11585339531302452
v 0.4350026845932007 0.3533526360988617 0.11585339531302452
v 0.4350026845932007 0.3533526360988617 0.11585339531302452
v 0.43938493728637695 0.3911495506763458 0.11585339531302452
v 0.43319714069366455 0.3526843190193176 0.12082641944289207
v 0.43938493728637695 0.3911495506763458 0.11585339531302452
v 0.4377211332321167 0.3917038142681122 0.12082641944289207
v 0.43319714069366455 0.3526843190193176 0.12082641944289207
v 0.43319714069366455 0.3526843190193176 0.12082641944289207
v 0.4377211332321167 0.3917038142681122 0.12082641944289207
v 0.43091484904289246 0.351839542388916 0.12553754076361656
v 0.4377211332321167 0.3917038142681122 0.12082641944289207
v 0.4356180429458618 0.3924044370651245 0.12553754076361656
v 0.43091484904289246 0.351839542388916 0.12553754076361656
v 0.43091484904289246 0.351839542388916 0.12553754076361656
v 0.4356180429458618 0.3924044370651245 0.12553754076361656
v 0.4281845986843109 0.35082894563674927 0.12992751225829124
v 0.4356180429458618 0.3924044370651245 0.12553754076361656
v 0.4331021308898926 0.39324259757995605 0.12992751225829124
v 0.4281845986843109 0.35082894563674927 0.12992751225829124
v 0.4281845986843109 0.35082894563674927 0.12992751225829124
v 0.4331021308898926 0.39324259757995605 0.12992751225829124
v 0.42504066228866577 0.34966525435447693 0.13394112512469292
v 0.4331021308898926 0.39324259757995605 0.12992751225829124
v 0.43020501732826233 0.39420774579048157 0.13394112512469292
v 0.42504066228866577 0.34966525435447693 0.13394112512469292
v 0.42504066228866577 0.34966525435447693 0.13394112512469292
v 0.43020501732826233 0.39420774579048157 0.13394112512469292
v 0.4215225875377655 0.3483630418777466 0.13752790912985802
v 0.43020501732826233 0.39420774579048157 0.13394112512469292
v 0.4269631505012512 0.39528775215148926 0.13752790912985802
v 0.4215225875377655 0.3483630418777466 0.13752790912985802
v 0.4215225875377655 0.3483630418777466 0.13752790912985802
v 0.4269631505012512 0.39528775215148926 0.13752790912985802
v 0.4176746606826782 0.34693875908851624 0.14064275845885277
v 0.4269631505012512 0.39528775215148926 0.13752790912985802
v 0.4234172999858856 0.39646902680397034 0.14064275845885277
v 0.4176746606826782 0.34693875908851624 0.14064275845885277
v 0.4176746606826782 0.34693875908851624 0.14064275845885277
v 0.4234172999858856 0.39646902680397034 0.14064275845885277
v 0.4135451912879944 0.3454102575778961 0.14324651286005974
v 0.4234172999858856 0.39646902680397034 0.14064275845885277
v 0.41961202025413513 0.39773669838905334 0.14324651286005974
v 0.4135451912879944 0.3454102575778961 0.14324651286005974
v 0.4135451912879944 0.3454102575778961 0.14324651286005974
v 0.41961202025413513 0.39773669838905334 0.14324651286005974
v 0.4091861844062805 0.3437967896461487 0.14530640468001366
v 0.41961202025413513 0.39773669838905334 0.14324651286005974
v 0.41559523344039917 0.39907488226890564 0.14530640468001366
v 0.4091861844062805 0.3437967896461487 0.14530640468001366
v 0.4091861844062805 0.3437967896461487 0.14530640468001366
v 0.41559523344039917 0.39907488226890564 0.14530640468001366
v 0.4046524167060852 0.34211865067481995 0.14679653570055962
v 0.41559523344039917 0.39907488226890564 0.14530640468001366
v 0.4114173948764801 0.4004666805267334 0.14679653570055962
v 0.4046524167060852 0.34211865067481995 0.14679653570055962
v 0.4046524167060852 0.34211865067481995 0.14679653570055962
v 0.4114173948764801 0.4004666805267334 0.14679653570055962
v 0.4000009000301361 0.340396910905838 0.14769819006323814
v 0.4114173948764801 0.4004666805267334 0.14679653570055962
v 0.4071310758590698 0.40189462900161743 0.14769819006323814
v 0.4000009000301361 0.340396910905838 0.14769819006323814
v 0.4000009000301361 0.340396910905838 0.14769819006323814
v 0.4071310758590698 0.40189462900161743 0.14769819006323814
v 0.39529016613960266 0.3386532664299011 0.14799999818205833
v 0.4071310758590698 0.40189462900161743 0.14769819006323814
v 0.4027901589870453 0.40334075689315796 0.14799999818205833
v 0.39529016613960266 0.3386532664299011 0.14799999818205833
v 0.4027901589870453 0.40334075689315796 -0.14799999818205833
v 0.4846651554107666 0.5438095331192017 -0.14799999818205833
v 0.4071310758590698 0.40189462900161743 -0.14769818261265755
v 0.4846651554107666 0.5438095331192017 -0.14799999818205833
v 0.4884689152240753 0.541441798210144 -0.14769818261265755
v 0.4071310758590698 0.40189462900161743 -0.14769818261265755
v 0.4071310758590698 0.40189462900161743 -0.14769818261265755
v 0.4884689152240753 0.541441798210144 -0.14769818261265755
v 0.4114173948764801 0.4004666805267334 -0.14679653570055962
v 0.4884689152240753 0.541441798210144 -0.14769818261265755
v 0.4922248125076294 0.5391038060188293 -0.14679653570055962
v 0.4114173948764801 0.4004666805267334 -0.14679653570055962
v 0.4114173948764801 0.4004666805267334 -0.14679653570055962
v 0.4922248125076294 0.5391038060188293 -0.14679653570055962
v 0.41559523344039917 0.39907488226890564 -0.14530639722943306
v 0.4922248125076294 0.5391038060188293 -0.14679653570055962
v 0.4958856701850891 0.5368250608444214 -0.14530639722943306
v 0.41559523344039917 0.39907488226890564 -0.14530639722943306
v 0.41559523344039917 0.39907488226890564 -0.14530639722943306
v 0.4958856701850891 0.5368250608444214 -0.14530639722943306
v 0.41961202025413513 0.39773669838905334 -0.14324650168418884
v 0.4958856701850891 0.5368250608444214 -0.14530639722943306
v 0.4994053840637207 0.5346341133117676 -0.14324650168418884
v 0.41961202025413513 0.39773669838905334 -0.14324650168418884
v 0.41961202025413513 0.39773669838905334 -0.14324650168418884
v 0.4994053840637207 0.5346341133117676 -0.14324650168418884
v 0.4234172999858856 0.39646902680397034 -0.14064275845885277
v 0.4994053840637207 0.5346341133117676 -0.14324650168418884
v 0.5027397572994232 0.5325585603713989 -0.14064275845885277
v 0.4234172999858856 0.39646902680397034 -0.14064275845885277
v 0.4234172999858856 0.39646902680397034 -0.14064275845885277
v 0.5027397572994232 0.5325585603713989 -0.14064275845885277
v 0.4269631505012512 0.39528775215148926 -0.13752790912985802
v 0.5027397572994232 0.5325585603713989 -0.14064275845885277
v 0.5058468282222748 0.5306244492530823 -0.13752790912985802
v 0.4269631505012512 0.39528775215148926 -0.13752790912985802
v 0.4269631505012512 0.39528775215148926 -0.13752790912985802
v 0.5058468282222748 0.5306244492530823 -0.13752790912985802
v 0.43020501732826233 0.39420774579048157 -0.13394112139940262
v 0.5058468282222748 0.5306244492530823 -0.13752790912985802
v 0.5086875259876251 0.5288562178611755 -0.13394112139940262
v 0.43020501732826233 0.39420774579048157 -0.13394112139940262
v 0.43020501732826233 0.39420774579048157 -0.13394112139940262
v 0.5086875259876251 0.5288562178611755 -0.13394112139940262
v 0.4331021308898926 0.39324259757995605 -0.12992750853300095
v 0.5086875259876251 0.5288562178611755 -0.13394112139940262
v 0.5112261474132538 0.5272759795188904 -0.12992750853300095
v 0.4331021308898926 0.39324259757995605 -0.12992750853300095
v 0.4331021308898926 0.39324259757995605 -0.12992750853300095
v 0.5112261474132538 0.5272759795188904 -0.12992750853300095
v 0.4356180429458618 0.3924044370651245 -0.12553753703832626
v 0.5112261474132538 0.5272759795188904 -0.12992750853300095
v 0.5134307444095612 0.5259037017822266 -0.12553753703832626
v 0.4356180429458618 0.3924044370651245 -0.12553753703832626
v 0.4356180429458618 0.3924044370651245 -0.12553753703832626
v 0.5134307444095612 0.5259037017822266 -0.12553753703832626
v 0.4377211332321167 0.3917038142681122 -0.12082641758024693
v 0.5134307444095612 0.5259037017822266 -0.12553753703832626
v 0.5152735412120819 0.5247565507888794 -0.12082641758024693
v 0.4377211332321167 0.3917038142681122 -0.12082641758024693
v 0.4377211332321167 0.3917038142681122 -0.12082641758024693
v 0.5152735412120819 0.5247565507888794 -0.12082641758024693
v 0.43938493728637695 0.3911495506763458 -0.11585339345037937
v 0.5152735412120819 0.5247565507888794 -0.12082641758024693
v 0.516731470823288 0.5238490700721741 -0.11585339345037937
v 0.43938493728637695 0.3911495506763458 -0.11585339345037937
v 0.43938493728637695 0.3911495506763458 -0.11585339345037937
v 0.516731470823288 0.5238490700721741 -0.11585339345037937
v 0.4405885636806488 0.3907485604286194 -0.11068100295960903
v 0.516731470823288 0.5238490700721741 -0.11585339345037937
v 0.5177861750125885 0.5231925249099731 -0.11068100295960903
v 0.4405885636806488 0.3907485604286194 -0.11068100295960903
v 0.4405885636806488 0.3907485604286194 -0.11068100295960903
v 0.5177861750125885 0.5231925249099731 -0.11068100295960903
v 0.4413168430328369 0.39050593972206116 -0.10537429247051477
v 0.5177861750125885 0.5231925249099731 -0.11068100295960903
v 0.5184243023395538 0.5227953195571899 -0.10537429247051477
v 0.4413168430328369 0.39050593972206116 -0.10537429247051477
v 0.4413168430328369 0.39050593972206116 -0.10537429247051477
v 0.5184243023395538 0.5227953195571899 -0.10537429247051477
v 0.4415605962276459 0.3904247283935547 -0.09999999776482582
v 0.5184243023395538 0.5227953195571899 -0.10537429247051477
v 0.5186379253864288 0.522662341594696 -0.09999999776482582
v 0.4415605962276459 0.3904247283935547 -0.09999999776482582
v 0.4415605962276459 0.3904247283935547 -0.09999999776482582
v 0.5186379253864288 0.522662341594696 -0.09999999776482582
v 0.4415605962276459 0.3904247283935547 0.10000000521540642
v 0.5186379253864288 0.522662341594696 -0.09999999776482582
v 0.5186379253864288 0.522662341594696 0.10000000521540642
v 0.4415605962276459 0.3904247283935547 0.10000000521540642
v 0.4415605962276459 0.3904247283935547 0.10000000521540642
v 0.5186379253864288 0.522662341594696 0.10000000521540642
v 0.4413168430328369 0.39050593972206116 0.1053743027150631
v 0.5186379253864288 0.522662341594696 0.10000000521540642
v 0.5184243023395538 0.5227953195571899 0.1053743027150631
v 0.4413168430328369 0.39050593972206116 0.1053743027150631
v 0.4413168430328369 0.39050593972206116 0.1053743027150631
v 0.5184243023395538 0.5227953195571899 0.1053743027150631
v 0.4405885636806488 0.3907485604286194 0.11068100854754448
v 0.5184243023395538 0.5227953195571899 0.1053743027150631
v 0.5177861750125885 0.5231925249099731 0.11068100854754448
v 0.4405885636806488 0.3907485604286194 0.11068100854754448
v 0.4405885636806488 0.3907485604286194 0.11068100854754448
v 0.5177861750125885 0.5231925249099731 0.11068100854754448
v 0.43938493728637695 0.3911495506763458 0.11585339531302452
v 0.5177861750125885 0.5231925249099731 0.11068100854754448
v 0.516731470823288 0.5238490700721741 0.11585339531302452
v 0.43938493728637695 0.3911495506763458 0.11585339531302452
v 0.43938493728637695 0.3911495506763458 0.11585339531302452
v 0.516731470823288 0.5238490700721741 0.11585339531302452
v 0.4377211332321167 0.3917038142681122 0.12082641944289207
v 0.516731470823288 0.5238490700721741 0.11585339531302452
v 0.5152735412120819 0.5247565507888794 0.12082641944289207
v 0.4377211332321167 0.3917038142681122 0.12082641944289207
v 0.4377211332321167 0.3917038142681122 0.12082641944289207
v 0.5152735412120819 0.5247565507888794 0.12082641944289207
v 0.4356180429458618 0.3924044370651245 0.12553754076361656
v 0.5152735412120819 0.5247565507888794 0.12082641944289207
v 0.5134307444095612 0.5259037017822266 0.12553754076361656
v 0.4356180429458618 0.3924044370651245 0.12553754076361656
v 0.4356180429458618 0.3924044370651245 0.12553754076361656
v 0.5134307444095612 0.5259037017822266 0.12553754076361656
v 0.4331021308898926 0.39324259757995605 0.12992751225829124
v 0.5134307444095612 0.5259037017822266 0.12553754076361656
v 0.5112261474132538 0.5272759795188904 0.12992751225829124
v 0.4331021308898926 0.39324259757995605 0.12992751225829124
v 0.4331021308898926 0.39324259757995605 0.12992751225829124
v 0.5112261474132538 0.5272759795188904 0.12992751225829124
v 0.43020501732826233 0.39420774579048157 0.13394112512469292
v 0.5112261474132538 0.5272759795188904 0.12992751225829124
v 0.5086875259876251 0.5288562178611755 0.13394112512469292
v 0.43020501732826233 0.39420774579048157 0.13394112512469292
v 0.43020501732826233 0.39420774579048157 0.13394112512469292
v 0.5086875259876251 0.5288562178611755 0.13394112512469292
v 0.4269631505012512 0.39528775215148926 0.13752790912985802
v 0.5086875259876251 0.5288562178611755 0.13394112512469292
v 0.5058468282222748 0.5306244492530823 0.13752790912985802
v 0.4269631505012512 0.39528775215148926 0.13752790912985802
v 0.4269631505012512 0.39528775215148926 0.13752790912985802
v 0.5058468282222748 0.5306244492530823 0.13752790912985802
v 0.4234172999858856 0.39646902680397034 0.14064275845885277
v 0.5058468282222748 0.5306244492530823 0.13752790912985802
v 0.5027397572994232 0.5325585603713989 0.14064275845885277
v 0.4234172999858856 0.39646902680397034 0.14064275845885277
v 0.4234172999858856 0.39646902680397034 0.14064275845885277
v 0.5027397572994232 0.5325585603713989 0.14064275845885277
v 0.41961202025413513 0.39773669838905334 0.14324651286005974
v 0.5027397572994232 0.5325585603713989 0.14064275845885277
v 0.4994053840637207 0.5346341133117676 0.14324651286005974
v 0.41961202025413513 0.39773669838905334 0.14324651286005974
v 0.41961202025413513 0.39773669838905334 0.14324651286005974
v 0.4994053840637207 0.5346341133117676 0.14324651286005974
v 0.41559523344039917 0.39907488226890564 0.14530640468001366
v 0.4994053840637207 0.5346341133117676 0.14324651286005974
v 0.4958856701850891 0.5368250608444214 0.14530640468001366
v 0.41559523344039917 0.39907488226890564 0.14530640468001366
v 0.41559523344039917 0.39907488226890564 0.14530640468001366
v 0.4958856701850891 0.5368250608444214 0.14530640468001366
v 0.4114173948764801 0.4004666805267334 0.14679653570055962
v 0.4958856701850891 0.5368250608444214 0.14530640468001366
v 0.4922248125076294 0.5391038060188293 0.14679653570055962
v 0.4114173948764801 0.4004666805267334 0.14679653570055962
v 0.4114173948764801 0.4004666805267334 0.14679653570055962
v 0.4922248125076294 0.5391038060188293 0.14679653570055962
v 0.4071310758590698 0.40189462900161743 0.14769819006323814
v 0.4922248125076294 0.5391038060188293 0.14679653570055962
v 0.4884689152240753 0.541441798210144 0.14769819006323814
v 0.4071310758590698 0.40189462900161743 0.14769819006323814
v 0.4071310758590698 0.40189462900161743 0.14769819006323814
v 0.4884689152240753 0.541441798210144 0.14769819006323814
v 0.4027901589870453 0.40334075689315796 0.14799999818205833
v 0.4884689152240753 0.541441798210144 0.14769819006323814
v 0.4846651554107666 0.5438095331192017 0.14799999818205833
v 0.4027901589870453 0.40334075689315796 0.14799999818205833
v 0.4846651554107666 0.5438095331192017 -0.14799999818205833
v 0.6282589137554169 0.7602157592773438 -0.14799999818205833
v 0.4884689152240753 0.541441798210144 -0.14769818261265755
v 0.6282589137554169 0.7602157592773438 -0.14799999818205833
v 0.6325173676013947 0.7585332989692688 -0.14769818261265755
v 0.4884689152240753 0.541441798210144 -0.14769818261265755
v 0.4884689152240753 0.541441798210144 -0.14769818261265755
v 0.6325173676013947 0.7585332989692688 -0.14769818261265755
v 0.4922248125076294 0.5391038060188293 -0.14679653570055962
v 0.6325173676013947 0.7585332989692688 -0.14769818261265755
v 0.6367222368717194 0.7568719983100891 -0.14679653570055962
v 0.4922248125076294 0.5391038060188293 -0.14679653570055962
v 0.4922248125076294 0.5391038060188293 -0.14679653570055962
v 0.6367222368717194 0.7568719983100891 -0.14679653570055962
v 0.4958856701850891 0.5368250608444214 -0.14530639722943306
v 0.6367222368717194 0.7568719983100891 -0.14679653570055962
v 0.64082071185112 0.7552527189254761 -0.14530639722943306
v 0.4958856701850891 0.5368250608444214 -0.14530639722943306
v 0.4958856701850891 0.5368250608444214 -0.14530639722943306
v 0.64082071185112 0.7552527189254761 -0.14530639722943306
v 0.4994053840637207 0.5346341133117676 -0.14324650168418884
v 0.64082071185112 0.7552527189254761 -0.14530639722943306
v 0.6447612345218658 0.7536959052085876 -0.14324650168418884
v 0.4994053840637207 0.5346341133117676 -0.14324650168418884
v 0.4994053840637207 0.5346341133117676 -0.14324650168418884
v 0.6447612345218658 0.7536959052085876 -0.14324650168418884
v 0.5027397572994232 0.5325585603713989 -0.14064275845885277
v 0.6447612345218658 0.7536959052085876 -0.14324650168418884
v 0.648494154214859 0.7522210478782654 -0.14064275845885277
v 0.5027397572994232 0.5325585603713989 -0.14064275845885277
v 0.5027397572994232 0.5325585603713989 -0.14064275845885277
v 0.648494154214859 0.7522210478782654 -0.14064275845885277
v 0.5058468282222748 0.5306244492530823 -0.13752790912985802
v 0.648494154214859 0.7522210478782654 -0.14064275845885277
v 0.6519726812839508 0.7508467435836792 -0.13752790912985802
v 0.5058468282222748 0.5306244492530823 -0.13752790912985802
v 0.5058468282222748 0.5306244492530823 -0.13752790912985802
v 0.6519726812839508 0.7508467435836792 -0.13752790912985802
v 0.5086875259876251 0.5288562178611755 -0.13394112139940262
v 0.6519726812839508 0.7508467435836792 -0.13752790912985802
v 0.6551529467105865 0.749590277671814 -0.13394112139940262
v 0.5086875259876251 0.5288562178611755 -0.13394112139940262
v 0.5086875259876251 0.5288562178611755 -0.13394112139940262
v 0.6551529467105865 0.749590277671814 -0.13394112139940262
v 0.5112261474132538 0.5272759795188904 -0.12992750853300095
v 0.6551529467105865 0.749590277671814 -0.13394112139940262
v 0.6579950153827667 0.7484673857688904 -0.12992750853300095
v 0.5112261474132538 0.5272759795188904 -0.12992750853300095
v 0.5112261474132538 0.5272759795188904 -0.12992750853300095
v 0.6579950153827667 0.7484673857688904 -0.12992750853300095
v 0.5134307444095612 0.5259037017822266 -0.12553753703832626
v 0.6579950153827667 0.7484673857688904 -0.12992750853300095
v 0.6604631245136261 0.747492253780365 -0.12553753703832626
v 0.5134307444095612 0.5259037017822266 -0.12553753703832626
v 0.5134307444095612 0.5259037017822266 -0.12553753703832626
v 0.6604631245136261 0.747492253780365 -0.12553753703832626
v 0.5152735412120819 0.5247565507888794 -0.12082641758024693
v 0.6604631245136261 0.747492253780365 -0.12553753703832626
v 0.6625262796878815 0.7466771602630615 -0.12082641758024693
v 0.5152735412120819 0.5247565507888794 -0.12082641758024693
v 0.5152735412120819 0.5247565507888794 -0.12082641758024693
v 0.6625262796878815 0.7466771602630615 -0.12082641758024693
v 0.516731470823288 0.5238490700721741 -0.11585339345037937
v 0.6625262796878815 0.7466771602630615 -0.12082641758024693
v 0.6641584932804108 0.7460322976112366 -0.11585339345037937
v 0.516731470823288 0.5238490700721741 -0.11585339345037937
v 0.516731470823288 0.5238490700721741 -0.11585339345037937
v 0.6641584932804108 0.7460322976112366 -0.11585339345037937
v 0.5177861750125885 0.5231925249099731 -0.11068100295960903
v 0.6641584932804108 0.7460322976112366 -0.11585339345037937
v 0.6653392016887665 0.7455657720565796 -0.11068100295960903
v 0.5177861750125885 0.5231925249099731 -0.11068100295960903
v 0.5177861750125885 0.5231925249099731 -0.11068100295960903
v 0.6653392016887665 0.7455657720565796 -0.11068100295960903
v 0.5184243023395538 0.5227953195571899 -0.10537429247051477
v 0.6653392016887665 0.7455657720565796 -0.11068100295960903
v 0.6660536825656891 0.7452834844589233 -0.10537429247051477
v 0.5184243023395538 0.5227953195571899 -0.10537429247051477
v 0.5184243023395538 0.5227953195571899 -0.10537429247051477
v 0.6660536825656891 0.7452834844589233 -0.10537429247051477
v 0.5186379253864288 0.522662341594696 -0.09999999776482582
v 0.6660536825656891 0.7452834844589233 -0.10537429247051477
v 0.666292816400528 0.7451890110969543 -0.09999999776482582
v 0.5186379253864288 0.522662341594696 -0.09999999776482582
v 0.5186379253864288 0.522662341594696 -0.09999999776482582
v 0.666292816400528 0.7451890110969543 -0.09999999776482582
v 0.5186379253864288 0.522662341594696 0.10000000521540642
v 0.666292816400528 0.7451890110969543 -0.09999999776482582
v 0.666292816400528 0.7451890110969543 0.10000000521540642
v 0.5186379253864288 0.522662341594696 0.10000000521540642
v 0.5186379253864288 0.522662341594696 0.10000000521540642
v 0.666292816400528 0.7451890110969543 0.10000000521540642
v 0.5184243023395538 0.5227953195571899 0.1053743027150631
v 0.666292816400528 0.7451890110969543 0.10000000521540642
v 0.6660536825656891 0.7452834844589233 0.1053743027150631
v 0.5184243023395538 0.5227953195571899 0.1053743027150631
v 0.5184243023395538 0.5227953195571899 0.1053743027150631
v 0.6660536825656891 0.7452834844589233 0.1053743027150631
v 0.5177861750125885 0.5231925249099731 0.11068100854754448
v 0.6660536825656891 0.7452834844589233 0.1053743027150631
v 0.6653392016887665 0.7455657720565796 0.11068100854754448
v 0.5177861750125885 0.5231925249099731 0.11068100854754448
v 0.5177861750125885 0.5231925249099731 0.11068100854754448
v 0.6653392016887665 0.7455657720565796 0.11068100854754448
v 0.516731470823288 0.5238490700721741 0.11585339531302452
v 0.6653392016887665 0.7455657720565796 0.11068100854754448
v 0.6641584932804108 0.7460322976112366 0.11585339531302452
v 0.516731470823288 0.5238490700721741 0.11585339531302452
v 0.516731470823288 0.5238490700721741 0.11585339531302452
v 0.6641584932804108 0.7460322976112366 0.11585339531302452
v 0.5152735412120819 0.5247565507888794 0.12082641944289207
v 0.6641584932804108 0.7460322976112366 0.11585339531302452
v 0.6625262796878815 0.7466771602630615 0.12082641944289207
v 0.5152735412120819 0.5247565507888794 0.12082641944289207
v 0.5152735412120819 0.5247565507888794 0.12082641944289207
v 0.6625262796878815 0.7466771602630615 0.12082641944289207
v 0.5134307444095612 0.5259037017822266 0.12553754076361656
v 0.6625262796878815 0.7466771602630615 0.12082641944289207
v 0.6604631245136261 0.747492253780365 0.12553754076361656
v 0.5134307444095612 0.5259037017822266 0.12553754076361656
v 0.5134307444095612 0.5259037017822266 0.12553754076361656
v 0.6604631245136261 0.747492253780365 0.12553754076361656
v 0.5112261474132538 0.5272759795188904 0.12992751225829124
v 0.6604631245136261 0.747492253780365 0.12553754076361656
v 0.6579950153827667 0.7484673857688904 0.12992751225829124
v 0.5112261474132538 0.5272759795188904 0.12992751225829124
v 0.5112261474132538 0.5272759795188904 0.12992751225829124
v 0.6579950153827667 0.7484673857688904 0.12992751225829124
v 0.5086875259876251 0.5288562178611755 0.13394112512469292
v 0.6579950153827667 0.7484673857688904 0.12992751225829124
v 0.6551529467105865 0.749590277671814 0.13394112512469292
v 0.5086875259876251 0.5288562178611755 0.13394112512469292
v 0.5086875259876251 0.5288562178611755 0.13394112512469292
v 0.6551529467105865 0.749590277671814 0.13394112512469292
v 0.5058468282222748 0.5306244492530823 0.13752790912985802
v 0.6551529467105865 0.749590277671814 0.13394112512469292
v 0.6519726812839508 0.7508467435836792 0.13752790912985802
v 0.5058468282222748 0.5306244492530823 0.13752790912985802
v 0.5058468282222748 0.5306244492530823 0.13752790912985802
v 0.6519726812839508 0.7508467435836792 0.13752790912985802
v 0.5027397572994232 0.5325585603713989 0.14064275845885277
v 0.6519726812839508 0.7508467435836792 0.13752790912985802
v 0.648494154214859 0.7522210478782654 0.14064275845885277
v 0.5027397572994232 0.5325585603713989 0.14064275845885277
v 0.5027397572994232 0.5325585603713989 0.14064275845885277
v 0.648494154214859 0.7522210478782654 0.14064275845885277
v 0.4994053840637207 0.5346341133117676 0.14324651286005974
v 0.648494154214859 0.7522210478782654 0.14064275845885277
v 0.6447612345218658 0.7536959052085876 0.14324651286005974
v 0.4994053840637207 0.5346341133117676 0.14324651286005974
v 0.4994053840637207 0.5346341133117676 0.14324651286005974
v 0.6447612345218658 0.7536959052085876 0.14324651286005974
v 0.4958856701850891 0.5368250608444214 0.14530640468001366
v 0.6447612345218658 0.7536959052085876 0.14324651286005974
v 0.64082071185112 0.7552527189254761 0.14530640468001366
v 0.4958856701850891 0.5368250608444214 0.14530640468001366
v 0.4958856701850891 0.5368250608444214 0.14530640468001366
v 0.64082071185112 0.7552527189254761 0.14530640468001366
v 0.4922248125076294 0.5391038060188293 0.14679653570055962
v 0.64082071185112 0.7552527189254761 0.14530640468001366
v 0.6367222368717194 0.7568719983100891 0.14679653570055962
v 0.4922248125076294 0.5391038060188293 0.14679653570055962
v 0.4922248125076294 0.5391038060188293 0.14679653570055962
v 0.6367222368717194 0.7568719983100891 0.14679653570055962
v 0.4884689152240753 0.541441798210144 0.14769819006323814
v 0.6367222368717194 0.7568719983100891 0.14679653570055962
v 0.6325173676013947 0.7585332989692688 0.14769819006323814
v 0.4884689152240753 0.541441798210144 0.14769819006323814
v 0.4884689152240753 0.541441798210144 0.14769819006323814
v 0.6325173676013947 0.7585332989692688 0.14769819006323814
v 0.4846651554107666 0.5438095331192017 0.14799999818205833
v 0.6325173676013947 0.7585332989692688 0.14769819006323814
v 0.6282589137554169 0.7602157592773438 0.14799999818205833
v 0.4846651554107666 0.5438095331192017 0.14799999818205833
v 0.6282589137554169 0.7602157592773438 -0.14799999818205833
v 0.6502901613712311 0.8911532759666443 -0.14799999818205833
v 0.6325173676013947 0.7585332989692688 -0.14769818261265755
v 0.6502901613712311 0.8911532759666443 -0.14799999818205833
v 0.6552145779132843 0.8951364159584045 -0.14769818261265755
v 0.6325173676013947 0.7585332989692688 -0.14769818261265755
v 0.6325173676013947 0.7585332989692688 -0.14769818261265755
v 0.6552145779132843 0.8951364159584045 -0.14769818261265755
v 0.6367222368717194 0.7568719983100891 -0.14679653570055962
v 0.6552145779132843 0.8951364159584045 -0.14769818261265755
v 0.6600770652294159 0.8990694880485535 -0.14679653570055962
v 0.6367222368717194 0.7568719983100891 -0.14679653570055962
v 0.6367222368717194 0.7568719983100891 -0.14679653570055962
v 0.6600770652294159 0.8990694880485535 -0.14679653570055962
v 0.64082071185112 0.7552527189254761 -0.14530639722943306
v 0.6600770652294159 0.8990694880485535 -0.14679653570055962
v 0.6648164689540863 0.9029029607772827 -0.14530639722943306
v 0.64082071185112 0.7552527189254761 -0.14530639722943306
v 0.64082071185112 0.7552527189254761 -0.14530639722943306
v 0.6648164689540863 0.9029029607772827 -0.14530639722943306
v 0.6447612345218658 0.7536959052085876 -0.14324650168418884
v 0.6648164689540863 0.9029029607772827 -0.14530639722943306
v 0.6693731844425201 0.9065887331962585 -0.14324650168418884
v 0.6447612345218658 0.7536959052085876 -0.14324650168418884
v 0.6447612345218658 0.7536959052085876 -0.14324650168418884
v 0.6693731844425201 0.9065887331962585 -0.14324650168418884
v 0.648494154214859 0.7522210478782654 -0.14064275845885277
v 0.6693731844425201 0.9065887331962585 -0.14324650168418884
v 0.6736899316310883 0.9100803732872009 -0.14064275845885277
v 0.648494154214859 0.7522210478782654 -0.14064275845885277
v 0.648494154214859 0.7522210478782654 -0.14064275845885277
v 0.6736899316310883 0.9100803732872009 -0.14064275845885277
v 0.6519726812839508 0.7508467435836792 -0.13752790912985802
v 0.6736899316310883 0.9100803732872009 -0.14064275845885277
v 0.677712470293045 0.9133340120315552 -0.13752790912985802
v 0.6519726812839508 0.7508467435836792 -0.13752790912985802
v 0.6519726812839508 0.7508467435836792 -0.13752790912985802
v 0.677712470293045 0.9133340120315552 -0.13752790912985802
v 0.6551529467105865 0.749590277671814 -0.13394112139940262
v 0.677712470293045 0.9133340120315552 -0.13752790912985802
v 0.6813900768756866 0.9163087010383606 -0.13394112139940262
v 0.6551529467105865 0.749590277671814 -0.13394112139940262
v 0.6551529467105865 0.749590277671814 -0.13394112139940262
v 0.6813900768756866 0.9163087010383606 -0.13394112139940262
v 0.6579950153827667 0.7484673857688904 -0.12992750853300095
v 0.6813900768756866 0.9163087010383606 -0.13394112139940262
v 0.6846766173839569 0.9189670085906982 -0.12992750853300095
v 0.6579950153827667 0.7484673857688904 -0.12992750853300095
v 0.6579950153827667 0.7484673857688904 -0.12992750853300095
v 0.6846766173839569 0.9189670085906982 -0.12992750853300095
v 0.6604631245136261 0.747492253780365 -0.12553753703832626
v 0.6846766173839569 0.9189670085906982 -0.12992750853300095
v 0.6875307261943817 0.9212756156921387 -0.12553753703832626
v 0.6604631245136261 0.747492253780365 -0.12553753703832626
v 0.6604631245136261 0.747492253780365 -0.12553753703832626
v 0.6875307261943817 0.9212756156921387 -0.12553753703832626
v 0.6625262796878815 0.7466771602630615 -0.12082641758024693
v 0.6875307261943817 0.9212756156921387 -0.12553753703832626
v 0.6899165213108063 0.9232053756713867 -0.12082641758024693
v 0.6625262796878815 0.7466771602630615 -0.12082641758024693
v 0.6625262796878815 0.7466771602630615 -0.12082641758024693
v 0.6899165213108063 0.9232053756713867 -0.12082641758024693
v 0.6641584932804108 0.7460322976112366 -0.11585339345037937
v 0.6899165213108063 0.9232053756713867 -0.12082641758024693
v 0.6918039619922638 0.9247320294380188 -0.11585339345037937
v 0.6641584932804108 0.7460322976112366 -0.11585339345037937
v 0.6641584932804108 0.7460322976112366 -0.11585339345037937
v 0.6918039619922638 0.9247320294380188 -0.11585339345037937
v 0.6653392016887665 0.7455657720565796 -0.11068100295960903
v 0.6918039619922638 0.9247320294380188 -0.11585339345037937
v 0.6931693851947784 0.925836443901062 -0.11068100295960903
v 0.6653392016887665 0.7455657720565796 -0.11068100295960903
v 0.6653392016887665 0.7455657720565796 -0.11068100295960903
v 0.6931693851947784 0.925836443901062 -0.11068100295960903
v 0.6660536825656891 0.7452834844589233 -0.10537429247051477
v 0.6931693851947784 0.925836443901062 -0.11068100295960903
v 0.6939955651760101 0.9265047311782837 -0.10537429247051477
v 0.6660536825656891 0.7452834844589233 -0.10537429247051477
v 0.6660536825656891 0.7452834844589233 -0.10537429247051477
v 0.6939955651760101 0.9265047311782837 -0.10537429247051477
v 0.666292816400528 0.7451890110969543 -0.09999999776482582
v 0.6939955651760101 0.9265047311782837 -0.10537429247051477
v 0.6942720711231232 0.9267284274101257 -0.09999999776482582
v 0.666292816400528 0.7451890110969543 -0.09999999776482582
v 0.666292816400528 0.7451890110969543 -0.09999999776482582
v 0.6942720711231232 0.9267284274101257 -0.09999999776482582
v 0.666292816400528 0.7451890110969543 0.10000000521540642
v 0.6942720711231232 0.9267284274101257 -0.09999999776482582
v 0.6942720711231232 0.9267284274101257 0.10000000521540642
v 0.666292816400528 0.7451890110969543 0.10000000521540642
v 0.666292816400528 0.7451890110969543 0.10000000521540642
v 0.6942720711231232 0.9267284274101257 0.10000000521540642
v 0.6660536825656891 0.7452834844589233 0.1053743027150631
v 0.6942720711231232 0.9267284274101257 0.10000000521540642
v 0.6939955651760101 0.9265047311782837 0.1053743027150631
v 0.6660536825656891 0.7452834844589233 0.1053743027150631
v 0.6660536825656891 0.7452834844589233 0.1053743027150631
v 0.6939955651760101 0.9265047311782837 0.1053743027150631
v 0.6653392016887665 0.7455657720565796 0.11068100854754448
v 0.6939955651760101 0.9265047311782837 0.1053743027150631
v 0.6931693851947784 0.925836443901062 0.11068100854754448
v 0.6653392016887665 0.7455657720565796 0.11068100854754448
v 0.6653392016887665 0.7455657720565796 0.11068100854754448
v 0.6931693851947784 0.925836443901062 0.11068100854754448
v 0.6641584932804108 0.7460322976112366 0.11585339531302452
v 0.6931693851947784 0.925836443901062 0.11068100854754448
v 0.6918039619922638 0.9247320294380188 0.11585339531302452
v 0.6641584932804108 0.7460322976112366 0.11585339531302452
v 0.6641584932804108 0.7460322976112366 0.11585339531302452
v 0.6918039619922638 0.9247320294380188 0.11585339531302452
v 0.6625262796878815 0.7466771602630615 0.12082641944289207
v 0.6918039619922638 0.9247320294380188 0.11585339531302452
v 0.6899165213108063 0.9232053756713867 0.12082641944289207
v 0.6625262796878815 0.7466771602630615 0.12082641944289207
v 0.6625262796878815 0.7466771602630615 0.12082641944289207
v 0.6899165213108063 0.9232053756713867 0.12082641944289207
v 0.6604631245136261 0.747492253780365 0.12553754076361656
v 0.6899165213108063 0.9232053756713867 0.12082641944289207
v 0.6875307261943817 0.9212756156921387 0.12553754076361656
v 0.6604631245136261 0.747492253780365 0.12553754076361656
v 0.6604631245136261 0.747492253780365 0.12553754076361656
v 0.6875307261943817 0.9212756156921387 0.12553754076361656
v 0.6579950153827667 0.7484673857688904 0.12992751225829124
v 0.6875307261943817 0.9212756156921387 0.12553754076361656
v 0.6846766173839569 0.9189670085906982 0.12992751225829124
v 0.6579950153827667 0.7484673857688904 0.12992751225829124
v 0.6579950153827667 0.7484673857688904 0.12992751225829124
v 0.6846766173839569 0.9189670085906982 0.12992751225829124
v 0.6551529467105865 0.749590277671814 0.13394112512469292
v 0.6846766173839569 0.9189670085906982 0.12992751225829124
v 0.6813900768756866 0.9163087010383606 0.13394112512469292
v 0.6551529467105865 0.749590277671814 0.13394112512469292
v 0.6551529467105865 0.749590277671814 0.13394112512469292
v 0.6813900768756866 0.9163087010383606 0.13394112512469292
v 0.6519726812839508 0.7508467435836792 0.13752790912985802
v 0.6813900768756866 0.9163087010383606 0.13394112512469292
v 0.677712470293045 0.9133340120315552 0.13752790912985802
v 0.6519726812839508 0.7508467435836792 0.13752790912985802
v 0.6519726812839508 0.7508467435836792 0.13752790912985802
v 0.677712470293045 0.9133340120315552 0.13752790912985802
v 0.648494154214859 0.7522210478782654 0.14064275845885277
v 0.677712470293045 0.9133340120315552 0.13752790912985802
v 0.6736899316310883 0.9100803732872009 0.14064275845885277
v 0.648494154214859 0.7522210478782654 0.14064275845885277
v 0.648494154214859 0.7522210478782654 0.14064275845885277
v 0.6736899316310883 0.9100803732872009 0.14064275845885277
v 0.6447612345218658 0.7536959052085876 0.14324651286005974
v 0.6736899316310883 0.9100803732872009 0.14064275845885277
v 0.6693731844425201 0.9065887331962585 0.14324651286005974
v 0.6447612345218658 0.7536959052085876 0.14324651286005974
v 0.6447612345218658 0.7536959052085876 0.14324651286005974
v 0.6693731844425201 0.9065887331962585 0.14324651286005974
v 0.64082071185112 0.7552527189254761 0.14530640468001366
v 0.6693731844425201 0.9065887331962585 0.14324651286005974
v 0.6648164689540863 0.9029029607772827 0.14530640468001366
v 0.64082071185112 0.7552527189254761 0.14530640468001366
v 0.64082071185112 0.7552527189254761 0.14530640468001366
v 0.6648164689540863 0.9029029607772827 0.14530640468001366
v 0.6367222368717194 0.7568719983100891 0.14679653570055962
v 0.6648164689540863 0.9029029607772827 0.14530640468001366
v 0.6600770652294159 0.8990694880485535 0.14679653570055962
v 0.6367222368717194 0.7568719983100891 0.14679653570055962
v 0.6367222368717194 0.7568719983100891 0.14679653570055962
v 0.6600770652294159 0.8990694880485535 0.14679653570055962
v 0.6325173676013947 0.7585332989692688 0.14769819006323814
v 0.6600770652294159 0.8990694880485535 0.14679653570055962
v 0.6552145779132843 0.8951364159584045 0.14769819006323814
v 0.6325173676013947 0.7585332989692688 0.14769819006323814
v 0.6325173676013947 0.7585332989692688 0.14769819006323814
v 0.6552145779132843 0.8951364159584045 0.14769819006323814
v 0.6282589137554169 0.7602157592773438 0.14799999818205833
v 0.6552145779132843 0.8951364159584045 0.14769819006323814
v 0.6502901613712311 0.8911532759666443 0.14799999818205833
v 0.6282589137554169 0.7602157592773438 0.14799999818205833
v 0.6502901613712311 0.8911532759666443 -0.14799999818205833
v 0.33700892329216003 0.9049032926559448 -0.14799999818205833
v 0.6552145779132843 0.8951364159584045 -0.14769818261265755
v 0.33700892329216003 0.9049032926559448 -0.14799999818205833
v 0.33665794134140015 0.909401535987854 -0.14769818261265755
v 0.6552145779132843 0.8951364159584045 -0.14769818261265755
v 0.6552145779132843 0.8951364159584045 -0.14769818261265755
v 0.33665794134140015 0.909401535987854 -0.14769818261265755
v 0.6600770652294159 0.8990694880485535 -0.14679653570055962
v 0.33665794134140015 0.909401535987854 -0.14769818261265755
v 0.33631137013435364 0.9138432741165161 -0.14679653570055962
v 0.6600770652294159 0.8990694880485535 -0.14679653570055962
v 0.6600770652294159 0.8990694880485535 -0.14679653570055962
v 0.33631137013435364 0.9138432741165161 -0.14679653570055962
v 0.6648164689540863 0.9029029607772827 -0.14530639722943306
v 0.33631137013435364 0.9138432741165161 -0.14679653570055962
v 0.3359735906124115 0.9181725978851318 -0.14530639722943306
v 0.6648164689540863 0.9029029607772827 -0.14530639722943306
v 0.6648164689540863 0.9029029607772827 -0.14530639722943306
v 0.3359735906124115 0.9181725978851318 -0.14530639722943306
v 0.6693731844425201 0.9065887331962585 -0.14324650168418884
v 0.3359735906124115 0.9181725978851318 -0.14530639722943306
v 0.3356488049030304 0.9223350286483765 -0.14324650168418884
v 0.6693731844425201 0.9065887331962585 -0.14324650168418884
v 0.6693731844425201 0.9065887331962585 -0.14324650168418884
v 0.3356488049030304 0.9223350286483765 -0.14324650168418884
v 0.6736899316310883 0.9100803732872009 -0.14064275845885277
v 0.3356488049030304 0.9223350286483765 -0.14324650168418884
v 0.33534112572669983 0.9262782335281372 -0.14064275845885277
v 0.6736899316310883 0.9100803732872009 -0.14064275845885277
v 0.6736899316310883 0.9100803732872009 -0.14064275845885277
v 0.33534112572669983 0.9262782335281372 -0.14064275845885277
v 0.677712470293045 0.9133340120315552 -0.13752790912985802
v 0.33534112572669983 0.9262782335281372 -0.14064275845885277
v 0.3350544273853302 0.9299526214599609 -0.13752790912985802
v 0.677712470293045 0.9133340120315552 -0.13752790912985802
v 0.677712470293045 0.9133340120315552 -0.13752790912985802
v 0.3350544273853302 0.9299526214599609 -0.13752790912985802
v 0.6813900768756866 0.9163087010383606 -0.13394112139940262
v 0.3350544273853302 0.9299526214599609 -0.13752790912985802
v 0.3347923159599304 0.9333120584487915 -0.13394112139940262
v 0.6813900768756866 0.9163087010383606 -0.13394112139940262
v 0.6813900768756866 0.9163087010383606 -0.13394112139940262
v 0.3347923159599304 0.9333120584487915 -0.13394112139940262
v 0.6846766173839569 0.9189670085906982 -0.12992750853300095
v 0.3347923159599304 0.9333120584487915 -0.13394112139940262
v 0.33455806970596313 0.9363142251968384 -0.12992750853300095
v 0.6846766173839569 0.9189670085906982 -0.12992750853300095
v 0.6846766173839569 0.9189670085906982 -0.12992750853300095
v 0.33455806970596313 0.9363142251968384 -0.12992750853300095
v 0.6875307261943817 0.9212756156921387 -0.12553753703832626
v 0.33455806970596313 0.9363142251968384 -0.12992750853300095
v 0.3343546688556671 0.938921332359314 -0.12553753703832626
v 0.6875307261943817 0.9212756156921387 -0.12553753703832626
v 0.6875307261943817 0.9212756156921387 -0.12553753703832626
v 0.3343546688556671 0.938921332359314 -0.12553753703832626
v 0.6899165213108063 0.9232053756713867 -0.12082641758024693
v 0.3343546688556671 0.938921332359314 -0.12553753703832626
v 0.3341846168041229 0.9411006569862366 -0.12082641758024693
v 0.6899165213108063 0.9232053756713867 -0.12082641758024693
v 0.6899165213108063 0.9232053756713867 -0.12082641758024693
v 0.3341846168041229 0.9411006569862366 -0.12082641758024693
v 0.6918039619922638 0.9247320294380188 -0.11585339345037937
v 0.3341846168041229 0.9411006569862366 -0.12082641758024693
v 0.33405008912086487 0.9428247809410095 -0.11585339345037937
v 0.6918039619922638 0.9247320294380188 -0.11585339345037937
v 0.6918039619922638 0.9247320294380188 -0.11585339345037937
v 0.33405008912086487 0.9428247809410095 -0.11585339345037937
v 0.6931693851947784 0.925836443901062 -0.11068100295960903
v 0.33405008912086487 0.9428247809410095 -0.11585339345037937
v 0.33395278453826904 0.9440720677375793 -0.11068100295960903
v 0.6931693851947784 0.925836443901062 -0.11068100295960903
v 0.6931693851947784 0.925836443901062 -0.11068100295960903
v 0.33395278453826904 0.9440720677375793 -0.11068100295960903
v 0.6939955651760101 0.9265047311782837 -0.10537429247051477
v 0.33395278453826904 0.9440720677375793 -0.11068100295960903
v 0.33389389514923096 0.9448267221450806 -0.10537429247051477
v 0.6939955651760101 0.9265047311782837 -0.10537429247051477
v 0.6939955651760101 0.9265047311782837 -0.10537429247051477
v 0.33389389514923096 0.9448267221450806 -0.10537429247051477
v 0.6942720711231232 0.9267284274101257 -0.09999999776482582
v 0.33389389514923096 0.9448267221450806 -0.10537429247051477
v 0.3338741660118103 0.9450793862342834 -0.09999999776482582
v 0.6942720711231232 0.9267284274101257 -0.09999999776482582
v 0.6942720711231232 0.9267284274101257 -0.09999999776482582
v 0.3338741660118103 0.9450793862342834 -0.09999999776482582
v 0.6942720711231232 0.9267284274101257 0.10000000521540642
v 0.3338741660118103 0.9450793862342834 -0.09999999776482582
v 0.3338741660118103 0.9450793862342834 0.10000000521540642
v 0.6942720711231232 0.9267284274101257 0.10000000521540642
v 0.6942720711231232 0.9267284274101257 0.10000000521540642
v 0.3338741660118103 0.9450793862342834 0.10000000521540642
v 0.6939955651760101 0.9265047311782837 0.1053743027150631
v 0.3338741660118103 0.9450793862342834 0.10000000521540642
v 0.33389389514923096 0.9448267221450806 0.1053743027150631
v 0.6939955651760101 0.9265047311782837 0.1053743027150631
v 0.6939955651760101 0.9265047311782837 0.1053743027150631
v 0.33389389514923096 0.9448267221450806 0.1053743027150631
v 0.6931693851947784 0.925836443901062 0.11068100854754448
v 0.33389389514923096 0.9448267221450806 0.1053743027150631
v 0.33395278453826904 0.9440720677375793 0.11068100854754448
v 0.6931693851947784 0.925836443901062 0.11068100854754448
v 0.6931693851947784 0.925836443901062 0.11068100854754448
v 0.33395278453826904 0.9440720677375793 0.11068100854754448
v 0.6918039619922638 0.9247320294380188 0.11585339531302452
v 0.33395278453826904 0.9440720677375793 0.11068100854754448
v 0.33405008912086487 0.9428247809410095 0.11585339531302452
v 0.6918039619922638 0.9247320294380188 0.11585339531302452
v 0.6918039619922638 0.9247320294380188 0.11585339531302452
v 0.33405008912086487 0.9428247809410095 0.11585339531302452
v 0.6899165213108063 0.9232053756713867 0.12082641944289207
v 0.33405008912086487 0.9428247809410095 0.11585339531302452
v 0.3341846168041229 0.9411006569862366 0.12082641944289207
v 0.6899165213108063 0.9232053756713867 0.12082641944289207
v 0.6899165213108063 0.9232053756713867 0.12082641944289207
v 0.3341846168041229 0.9411006569862366 0.12082641944289207
v 0.6875307261943817 0.9212756156921387 0.12553754076361656
v 0.3341846168041229 0.9411006569862366 0.12082641944289207
v 0.3343546688556671 0.938921332359314 0.12553754076361656
v 0.6875307261943817 0.9212756156921387 0.12553754076361656
v 0.6875307261943817 0.9212756156921387 0.12553754076361656
v 0.3343546688556671 0.938921332359314 0.12553754076361656
v 0.6846766173839569 0.9189670085906982 0.12992751225829124
v 0.3343546688556671 0.938921332359314 0.12553754076361656
v 0.33455806970596313 0.9363142251968384 0.12992751225829124
v 0.6846766173839569 0.9189670085906982 0.12992751225829124
v 0.6846766173839569 0.9189670085906982 0.12992751225829124
v 0.33455806970596313 0.9363142251968384 0.12992751225829124
v 0.6813900768756866 0.9163087010383606 0.13394112512469292
v 0.33455806970596313 0.9363142251968384 0.12992751225829124
v 0.3347923159599304 0.9333120584487915 0.13394112512469292
v 0.6813900768756866 0.9163087010383606 0.13394112512469292
v 0.6813900768756866 0.9163087010383606 0.13394112512469292
v 0.3347923159599304 0.9333120584487915 0.13394112512469292
v 0.677712470293045 0.9133340120315552 0.13752790912985802
v 0.3347923159599304 0.9333120584487915 0.13394112512469292
v 0.3350544273853302 0.9299526214599609 0.13752790912985802
v 0.677712470293045 0.9133340120315552 0.13752790912985802
v 0.677712470293045 0.9133340120315552 0.13752790912985802
v 0.3350544273853302 0.9299526214599609 0.13752790912985802
v 0.6736899316310883 0.9100803732872009 0.14064275845885277
v 0.3350544273853302 0.9299526214599609 0.13752790912985802
v 0.33534112572669983 0.9262782335281372 0.14064275845885277
v 0.6736899316310883 0.9100803732872009 0.14064275845885277
v 0.6736899316310883 0.9100803732872009 0.14064275845885277
v 0.33534112572669983 0.9262782335281372 0.14064275845885277
v 0.6693731844425201 0.9065887331962585 0.14324651286005974
v 0.33534112572669983 0.9262782335281372 0.14064275845885277
v 0.3356488049030304 0.9223350286483765 0.14324651286005974
v 0.6693731844425201 0.9065887331962585 0.14324651286005974
v 0.6693731844425201 0.9065887331962585 0.14324651286005974
v 0.3356488049030304 0.9223350286483765 0.14324651286005974
v 0.6648164689540863 0.9029029607772827 0.14530640468001366
v 0.3356488049030304 0.9223350286483765 0.14324651286005974
v 0.3359735906124115 0.9181725978851318 0.14530640468001366
v 0.6648164689540863 0.9029029607772827 0.14530640468001366
v 0.6648164689540863 0.9029029607772827 0.14530640468001366
v 0.3359735906124115 0.9181725978851318 0.14530640468001366
v 0.6600770652294159 0.8990694880485535 0.14679653570055962
v 0.3359735906124115 0.9181725978851318 0.14530640468001366
v 0.33631137013435364 0.9138432741165161 0.14679653570055962
v 0.6600770652294159 0.8990694880485535 0.14679653570055962
v 0.6600770652294159 0.8990694880485535 0.14679653570055962
v 0.33631137013435364 0.9138432741165161 0.14679653570055962
v 0.6552145779132843 0.8951364159584045 0.14769819006323814
v 0.33631137013435364 0.9138432741165161 0.14679653570055962
v 0.33665794134140015 0.909401535987854 0.14769819006323814
v 0.6552145779132843 0.8951364159584045 0.14769819006323814
v 0.6552145779132843 0.8951364159584045 0.14769819006323814
v 0.33665794134140015 0.909401535987854 0.14769819006323814
v 0.6502901613712311 0.8911532759666443 0.14799999818205833
v 0.33665794134140015 0.909401535987854 0.14769819006323814
v 0.33700892329216003 0.9049032926559448 0.14799999818205833
v 0.6502901613712311 0.8911532759666443 0.14799999818205833
v 0.33700892329216003 0.9049032926559448 -0.14799999818205833
v -0.31799107789993286 0.7724032402038574 -0.14799999818205833
v 0.33665794134140015 0.909401535987854 -0.14769818261265755
v -0.31799107789993286 0.7724032402038574 -0.14799999818205833
v -0.319534569978714 0.7766603231430054 -0.14769818261265755
v 0.33665794134140015 0.909401535987854 -0.14769818261265755
v 0.33665794134140015 0.909401535987854 -0.14769818261265755
v -0.319534569978714 0.7766603231430054 -0.14769818261265755
v 0.33631137013435364 0.9138432741165161 -0.14679653570055962
v -0.319534569978714 0.7766603231430054 -0.14769818261265755
v -0.32105863094329834 0.780863881111145 -0.14679653570055962
v 0.33631137013435364 0.9138432741165161 -0.14679653570055962
v 0.33631137013435364 0.9138432741165161 -0.14679653570055962
v -0.32105863094329834 0.780863881111145 -0.14679653570055962
v 0.3359735906124115 0.9181725978851318 -0.14530639722943306
v -0.32105863094329834 0.780863881111145 -0.14679653570055962
v -0.322544127702713 0.7849609851837158 -0.14530639722943306
v 0.3359735906124115 0.9181725978851318 -0.14530639722943306
v 0.3359735906124115 0.9181725978851318 -0.14530639722943306
v -0.322544127702713 0.7849609851837158 -0.14530639722943306
v 0.3356488049030304 0.9223350286483765 -0.14324650168418884
v -0.322544127702713 0.7849609851837158 -0.14530639722943306
v -0.3239723742008209 0.7889001965522766 -0.14324650168418884
v 0.3356488049030304 0.9223350286483765 -0.14324650168418884
v 0.3356488049030304 0.9223350286483765 -0.14324650168418884
v -0.3239723742008209 0.7889001965522766 -0.14324650168418884
v 0.33534112572669983 0.9262782335281372 -0.14064275845885277
v -0.3239723742008209 0.7889001965522766 -0.14324650168418884
v -0.3253253996372223 0.7926319241523743 -0.14064275845885277
v 0.33534112572669983 0.9262782335281372 -0.14064275845885277
v 0.33534112572669983 0.9262782335281372 -0.14064275845885277
v -0.3253253996372223 0.7926319241523743 -0.14064275845885277
v 0.3350544273853302 0.9299526214599609 -0.13752790912985802
v -0.3253253996372223 0.7926319241523743 -0.14064275845885277
v -0.32658618688583374 0.7961093187332153 -0.13752790912985802
v 0.3350544273853302 0.9299526214599609 -0.13752790912985802
v 0.3350544273853302 0.9299526214599609 -0.13752790912985802
v -0.32658618688583374 0.7961093187332153 -0.13752790912985802
v 0.3347923159599304 0.9333120584487915 -0.13394112139940262
v -0.32658618688583374 0.7961093187332153 -0.13752790912985802
v -0.327738881111145 0.7992885708808899 -0.13394112139940262
v 0.3347923159599304 0.9333120584487915 -0.13394112139940262
v 0.3347923159599304 0.9333120584487915 -0.13394112139940262
v -0.327738881111145 0.7992885708808899 -0.13394112139940262
v 0.33455806970596313 0.9363142251968384 -0.12992750853300095
v -0.327738881111145 0.7992885708808899 -0.13394112139940262
v -0.3287689983844757 0.8021296858787537 -0.12992750853300095
v 0.33455806970596313 0.9363142251968384 -0.12992750853300095
v 0.33455806970596313 0.9363142251968384 -0.12992750853300095
v -0.3287689983844757 0.8021296858787537 -0.12992750853300095
v 0.3343546688556671 0.938921332359314 -0.12553753703832626
v -0.3287689983844757 0.8021296858787537 -0.12992750853300095
v -0.32966357469558716 0.804597020149231 -0.12553753703832626
v 0.3343546688556671 0.938921332359314 -0.12553753703832626
v 0.3343546688556671 0.938921332359314 -0.12553753703832626
v -0.32966357469558716 0.804597020149231 -0.12553753703832626
v 0.3341846168041229 0.9411006569862366 -0.12082641758024693
v -0.32966357469558716 0.804597020149231 -0.12553753703832626
v -0.3304113745689392 0.8066595196723938 -0.12082641758024693
v 0.3341846168041229 0.9411006569862366 -0.12082641758024693
v 0.3341846168041229 0.9411006569862366 -0.12082641758024693
v -0.3304113745689392 0.8066595196723938 -0.12082641758024693
v 0.33405008912086487 0.9428247809410095 -0.11585339345037937
v -0.3304113745689392 0.8066595196723938 -0.12082641758024693
v -0.33100295066833496 0.8082911968231201 -0.11585339345037937
v 0.33405008912086487 0.9428247809410095 -0.11585339345037937
v 0.33405008912086487 0.9428247809410095 -0.11585339345037937
v -0.33100295066833496 0.8082911968231201 -0.11585339345037937
v 0.33395278453826904 0.9440720677375793 -0.11068100295960903
v -0.33100295066833496 0.8082911968231201 -0.11585339345037937
v -0.33143094182014465 0.8094715476036072 -0.11068100295960903
v 0.33395278453826904 0.9440720677375793 -0.11068100295960903
v 0.33395278453826904 0.9440720677375793 -0.11068100295960903
v -0.33143094182014465 0.8094715476036072 -0.11068100295960903
v 0.33389389514923096 0.9448267221450806 -0.10537429247051477
v -0.33143094182014465 0.8094715476036072 -0.11068100295960903
v -0.33168989419937134 0.8101857304573059 -0.10537429247051477
v 0.33389389514923096 0.9448267221450806 -0.10537429247051477
v 0.33389389514923096 0.9448267221450806 -0.10537429247051477
v -0.33168989419937134 0.8101857304573059 -0.10537429247051477
v 0.3338741660118103 0.9450793862342834 -0.09999999776482582
v -0.33168989419937134 0.8101857304573059 -0.10537429247051477
v -0.33177655935287476 0.8104248046875 -0.09999999776482582
v 0.3338741660118103 0.9450793862342834 -0.09999999776482582
v 0.3338741660118103 0.9450793862342834 -0.09999999776482582
v -0.33177655935287476 0.8104248046875 -0.09999999776482582
v 0.3338741660118103 0.9450793862342834 0.10000000521540642
v -0.33177655935287476 0.8104248046875 -0.09999999776482582
v -0.33177655935287476 0.8104248046875 0.10000000521540642
v 0.3338741660118103 0.9450793862342834 0.10000000521540642
v 0.3338741660118103 0.9450793862342834 0.10000000521540642
v -0.33177655935287476 0.8104248046875 0.10000000521540642
v 0.33389389514923096 0.9448267221450806 0.1053743027150631
v -0.33177655935287476 0.8104248046875 0.10000000521540642
v -0.33168989419937134 0.8101857304573059 0.1053743027150631
v 0.33389389514923096 0.9448267221450806 0.1053743027150631
v 0.33389389514923096 0.9448267221450806 0.1053743027150631
v -0.33168989419937134 0.8101857304573059 0.1053743027150631
v 0.33395278453826904 0.9440720677375793 0.11068100854754448
v -0.33168989419937134 0.8101857304573059 0.1053743027150631
v -0.33143094182014465 0.8094715476036072 0.11068100854754448
v 0.33395278453826904 0.9440720677375793 0.11068100854754448
v 0.33395278453826904 0.9440720677375793 0.11068100854754448
v -0.33143094182014465 0.8094715476036072 0.11068100854754448
v 0.33405008912086487 0.9428247809410095 0.11585339531302452
v -0.33143094182014465 0.8094715476036072 0.11068100854754448
v -0.33100295066833496 0.8082911968231201 0.11585339531302452
v 0.33405008912086487 0.9428247809410095 0.11585339531302452
v 0.33405008912086487 0.9428247809410095 0.11585339531302452
v -0.33100295066833496 0.8082911968231201 0.11585339531302452
v 0.3341846168041229 0.9411006569862366 0.12082641944289207
v -0.33100295066833496 0.8082911968231201 0.11585339531302452
v -0.3304113745689392 0.8066595196723938 0.12082641944289207
v 0.3341846168041229 0.9411006569862366 0.12082641944289207
v 0.3341846168041229 0.9411006569862366 0.12082641944289207
v -0.3304113745689392 0.8066595196723938 0.12082641944289207
v 0.3343546688556671 0.938921332359314 0.12553754076361656
v -0.3304113745689392 0.8066595196723938 0.12082641944289207
v -0.32966357469558716 0.804597020149231 0.12553754076361656
v 0.3343546688556671 0.938921332359314 0.12553754076361656
v 0.3343546688556671 0.938921332359314 0.12553754076361656
v -0.32966357469558716 0.804597020149231 0.12553754076361656
v 0.33455806970596313 0.9363142251968384 0.12992751225829124
v -0.32966357469558716 0.804597020149231 0.12553754076361656
v -0.3287689983844757 0.8021296858787537 0.12992751225829124
v 0.33455806970596313 0.9363142251968384 0.12992751225829124
v 0.33455806970596313 0.9363142251968384 0.12992751225829124
v -0.3287689983844757 0.8021296858787537 0.12992751225829124
v 0.3347923159599304 0.9333120584487915 0.13394112512469292
v -0.3287689983844757 0.8021296858787537 0.12992751225829124
v -0.327738881111145 0.7992885708808899 0.13394112512469292
v 0.3347923159599304 0.9333120584487915 0.13394112512469292
v 0.3347923159599304 0.9333120584487915 0.13394112512469292
v -0.327738881111145 0.7992885708808899 0.13394112512469292
v 0.3350544273853302 0.9299526214599609 0.13752790912985802
v -0.327738881111145 0.7992885708808899 0.13394112512469292
v -0.32658618688583374 0.7961093187332153 0.13752790912985802
v 0.3350544273853302 0.9299526214599609 0.13752790912985802
v 0.3350544273853302 0.9299526214599609 0.13752790912985802
v -0.32658618688583374 0.7961093187332153 0.13752790912985802
v 0.33534112572669983 0.9262782335281372 0.14064275845885277
v -0.32658618688583374 0.7961093187332153 0.13752790912985802
v -0.3253253996372223 0.7926319241523743 0.14064275845885277
v 0.33534112572669983 0.9262782335281372 0.14064275845885277
v 0.33534112572669983 0.9262782335281372 0.14064275845885277
v -0.3253253996372223 0.7926319241523743 0.14064275845885277
v 0.3356488049030304 0.9223350286483765 0.14324651286005974
v -0.3253253996372223 0.7926319241523743 0.14064275845885277
v -0.3239723742008209 0.7889001965522766 0.14324651286005974
v 0.3356488049030304 0.9223350286483765 0.14324651286005974
v 0.3356488049030304 0.9223350286483765 0.14324651286005974
v -0.3239723742008209 0.7889001965522766 0.14324651286005974
v 0.3359735906124115 0.9181725978851318 0.14530640468001366
v -0.3239723742008209 0.7889001965522766 0.14324651286005974
v -0.322544127702713 0.7849609851837158 0.14530640468001366
v 0.3359735906124115 0.9181725978851318 0.14530640468001366
v 0.3359735906124115 0.9181725978851318 0.14530640468001366
v -0.322544127702713 0.7849609851837158 0.14530640468001366
v 0.33631137013435364 0.9138432741165161 0.14679653570055962
v -0.322544127702713 0.7849609851837158 0.14530640468001366
v -0.32105863094329834 0.780863881111145 0.14679653570055962
v 0.33631137013435364 0.9138432741165161 0.14679653570055962
v 0.33631137013435364 0.9138432741165161 0.14679653570055962
v -0.32105863094329834 0.780863881111145 0.14679653570055962
v 0.33665794134140015 0.909401535987854 0.14769819006323814
v -0.32105863094329834 0.780863881111145 0.14679653570055962
v -0.319534569978714 0.7766603231430054 0.14769819006323814
v 0.33665794134140015 0.909401535987854 0.14769819006323814
v 0.33665794134140015 0.909401535987854 0.14769819006323814
v -0.319534569978714 0.7766603231430054 0.14769819006323814
v 0.33700892329216003 0.9049032926559448 0.14799999818205833
v -0.319534569978714 0.7766603231430054 0.14769819006323814
v -0.31799107789993286 0.7724032402038574 0.14799999818205833
v 0.33700892329216003 0.9049032926559448 0.14799999818205833
v -0.31799107789993286 0.7724032402038574 -0.14799999818205833
v -0.8053348362445831 0.5086532831192017 -0.14799999818205833
v -0.319534569978714 0.7766603231430054 -0.14769818261265755
v -0.8053348362445831 0.5086532831192017 -0.14799999818205833
v -0.8083215057849884 0.5121293067932129 -0.14769818261265755
v -0.319534569978714 0.7766603231430054 -0.14769818261265755
v -0.319534569978714 0.7766603231430054 -0.14769818261265755
v -0.8083215057849884 0.5121293067932129 -0.14769818261265755
v -0.32105863094329834 0.780863881111145 -0.14679653570055962
v -0.8083215057849884 0.5121293067932129 -0.14769818261265755
v -0.8112705647945404 0.515561580657959 -0.14679653570055962
v -0.32105863094329834 0.780863881111145 -0.14679653570055962
v -0.32105863094329834 0.780863881111145 -0.14679653570055962
v -0.8112705647945404 0.515561580657959 -0.14679653570055962
v -0.322544127702713 0.7849609851837158 -0.14530639722943306
v -0.8112705647945404 0.515561580657959 -0.14679653570055962
v -0.8141449987888336 0.5189070105552673 -0.14530639722943306
v -0.322544127702713 0.7849609851837158 -0.14530639722943306
v -0.322544127702713 0.7849609851837158 -0.14530639722943306
v -0.8141449987888336 0.5189070105552673 -0.14530639722943306
v -0.3239723742008209 0.7889001965522766 -0.14324650168418884
v -0.8141449987888336 0.5189070105552673 -0.14530639722943306
v -0.8169086873531342 0.5221235156059265 -0.14324650168418884
v -0.3239723742008209 0.7889001965522766 -0.14324650168418884
v -0.3239723742008209 0.7889001965522766 -0.14324650168418884
v -0.8169086873531342 0.5221235156059265 -0.14324650168418884
v -0.3253253996372223 0.7926319241523743 -0.14064275845885277
v -0.8169086873531342 0.5221235156059265 -0.14324650168418884
v -0.8195267617702484 0.525170624256134 -0.14064275845885277
v -0.3253253996372223 0.7926319241523743 -0.14064275845885277
v -0.3253253996372223 0.7926319241523743 -0.14064275845885277
v -0.8195267617702484 0.525170624256134 -0.14064275845885277
v -0.32658618688583374 0.7961093187332153 -0.13752790912985802
v -0.8195267617702484 0.525170624256134 -0.14064275845885277
v -0.8219664394855499 0.5280100107192993 -0.13752790912985802
v -0.32658618688583374 0.7961093187332153 -0.13752790912985802
v -0.32658618688583374 0.7961093187332153 -0.13752790912985802
v -0.8219664394855499 0.5280100107192993 -0.13752790912985802
v -0.327738881111145 0.7992885708808899 -0.13394112139940262
v -0.8219664394855499 0.5280100107192993 -0.13752790912985802
v -0.8241969048976898 0.5306059122085571 -0.13394112139940262
v -0.327738881111145 0.7992885708808899 -0.13394112139940262
v -0.327738881111145 0.7992885708808899 -0.13394112139940262
v -0.8241969048976898 0.5306059122085571 -0.13394112139940262
v -0.3287689983844757 0.8021296858787537 -0.12992750853300095
v -0.8241969048976898 0.5306059122085571 -0.13394112139940262
v -0.8261902034282684 0.5329258441925049 -0.12992750853300095
v -0.3287689983844757 0.8021296858787537 -0.12992750853300095
v -0.3287689983844757 0.8021296858787537 -0.12992750853300095
v -0.8261902034282684 0.5329258441925049 -0.12992750853300095
v -0.32966357469558716 0.804597020149231 -0.12553753703832626
v -0.8261902034282684 0.5329258441925049 -0.12992750853300095
v -0.8279211819171906 0.5349404811859131 -0.12553753703832626
v -0.32966357469558716 0.804597020149231 -0.12553753703832626
v -0.32966357469558716 0.804597020149231 -0.12553753703832626
v -0.8279211819171906 0.5349404811859131 -0.12553753703832626
v -0.3304113745689392 0.8066595196723938 -0.12082641758024693
v -0.8279211819171906 0.5349404811859131 -0.12553753703832626
v -0.8293681442737579 0.536624550819397 -0.12082641758024693
v -0.3304113745689392 0.8066595196723938 -0.12082641758024693
v -0.3304113745689392 0.8066595196723938 -0.12082641758024693
v -0.8293681442737579 0.536624550819397 -0.12082641758024693
v -0.33100295066833496 0.8082911968231201 -0.11585339345037937
v -0.8293681442737579 0.536624550819397 -0.12082641758024693
v -0.8305129110813141 0.5379568338394165 -0.11585339345037937
v -0.33100295066833496 0.8082911968231201 -0.11585339345037937
v -0.33100295066833496 0.8082911968231201 -0.11585339345037937
v -0.8305129110813141 0.5379568338394165 -0.11585339345037937
v -0.33143094182014465 0.8094715476036072 -0.11068100295960903
v -0.8305129110813141 0.5379568338394165 -0.11585339345037937
v -0.8313409984111786 0.5389206409454346 -0.11068100295960903
v -0.33143094182014465 0.8094715476036072 -0.11068100295960903
v -0.33143094182014465 0.8094715476036072 -0.11068100295960903
v -0.8313409984111786 0.5389206409454346 -0.11068100295960903
v -0.33168989419937134 0.8101857304573059 -0.10537429247051477
v -0.8313409984111786 0.5389206409454346 -0.11068100295960903
v -0.8318420946598053 0.539503812789917 -0.10537429247051477
v -0.33168989419937134 0.8101857304573059 -0.10537429247051477
v -0.33168989419937134 0.8101857304573059 -0.10537429247051477
v -0.8318420946598053 0.539503812789917 -0.10537429247051477
v -0.33177655935287476 0.8104248046875 -0.09999999776482582
v -0.8318420946598053 0.539503812789917 -0.10537429247051477
v -0.8320098221302032 0.5396990180015564 -0.09999999776482582
v -0.33177655935287476 0.8104248046875 -0.09999999776482582
v -0.33177655935287476 0.8104248046875 -0.09999999776482582
v -0.8320098221302032 0.5396990180015564 -0.09999999776482582
v -0.33177655935287476 0.8104248046875 0.10000000521540642
v -0.8320098221302032 0.5396990180015564 -0.09999999776482582
v -0.8320098221302032 0.5396990180015564 0.10000000521540642
v -0.33177655935287476 0.8104248046875 0.10000000521540642
v -0.33177655935287476 0.8104248046875 0.10000000521540642
v -0.8320098221302032 0.5396990180015564 0.10000000521540642
v -0.33168989419937134 0.8101857304573059 0.1053743027150631
v -0.8320098221302032 0.5396990180015564 0.10000000521540642
v -0.8318420946598053 0.539503812789917 0.1053743027150631
v -0.33168989419937134 0.8101857304573059 0.1053743027150631
v -0.33168989419937134 0.8101857304573059 0.1053743027150631
v -0.8318420946598053 0.539503812789917 0.1053743027150631
v -0.33143094182014465 0.8094715476036072 0.11068100854754448
v -0.8318420946598053 0.539503812789917 0.1053743027150631
v -0.8313409984111786 0.5389206409454346 0.11068100854754448
v -0.33143094182014465 0.8094715476036072 0.11068100854754448
v -0.33143094182014465 0.8094715476036072 0.11068100854754448
v -0.8313409984111786 0.5389206409454346 0.11068100854754448
v -0.33100295066833496 0.8082911968231201 0.11585339531302452
v -0.8313409984111786 0.5389206409454346 0.11068100854754448
v -0.8305129110813141 0.5379568338394165 0.11585339531302452
v -0.33100295066833496 0.8082911968231201 0.11585339531302452
v -0.33100295066833496 0.8082911968231201 0.11585339531302452
v -0.8305129110813141 0.5379568338394165 0.11585339531302452
v -0.3304113745689392 0.8066595196723938 0.12082641944289207
v -0.8305129110813141 0.5379568338394165 0.11585339531302452
v -0.8293681442737579 0.536624550819397 0.12082641944289207
v -0.3304113745689392 0.8066595196723938 0.12082641944289207
v -0.3304113745689392 0.8066595196723938 0.12082641944289207
v -0.8293681442737579 0.536624550819397 0.12082641944289207
v -0.32966357469558716 0.804597020149231 0.12553754076361656
v -0.8293681442737579 0.536624550819397 0.12082641944289207
v -0.8279211819171906 0.5349404811859131 0.12553754076361656
v -0.32966357469558716 0.804597020149231 0.12553754076361656
v -0.32966357469558716 0.804597020149231 0.12553754076361656
v -0.8279211819171906 0.5349404811859131 0.12553754076361656
v -0.3287689983844757 0.8021296858787537 0.12992751225829124
v -0.8279211819171906 0.5349404811859131 0.12553754076361656
v -0.8261902034282684 0.5329258441925049 0.12992751225829124
v -0.3287689983844757 0.8021296858787537 0.12992751225829124
v -0.3287689983844757 0.8021296858787537 0.12992751225829124
v -0.8261902034282684 0.5329258441925049 0.12992751225829124
v -0.327738881111145 0.7992885708808899 0.13394112512469292
v -0.8261902034282684 0.5329258441925049 0.12992751225829124
v -0.8241969048976898 0.5306059122085571 0.13394112512469292
v -0.327738881111145 0.7992885708808899 0.13394112512469292
v -0.327738881111145 0.7992885708808899 0.13394112512469292
v -0.8241969048976898 0.5306059122085571 0.13394112512469292
v -0.32658618688583374 0.7961093187332153 0.13752790912985802
v -0.8241969048976898 0.5306059122085571 0.13394112512469292
v -0.8219664394855499 0.5280100107192993 0.13752790912985802
v -0.32658618688583374 0.7961093187332153 0.13752790912985802
v -0.32658618688583374 0.7961093187332153 0.13752790912985802
v -0.8219664394855499 0.5280100107192993 0.13752790912985802
v -0.3253253996372223 0.7926319241523743 0.14064275845885277
v -0.8219664394855499 0.5280100107192993 0.13752790912985802
v -0.8195267617702484 0.525170624256134 0.14064275845885277
v -0.3253253996372223 0.7926319241523743 0.14064275845885277
v -0.3253253996372223 0.7926319241523743 0.14064275845885277
v -0.8195267617702484 0.525170624256134 0.14064275845885277
v -0.3239723742008209 0.7889001965522766 0.14324651286005974
v -0.8195267617702484 0.525170624256134 0.14064275845885277
v -0.8169086873531342 0.5221235156059265 0.14324651286005974
v -0.3239723742008209 0.7889001965522766 0.14324651286005974
v -0.3239723742008209 0.7889001965522766 0.14324651286005974
v -0.8169086873531342 0.5221235156059265 0.14324651286005974
v -0.322544127702713 0.7849609851837158 0.14530640468001366
v -0.8169086873531342 0.5221235156059265 0.14324651286005974
v -0.8141449987888336 0.5189070105552673 0.14530640468001366
v -0.322544127702713 0.7849609851837158 0.14530640468001366
v -0.322544127702713 0.7849609851837158 0.14530640468001366
v -0.8141449987888336 0.5189070105552673 0.14530640468001366
v -0.32105863094329834 0.780863881111145 0.14679653570055962
v -0.8141449987888336 0.5189070105552673 0.14530640468001366
v -0.8112705647945404 0.515561580657959 0.14679653570055962
v -0.32105863094329834 0.780863881111145 0.14679653570055962
v -0.32105863094329834 0.780863881111145 0.14679653570055962
v -0.8112705647945404 0.515561580657959 0.14679653570055962
v -0.319534569978714 0.7766603231430054 0.14769819006323814
v -0.8112705647945404 0.515561580657959 0.14679653570055962
v -0.8083215057849884 0.5121293067932129 0.14769819006323814
v -0.319534569978714 0.7766603231430054 0.14769819006323814
v -0.319534569978714 0.7766603231430054 0.14769819006323814
v -0.8083215057849884 0.5121293067932129 0.14769819006323814
v -0.31799107789993286 0.7724032402038574 0.14799999818205833
v -0.8083215057849884 0.5121293067932129 0.14769819006323814
v -0.8053348362445831 0.5086532831192017 0.14799999818205833
v -0.31799107789993286 0.7724032402038574 0.14799999818205833
v -0.8053348362445831 0.5086532831192017 -0.14799999818205833
v -0.9320535957813263 0.34099701046943665 -0.14799999818205833
v -0.8083215057849884 0.5121293067932129 -0.14769818261265755
v -0.9320535957813263 0.34099701046943665 -0.14799999818205833
v -0.9381295740604401 0.3392089009284973 -0.14769818261265755
v -0.8083215057849884 0.5121293067932129 -0.14769818261265755
v -0.8083215057849884 0.5121293067932129 -0.14769818261265755
v -0.9381295740604401 0.3392089009284973 -0.14769818261265755
v -0.8112705647945404 0.515561580657959 -0.14679653570055962
v -0.9381295740604401 0.3392089009284973 -0.14769818261265755
v -0.9441291987895966 0.3374432623386383 -0.14679653570055962
v -0.8112705647945404 0.515561580657959 -0.14679653570055962
v -0.8112705647945404 0.515561580657959 -0.14679653570055962
v -0.9441291987895966 0.3374432623386383 -0.14679653570055962
v -0.8141449987888336 0.5189070105552673 -0.14530639722943306
v -0.9441291987895966 0.3374432623386383 -0.14679653570055962
v -0.9499769508838654 0.33572229743003845 -0.14530639722943306
v -0.8141449987888336 0.5189070105552673 -0.14530639722943306
v -0.8141449987888336 0.5189070105552673 -0.14530639722943306
v -0.9499769508838654 0.33572229743003845 -0.14530639722943306
v -0.8169086873531342 0.5221235156059265 -0.14324650168418884
v -0.9499769508838654 0.33572229743003845 -0.14530639722943306
v -0.9555992782115936 0.334067702293396 -0.14324650168418884
v -0.8169086873531342 0.5221235156059265 -0.14324650168418884
v -0.8169086873531342 0.5221235156059265 -0.14324650168418884
v -0.9555992782115936 0.334067702293396 -0.14324650168418884
v -0.8195267617702484 0.525170624256134 -0.14064275845885277
v -0.9555992782115936 0.334067702293396 -0.14324650168418884
v -0.9609255492687225 0.3325002193450928 -0.14064275845885277
v -0.8195267617702484 0.525170624256134 -0.14064275845885277
v -0.8195267617702484 0.525170624256134 -0.14064275845885277
v -0.9609255492687225 0.3325002193450928 -0.14064275845885277
v -0.8219664394855499 0.5280100107192993 -0.13752790912985802
v -0.9609255492687225 0.3325002193450928 -0.14064275845885277
v -0.9658887088298798 0.3310396075248718 -0.13752790912985802
v -0.8219664394855499 0.5280100107192993 -0.13752790912985802
v -0.8219664394855499 0.5280100107192993 -0.13752790912985802
v -0.9658887088298798 0.3310396075248718 -0.13752790912985802
v -0.8241969048976898 0.5306059122085571 -0.13394112139940262
v -0.9658887088298798 0.3310396075248718 -0.13752790912985802
v -0.9704264104366302 0.3297041952610016 -0.13394112139940262
v -0.8241969048976898 0.5306059122085571 -0.13394112139940262
v -0.8241969048976898 0.5306059122085571 -0.13394112139940262
v -0.9704264104366302 0.3297041952610016 -0.13394112139940262
v -0.8261902034282684 0.5329258441925049 -0.12992750853300095
v -0.9704264104366302 0.3297041952610016 -0.13394112139940262
v -0.9744814932346344 0.3285108208656311 -0.12992750853300095
v -0.8261902034282684 0.5329258441925049 -0.12992750853300095
v -0.8261902034282684 0.5329258441925049 -0.12992750853300095
v -0.9744814932346344 0.3285108208656311 -0.12992750853300095
v -0.8279211819171906 0.5349404811859131 -0.12553753703832626
v -0.9744814932346344 0.3285108208656311 -0.12992750853300095
v -0.978003054857254 0.327474445104599 -0.12553753703832626
v -0.8279211819171906 0.5349404811859131 -0.12553753703832626
v -0.8279211819171906 0.5349404811859131 -0.12553753703832626
v -0.978003054857254 0.327474445104599 -0.12553753703832626
v -0.8293681442737579 0.536624550819397 -0.12082641758024693
v -0.978003054857254 0.327474445104599 -0.12553753703832626
v -0.9809467494487762 0.32660815119743347 -0.12082641758024693
v -0.8293681442737579 0.536624550819397 -0.12082641758024693
v -0.8293681442737579 0.536624550819397 -0.12082641758024693
v -0.9809467494487762 0.32660815119743347 -0.12082641758024693
v -0.8305129110813141 0.5379568338394165 -0.11585339345037937
v -0.9809467494487762 0.32660815119743347 -0.12082641758024693
v -0.9832756221294403 0.32592278718948364 -0.11585339345037937
v -0.8305129110813141 0.5379568338394165 -0.11585339345037937
v -0.8305129110813141 0.5379568338394165 -0.11585339345037937
v -0.9832756221294403 0.32592278718948364 -0.11585339345037937
v -0.8313409984111786 0.5389206409454346 -0.11068100295960903
v -0.9832756221294403 0.32592278718948364 -0.11585339345037937
v -0.9849603474140167 0.32542696595191956 -0.11068100295960903
v -0.8313409984111786 0.5389206409454346 -0.11068100295960903
v -0.8313409984111786 0.5389206409454346 -0.11068100295960903
v -0.9849603474140167 0.32542696595191956 -0.11068100295960903
v -0.8318420946598053 0.539503812789917 -0.10537429247051477
v -0.9849603474140167 0.32542696595191956 -0.11068100295960903
v -0.9859797060489655 0.325126975774765 -0.10537429247051477
v -0.8318420946598053 0.539503812789917 -0.10537429247051477
v -0.8318420946598053 0.539503812789917 -0.10537429247051477
v -0.9859797060489655 0.325126975774765 -0.10537429247051477
v -0.8320098221302032 0.5396990180015564 -0.09999999776482582
v -0.9859797060489655 0.325126975774765 -0.10537429247051477
v -0.9863209426403046 0.32502657175064087 -0.09999999776482582
v -0.8320098221302032 0.5396990180015564 -0.09999999776482582
v -0.8320098221302032 0.5396990180015564 -0.09999999776482582
v -0.9863209426403046 0.32502657175064087 -0.09999999776482582
v -0.8320098221302032 0.5396990180015564 0.10000000521540642
v -0.9863209426403046 0.32502657175064087 -0.09999999776482582
v -0.9863209426403046 0.32502657175064087 0.10000000521540642
v -0.8320098221302032 0.5396990180015564 0.10000000521540642
v -0.8320098221302032 0.5396990180015564 0.10000000521540642
v -0.9863209426403046 0.32502657175064087 0.10000000521540642
v -0.8318420946598053 0.539503812789917 0.1053743027150631
v -0.9863209426403046 0.32502657175064087 0.10000000521540642
v -0.9859797060489655 0.325126975774765 0.1053743027150631
v -0.8318420946598053 0.539503812789917 0.1053743027150631
v -0.8318420946598053 0.539503812789917 0.1053743027150631
v -0.9859797060489655 0.325126975774765 0.1053743027150631
v -0.8313409984111786 0.5389206409454346 0.11068100854754448
v -0.9859797060489655 0.325126975774765 0.1053743027150631
v -0.9849603474140167 0.32542696595191956 0.11068100854754448
v -0.8313409984111786 0.5389206409454346 0.11068100854754448
v -0.8313409984111786 0.5389206409454346 0.11068100854754448
v -0.9849603474140167 0.32542696595191956 0.11068100854754448
v -0.8305129110813141 0.5379568338394165 0.11585339531302452
v -0.9849603474140167 0.32542696595191956 0.11068100854754448
v -0.9832756221294403 0.32592278718948364 0.11585339531302452
v -0.8305129110813141 0.5379568338394165 0.11585339531302452
v -0.8305129110813141 0.5379568338394165 0.11585339531302452
v -0.9832756221294403 0.32592278718948364 0.11585339531302452
v -0.8293681442737579 0.536624550819397 0.12082641944289207
v -0.9832756221294403 0.32592278718948364 0.11585339531302452
v -0.9809467494487762 0.32660815119743347 0.12082641944289207
v -0.8293681442737579 0.536624550819397 0.12082641944289207
v -0.8293681442737579 0.536624550819397 0.12082641944289207
v -0.9809467494487762 0.32660815119743347 0.12082641944289207
v -0.8279211819171906 0.5349404811859131 0.12553754076361656
v -0.9809467494487762 0.32660815119743347 0.12082641944289207
v -0.978003054857254 0.327474445104599 0.12553754076361656
v -0.8279211819171906 0.5349404811859131 0.12553754076361656
v -0.8279211819171906 0.5349404811859131 0.12553754076361656
v -0.978003054857254 0.327474445104599 0.12553754076361656
v -0.8261902034282684 0.5329258441925049 0.12992751225829124
v -0.978003054857254 0.327474445104599 0.12553754076361656
v -0.9744814932346344 0.3285108208656311 0.12992751225829124
v -0.8261902034282684 0.5329258441925049 0.12992751225829124
v -0.8261902034282684 0.5329258441925049 0.12992751225829124
v -0.9744814932346344 0.3285108208656311 0.12992751225829124
v -0.8241969048976898 0.5306059122085571 0.13394112512469292
v -0.9744814932346344 0.3285108208656311 0.12992751225829124
v -0.9704264104366302 0.3297041952610016 0.13394112512469292
v -0.8241969048976898 0.5306059122085571 0.13394112512469292
v -0.8241969048976898 0.5306059122085571 0.13394112512469292
v -0.9704264104366302 0.3297041952610016 0.13394112512469292
v -0.8219664394855499 0.5280100107192993 0.13752790912985802
v -0.9704264104366302 0.3297041952610016 0.13394112512469292
v -0.9658887088298798 0.3310396075248718 0.13752790912985802
v -0.8219664394855499 0.5280100107192993 0.13752790912985802
v -0.8219664394855499 0.5280100107192993 0.13752790912985802
v -0.9658887088298798 0.3310396075248718 0.13752790912985802
v -0.8195267617702484 0.525170624256134 0.14064275845885277
v -0.9658887088298798 0.3310396075248718 0.13752790912985802
v -0.9609255492687225 0.3325002193450928 0.14064275845885277
v -0.8195267617702484 0.525170624256134 0.14064275845885277
v -0.8195267617702484 0.525170624256134 0.14064275845885277
v -0.9609255492687225 0.3325002193450928 0.14064275845885277
v -0.8169086873531342 0.5221235156059265 0.14324651286005974
v -0.9609255492687225 0.3325002193450928 0.14064275845885277
v -0.9555992782115936 0.334067702293396 0.14324651286005974
v -0.8169086873531342 0.5221235156059265 0.14324651286005974
v -0.8169086873531342 0.5221235156059265 0.14324651286005974
v -0.9555992782115936 0.334067702293396 0.14324651286005974
v -0.8141449987888336 0.5189070105552673 0.14530640468001366
v -0.9555992782115936 0.334067702293396 0.14324651286005974
v -0.9499769508838654 0.33572229743003845 0.14530640468001366
v -0.8141449987888336 0.5189070105552673 0.14530640468001366
v -0.8141449987888336 0.5189070105552673 0.14530640468001366
v -0.9499769508838654 0.33572229743003845 0.14530640468001366
v -0.8112705647945404 0.515561580657959 0.14679653570055962
v -0.9499769508838654 0.33572229743003845 0.14530640468001366
v -0.9441291987895966 0.3374432623386383 0.14679653570055962
v -0.8112705647945404 0.515561580657959 0.14679653570055962
v -0.8112705647945404 0.515561580657959 0.14679653570055962
v -0.9441291987895966 0.3374432623386383 0.14679653570055962
v -0.8083215057849884 0.5121293067932129 0.14769819006323814
v -0.9441291987895966 0.3374432623386383 0.14679653570055962
v -0.9381295740604401 0.3392089009284973 0.14769819006323814
v -0.8083215057849884 0.5121293067932129 0.14769819006323814
v -0.8083215057849884 0.5121293067932129 0.14769819006323814
v -0.9381295740604401 0.3392089009284973 0.14769819006323814
v -0.8053348362445831 0.5086532831192017 0.14799999818205833
v -0.9381295740604401 0.3392089009284973 0.14769819006323814
v -0.9320535957813263 0.34099701046943665 0.14799999818205833
v -0.8053348362445831 0.5086532831192017 0.14799999818205833
v -0.9320535957813263 0.34099701046943665 -0.14799999818205833
v -0.7900223433971405 0.28896576166152954 -0.14799999818205833
v -0.9381295740604401 0.3392089009284973 -0.14769818261265755
v -0.7900223433971405 0.28896576166152954 -0.14799999818205833
v -0.7909733951091766 0.28454452753067017 -0.14769818261265755
v -0.9381295740604401 0.3392089009284973 -0.14769818261265755
v -0.9381295740604401 0.3392089009284973 -0.14769818261265755
v -0.7909733951091766 0.28454452753067017 -0.14769818261265755
v -0.9441291987895966 0.3374432623386383 -0.14679653570055962
v -0.7909733951091766 0.28454452753067017 -0.14769818261265755
v -0.7919124662876129 0.28017887473106384 -0.14679653570055962
v -0.9441291987895966 0.3374432623386383 -0.14679653570055962
v -0.9441291987895966 0.3374432623386383 -0.14679653570055962
v -0.7919124662876129 0.28017887473106384 -0.14679653570055962
v -0.9499769508838654 0.33572229743003845 -0.14530639722943306
v -0.7919124662876129 0.28017887473106384 -0.14679653570055962
v -0.7928277552127838 0.2759237289428711 -0.14530639722943306
v -0.9499769508838654 0.33572229743003845 -0.14530639722943306
v -0.9499769508838654 0.33572229743003845 -0.14530639722943306
v -0.7928277552127838 0.2759237289428711 -0.14530639722943306
v -0.9555992782115936 0.334067702293396 -0.14324650168418884
v -0.7928277552127838 0.2759237289428711 -0.14530639722943306
v -0.7937077581882477 0.2718326151371002 -0.14324650168418884
v -0.9555992782115936 0.334067702293396 -0.14324650168418884
v -0.9555992782115936 0.334067702293396 -0.14324650168418884
v -0.7937077581882477 0.2718326151371002 -0.14324650168418884
v -0.9609255492687225 0.3325002193450928 -0.14064275845885277
v -0.7937077581882477 0.2718326151371002 -0.14324650168418884
v -0.7945414483547211 0.26795694231987 -0.14064275845885277
v -0.9609255492687225 0.3325002193450928 -0.14064275845885277
v -0.9609255492687225 0.3325002193450928 -0.14064275845885277
v -0.7945414483547211 0.26795694231987 -0.14064275845885277
v -0.9658887088298798 0.3310396075248718 -0.13752790912985802
v -0.7945414483547211 0.26795694231987 -0.14064275845885277
v -0.7953182756900787 0.2643454670906067 -0.13752790912985802
v -0.9658887088298798 0.3310396075248718 -0.13752790912985802
v -0.9658887088298798 0.3310396075248718 -0.13752790912985802
v -0.7953182756900787 0.2643454670906067 -0.13752790912985802
v -0.9704264104366302 0.3297041952610016 -0.13394112139940262
v -0.7953182756900787 0.2643454670906067 -0.13752790912985802
v -0.7960285246372223 0.26104360818862915 -0.13394112139940262
v -0.9704264104366302 0.3297041952610016 -0.13394112139940262
v -0.9704264104366302 0.3297041952610016 -0.13394112139940262
v -0.7960285246372223 0.26104360818862915 -0.13394112139940262
v -0.9744814932346344 0.3285108208656311 -0.12992750853300095
v -0.7960285246372223 0.26104360818862915 -0.13394112139940262
v -0.7966632544994354 0.25809288024902344 -0.12992750853300095
v -0.9744814932346344 0.3285108208656311 -0.12992750853300095
v -0.9744814932346344 0.3285108208656311 -0.12992750853300095
v -0.7966632544994354 0.25809288024902344 -0.12992750853300095
v -0.978003054857254 0.327474445104599 -0.12553753703832626
v -0.7966632544994354 0.25809288024902344 -0.12992750853300095
v -0.7972144782543182 0.2555304169654846 -0.12553753703832626
v -0.978003054857254 0.327474445104599 -0.12553753703832626
v -0.978003054857254 0.327474445104599 -0.12553753703832626
v -0.7972144782543182 0.2555304169654846 -0.12553753703832626
v -0.9809467494487762 0.32660815119743347 -0.12082641758024693
v -0.7972144782543182 0.2555304169654846 -0.12553753703832626
v -0.797675222158432 0.2533884048461914 -0.12082641758024693
v -0.9809467494487762 0.32660815119743347 -0.12082641758024693
v -0.9809467494487762 0.32660815119743347 -0.12082641758024693
v -0.797675222158432 0.2533884048461914 -0.12082641758024693
v -0.9832756221294403 0.32592278718948364 -0.11585339345037937
v -0.797675222158432 0.2533884048461914 -0.12082641758024693
v -0.7980397045612335 0.2516937851905823 -0.11585339345037937
v -0.9832756221294403 0.32592278718948364 -0.11585339345037937
v -0.9832756221294403 0.32592278718948364 -0.11585339345037937
v -0.7980397045612335 0.2516937851905823 -0.11585339345037937
v -0.9849603474140167 0.32542696595191956 -0.11068100295960903
v -0.7980397045612335 0.2516937851905823 -0.11585339345037937
v -0.7983033955097198 0.2504679262638092 -0.11068100295960903
v -0.9849603474140167 0.32542696595191956 -0.11068100295960903
v -0.9849603474140167 0.32542696595191956 -0.11068100295960903
v -0.7983033955097198 0.2504679262638092 -0.11068100295960903
v -0.9859797060489655 0.325126975774765 -0.10537429247051477
v -0.7983033955097198 0.2504679262638092 -0.11068100295960903
v -0.7984629571437836 0.24972614645957947 -0.10537429247051477
v -0.9859797060489655 0.325126975774765 -0.10537429247051477
v -0.9859797060489655 0.325126975774765 -0.10537429247051477
v -0.7984629571437836 0.24972614645957947 -0.10537429247051477
v -0.9863209426403046 0.32502657175064087 -0.09999999776482582
v -0.7984629571437836 0.24972614645957947 -0.10537429247051477
v -0.7985163629055023 0.24947786331176758 -0.09999999776482582
v -0.9863209426403046 0.32502657175064087 -0.09999999776482582
v -0.9863209426403046 0.32502657175064087 -0.09999999776482582
v -0.7985163629055023 0.24947786331176758 -0.09999999776482582
v -0.9863209426403046 0.32502657175064087 0.10000000521540642
v -0.7985163629055023 0.24947786331176758 -0.09999999776482582
v -0.7985163629055023 0.24947786331176758 0.10000000521540642
v -0.9863209426403046 0.32502657175064087 0.10000000521540642
v -0.9863209426403046 0.32502657175064087 0.10000000521540642
v -0.7985163629055023 0.24947786331176758 0.10000000521540642
v -0.9859797060489655 0.325126975774765 0.1053743027150631
v -0.7985163629055023 0.24947786331176758 0.10000000521540642
v -0.7984629571437836 0.24972614645957947 0.1053743027150631
v -0.9859797060489655 0.325126975774765 0.1053743027150631
v -0.9859797060489655 0.325126975774765 0.1053743027150631
v -0.7984629571437836 0.24972614645957947 0.1053743027150631
v -0.9849603474140167 0.32542696595191956 0.11068100854754448
v -0.7984629571437836 0.24972614645957947 0.1053743027150631
v -0.7983033955097198 0.2504679262638092 0.11068100854754448
v -0.9849603474140167 0.32542696595191956 0.11068100854754448
v -0.9849603474140167 0.32542696595191956 0.11068100854754448
v -0.7983033955097198 0.2504679262638092 0.11068100854754448
v -0.9832756221294403 0.32592278718948364 0.11585339531302452
v -0.7983033955097198 0.2504679262638092 0.11068100854754448
v -0.7980397045612335 0.2516937851905823 0.11585339531302452
v -0.9832756221294403 0.32592278718948364 0.11585339531302452
v -0.9832756221294403 0.32592278718948364 0.11585339531302452
v -0.7980397045612335 0.2516937851905823 0.11585339531302452
v -0.9809467494487762 0.32660815119743347 0.12082641944289207
v -0.7980397045612335 0.2516937851905823 0.11585339531302452
v -0.797675222158432 0.2533884048461914 0.12082641944289207
v -0.9809467494487762 0.32660815119743347 0.12082641944289207
v -0.9809467494487762 0.32660815119743347 0.12082641944289207
v -0.797675222158432 0.2533884048461914 0.12082641944289207
v -0.978003054857254 0.327474445104599 0.12553754076361656
v -0.797675222158432 0.2533884048461914 0.12082641944289207
v -0.7972144782543182 0.2555304169654846 0.12553754076361656
v -0.978003054857254 0.327474445104599 0.12553754076361656
v -0.978003054857254 0.327474445104599 0.12553754076361656
v -0.7972144782543182 0.2555304169654846 0.12553754076361656
v -0.9744814932346344 0.3285108208656311 0.12992751225829124
v -0.7972144782543182 0.2555304169654846 0.12553754076361656
v -0.7966632544994354 0.25809288024902344 0.12992751225829124
v -0.9744814932346344 0.3285108208656311 0.12992751225829124
v -0.9744814932346344 0.3285108208656311 0.12992751225829124
v -0.7966632544994354 0.25809288024902344 0.12992751225829124
v -0.9704264104366302 0.3297041952610016 0.13394112512469292
v -0.7966632544994354 0.25809288024902344 0.12992751225829124
v -0.7960285246372223 0.26104360818862915 0.13394112512469292
v -0.9704264104366302 0.3297041952610016 0.13394112512469292
v -0.9704264104366302 0.3297041952610016 0.13394112512469292
v -0.7960285246372223 0.26104360818862915 0.13394112512469292
v -0.9658887088298798 0.3310396075248718 0.13752790912985802
v -0.7960285246372223 0.26104360818862915 0.13394112512469292
v -0.7953182756900787 0.2643454670906067 0.13752790912985802
v -0.9658887088298798 0.3310396075248718 0.13752790912985802
v -0.9658887088298798 0.3310396075248718 0.13752790912985802
v -0.7953182756900787 0.2643454670906067 0.13752790912985802
v -0.9609255492687225 0.3325002193450928 0.14064275845885277
v -0.7953182756900787 0.2643454670906067 0.13752790912985802
v -0.7945414483547211 0.26795694231987 0.14064275845885277
v -0.9609255492687225 0.3325002193450928 0.14064275845885277
v -0.9609255492687225 0.3325002193450928 0.14064275845885277
v -0.7945414483547211 0.26795694231987 0.14064275845885277
v -0.9555992782115936 0.334067702293396 0.14324651286005974
v -0.7945414483547211 0.26795694231987 0.14064275845885277
v -0.7937077581882477 0.2718326151371002 0.14324651286005974
v -0.9555992782115936 0.334067702293396 0.14324651286005974
v -0.9555992782115936 0.334067702293396 0.14324651286005974
v -0.7937077581882477 0.2718326151371002 0.14324651286005974
v -0.9499769508838654 0.33572229743003845 0.14530640468001366
v -0.7937077581882477 0.2718326151371002 0.14324651286005974
v -0.7928277552127838 0.2759237289428711 0.14530640468001366
v -0.9499769508838654 0.33572229743003845 0.14530640468001366
v -0.9499769508838654 0.33572229743003845 0.14530640468001366
v -0.7928277552127838 0.2759237289428711 0.14530640468001366
v -0.9441291987895966 0.3374432623386383 0.14679653570055962
v -0.7928277552127838 0.2759237289428711 0.14530640468001366
v -0.7919124662876129 0.28017887473106384 0.14679653570055962
v -0.9441291987895966 0.3374432623386383 0.14679653570055962
v -0.9441291987895966 0.3374432623386383 0.14679653570055962
v -0.7919124662876129 0.28017887473106384 0.14679653570055962
v -0.9381295740604401 0.3392089009284973 0.14769819006323814
v -0.7919124662876129 0.28017887473106384 0.14679653570055962
v -0.7909733951091766 0.28454452753067017 0.14769819006323814
v -0.9381295740604401 0.3392089009284973 0.14769819006323814
v -0.9381295740604401 0.3392089009284973 0.14769819006323814
v -0.7909733951091766 0.28454452753067017 0.14769819006323814
v -0.9320535957813263 0.34099701046943665 0.14799999818205833
v -0.7909733951091766 0.28454452753067017 0.14769819006323814
v -0.7900223433971405 0.28896576166152954 0.14799999818205833
v -0.9320535957813263 0.34099701046943665 0.14799999818205833
v -0.7900223433971405 0.28896576166152954 -0.14799999818205833
v -0.49783483147621155 0.2677157521247864 -0.14799999818205833
v -0.7909733951091766 0.28454452753067017 -0.14769818261265755
v -0.49783483147621155 0.2677157521247864 -0.14799999818205833
v -0.49835577607154846 0.2632632553577423 -0.14769818261265755
v -0.7909733951091766 0.28454452753067017 -0.14769818261265755
v -0.7909733951091766 0.28454452753067017 -0.14769818261265755
v -0.49835577607154846 0.2632632553577423 -0.14769818261265755
v -0.7919124662876129 0.28017887473106384 -0.14679653570055962
v -0.49835577607154846 0.2632632553577423 -0.14769818261265755
v -0.49887022376060486 0.25886672735214233 -0.14679653570055962
v -0.7919124662876129 0.28017887473106384 -0.14679653570055962
v -0.7919124662876129 0.28017887473106384 -0.14679653570055962
v -0.49887022376060486 0.25886672735214233 -0.14679653570055962
v -0.7928277552127838 0.2759237289428711 -0.14530639722943306
v -0.49887022376060486 0.25886672735214233 -0.14679653570055962
v -0.49937161803245544 0.254581481218338 -0.14530639722943306
v -0.7928277552127838 0.2759237289428711 -0.14530639722943306
v -0.7928277552127838 0.2759237289428711 -0.14530639722943306
v -0.49937161803245544 0.254581481218338 -0.14530639722943306
v -0.7937077581882477 0.2718326151371002 -0.14324650168418884
v -0.49937161803245544 0.254581481218338 -0.14530639722943306
v -0.4998537003993988 0.2504613995552063 -0.14324650168418884
v -0.7937077581882477 0.2718326151371002 -0.14324650168418884
v -0.7937077581882477 0.2718326151371002 -0.14324650168418884
v -0.4998537003993988 0.2504613995552063 -0.14324650168418884
v -0.7945414483547211 0.26795694231987 -0.14064275845885277
v -0.4998537003993988 0.2504613995552063 -0.14324650168418884
v -0.5003103315830231 0.2465583086013794 -0.14064275845885277
v -0.7945414483547211 0.26795694231987 -0.14064275845885277
v -0.7945414483547211 0.26795694231987 -0.14064275845885277
v -0.5003103315830231 0.2465583086013794 -0.14064275845885277
v -0.7953182756900787 0.2643454670906067 -0.13752790912985802
v -0.5003103315830231 0.2465583086013794 -0.14064275845885277
v -0.5007359087467194 0.24292129278182983 -0.13752790912985802
v -0.7953182756900787 0.2643454670906067 -0.13752790912985802
v -0.7953182756900787 0.2643454670906067 -0.13752790912985802
v -0.5007359087467194 0.24292129278182983 -0.13752790912985802
v -0.7960285246372223 0.26104360818862915 -0.13394112139940262
v -0.5007359087467194 0.24292129278182983 -0.13752790912985802
v -0.5011249482631683 0.23959606885910034 -0.13394112139940262
v -0.7960285246372223 0.26104360818862915 -0.13394112139940262
v -0.7960285246372223 0.26104360818862915 -0.13394112139940262
v -0.5011249482631683 0.23959606885910034 -0.13394112139940262
v -0.7966632544994354 0.25809288024902344 -0.12992750853300095
v -0.5011249482631683 0.23959606885910034 -0.13394112139940262
v -0.501472681760788 0.23662447929382324 -0.12992750853300095
v -0.7966632544994354 0.25809288024902344 -0.12992750853300095
v -0.7966632544994354 0.25809288024902344 -0.12992750853300095
v -0.501472681760788 0.23662447929382324 -0.12992750853300095
v -0.7972144782543182 0.2555304169654846 -0.12553753703832626
v -0.501472681760788 0.23662447929382324 -0.12992750853300095
v -0.5017745792865753 0.23404386639595032 -0.12553753703832626
v -0.7972144782543182 0.2555304169654846 -0.12553753703832626
v -0.7972144782543182 0.2555304169654846 -0.12553753703832626
v -0.5017745792865753 0.23404386639595032 -0.12553753703832626
v -0.797675222158432 0.2533884048461914 -0.12082641758024693
v -0.5017745792865753 0.23404386639595032 -0.12553753703832626
v -0.5020270049571991 0.23188671469688416 -0.12082641758024693
v -0.797675222158432 0.2533884048461914 -0.12082641758024693
v -0.797675222158432 0.2533884048461914 -0.12082641758024693
v -0.5020270049571991 0.23188671469688416 -0.12082641758024693
v -0.7980397045612335 0.2516937851905823 -0.11585339345037937
v -0.5020270049571991 0.23188671469688416 -0.12082641758024693
v -0.5022266805171967 0.23018011450767517 -0.11585339345037937
v -0.7980397045612335 0.2516937851905823 -0.11585339345037937
v -0.7980397045612335 0.2516937851905823 -0.11585339345037937
v -0.5022266805171967 0.23018011450767517 -0.11585339345037937
v -0.7983033955097198 0.2504679262638092 -0.11068100295960903
v -0.5022266805171967 0.23018011450767517 -0.11585339345037937
v -0.5023711025714874 0.2289455682039261 -0.11068100295960903
v -0.7983033955097198 0.2504679262638092 -0.11068100295960903
v -0.7983033955097198 0.2504679262638092 -0.11068100295960903
v -0.5023711025714874 0.2289455682039261 -0.11068100295960903
v -0.7984629571437836 0.24972614645957947 -0.10537429247051477
v -0.5023711025714874 0.2289455682039261 -0.11068100295960903
v -0.5024585425853729 0.2281985580921173 -0.10537429247051477
v -0.7984629571437836 0.24972614645957947 -0.10537429247051477
v -0.7984629571437836 0.24972614645957947 -0.10537429247051477
v -0.5024585425853729 0.2281985580921173 -0.10537429247051477
v -0.7985163629055023 0.24947786331176758 -0.09999999776482582
v -0.5024585425853729 0.2281985580921173 -0.10537429247051477
v -0.5024878084659576 0.22794851660728455 -0.09999999776482582
v -0.7985163629055023 0.24947786331176758 -0.09999999776482582
v -0.7985163629055023 0.24947786331176758 -0.09999999776482582
v -0.5024878084659576 0.22794851660728455 -0.09999999776482582
v -0.7985163629055023 0.24947786331176758 0.10000000521540642
v -0.5024878084659576 0.22794851660728455 -0.09999999776482582
v -0.5024878084659576 0.22794851660728455 0.10000000521540642
v -0.7985163629055023 0.24947786331176758 0.10000000521540642
v -0.7985163629055023 0.24947786331176758 0.10000000521540642
v -0.5024878084659576 0.22794851660728455 0.10000000521540642
v -0.7984629571437836 0.24972614645957947 0.1053743027150631
v -0.5024878084659576 0.22794851660728455 0.10000000521540642
v -0.5024585425853729 0.2281985580921173 0.1053743027150631
v -0.7984629571437836 0.24972614645957947 0.1053743027150631
v -0.7984629571437836 0.24972614645957947 0.1053743027150631
v -0.5024585425853729 0.2281985580921173 0.1053743027150631
v -0.7983033955097198 0.2504679262638092 0.11068100854754448
v -0.5024585425853729 0.2281985580921173 0.1053743027150631
v -0.5023711025714874 0.2289455682039261 0.11068100854754448
v -0.7983033955097198 0.2504679262638092 0.11068100854754448
v -0.7983033955097198 0.2504679262638092 0.11068100854754448
v -0.5023711025714874 0.2289455682039261 0.11068100854754448
v -0.7980397045612335 0.2516937851905823 0.11585339531302452
v -0.5023711025714874 0.2289455682039261 0.11068100854754448
v -0.5022266805171967 0.23018011450767517 0.11585339531302452
v -0.7980397045612335 0.2516937851905823 0.11585339531302452
v -0.7980397045612335 0.2516937851905823 0.11585339531302452
v -0.5022266805171967 0.23018011450767517 0.11585339531302452
v -0.797675222158432 0.2533884048461914 0.12082641944289207
v -0.5022266805171967 0.23018011450767517 0.11585339531302452
v -0.5020270049571991 0.23188671469688416 0.12082641944289207
v -0.797675222158432 0.2533884048461914 0.12082641944289207
v -0.797675222158432 0.2533884048461914 0.12082641944289207
v -0.5020270049571991 0.23188671469688416 0.12082641944289207
v -0.7972144782543182 0.2555304169654846 0.12553754076361656
v -0.5020270049571991 0.23188671469688416 0.12082641944289207
v -0.5017745792865753 0.23404386639595032 0.12553754076361656
v -0.7972144782543182 0.2555304169654846 0.12553754076361656
v -0.7972144782543182 0.2555304169654846 0.12553754076361656
v -0.5017745792865753 0.23404386639595032 0.12553754076361656
v -0.7966632544994354 0.25809288024902344 0.12992751225829124
v -0.5017745792865753 0.23404386639595032 0.12553754076361656
v -0.501472681760788 0.23662447929382324 0.12992751225829124
v -0.7966632544994354 0.25809288024902344 0.12992751225829124
v -0.7966632544994354 0.25809288024902344 0.12992751225829124
v -0.501472681760788 0.23662447929382324 0.12992751225829124
v -0.7960285246372223 0.26104360818862915 0.13394112512469292
v -0.501472681760788 0.23662447929382324 0.12992751225829124
v -0.5011249482631683 0.23959606885910034 0.13394112512469292
v -0.7960285246372223 0.26104360818862915 0.13394112512469292
v -0.7960285246372223 0.26104360818862915 0.13394112512469292
v -0.5011249482631683 0.23959606885910034 0.13394112512469292
v -0.7953182756900787 0.2643454670906067 0.13752790912985802
v -0.5011249482631683 0.23959606885910034 0.13394112512469292
v -0.5007359087467194 0.24292129278182983 0.13752790912985802
v -0.7953182756900787 0.2643454670906067 0.13752790912985802
v -0.7953182756900787 0.2643454670906067 0.13752790912985802
v -0.5007359087467194 0.24292129278182983 0.13752790912985802
v -0.7945414483547211 0.26795694231987 0.14064275845885277
v -0.5007359087467194 0.24292129278182983 0.13752790912985802
v -0.5003103315830231 0.2465583086013794 0.14064275845885277
v -0.7945414483547211 0.26795694231987 0.14064275845885277
v -0.7945414483547211 0.26795694231987 0.14064275845885277
v -0.5003103315830231 0.2465583086013794 0.14064275845885277
v -0.7937077581882477 0.2718326151371002 0.14324651286005974
v -0.5003103315830231 0.2465583086013794 0.14064275845885277
v -0.4998537003993988 0.2504613995552063 0.14324651286005974
v -0.7937077581882477 0.2718326151371002 0.14324651286005974
v -0.7937077581882477 0.2718326151371002 0.14324651286005974
v -0.4998537003993988 0.2504613995552063 0.14324651286005974
v -0.7928277552127838 0.2759237289428711 0.14530640468001366
v -0.4998537003993988 0.2504613995552063 0.14324651286005974
v -0.49937161803245544 0.254581481218338 0.14530640468001366
v -0.7928277552127838 0.2759237289428711 0.14530640468001366
v -0.7928277552127838 0.2759237289428711 0.14530640468001366
v -0.49937161803245544 0.254581481218338 0.14530640468001366
v -0.7919124662876129 0.28017887473106384 0.14679653570055962
v -0.49937161803245544 0.254581481218338 0.14530640468001366
v -0.49887022376060486 0.25886672735214233 0.14679653570055962
v -0.7919124662876129 0.28017887473106384 0.14679653570055962
v -0.7919124662876129 0.28017887473106384 0.14679653570055962
v -0.49887022376060486 0.25886672735214233 0.14679653570055962
v -0.7909733951091766 0.28454452753067017 0.14769819006323814
v -0.49887022376060486 0.25886672735214233 0.14679653570055962
v -0.49835577607154846 0.2632632553577423 0.14769819006323814
v -0.7909733951091766 0.28454452753067017 0.14769819006323814
v -0.7909733951091766 0.28454452753067017 0.14769819006323814
v -0.49835577607154846 0.2632632553577423 0.14769819006323814
v -0.7900223433971405 0.28896576166152954 0.14799999818205833
v -0.49835577607154846 0.2632632553577423 0.14769819006323814
v -0.49783483147621155 0.2677157521247864 0.14799999818205833
v -0.7900223433971405 0.28896576166152954 0.14799999818205833
v -0.49783483147621155 0.2677157521247864 -0.14799999818205833
v -0.31814733147621155 0.2386532723903656 -0.14799999818205833
v -0.49835577607154846 0.2632632553577423 -0.14769818261265755
v -0.31814733147621155 0.2386532723903656 -0.14799999818205833
v -0.3200813829898834 0.23442929983139038 -0.14769818261265755
v -0.49835577607154846 0.2632632553577423 -0.14769818261265755
v -0.49835577607154846 0.2632632553577423 -0.14769818261265755
v -0.3200813829898834 0.23442929983139038 -0.14769818261265755
v -0.49887022376060486 0.25886672735214233 -0.14679653570055962
v -0.3200813829898834 0.23442929983139038 -0.14769818261265755
v -0.32199111580848694 0.23025844991207123 -0.14679653570055962
v -0.49887022376060486 0.25886672735214233 -0.14679653570055962
v -0.49887022376060486 0.25886672735214233 -0.14679653570055962
v -0.32199111580848694 0.23025844991207123 -0.14679653570055962
v -0.49937161803245544 0.254581481218338 -0.14530639722943306
v -0.32199111580848694 0.23025844991207123 -0.14679653570055962
v -0.3238525092601776 0.22619317471981049 -0.14530639722943306
v -0.49937161803245544 0.254581481218338 -0.14530639722943306
v -0.49937161803245544 0.254581481218338 -0.14530639722943306
v -0.3238525092601776 0.22619317471981049 -0.14530639722943306
v -0.4998537003993988 0.2504613995552063 -0.14324650168418884
v -0.3238525092601776 0.22619317471981049 -0.14530639722943306
v -0.3256421685218811 0.22228458523750305 -0.14324650168418884
v -0.4998537003993988 0.2504613995552063 -0.14324650168418884
v -0.4998537003993988 0.2504613995552063 -0.14324650168418884
v -0.3256421685218811 0.22228458523750305 -0.14324650168418884
v -0.5003103315830231 0.2465583086013794 -0.14064275845885277
v -0.3256421685218811 0.22228458523750305 -0.14324650168418884
v -0.3273375630378723 0.21858184039592743 -0.14064275845885277
v -0.5003103315830231 0.2465583086013794 -0.14064275845885277
v -0.5003103315830231 0.2465583086013794 -0.14064275845885277
v -0.3273375630378723 0.21858184039592743 -0.14064275845885277
v -0.5007359087467194 0.24292129278182983 -0.13752790912985802
v -0.3273375630378723 0.21858184039592743 -0.14064275845885277
v -0.32891741394996643 0.21513152122497559 -0.13752790912985802
v -0.5007359087467194 0.24292129278182983 -0.13752790912985802
v -0.5007359087467194 0.24292129278182983 -0.13752790912985802
v -0.32891741394996643 0.21513152122497559 -0.13752790912985802
v -0.5011249482631683 0.23959606885910034 -0.13394112139940262
v -0.32891741394996643 0.21513152122497559 -0.13752790912985802
v -0.3303617835044861 0.21197699010372162 -0.13394112139940262
v -0.5011249482631683 0.23959606885910034 -0.13394112139940262
v -0.5011249482631683 0.23959606885910034 -0.13394112139940262
v -0.3303617835044861 0.21197699010372162 -0.13394112139940262
v -0.501472681760788 0.23662447929382324 -0.12992750853300095
v -0.3303617835044861 0.21197699010372162 -0.13394112139940262
v -0.33165258169174194 0.20915792882442474 -0.12992750853300095
v -0.501472681760788 0.23662447929382324 -0.12992750853300095
v -0.501472681760788 0.23662447929382324 -0.12992750853300095
v -0.33165258169174194 0.20915792882442474 -0.12992750853300095
v -0.5017745792865753 0.23404386639595032 -0.12553753703832626
v -0.33165258169174194 0.20915792882442474 -0.12992750853300095
v -0.33277350664138794 0.20670978724956512 -0.12553753703832626
v -0.5017745792865753 0.23404386639595032 -0.12553753703832626
v -0.5017745792865753 0.23404386639595032 -0.12553753703832626
v -0.33277350664138794 0.20670978724956512 -0.12553753703832626
v -0.5020270049571991 0.23188671469688416 -0.12082641758024693
v -0.33277350664138794 0.20670978724956512 -0.12553753703832626
v -0.33371052145957947 0.20466335117816925 -0.12082641758024693
v -0.5020270049571991 0.23188671469688416 -0.12082641758024693
v -0.5020270049571991 0.23188671469688416 -0.12082641758024693
v -0.33371052145957947 0.20466335117816925 -0.12082641758024693
v -0.5022266805171967 0.23018011450767517 -0.11585339345037937
v -0.33371052145957947 0.20466335117816925 -0.12082641758024693
v -0.334451824426651 0.2030443698167801 -0.11585339345037937
v -0.5022266805171967 0.23018011450767517 -0.11585339345037937
v -0.5022266805171967 0.23018011450767517 -0.11585339345037937
v -0.334451824426651 0.2030443698167801 -0.11585339345037937
v -0.5023711025714874 0.2289455682039261 -0.11068100295960903
v -0.334451824426651 0.2030443698167801 -0.11585339345037937
v -0.3349880874156952 0.20187318325042725 -0.11068100295960903
v -0.5023711025714874 0.2289455682039261 -0.11068100295960903
v -0.5023711025714874 0.2289455682039261 -0.11068100295960903
v -0.3349880874156952 0.20187318325042725 -0.11068100295960903
v -0.5024585425853729 0.2281985580921173 -0.10537429247051477
v -0.3349880874156952 0.20187318325042725 -0.11068100295960903
v -0.3353125751018524 0.20116451382637024 -0.10537429247051477
v -0.5024585425853729 0.2281985580921173 -0.10537429247051477
v -0.5024585425853729 0.2281985580921173 -0.10537429247051477
v -0.3353125751018524 0.20116451382637024 -0.10537429247051477
v -0.5024878084659576 0.22794851660728455 -0.09999999776482582
v -0.3353125751018524 0.20116451382637024 -0.10537429247051477
v -0.3354211747646332 0.20092730224132538 -0.09999999776482582
v -0.5024878084659576 0.22794851660728455 -0.09999999776482582
v -0.5024878084659576 0.22794851660728455 -0.09999999776482582
v -0.3354211747646332 0.20092730224132538 -0.09999999776482582
v -0.5024878084659576 0.22794851660728455 0.10000000521540642
v -0.3354211747646332 0.20092730224132538 -0.09999999776482582
v -0.3354211747646332 0.20092730224132538 0.10000000521540642
v -0.5024878084659576 0.22794851660728455 0.10000000521540642
v -0.5024878084659576 0.22794851660728455 0.10000000521540642
v -0.3354211747646332 0.20092730224132538 0.10000000521540642
v -0.5024585425853729 0.2281985580921173 0.1053743027150631
v -0.3354211747646332 0.20092730224132538 0.10000000521540642
v -0.3353125751018524 0.20116451382637024 0.1053743027150631
v -0.5024585425853729 0.2281985580921173 0.1053743027150631
v -0.5024585425853729 0.2281985580921173 0.1053743027150631
v -0.3353125751018524 0.20116451382637024 0.1053743027150631
v -0.5023711025714874 0.2289455682039261 0.11068100854754448
v -0.3353125751018524 0.20116451382637024 0.1053743027150631
v -0.3349880874156952 0.20187318325042725 0.11068100854754448
v -0.5023711025714874 0.2289455682039261 0.11068100854754448
v -0.5023711025714874 0.2289455682039261 0.11068100854754448
v -0.3349880874156952 0.20187318325042725 0.11068100854754448
v -0.5022266805171967 0.23018011450767517 0.11585339531302452
v -0.3349880874156952 0.20187318325042725 0.11068100854754448
v -0.334451824426651 0.2030443698167801 0.11585339531302452
v -0.5022266805171967 0.23018011450767517 0.11585339531302452
v -0.5022266805171967 0.23018011450767517 0.11585339531302452
v -0.334451824426651 0.2030443698167801 0.11585339531302452
v -0.5020270049571991 0.23188671469688416 0.12082641944289207
v -0.334451824426651 0.2030443698167801 0.11585339531302452
v -0.33371052145957947 0.20466335117816925 0.12082641944289207
v -0.5020270049571991 0.23188671469688416 0.12082641944289207
v -0.5020270049571991 0.23188671469688416 0.12082641944289207
v -0.33371052145957947 0.20466335117816925 0.12082641944289207
v -0.5017745792865753 0.23404386639595032 0.12553754076361656
v -0.33371052145957947 0.20466335117816925 0.12082641944289207
v -0.33277350664138794 0.20670978724956512 0.12553754076361656
v -0.5017745792865753 0.23404386639595032 0.12553754076361656
v -0.5017745792865753 0.23404386639595032 0.12553754076361656
v -0.33277350664138794 0.20670978724956512 0.12553754076361656
v -0.501472681760788 0.23662447929382324 0.12992751225829124
v -0.33277350664138794 0.20670978724956512 0.12553754076361656
v -0.33165258169174194 0.20915792882442474 0.12992751225829124
v -0.501472681760788 0.23662447929382324 0.12992751225829124
v -0.501472681760788 0.23662447929382324 0.12992751225829124
v -0.33165258169174194 0.20915792882442474 0.12992751225829124
v -0.5011249482631683 0.23959606885910034 0.13394112512469292
v -0.33165258169174194 0.20915792882442474 0.12992751225829124
v -0.3303617835044861 0.21197699010372162 0.13394112512469292
v -0.5011249482631683 0.23959606885910034 0.13394112512469292
v -0.5011249482631683 0.23959606885910034 0.13394112512469292
v -0.3303617835044861 0.21197699010372162 0.13394112512469292
v -0.5007359087467194 0.24292129278182983 0.13752790912985802
v -0.3303617835044861 0.21197699010372162 0.13394112512469292
v -0.32891741394996643 0.21513152122497559 0.13752790912985802
v -0.5007359087467194 0.24292129278182983 0.13752790912985802
v -0.5007359087467194 0.24292129278182983 0.13752790912985802
v -0.32891741394996643 0.21513152122497559 0.13752790912985802
v -0.5003103315830231 0.2465583086013794 0.14064275845885277
v -0.32891741394996643 0.21513152122497559 0.13752790912985802
v -0.3273375630378723 0.21858184039592743 0.14064275845885277
v -0.5003103315830231 0.2465583086013794 0.14064275845885277
v -0.5003103315830231 0.2465583086013794 0.14064275845885277
v -0.3273375630378723 0.21858184039592743 0.14064275845885277
v -0.4998537003993988 0.2504613995552063 0.14324651286005974
v -0.3273375630378723 0.21858184039592743 0.14064275845885277
v -0.3256421685218811 0.22228458523750305 0.14324651286005974
v -0.4998537003993988 0.2504613995552063 0.14324651286005974
v -0.4998537003993988 0.2504613995552063 0.14324651286005974
v -0.3256421685218811 0.22228458523750305 0.14324651286005974
v -0.49937161803245544 0.254581481218338 0.14530640468001366
v -0.3256421685218811 0.22228458523750305 0.14324651286005974
v -0.3238525092601776 0.22619317471981049 0.14530640468001366
v -0.49937161803245544 0.254581481218338 0.14530640468001366
v -0.49937161803245544 0.254581481218338 0.14530640468001366
v -0.3238525092601776 0.22619317471981049 0.14530640468001366
v -0.49887022376060486 0.25886672735214233 0.14679653570055962
v -0.3238525092601776 0.22619317471981049 0.14530640468001366
v -0.32199111580848694 0.23025844991207123 0.14679653570055962
v -0.49887022376060486 0.25886672735214233 0.14679653570055962
v -0.49887022376060486 0.25886672735214233 0.14679653570055962
v -0.32199111580848694 0.23025844991207123 0.14679653570055962
v -0.49835577607154846 0.2632632553577423 0.14769819006323814
v -0.32199111580848694 0.23025844991207123 0.14679653570055962
v -0.3200813829898834 0.23442929983139038 0.14769819006323814
v -0.49835577607154846 0.2632632553577423 0.14769819006323814
v -0.49835577607154846 0.2632632553577423 0.14769819006323814
v -0.3200813829898834 0.23442929983139038 0.14769819006323814
v -0.49783483147621155 0.2677157521247864 0.14799999818205833
v -0.3200813829898834 0.23442929983139038 0.14769819006323814
v -0.31814733147621155 0.2386532723903656 0.14799999818205833
v -0.49783483147621155 0.2677157521247864 0.14799999818205833
v -0.31814733147621155 0.2386532723903656 -0.14799999818205833
v -0.27236607670783997 0.20021575689315796 -0.14799999818205833
v -0.3200813829898834 0.23442929983139038 -0.14769818261265755
v -0.27236607670783997 0.20021575689315796 -0.14799999818205833
v -0.27721700072288513 0.1984407752752304 -0.14769818261265755
v -0.3200813829898834 0.23442929983139038 -0.14769818261265755
v -0.3200813829898834 0.23442929983139038 -0.14769818261265755
v -0.27721700072288513 0.1984407752752304 -0.14769818261265755
v -0.32199111580848694 0.23025844991207123 -0.14679653570055962
v -0.27721700072288513 0.1984407752752304 -0.14769818261265755
v -0.2820069193840027 0.19668810069561005 -0.14679653570055962
v -0.32199111580848694 0.23025844991207123 -0.14679653570055962
v -0.32199111580848694 0.23025844991207123 -0.14679653570055962
v -0.2820069193840027 0.19668810069561005 -0.14679653570055962
v -0.3238525092601776 0.22619317471981049 -0.14530639722943306
v -0.2820069193840027 0.19668810069561005 -0.14679653570055962
v -0.2866756319999695 0.19497980177402496 -0.14530639722943306
v -0.3238525092601776 0.22619317471981049 -0.14530639722943306
v -0.3238525092601776 0.22619317471981049 -0.14530639722943306
v -0.2866756319999695 0.19497980177402496 -0.14530639722943306
v -0.3256421685218811 0.22228458523750305 -0.14324650168418884
v -0.2866756319999695 0.19497980177402496 -0.14530639722943306
v -0.2911643385887146 0.1933373361825943 -0.14324650168418884
v -0.3256421685218811 0.22228458523750305 -0.14324650168418884
v -0.3256421685218811 0.22228458523750305 -0.14324650168418884
v -0.2911643385887146 0.1933373361825943 -0.14324650168418884
v -0.3273375630378723 0.21858184039592743 -0.14064275845885277
v -0.2911643385887146 0.1933373361825943 -0.14324650168418884
v -0.2954166829586029 0.19178137183189392 -0.14064275845885277
v -0.3273375630378723 0.21858184039592743 -0.14064275845885277
v -0.3273375630378723 0.21858184039592743 -0.14064275845885277
v -0.2954166829586029 0.19178137183189392 -0.14064275845885277
v -0.32891741394996643 0.21513152122497559 -0.13752790912985802
v -0.2954166829586029 0.19178137183189392 -0.14064275845885277
v -0.2993791401386261 0.19033147394657135 -0.13752790912985802
v -0.32891741394996643 0.21513152122497559 -0.13752790912985802
v -0.32891741394996643 0.21513152122497559 -0.13752790912985802
v -0.2993791401386261 0.19033147394657135 -0.13752790912985802
v -0.3303617835044861 0.21197699010372162 -0.13394112139940262
v -0.2993791401386261 0.19033147394657135 -0.13752790912985802
v -0.30300191044807434 0.18900588154792786 -0.13394112139940262
v -0.3303617835044861 0.21197699010372162 -0.13394112139940262
v -0.3303617835044861 0.21197699010372162 -0.13394112139940262
v -0.30300191044807434 0.18900588154792786 -0.13394112139940262
v -0.33165258169174194 0.20915792882442474 -0.12992750853300095
v -0.30300191044807434 0.18900588154792786 -0.13394112139940262
v -0.30623939633369446 0.18782125413417816 -0.12992750853300095
v -0.33165258169174194 0.20915792882442474 -0.12992750853300095
v -0.33165258169174194 0.20915792882442474 -0.12992750853300095
v -0.30623939633369446 0.18782125413417816 -0.12992750853300095
v -0.33277350664138794 0.20670978724956512 -0.12553753703832626
v -0.30623939633369446 0.18782125413417816 -0.12992750853300095
v -0.30905091762542725 0.1867925077676773 -0.12553753703832626
v -0.33277350664138794 0.20670978724956512 -0.12553753703832626
v -0.33277350664138794 0.20670978724956512 -0.12553753703832626
v -0.30905091762542725 0.1867925077676773 -0.12553753703832626
v -0.33371052145957947 0.20466335117816925 -0.12082641758024693
v -0.30905091762542725 0.1867925077676773 -0.12553753703832626
v -0.3114010989665985 0.18593256175518036 -0.12082641758024693
v -0.33371052145957947 0.20466335117816925 -0.12082641758024693
v -0.33371052145957947 0.20466335117816925 -0.12082641758024693
v -0.3114010989665985 0.18593256175518036 -0.12082641758024693
v -0.334451824426651 0.2030443698167801 -0.11585339345037937
v -0.3114010989665985 0.18593256175518036 -0.12082641758024693
v -0.31326037645339966 0.18525221943855286 -0.11585339345037937
v -0.334451824426651 0.2030443698167801 -0.11585339345037937
v -0.334451824426651 0.2030443698167801 -0.11585339345037937
v -0.31326037645339966 0.18525221943855286 -0.11585339345037937
v -0.3349880874156952 0.20187318325042725 -0.11068100295960903
v -0.31326037645339966 0.18525221943855286 -0.11585339345037937
v -0.3146054148674011 0.18476006388664246 -0.11068100295960903
v -0.3349880874156952 0.20187318325042725 -0.11068100295960903
v -0.3349880874156952 0.20187318325042725 -0.11068100295960903
v -0.3146054148674011 0.18476006388664246 -0.11068100295960903
v -0.3353125751018524 0.20116451382637024 -0.10537429247051477
v -0.3146054148674011 0.18476006388664246 -0.11068100295960903
v -0.3154192566871643 0.1844622790813446 -0.10537429247051477
v -0.3353125751018524 0.20116451382637024 -0.10537429247051477
v -0.3353125751018524 0.20116451382637024 -0.10537429247051477
v -0.3154192566871643 0.1844622790813446 -0.10537429247051477
v -0.3354211747646332 0.20092730224132538 -0.09999999776482582
v -0.3154192566871643 0.1844622790813446 -0.10537429247051477
v -0.31569167971611023 0.18436260521411896 -0.09999999776482582
v -0.3354211747646332 0.20092730224132538 -0.09999999776482582
v -0.3354211747646332 0.20092730224132538 -0.09999999776482582
v -0.31569167971611023 0.18436260521411896 -0.09999999776482582
v -0.3354211747646332 0.20092730224132538 0.10000000521540642
v -0.31569167971611023 0.18436260521411896 -0.09999999776482582
v -0.31569167971611023 0.18436260521411896 0.10000000521540642
v -0.3354211747646332 0.20092730224132538 0.10000000521540642
v -0.3354211747646332 0.20092730224132538 0.10000000521540642
v -0.31569167971611023 0.18436260521411896 0.10000000521540642
v -0.3353125751018524 0.20116451382637024 0.1053743027150631
v -0.31569167971611023 0.18436260521411896 0.10000000521540642
v -0.3154192566871643 0.1844622790813446 0.1053743027150631
v -0.3353125751018524 0.20116451382637024 0.1053743027150631
v -0.3353125751018524 0.20116451382637024 0.1053743027150631
v -0.3154192566871643 0.1844622790813446 0.1053743027150631
v -0.3349880874156952 0.20187318325042725 0.11068100854754448
v -0.3154192566871643 0.1844622790813446 0.1053743027150631
v -0.3146054148674011 0.18476006388664246 0.11068100854754448
v -0.3349880874156952 0.20187318325042725 0.11068100854754448
v -0.3349880874156952 0.20187318325042725 0.11068100854754448
v -0.3146054148674011 0.18476006388664246 0.11068100854754448
v -0.334451824426651 0.2030443698167801 0.11585339531302452
v -0.3146054148674011 0.18476006388664246 0.11068100854754448
v -0.31326037645339966 0.18525221943855286 0.11585339531302452
v -0.334451824426651 0.2030443698167801 0.11585339531302452
v -0.334451824426651 0.2030443698167801 0.11585339531302452
v -0.31326037645339966 0.18525221943855286 0.11585339531302452
v -0.33371052145957947 0.20466335117816925 0.12082641944289207
v -0.31326037645339966 0.18525221943855286 0.11585339531302452
v -0.3114010989665985 0.18593256175518036 0.12082641944289207
v -0.33371052145957947 0.20466335117816925 0.12082641944289207
v -0.33371052145957947 0.20466335117816925 0.12082641944289207
v -0.3114010989665985 0.18593256175518036 0.12082641944289207
v -0.33277350664138794 0.20670978724956512 0.12553754076361656
v -0.3114010989665985 0.18593256175518036 0.12082641944289207
v -0.30905091762542725 0.1867925077676773 0.12553754076361656
v -0.33277350664138794 0.20670978724956512 0.12553754076361656
v -0.33277350664138794 0.20670978724956512 0.12553754076361656
v -0.30905091762542725 0.1867925077676773 0.12553754076361656
v -0.33165258169174194 0.20915792882442474 0.12992751225829124
v -0.30905091762542725 0.1867925077676773 0.12553754076361656
v -0.30623939633369446 0.18782125413417816 0.12992751225829124
v -0.33165258169174194 0.20915792882442474 0.12992751225829124
v -0.33165258169174194 0.20915792882442474 0.12992751225829124
v -0.30623939633369446 0.18782125413417816 0.12992751225829124
v -0.3303617835044861 0.21197699010372162 0.13394112512469292
v -0.30623939633369446 0.18782125413417816 0.12992751225829124
v -0.30300191044807434 0.18900588154792786 0.13394112512469292
v -0.3303617835044861 0.21197699010372162 0.13394112512469292
v -0.3303617835044861 0.21197699010372162 0.13394112512469292
v -0.30300191044807434 0.18900588154792786 0.13394112512469292
v -0.32891741394996643 0.21513152122497559 0.13752790912985802
v -0.30300191044807434 0.18900588154792786 0.13394112512469292
v -0.2993791401386261 0.19033147394657135 0.13752790912985802
v -0.32891741394996643 0.21513152122497559 0.13752790912985802
v -0.32891741394996643 0.21513152122497559 0.13752790912985802
v -0.2993791401386261 0.19033147394657135 0.13752790912985802
v -0.3273375630378723 0.21858184039592743 0.14064275845885277
v -0.2993791401386261 0.19033147394657135 0.13752790912985802
v -0.2954166829586029 0.19178137183189392 0.14064275845885277
v -0.3273375630378723 0.21858184039592743 0.14064275845885277
v -0.3273375630378723 0.21858184039592743 0.14064275845885277
v -0.2954166829586029 0.19178137183189392 0.14064275845885277
v -0.3256421685218811 0.22228458523750305 0.14324651286005974
v -0.2954166829586029 0.19178137183189392 0.14064275845885277
v -0.2911643385887146 0.1933373361825943 0.14324651286005974
v -0.3256421685218811 0.22228458523750305 0.14324651286005974
v -0.3256421685218811 0.22228458523750305 0.14324651286005974
v -0.2911643385887146 0.1933373361825943 0.14324651286005974
v -0.3238525092601776 0.22619317471981049 0.14530640468001366
v -0.2911643385887146 0.1933373361825943 0.14324651286005974
v -0.2866756319999695 0.19497980177402496 0.14530640468001366
v -0.3238525092601776 0.22619317471981049 0.14530640468001366
v -0.3238525092601776 0.22619317471981049 0.14530640468001366
v -0.2866756319999695 0.19497980177402496 0.14530640468001366
v -0.32199111580848694 0.23025844991207123 0.14679653570055962
v -0.2866756319999695 0.19497980177402496 0.14530640468001366
v -0.2820069193840027 0.19668810069561005 0.14679653570055962
v -0.32199111580848694 0.23025844991207123 0.14679653570055962
v -0.32199111580848694 0.23025844991207123 0.14679653570055962
v -0.2820069193840027 0.19668810069561005 0.14679653570055962
v -0.3200813829898834 0.23442929983139038 0.14769819006323814
v -0.2820069193840027 0.19668810069561005 0.14679653570055962
v -0.27721700072288513 0.1984407752752304 0.14769819006323814
v -0.3200813829898834 0.23442929983139038 0.14769819006323814
v -0.3200813829898834 0.23442929983139038 0.14769819006323814
v -0.27721700072288513 0.1984407752752304 0.14769819006323814
v -0.31814733147621155 0.2386532723903656 0.14799999818205833
v -0.27721700072288513 0.1984407752752304 0.14769819006323814
v -0.27236607670783997 0.20021575689315796 0.14799999818205833
v -0.31814733147621155 0.2386532723903656 0.14799999818205833
v -0.27236607670783997 0.20021575689315796 -0.14799999818205833
v -0.2823660969734192 0.1422470211982727 -0.14799999818205833
v -0.27721700072288513 0.1984407752752304 -0.14769818261265755
v -0.2823660969734192 0.1422470211982727 -0.14799999818205833
v -0.2866343855857849 0.14384934306144714 -0.14769818261265755
v -0.27721700072288513 0.1984407752752304 -0.14769818261265755
v -0.27721700072288513 0.1984407752752304 -0.14769818261265755
v -0.2866343855857849 0.14384934306144714 -0.14769818261265755
v -0.2820069193840027 0.19668810069561005 -0.14679653570055962
v -0.2866343855857849 0.14384934306144714 -0.14769818261265755
v -0.2908490300178528 0.1454315185546875 -0.14679653570055962
v -0.2820069193840027 0.19668810069561005 -0.14679653570055962
v -0.2820069193840027 0.19668810069561005 -0.14679653570055962
v -0.2908490300178528 0.1454315185546875 -0.14679653570055962
v -0.2866756319999695 0.19497980177402496 -0.14530639722943306
v -0.2908490300178528 0.1454315185546875 -0.14679653570055962
v -0.2949570119380951 0.1469736397266388 -0.14530639722943306
v -0.2866756319999695 0.19497980177402496 -0.14530639722943306
v -0.2866756319999695 0.19497980177402496 -0.14530639722943306
v -0.2949570119380951 0.1469736397266388 -0.14530639722943306
v -0.2911643385887146 0.1933373361825943 -0.14324650168418884
v -0.2949570119380951 0.1469736397266388 -0.14530639722943306
v -0.2989066243171692 0.14845633506774902 -0.14324650168418884
v -0.2911643385887146 0.1933373361825943 -0.14324650168418884
v -0.2911643385887146 0.1933373361825943 -0.14324650168418884
v -0.2989066243171692 0.14845633506774902 -0.14324650168418884
v -0.2954166829586029 0.19178137183189392 -0.14064275845885277
v -0.2989066243171692 0.14845633506774902 -0.14324650168418884
v -0.30264824628829956 0.1498609334230423 -0.14064275845885277
v -0.2954166829586029 0.19178137183189392 -0.14064275845885277
v -0.2954166829586029 0.19178137183189392 -0.14064275845885277
v -0.30264824628829956 0.1498609334230423 -0.14064275845885277
v -0.2993791401386261 0.19033147394657135 -0.13752790912985802
v -0.30264824628829956 0.1498609334230423 -0.14064275845885277
v -0.30613479018211365 0.1511697918176651 -0.13752790912985802
v -0.2993791401386261 0.19033147394657135 -0.13752790912985802
v -0.2993791401386261 0.19033147394657135 -0.13752790912985802
v -0.30613479018211365 0.1511697918176651 -0.13752790912985802
v -0.30300191044807434 0.18900588154792786 -0.13394112139940262
v -0.30613479018211365 0.1511697918176651 -0.13752790912985802
v -0.30932244658470154 0.15236642956733704 -0.13394112139940262
v -0.30300191044807434 0.18900588154792786 -0.13394112139940262
v -0.30300191044807434 0.18900588154792786 -0.13394112139940262
v -0.30932244658470154 0.15236642956733704 -0.13394112139940262
v -0.30623939633369446 0.18782125413417816 -0.12992750853300095
v -0.30932244658470154 0.15236642956733704 -0.13394112139940262
v -0.3121711015701294 0.1534358263015747 -0.12992750853300095
v -0.30623939633369446 0.18782125413417816 -0.12992750853300095
v -0.30623939633369446 0.18782125413417816 -0.12992750853300095
v -0.3121711015701294 0.1534358263015747 -0.12992750853300095
v -0.30905091762542725 0.1867925077676773 -0.12553753703832626
v -0.3121711015701294 0.1534358263015747 -0.12992750853300095
v -0.3146449625492096 0.15436449646949768 -0.12553753703832626
v -0.30905091762542725 0.1867925077676773 -0.12553753703832626
v -0.30905091762542725 0.1867925077676773 -0.12553753703832626
v -0.3146449625492096 0.15436449646949768 -0.12553753703832626
v -0.3114010989665985 0.18593256175518036 -0.12082641758024693
v -0.3146449625492096 0.15436449646949768 -0.12553753703832626
v -0.316712886095047 0.15514080226421356 -0.12082641758024693
v -0.3114010989665985 0.18593256175518036 -0.12082641758024693
v -0.3114010989665985 0.18593256175518036 -0.12082641758024693
v -0.316712886095047 0.15514080226421356 -0.12082641758024693
v -0.31326037645339966 0.18525221943855286 -0.11585339345037937
v -0.316712886095047 0.15514080226421356 -0.12082641758024693
v -0.31834885478019714 0.155754953622818 -0.11585339345037937
v -0.31326037645339966 0.18525221943855286 -0.11585339345037937
v -0.31326037645339966 0.18525221943855286 -0.11585339345037937
v -0.31834885478019714 0.155754953622818 -0.11585339345037937
v -0.3146054148674011 0.18476006388664246 -0.11068100295960903
v -0.31834885478019714 0.155754953622818 -0.11585339345037937
v -0.3195323348045349 0.15619923174381256 -0.11068100295960903
v -0.3146054148674011 0.18476006388664246 -0.11068100295960903
v -0.3146054148674011 0.18476006388664246 -0.11068100295960903
v -0.3195323348045349 0.15619923174381256 -0.11068100295960903
v -0.3154192566871643 0.1844622790813446 -0.10537429247051477
v -0.3195323348045349 0.15619923174381256 -0.11068100295960903
v -0.32024845480918884 0.15646804869174957 -0.10537429247051477
v -0.3154192566871643 0.1844622790813446 -0.10537429247051477
v -0.3154192566871643 0.1844622790813446 -0.10537429247051477
v -0.32024845480918884 0.15646804869174957 -0.10537429247051477
v -0.31569167971611023 0.18436260521411896 -0.09999999776482582
v -0.32024845480918884 0.15646804869174957 -0.10537429247051477
v -0.3204881548881531 0.15655803680419922 -0.09999999776482582
v -0.31569167971611023 0.18436260521411896 -0.09999999776482582
v -0.31569167971611023 0.18436260521411896 -0.09999999776482582
v -0.3204881548881531 0.15655803680419922 -0.09999999776482582
v -0.31569167971611023 0.18436260521411896 0.10000000521540642
v -0.3204881548881531 0.15655803680419922 -0.09999999776482582
v -0.3204881548881531 0.15655803680419922 0.10000000521540642
v -0.31569167971611023 0.18436260521411896 0.10000000521540642
v -0.31569167971611023 0.18436260521411896 0.10000000521540642
v -0.3204881548881531 0.15655803680419922 0.10000000521540642
v -0.3154192566871643 0.1844622790813446 0.1053743027150631
v -0.3204881548881531 0.15655803680419922 0.10000000521540642
v -0.32024845480918884 0.15646804869174957 0.1053743027150631
v -0.3154192566871643 0.1844622790813446 0.1053743027150631
v -0.3154192566871643 0.1844622790813446 0.1053743027150631
v -0.32024845480918884 0.15646804869174957 0.1053743027150631
v -0.3146054148674011 0.18476006388664246 0.11068100854754448
v -0.32024845480918884 0.15646804869174957 0.1053743027150631
v -0.3195323348045349 0.15619923174381256 0.11068100854754448
v -0.3146054148674011 0.18476006388664246 0.11068100854754448
v -0.3146054148674011 0.18476006388664246 0.11068100854754448
v -0.3195323348045349 0.15619923174381256 0.11068100854754448
v -0.31326037645339966 0.18525221943855286 0.11585339531302452
v -0.3195323348045349 0.15619923174381256 0.11068100854754448
v -0.31834885478019714 0.155754953622818 0.11585339531302452
v -0.31326037645339966 0.18525221943855286 0.11585339531302452
v -0.31326037645339966 0.18525221943855286 0.11585339531302452
v -0.31834885478019714 0.155754953622818 0.11585339531302452
v -0.3114010989665985 0.18593256175518036 0.12082641944289207
v -0.31834885478019714 0.155754953622818 0.11585339531302452
v -0.316712886095047 0.15514080226421356 0.12082641944289207
v -0.3114010989665985 0.18593256175518036 0.12082641944289207
v -0.3114010989665985 0.18593256175518036 0.12082641944289207
v -0.316712886095047 0.15514080226421356 0.12082641944289207
v -0.30905091762542725 0.1867925077676773 0.12553754076361656
v -0.316712886095047 0.15514080226421356 0.12082641944289207
v -0.3146449625492096 0.15436449646949768 0.12553754076361656
v -0.30905091762542725 0.1867925077676773 0.12553754076361656
v -0.30905091762542725 0.1867925077676773 0.12553754076361656
v -0.3146449625492096 0.15436449646949768 0.12553754076361656
v -0.30623939633369446 0.18782125413417816 0.12992751225829124
v -0.3146449625492096 0.15436449646949768 0.12553754076361656
v -0.3121711015701294 0.1534358263015747 0.12992751225829124
v -0.30623939633369446 0.18782125413417816 0.12992751225829124
v -0.30623939633369446 0.18782125413417816 0.12992751225829124
v -0.3121711015701294 0.1534358263015747 0.12992751225829124
v -0.30300191044807434 0.18900588154792786 0.13394112512469292
v -0.3121711015701294 0.1534358263015747 0.12992751225829124
v -0.30932244658470154 0.15236642956733704 0.13394112512469292
v -0.30300191044807434 0.18900588154792786 0.13394112512469292
v -0.30300191044807434 0.18900588154792786 0.13394112512469292
v -0.30932244658470154 0.15236642956733704 0.13394112512469292
v -0.2993791401386261 0.19033147394657135 0.13752790912985802
v -0.30932244658470154 0.15236642956733704 0.13394112512469292
v -0.30613479018211365 0.1511697918176651 0.13752790912985802
v -0.2993791401386261 0.19033147394657135 0.13752790912985802
v -0.2993791401386261 0.19033147394657135 0.13752790912985802
v -0.30613479018211365 0.1511697918176651 0.13752790912985802
v -0.2954166829586029 0.19178137183189392 0.14064275845885277
v -0.30613479018211365 0.1511697918176651 0.13752790912985802
v -0.30264824628829956 0.1498609334230423 0.14064275845885277
v -0.2954166829586029 0.19178137183189392 0.14064275845885277
v -0.2954166829586029 0.19178137183189392 0.14064275845885277
v -0.30264824628829956 0.1498609334230423 0.14064275845885277
v -0.2911643385887146 0.1933373361825943 0.14324651286005974
v -0.30264824628829956 0.1498609334230423 0.14064275845885277
v -0.2989066243171692 0.14845633506774902 0.14324651286005974
v -0.2911643385887146 0.1933373361825943 0.14324651286005974
v -0.2911643385887146 0.1933373361825943 0.14324651286005974
v -0.2989066243171692 0.14845633506774902 0.14324651286005974
v -0.2866756319999695 0.19497980177402496 0.14530640468001366
v -0.2989066243171692 0.14845633506774902 0.14324651286005974
v -0.2949570119380951 0.1469736397266388 0.14530640468001366
v -0.2866756319999695 0.19497980177402496 0.14530640468001366
v -0.2866756319999695 0.19497980177402496 0.14530640468001366
v -0.2949570119380951 0.1469736397266388 0.14530640468001366
v -0.2820069193840027 0.19668810069561005 0.14679653570055962
v -0.2949570119380951 0.1469736397266388 0.14530640468001366
v -0.2908490300178528 0.1454315185546875 0.14679653570055962
v -0.2820069193840027 0.19668810069561005 0.14679653570055962
v -0.2820069193840027 0.19668810069561005 0.14679653570055962
v -0.2908490300178528 0.1454315185546875 0.14679653570055962
v -0.27721700072288513 0.1984407752752304 0.14769819006323814
v -0.2908490300178528 0.1454315185546875 0.14679653570055962
v -0.2866343855857849 0.14384934306144714 0.14769819006323814
v -0.27721700072288513 0.1984407752752304 0.14769819006323814
v -0.27721700072288513 0.1984407752752304 0.14769819006323814
v -0.2866343855857849 0.14384934306144714 0.14769819006323814
v -0.27236607670783997 0.20021575689315796 0.14799999818205833
v -0.2866343855857849 0.14384934306144714 0.14769819006323814
v -0.2823660969734192 0.1422470211982727 0.14799999818205833
v -0.27236607670783997 0.20021575689315796 0.14799999818205833
v -0.2823660969734192 0.1422470211982727 -0.14799999818205833
v -0.3640848398208618 0.008184514939785004 -0.14799999818205833
v -0.2866343855857849 0.14384934306144714 -0.14769818261265755
v -0.3640848398208618 0.008184514939785004 -0.14799999818205833
v -0.3678567111492157 0.010601263493299484 -0.14769818261265755
v -0.2866343855857849 0.14384934306144714 -0.14769818261265755
v -0.2866343855857849 0.14384934306144714 -0.14769818261265755
v -0.3678567111492157 0.010601263493299484 -0.14769818261265755
v -0.2908490300178528 0.1454315185546875 -0.14679653570055962
v -0.3678567111492157 0.010601263493299484 -0.14769818261265755
v -0.37158116698265076 0.012987621128559113 -0.14679653570055962
v -0.2908490300178528 0.1454315185546875 -0.14679653570055962
v -0.2908490300178528 0.1454315185546875 -0.14679653570055962
v -0.37158116698265076 0.012987621128559113 -0.14679653570055962
v -0.2949570119380951 0.1469736397266388 -0.14530639722943306
v -0.37158116698265076 0.012987621128559113 -0.14679653570055962
v -0.37521132826805115 0.01531357504427433 -0.14530639722943306
v -0.2949570119380951 0.1469736397266388 -0.14530639722943306
v -0.2949570119380951 0.1469736397266388 -0.14530639722943306
v -0.37521132826805115 0.01531357504427433 -0.14530639722943306
v -0.2989066243171692 0.14845633506774902 -0.14324650168418884
v -0.37521132826805115 0.01531357504427433 -0.14530639722943306
v -0.3787015974521637 0.017549879848957062 -0.14324650168418884
v -0.2989066243171692 0.14845633506774902 -0.14324650168418884
v -0.2989066243171692 0.14845633506774902 -0.14324650168418884
v -0.3787015974521637 0.017549879848957062 -0.14324650168418884
v -0.30264824628829956 0.1498609334230423 -0.14064275845885277
v -0.3787015974521637 0.017549879848957062 -0.14324650168418884
v -0.38200801610946655 0.01966840773820877 -0.14064275845885277
v -0.30264824628829956 0.1498609334230423 -0.14064275845885277
v -0.30264824628829956 0.1498609334230423 -0.14064275845885277
v -0.38200801610946655 0.01966840773820877 -0.14064275845885277
v -0.30613479018211365 0.1511697918176651 -0.13752790912985802
v -0.38200801610946655 0.01966840773820877 -0.14064275845885277
v -0.38508906960487366 0.021642517298460007 -0.13752790912985802
v -0.30613479018211365 0.1511697918176651 -0.13752790912985802
v -0.30613479018211365 0.1511697918176651 -0.13752790912985802
v -0.38508906960487366 0.021642517298460007 -0.13752790912985802
v -0.30932244658470154 0.15236642956733704 -0.13394112139940262
v -0.38508906960487366 0.021642517298460007 -0.13752790912985802
v -0.3879059851169586 0.023447386920452118 -0.13394112139940262
v -0.30932244658470154 0.15236642956733704 -0.13394112139940262
v -0.30932244658470154 0.15236642956733704 -0.13394112139940262
v -0.3879059851169586 0.023447386920452118 -0.13394112139940262
v -0.3121711015701294 0.1534358263015747 -0.12992750853300095
v -0.3879059851169586 0.023447386920452118 -0.13394112139940262
v -0.3904232978820801 0.025060318410396576 -0.12992750853300095
v -0.3121711015701294 0.1534358263015747 -0.12992750853300095
v -0.3121711015701294 0.1534358263015747 -0.12992750853300095
v -0.3904232978820801 0.025060318410396576 -0.12992750853300095
v -0.3146449625492096 0.15436449646949768 -0.12553753703832626
v -0.3904232978820801 0.025060318410396576 -0.12992750853300095
v -0.3926094174385071 0.026461023837327957 -0.12553753703832626
v -0.3146449625492096 0.15436449646949768 -0.12553753703832626
v -0.3146449625492096 0.15436449646949768 -0.12553753703832626
v -0.3926094174385071 0.026461023837327957 -0.12553753703832626
v -0.316712886095047 0.15514080226421356 -0.12082641758024693
v -0.3926094174385071 0.026461023837327957 -0.12553753703832626
v -0.3944368362426758 0.027631893754005432 -0.12082641758024693
v -0.316712886095047 0.15514080226421356 -0.12082641758024693
v -0.316712886095047 0.15514080226421356 -0.12082641758024693
v -0.3944368362426758 0.027631893754005432 -0.12082641758024693
v -0.31834885478019714 0.155754953622818 -0.11585339345037937
v -0.3944368362426758 0.027631893754005432 -0.12082641758024693
v -0.3958825469017029 0.02855820208787918 -0.11585339345037937
v -0.31834885478019714 0.155754953622818 -0.11585339345037937
v -0.31834885478019714 0.155754953622818 -0.11585339345037937
v -0.3958825469017029 0.02855820208787918 -0.11585339345037937
v -0.3195323348045349 0.15619923174381256 -0.11068100295960903
v -0.3958825469017029 0.02855820208787918 -0.11585339345037937
v -0.3969283699989319 0.029228299856185913 -0.11068100295960903
v -0.3195323348045349 0.15619923174381256 -0.11068100295960903
v -0.3195323348045349 0.15619923174381256 -0.11068100295960903
v -0.3969283699989319 0.029228299856185913 -0.11068100295960903
v -0.32024845480918884 0.15646804869174957 -0.10537429247051477
v -0.3969283699989319 0.029228299856185913 -0.11068100295960903
v -0.3975611925125122 0.02963375672698021 -0.10537429247051477
v -0.32024845480918884 0.15646804869174957 -0.10537429247051477
v -0.32024845480918884 0.15646804869174957 -0.10537429247051477
v -0.3975611925125122 0.02963375672698021 -0.10537429247051477
v -0.3204881548881531 0.15655803680419922 -0.09999999776482582
v -0.3975611925125122 0.02963375672698021 -0.10537429247051477
v -0.39777299761772156 0.029769476503133774 -0.09999999776482582
v -0.3204881548881531 0.15655803680419922 -0.09999999776482582
v -0.3204881548881531 0.15655803680419922 -0.09999999776482582
v -0.39777299761772156 0.029769476503133774 -0.09999999776482582
v -0.3204881548881531 0.15655803680419922 0.10000000521540642
v -0.39777299761772156 0.029769476503133774 -0.09999999776482582
v -0.39777299761772156 0.029769476503133774 0.10000000521540642
v -0.3204881548881531 0.15655803680419922 0.10000000521540642
v -0.3204881548881531 0.15655803680419922 0.10000000521540642
v -0.39777299761772156 0.029769476503133774 0.10000000521540642
v -0.32024845480918884 0.15646804869174957 0.1053743027150631
v -0.39777299761772156 0.029769476503133774 0.10000000521540642
v -0.3975611925125122 0.02963375672698021 0.1053743027150631
v -0.32024845480918884 0.15646804869174957 0.1053743027150631
v -0.32024845480918884 0.15646804869174957 0.1053743027150631
v -0.3975611925125122 0.02963375672698021 0.1053743027150631
v -0.3195323348045349 0.15619923174381256 0.11068100854754448
v -0.3975611925125122 0.02963375672698021 0.1053743027150631
v -0.3969283699989319 0.029228299856185913 0.11068100854754448
v -0.3195323348045349 0.15619923174381256 0.11068100854754448
v -0.3195323348045349 0.15619923174381256 0.11068100854754448
v -0.3969283699989319 0.029228299856185913 0.11068100854754448
v -0.31834885478019714 0.155754953622818 0.11585339531302452
v -0.3969283699989319 0.029228299856185913 0.11068100854754448
v -0.3958825469017029 0.02855820208787918 0.11585339531302452
v -0.31834885478019714 0.155754953622818 0.11585339531302452
v -0.31834885478019714 0.155754953622818 0.11585339531302452
v -0.3958825469017029 0.02855820208787918 0.11585339531302452
v -0.316712886095047 0.15514080226421356 0.12082641944289207
v -0.3958825469017029 0.02855820208787918 0.11585339531302452
v -0.3944368362426758 0.027631893754005432 0.12082641944289207
v -0.316712886095047 0.15514080226421356 0.12082641944289207
v -0.316712886095047 0.15514080226421356 0.12082641944289207
v -0.3944368362426758 0.027631893754005432 0.12082641944289207
v -0.3146449625492096 0.15436449646949768 0.12553754076361656
v -0.3944368362426758 0.027631893754005432 0.12082641944289207
v -0.3926094174385071 0.026461023837327957 0.12553754076361656
v -0.3146449625492096 0.15436449646949768 0.12553754076361656
v -0.3146449625492096 0.15436449646949768 0.12553754076361656
v -0.3926094174385071 0.026461023837327957 0.12553754076361656
v -0.3121711015701294 0.1534358263015747 0.12992751225829124
v -0.3926094174385071 0.026461023837327957 0.12553754076361656
v -0.3904232978820801 0.025060318410396576 0.12992751225829124
v -0.3121711015701294 0.1534358263015747 0.12992751225829124
v -0.3121711015701294 0.1534358263015747 0.12992751225829124
v -0.3904232978820801 0.025060318410396576 0.12992751225829124
v -0.30932244658470154 0.15236642956733704 0.13394112512469292
v -0.3904232978820801 0.025060318410396576 0.12992751225829124
v -0.3879059851169586 0.023447386920452118 0.13394112512469292
v -0.30932244658470154 0.15236642956733704 0.13394112512469292
v -0.30932244658470154 0.15236642956733704 0.13394112512469292
v -0.3879059851169586 0.023447386920452118 0.13394112512469292
v -0.30613479018211365 0.1511697918176651 0.13752790912985802
v -0.3879059851169586 0.023447386920452118 0.13394112512469292
v -0.38508906960487366 0.021642517298460007 0.13752790912985802
v -0.30613479018211365 0.1511697918176651 0.13752790912985802
v -0.30613479018211365 0.1511697918176651 0.13752790912985802
v -0.38508906960487366 0.021642517298460007 0.13752790912985802
v -0.30264824628829956 0.1498609334230423 0.14064275845885277
v -0.38508906960487366 0.021642517298460007 0.13752790912985802
v -0.38200801610946655 0.01966840773820877 0.14064275845885277
v -0.30264824628829956 0.1498609334230423 0.14064275845885277
v -0.30264824628829956 0.1498609334230423 0.14064275845885277
v -0.38200801610946655 0.01966840773820877 0.14064275845885277
v -0.2989066243171692 0.14845633506774902 0.14324651286005974
v -0.38200801610946655 0.01966840773820877 0.14064275845885277
v -0.3787015974521637 0.017549879848957062 0.14324651286005974
v -0.2989066243171692 0.14845633506774902 0.14324651286005974
v -0.2989066243171692 0.14845633506774902 0.14324651286005974
v -0.3787015974521637 0.017549879848957062 0.14324651286005974
v -0.2949570119380951 0.1469736397266388 0.14530640468001366
v -0.3787015974521637 0.017549879848957062 0.14324651286005974
v -0.37521132826805115 0.01531357504427433 0.14530640468001366
v -0.2949570119380951 0.1469736397266388 0.14530640468001366
v -0.2949570119380951 0.1469736397266388 0.14530640468001366
v -0.37521132826805115 0.01531357504427433 0.14530640468001366
v -0.2908490300178528 0.1454315185546875 0.14679653570055962
v -0.37521132826805115 0.01531357504427433 0.14530640468001366
v -0.37158116698265076 0.012987621128559113 0.14679653570055962
v -0.2908490300178528 0.1454315185546875 0.14679653570055962
v -0.2908490300178528 0.1454315185546875 0.14679653570055962
v -0.37158116698265076 0.012987621128559113 0.14679653570055962
v -0.2866343855857849 0.14384934306144714 0.14769819006323814
v -0.37158116698265076 0.012987621128559113 0.14679653570055962
v -0.3678567111492157 0.010601263493299484 0.14769819006323814
v -0.2866343855857849 0.14384934306144714 0.14769819006323814
v -0.2866343855857849 0.14384934306144714 0.14769819006323814
v -0.3678567111492157 0.010601263493299484 0.14769819006323814
v -0.2823660969734192 0.1422470211982727 0.14799999818205833
v -0.3678567111492157 0.010601263493299484 0.14769819006323814
v -0.3640848398208618 0.008184514939785004 0.14799999818205833
v -0.2823660969734192 0.1422470211982727 0.14799999818205833
v -0.3640848398208618 0.008184514939785004 -0.14799999818205833
v -0.50674107670784 -0.203846737742424 -0.14799999818205833
v -0.3678567111492157 0.010601263493299484 -0.14769818261265755
v -0.50674107670784 -0.203846737742424 -0.14799999818205833
v -0.5107323825359344 -0.20175610482692719 -0.14769818261265755
v -0.3678567111492157 0.010601263493299484 -0.14769818261265755
v -0.3678567111492157 0.010601263493299484 -0.14769818261265755
v -0.5107323825359344 -0.20175610482692719 -0.14769818261265755
v -0.37158116698265076 0.012987621128559113 -0.14679653570055962
v -0.5107323825359344 -0.20175610482692719 -0.14769818261265755
v -0.514673501253128 -0.1996917724609375 -0.14679653570055962
v -0.37158116698265076 0.012987621128559113 -0.14679653570055962
v -0.37158116698265076 0.012987621128559113 -0.14679653570055962
v -0.514673501253128 -0.1996917724609375 -0.14679653570055962
v -0.37521132826805115 0.01531357504427433 -0.14530639722943306
v -0.514673501253128 -0.1996917724609375 -0.14679653570055962
v -0.5185148417949677 -0.19767968356609344 -0.14530639722943306
v -0.37521132826805115 0.01531357504427433 -0.14530639722943306
v -0.37521132826805115 0.01531357504427433 -0.14530639722943306
v -0.5185148417949677 -0.19767968356609344 -0.14530639722943306
v -0.3787015974521637 0.017549879848957062 -0.14324650168418884
v -0.5185148417949677 -0.19767968356609344 -0.14530639722943306
v -0.5222081243991852 -0.19574514031410217 -0.14324650168418884
v -0.3787015974521637 0.017549879848957062 -0.14324650168418884
v -0.3787015974521637 0.017549879848957062 -0.14324650168418884
v -0.5222081243991852 -0.19574514031410217 -0.14324650168418884
v -0.38200801610946655 0.01966840773820877 -0.14064275845885277
v -0.5222081243991852 -0.19574514031410217 -0.14324650168418884
v -0.5257069170475006 -0.19391249120235443 -0.14064275845885277
v -0.38200801610946655 0.01966840773820877 -0.14064275845885277
v -0.38200801610946655 0.01966840773820877 -0.14064275845885277
v -0.5257069170475006 -0.19391249120235443 -0.14064275845885277
v -0.38508906960487366 0.021642517298460007 -0.13752790912985802
v -0.5257069170475006 -0.19391249120235443 -0.14064275845885277
v -0.5289671719074249 -0.1922047734260559 -0.13752790912985802
v -0.38508906960487366 0.021642517298460007 -0.13752790912985802
v -0.38508906960487366 0.021642517298460007 -0.13752790912985802
v -0.5289671719074249 -0.1922047734260559 -0.13752790912985802
v -0.3879059851169586 0.023447386920452118 -0.13394112139940262
v -0.5289671719074249 -0.1922047734260559 -0.13752790912985802
v -0.5319479405879974 -0.19064345955848694 -0.13394112139940262
v -0.3879059851169586 0.023447386920452118 -0.13394112139940262
v -0.3879059851169586 0.023447386920452118 -0.13394112139940262
v -0.5319479405879974 -0.19064345955848694 -0.13394112139940262
v -0.3904232978820801 0.025060318410396576 -0.12992750853300095
v -0.5319479405879974 -0.19064345955848694 -0.13394112139940262
v -0.5346117317676544 -0.18924817442893982 -0.12992750853300095
v -0.3904232978820801 0.025060318410396576 -0.12992750853300095
v -0.3904232978820801 0.025060318410396576 -0.12992750853300095
v -0.5346117317676544 -0.18924817442893982 -0.12992750853300095
v -0.3926094174385071 0.026461023837327957 -0.12553753703832626
v -0.5346117317676544 -0.18924817442893982 -0.12992750853300095
v -0.5369249880313873 -0.1880364865064621 -0.12553753703832626
v -0.3926094174385071 0.026461023837327957 -0.12553753703832626
v -0.3926094174385071 0.026461023837327957 -0.12553753703832626
v -0.5369249880313873 -0.1880364865064621 -0.12553753703832626
v -0.3944368362426758 0.027631893754005432 -0.12082641758024693
v -0.5369249880313873 -0.1880364865064621 -0.12553753703832626
v -0.5388586819171906 -0.1870236098766327 -0.12082641758024693
v -0.3944368362426758 0.027631893754005432 -0.12082641758024693
v -0.3944368362426758 0.027631893754005432 -0.12082641758024693
v -0.5388586819171906 -0.1870236098766327 -0.12082641758024693
v -0.3958825469017029 0.02855820208787918 -0.11585339345037937
v -0.5388586819171906 -0.1870236098766327 -0.12082641758024693
v -0.5403884947299957 -0.18622229993343353 -0.11585339345037937
v -0.3958825469017029 0.02855820208787918 -0.11585339345037937
v -0.3958825469017029 0.02855820208787918 -0.11585339345037937
v -0.5403884947299957 -0.18622229993343353 -0.11585339345037937
v -0.3969283699989319 0.029228299856185913 -0.11068100295960903
v -0.5403884947299957 -0.18622229993343353 -0.11585339345037937
v -0.5414951741695404 -0.18564262986183167 -0.11068100295960903
v -0.3969283699989319 0.029228299856185913 -0.11068100295960903
v -0.3969283699989319 0.029228299856185913 -0.11068100295960903
v -0.5414951741695404 -0.18564262986183167 -0.11068100295960903
v -0.3975611925125122 0.02963375672698021 -0.10537429247051477
v -0.5414951741695404 -0.18564262986183167 -0.11068100295960903
v -0.5421648323535919 -0.18529188632965088 -0.10537429247051477
v -0.3975611925125122 0.02963375672698021 -0.10537429247051477
v -0.3975611925125122 0.02963375672698021 -0.10537429247051477
v -0.5421648323535919 -0.18529188632965088 -0.10537429247051477
v -0.39777299761772156 0.029769476503133774 -0.09999999776482582
v -0.5421648323535919 -0.18529188632965088 -0.10537429247051477
v -0.5423889458179474 -0.18517448008060455 -0.09999999776482582
v -0.39777299761772156 0.029769476503133774 -0.09999999776482582
v -0.39777299761772156 0.029769476503133774 -0.09999999776482582
v -0.5423889458179474 -0.18517448008060455 -0.09999999776482582
v -0.39777299761772156 0.029769476503133774 0.10000000521540642
v -0.5423889458179474 -0.18517448008060455 -0.09999999776482582
v -0.5423889458179474 -0.18517448008060455 0.10000000521540642
v -0.39777299761772156 0.029769476503133774 0.10000000521540642
v -0.39777299761772156 0.029769476503133774 0.10000000521540642
v -0.5423889458179474 -0.18517448008060455 0.10000000521540642
v -0.3975611925125122 0.02963375672698021 0.1053743027150631
v -0.5423889458179474 -0.18517448008060455 0.10000000521540642
v -0.5421648323535919 -0.18529188632965088 0.1053743027150631
v -0.3975611925125122 0.02963375672698021 0.1053743027150631
v -0.3975611925125122 0.02963375672698021 0.1053743027150631
v -0.5421648323535919 -0.18529188632965088 0.1053743027150631
v -0.3969283699989319 0.029228299856185913 0.11068100854754448
v -0.5421648323535919 -0.18529188632965088 0.1053743027150631
v -0.5414951741695404 -0.18564262986183167 0.11068100854754448
v -0.3969283699989319 0.029228299856185913 0.11068100854754448
v -0.3969283699989319 0.029228299856185913 0.11068100854754448
v -0.5414951741695404 -0.18564262986183167 0.11068100854754448
v -0.3958825469017029 0.02855820208787918 0.11585339531302452
v -0.5414951741695404 -0.18564262986183167 0.11068100854754448
v -0.5403884947299957 -0.18622229993343353 0.11585339531302452
v -0.3958825469017029 0.02855820208787918 0.11585339531302452
v -0.3958825469017029 0.02855820208787918 0.11585339531302452
v -0.5403884947299957 -0.18622229993343353 0.11585339531302452
v -0.3944368362426758 0.027631893754005432 0.12082641944289207
v -0.5403884947299957 -0.18622229993343353 0.11585339531302452
v -0.5388586819171906 -0.1870236098766327 0.12082641944289207
v -0.3944368362426758 0.027631893754005432 0.12082641944289207
v -0.3944368362426758 0.027631893754005432 0.12082641944289207
v -0.5388586819171906 -0.1870236098766327 0.12082641944289207
v -0.3926094174385071 0.026461023837327957 0.12553754076361656
v -0.5388586819171906 -0.1870236098766327 0.12082641944289207
v -0.5369249880313873 -0.1880364865064621 0.12553754076361656
v -0.3926094174385071 0.026461023837327957 0.12553754076361656
v -0.3926094174385071 0.026461023837327957 0.12553754076361656
v -0.5369249880313873 -0.1880364865064621 0.12553754076361656
v -0.3904232978820801 0.025060318410396576 0.12992751225829124
v -0.5369249880313873 -0.1880364865064621 0.12553754076361656
v -0.5346117317676544 -0.18924817442893982 0.12992751225829124
v -0.3904232978820801 0.025060318410396576 0.12992751225829124
v -0.3904232978820801 0.025060318410396576 0.12992751225829124
v -0.5346117317676544 -0.18924817442893982 0.12992751225829124
v -0.3879059851169586 0.023447386920452118 0.13394112512469292
v -0.5346117317676544 -0.18924817442893982 0.12992751225829124
v -0.5319479405879974 -0.19064345955848694 0.13394112512469292
v -0.3879059851169586 0.023447386920452118 0.13394112512469292
v -0.3879059851169586 0.023447386920452118 0.13394112512469292
v -0.5319479405879974 -0.19064345955848694 0.13394112512469292
v -0.38508906960487366 0.021642517298460007 0.13752790912985802
v -0.5319479405879974 -0.19064345955848694 0.13394112512469292
v -0.5289671719074249 -0.1922047734260559 0.13752790912985802
v -0.38508906960487366 0.021642517298460007 0.13752790912985802
v -0.38508906960487366 0.021642517298460007 0.13752790912985802
v -0.5289671719074249 -0.1922047734260559 0.13752790912985802
v -0.38200801610946655 0.01966840773820877 0.14064275845885277
v -0.5289671719074249 -0.1922047734260559 0.13752790912985802
v -0.5257069170475006 -0.19391249120235443 0.14064275845885277
v -0.38200801610946655 0.01966840773820877 0.14064275845885277
v -0.38200801610946655 0.01966840773820877 0.14064275845885277
v -0.5257069170475006 -0.19391249120235443 0.14064275845885277
v -0.3787015974521637 0.017549879848957062 0.14324651286005974
v -0.5257069170475006 -0.19391249120235443 0.14064275845885277
v -0.5222081243991852 -0.19574514031410217 0.14324651286005974
v -0.3787015974521637 0.017549879848957062 0.14324651286005974
v -0.3787015974521637 0.017549879848957062 0.14324651286005974
v -0.5222081243991852 -0.19574514031410217 0.14324651286005974
v -0.37521132826805115 0.01531357504427433 0.14530640468001366
v -0.5222081243991852 -0.19574514031410217 0.14324651286005974
v -0.5185148417949677 -0.19767968356609344 0.14530640468001366
v -0.37521132826805115 0.01531357504427433 0.14530640468001366
v -0.37521132826805115 0.01531357504427433 0.14530640468001366
v -0.5185148417949677 -0.19767968356609344 0.14530640468001366
v -0.37158116698265076 0.012987621128559113 0.14679653570055962
v -0.5185148417949677 -0.19767968356609344 0.14530640468001366
v -0.514673501253128 -0.1996917724609375 0.14679653570055962
v -0.37158116698265076 0.012987621128559113 0.14679653570055962
v -0.37158116698265076 0.012987621128559113 0.14679653570055962
v -0.514673501253128 -0.1996917724609375 0.14679653570055962
v -0.3678567111492157 0.010601263493299484 0.14769819006323814
v -0.514673501253128 -0.1996917724609375 0.14679653570055962
v -0.5107323825359344 -0.20175610482692719 0.14769819006323814
v -0.3678567111492157 0.010601263493299484 0.14769819006323814
v -0.3678567111492157 0.010601263493299484 0.14769819006323814
v -0.5107323825359344 -0.20175610482692719 0.14769819006323814
v -0.3640848398208618 0.008184514939785004 0.14799999818205833
v -0.5107323825359344 -0.20175610482692719 0.14769819006323814
v -0.50674107670784 -0.203846737742424 0.14799999818205833
v -0.3640848398208618 0.008184514939785004 0.14799999818205833
v -0.50674107670784 -0.203846737742424 -0.14799999818205833
v -0.5586160719394684 -0.3365029990673065 -0.14799999818205833
v -0.5107323825359344 -0.20175610482692719 -0.14769818261265755
v -0.5586160719394684 -0.3365029990673065 -0.14799999818205833
v -0.5643645226955414 -0.33916205167770386 -0.14769818261265755
v -0.5107323825359344 -0.20175610482692719 -0.14769818261265755
v -0.5107323825359344 -0.20175610482692719 -0.14769818261265755
v -0.5643645226955414 -0.33916205167770386 -0.14769818261265755
v -0.514673501253128 -0.1996917724609375 -0.14679653570055962
v -0.5643645226955414 -0.33916205167770386 -0.14769818261265755
v -0.5700407326221466 -0.3417876660823822 -0.14679653570055962
v -0.514673501253128 -0.1996917724609375 -0.14679653570055962
v -0.514673501253128 -0.1996917724609375 -0.14679653570055962
v -0.5700407326221466 -0.3417876660823822 -0.14679653570055962
v -0.5185148417949677 -0.19767968356609344 -0.14530639722943306
v -0.5700407326221466 -0.3417876660823822 -0.14679653570055962
v -0.5755731761455536 -0.344346821308136 -0.14530639722943306
v -0.5185148417949677 -0.19767968356609344 -0.14530639722943306
v -0.5185148417949677 -0.19767968356609344 -0.14530639722943306
v -0.5755731761455536 -0.344346821308136 -0.14530639722943306
v -0.5222081243991852 -0.19574514031410217 -0.14324650168418884
v -0.5755731761455536 -0.344346821308136 -0.14530639722943306
v -0.5808924734592438 -0.3468073308467865 -0.14324650168418884
v -0.5222081243991852 -0.19574514031410217 -0.14324650168418884
v -0.5222081243991852 -0.19574514031410217 -0.14324650168418884
v -0.5808924734592438 -0.3468073308467865 -0.14324650168418884
v -0.5257069170475006 -0.19391249120235443 -0.14064275845885277
v -0.5808924734592438 -0.3468073308467865 -0.14324650168418884
v -0.5859315693378448 -0.3491382598876953 -0.14064275845885277
v -0.5257069170475006 -0.19391249120235443 -0.14064275845885277
v -0.5257069170475006 -0.19391249120235443 -0.14064275845885277
v -0.5859315693378448 -0.3491382598876953 -0.14064275845885277
v -0.5289671719074249 -0.1922047734260559 -0.13752790912985802
v -0.5859315693378448 -0.3491382598876953 -0.14064275845885277
v -0.5906271636486053 -0.3513103127479553 -0.13752790912985802
v -0.5289671719074249 -0.1922047734260559 -0.13752790912985802
v -0.5289671719074249 -0.1922047734260559 -0.13752790912985802
v -0.5906271636486053 -0.3513103127479553 -0.13752790912985802
v -0.5319479405879974 -0.19064345955848694 -0.13394112139940262
v -0.5906271636486053 -0.3513103127479553 -0.13752790912985802
v -0.5949201881885529 -0.3532961308956146 -0.13394112139940262
v -0.5319479405879974 -0.19064345955848694 -0.13394112139940262
v -0.5319479405879974 -0.19064345955848694 -0.13394112139940262
v -0.5949201881885529 -0.3532961308956146 -0.13394112139940262
v -0.5346117317676544 -0.18924817442893982 -0.12992750853300095
v -0.5949201881885529 -0.3532961308956146 -0.13394112139940262
v -0.5987567007541656 -0.3550707697868347 -0.12992750853300095
v -0.5346117317676544 -0.18924817442893982 -0.12992750853300095
v -0.5346117317676544 -0.18924817442893982 -0.12992750853300095
v -0.5987567007541656 -0.3550707697868347 -0.12992750853300095
v -0.5369249880313873 -0.1880364865064621 -0.12553753703832626
v -0.5987567007541656 -0.3550707697868347 -0.12992750853300095
v -0.6020884215831757 -0.3566119372844696 -0.12553753703832626
v -0.5369249880313873 -0.1880364865064621 -0.12553753703832626
v -0.5369249880313873 -0.1880364865064621 -0.12553753703832626
v -0.6020884215831757 -0.3566119372844696 -0.12553753703832626
v -0.5388586819171906 -0.1870236098766327 -0.12082641758024693
v -0.6020884215831757 -0.3566119372844696 -0.12553753703832626
v -0.6048734486103058 -0.3579002022743225 -0.12082641758024693
v -0.5388586819171906 -0.1870236098766327 -0.12082641758024693
v -0.5388586819171906 -0.1870236098766327 -0.12082641758024693
v -0.6048734486103058 -0.3579002022743225 -0.12082641758024693
v -0.5403884947299957 -0.18622229993343353 -0.11585339345037937
v -0.6048734486103058 -0.3579002022743225 -0.12082641758024693
v -0.6070767343044281 -0.3589193820953369 -0.11585339345037937
v -0.5403884947299957 -0.18622229993343353 -0.11585339345037937
v -0.5403884947299957 -0.18622229993343353 -0.11585339345037937
v -0.6070767343044281 -0.3589193820953369 -0.11585339345037937
v -0.5414951741695404 -0.18564262986183167 -0.11068100295960903
v -0.6070767343044281 -0.3589193820953369 -0.11585339345037937
v -0.6086706221103668 -0.3596566617488861 -0.11068100295960903
v -0.5414951741695404 -0.18564262986183167 -0.11068100295960903
v -0.5414951741695404 -0.18564262986183167 -0.11068100295960903
v -0.6086706221103668 -0.3596566617488861 -0.11068100295960903
v -0.5421648323535919 -0.18529188632965088 -0.10537429247051477
v -0.6086706221103668 -0.3596566617488861 -0.11068100295960903
v -0.6096350252628326 -0.3601027727127075 -0.10537429247051477
v -0.5421648323535919 -0.18529188632965088 -0.10537429247051477
v -0.5421648323535919 -0.18529188632965088 -0.10537429247051477
v -0.6096350252628326 -0.3601027727127075 -0.10537429247051477
v -0.5423889458179474 -0.18517448008060455 -0.09999999776482582
v -0.6096350252628326 -0.3601027727127075 -0.10537429247051477
v -0.6099579036235809 -0.3602520823478699 -0.09999999776482582
v -0.5423889458179474 -0.18517448008060455 -0.09999999776482582
v -0.5423889458179474 -0.18517448008060455 -0.09999999776482582
v -0.6099579036235809 -0.3602520823478699 -0.09999999776482582
v -0.5423889458179474 -0.18517448008060455 0.10000000521540642
v -0.6099579036235809 -0.3602520823478699 -0.09999999776482582
v -0.6099579036235809 -0.3602520823478699 0.10000000521540642
v -0.5423889458179474 -0.18517448008060455 0.10000000521540642
v -0.5423889458179474 -0.18517448008060455 0.10000000521540642
v -0.6099579036235809 -0.3602520823478699 0.10000000521540642
v -0.5421648323535919 -0.18529188632965088 0.1053743027150631
v -0.6099579036235809 -0.3602520823478699 0.10000000521540642
v -0.6096350252628326 -0.3601027727127075 0.1053743027150631
v -0.5421648323535919 -0.18529188632965088 0.1053743027150631
v -0.5421648323535919 -0.18529188632965088 0.1053743027150631
v -0.6096350252628326 -0.3601027727127075 0.1053743027150631
v -0.5414951741695404 -0.18564262986183167 0.11068100854754448
v -0.6096350252628326 -0.3601027727127075 0.1053743027150631
v -0.6086706221103668 -0.3596566617488861 0.11068100854754448
v -0.5414951741695404 -0.18564262986183167 0.11068100854754448
v -0.5414951741695404 -0.18564262986183167 0.11068100854754448
v -0.6086706221103668 -0.3596566617488861 0.11068100854754448
v -0.5403884947299957 -0.18622229993343353 0.11585339531302452
v -0.6086706221103668 -0.3596566617488861 0.11068100854754448
v -0.6070767343044281 -0.3589193820953369 0.11585339531302452
v -0.5403884947299957 -0.18622229993343353 0.11585339531302452
v -0.5403884947299957 -0.18622229993343353 0.11585339531302452
v -0.6070767343044281 -0.3589193820953369 0.11585339531302452
v -0.5388586819171906 -0.1870236098766327 0.12082641944289207
v -0.6070767343044281 -0.3589193820953369 0.11585339531302452
v -0.6048734486103058 -0.3579002022743225 0.12082641944289207
v -0.5388586819171906 -0.1870236098766327 0.12082641944289207
v -0.5388586819171906 -0.1870236098766327 0.12082641944289207
v -0.6048734486103058 -0.3579002022743225 0.12082641944289207
v -0.5369249880313873 -0.1880364865064621 0.12553754076361656
v -0.6048734486103058 -0.3579002022743225 0.12082641944289207
v -0.6020884215831757 -0.3566119372844696 0.12553754076361656
v -0.5369249880313873 -0.1880364865064621 0.12553754076361656
v -0.5369249880313873 -0.1880364865064621 0.12553754076361656
v -0.6020884215831757 -0.3566119372844696 0.12553754076361656
v -0.5346117317676544 -0.18924817442893982 0.12992751225829124
v -0.6020884215831757 -0.3566119372844696 0.12553754076361656
v -0.5987567007541656 -0.3550707697868347 0.12992751225829124
v -0.5346117317676544 -0.18924817442893982 0.12992751225829124
v -0.5346117317676544 -0.18924817442893982 0.12992751225829124
v -0.5987567007541656 -0.3550707697868347 0.12992751225829124
v -0.5319479405879974 -0.19064345955848694 0.13394112512469292
v -0.5987567007541656 -0.3550707697868347 0.12992751225829124
v -0.5949201881885529 -0.3532961308956146 0.13394112512469292
v -0.5319479405879974 -0.19064345955848694 0.13394112512469292
v -0.5319479405879974 -0.19064345955848694 0.13394112512469292
v -0.5949201881885529 -0.3532961308956146 0.13394112512469292
v -0.5289671719074249 -0.1922047734260559 0.13752790912985802
v -0.5949201881885529 -0.3532961308956146 0.13394112512469292
v -0.5906271636486053 -0.3513103127479553 0.13752790912985802
v -0.5289671719074249 -0.1922047734260559 0.13752790912985802
v -0.5289671719074249 -0.1922047734260559 0.13752790912985802
v -0.5906271636486053 -0.3513103127479553 0.13752790912985802
v -0.5257069170475006 -0.19391249120235443 0.14064275845885277
v -0.5906271636486053 -0.3513103127479553 0.13752790912985802
v -0.5859315693378448 -0.3491382598876953 0.14064275845885277
v -0.5257069170475006 -0.19391249120235443 0.14064275845885277
v -0.5257069170475006 -0.19391249120235443 0.14064275845885277
v -0.5859315693378448 -0.3491382598876953 0.14064275845885277
v -0.5222081243991852 -0.19574514031410217 0.14324651286005974
v -0.5859315693378448 -0.3491382598876953 0.14064275845885277
v -0.5808924734592438 -0.3468073308467865 0.14324651286005974
v -0.5222081243991852 -0.19574514031410217 0.14324651286005974
v -0.5222081243991852 -0.19574514031410217 0.14324651286005974
v -0.5808924734592438 -0.3468073308467865 0.14324651286005974
v -0.5185148417949677 -0.19767968356609344 0.14530640468001366
v -0.5808924734592438 -0.3468073308467865 0.14324651286005974
v -0.5755731761455536 -0.344346821308136 0.14530640468001366
v -0.5185148417949677 -0.19767968356609344 0.14530640468001366
v -0.5185148417949677 -0.19767968356609344 0.14530640468001366
v -0.5755731761455536 -0.344346821308136 0.14530640468001366
v -0.514673501253128 -0.1996917724609375 0.14679653570055962
v -0.5755731761455536 -0.344346821308136 0.14530640468001366
v -0.5700407326221466 -0.3417876660823822 0.14679653570055962
v -0.514673501253128 -0.1996917724609375 0.14679653570055962
v -0.514673501253128 -0.1996917724609375 0.14679653570055962
v -0.5700407326221466 -0.3417876660823822 0.14679653570055962
v -0.5107323825359344 -0.20175610482692719 0.14769819006323814
v -0.5700407326221466 -0.3417876660823822 0.14679653570055962
v -0.5643645226955414 -0.33916205167770386 0.14769819006323814
v -0.5107323825359344 -0.20175610482692719 0.14769819006323814
v -0.5107323825359344 -0.20175610482692719 0.14769819006323814
v -0.5643645226955414 -0.33916205167770386 0.14769819006323814
v -0.50674107670784 -0.203846737742424 0.14799999818205833
v -0.5643645226955414 -0.33916205167770386 0.14769819006323814
v -0.5586160719394684 -0.3365029990673065 0.14799999818205833
v -0.50674107670784 -0.203846737742424 0.14799999818205833
v -0.5586160719394684 -0.3365029990673065 -0.14799999818205833
v -0.43424108624458313 -0.37931549549102783 -0.14799999818205833
v -0.5643645226955414 -0.33916205167770386 -0.14769818261265755
v -0.43424108624458313 -0.37931549549102783 -0.14799999818205833
v -0.4351158142089844 -0.383750855922699 -0.14769818261265755
v -0.5643645226955414 -0.33916205167770386 -0.14769818261265755
v -0.5643645226955414 -0.33916205167770386 -0.14769818261265755
v -0.4351158142089844 -0.383750855922699 -0.14769818261265755
v -0.5700407326221466 -0.3417876660823822 -0.14679653570055962
v -0.4351158142089844 -0.383750855922699 -0.14769818261265755
v -0.43597957491874695 -0.38813045620918274 -0.14679653570055962
v -0.5700407326221466 -0.3417876660823822 -0.14679653570055962
v -0.5700407326221466 -0.3417876660823822 -0.14679653570055962
v -0.43597957491874695 -0.38813045620918274 -0.14679653570055962
v -0.5755731761455536 -0.344346821308136 -0.14530639722943306
v -0.43597957491874695 -0.38813045620918274 -0.14679653570055962
v -0.43682146072387695 -0.39239922165870667 -0.14530639722943306
v -0.5755731761455536 -0.344346821308136 -0.14530639722943306
v -0.5755731761455536 -0.344346821308136 -0.14530639722943306
v -0.43682146072387695 -0.39239922165870667 -0.14530639722943306
v -0.5808924734592438 -0.3468073308467865 -0.14324650168418884
v -0.43682146072387695 -0.39239922165870667 -0.14530639722943306
v -0.43763089179992676 -0.39650341868400574 -0.14324650168418884
v -0.5808924734592438 -0.3468073308467865 -0.14324650168418884
v -0.5808924734592438 -0.3468073308467865 -0.14324650168418884
v -0.43763089179992676 -0.39650341868400574 -0.14324650168418884
v -0.5859315693378448 -0.3491382598876953 -0.14064275845885277
v -0.43763089179992676 -0.39650341868400574 -0.14324650168418884
v -0.43839770555496216 -0.40039148926734924 -0.14064275845885277
v -0.5859315693378448 -0.3491382598876953 -0.14064275845885277
v -0.5859315693378448 -0.3491382598876953 -0.14064275845885277
v -0.43839770555496216 -0.40039148926734924 -0.14064275845885277
v -0.5906271636486053 -0.3513103127479553 -0.13752790912985802
v -0.43839770555496216 -0.40039148926734924 -0.14064275845885277
v -0.43911221623420715 -0.4040144979953766 -0.13752790912985802
v -0.5906271636486053 -0.3513103127479553 -0.13752790912985802
v -0.5906271636486053 -0.3513103127479553 -0.13752790912985802
v -0.43911221623420715 -0.4040144979953766 -0.13752790912985802
v -0.5949201881885529 -0.3532961308956146 -0.13394112139940262
v -0.43911221623420715 -0.4040144979953766 -0.13752790912985802
v -0.4397655129432678 -0.40732690691947937 -0.13394112139940262
v -0.5949201881885529 -0.3532961308956146 -0.13394112139940262
v -0.5949201881885529 -0.3532961308956146 -0.13394112139940262
v -0.4397655129432678 -0.40732690691947937 -0.13394112139940262
v -0.5987567007541656 -0.3550707697868347 -0.12992750853300095
v -0.4397655129432678 -0.40732690691947937 -0.13394112139940262
v -0.4403493106365204 -0.410287082195282 -0.12992750853300095
v -0.5987567007541656 -0.3550707697868347 -0.12992750853300095
v -0.5987567007541656 -0.3550707697868347 -0.12992750853300095
v -0.4403493106365204 -0.410287082195282 -0.12992750853300095
v -0.6020884215831757 -0.3566119372844696 -0.12553753703832626
v -0.4403493106365204 -0.410287082195282 -0.12992750853300095
v -0.44085627794265747 -0.4128577411174774 -0.12553753703832626
v -0.6020884215831757 -0.3566119372844696 -0.12553753703832626
v -0.6020884215831757 -0.3566119372844696 -0.12553753703832626
v -0.44085627794265747 -0.4128577411174774 -0.12553753703832626
v -0.6048734486103058 -0.3579002022743225 -0.12082641758024693
v -0.44085627794265747 -0.4128577411174774 -0.12553753703832626
v -0.4412800967693329 -0.4150066077709198 -0.12082641758024693
v -0.6048734486103058 -0.3579002022743225 -0.12082641758024693
v -0.6048734486103058 -0.3579002022743225 -0.12082641758024693
v -0.4412800967693329 -0.4150066077709198 -0.12082641758024693
v -0.6070767343044281 -0.3589193820953369 -0.11585339345037937
v -0.4412800967693329 -0.4150066077709198 -0.12082641758024693
v -0.44161537289619446 -0.4167066216468811 -0.11585339345037937
v -0.6070767343044281 -0.3589193820953369 -0.11585339345037937
v -0.6070767343044281 -0.3589193820953369 -0.11585339345037937
v -0.44161537289619446 -0.4167066216468811 -0.11585339345037937
v -0.6086706221103668 -0.3596566617488861 -0.11068100295960903
v -0.44161537289619446 -0.4167066216468811 -0.11585339345037937
v -0.4418579041957855 -0.41793641448020935 -0.11068100295960903
v -0.6086706221103668 -0.3596566617488861 -0.11068100295960903
v -0.6086706221103668 -0.3596566617488861 -0.11068100295960903
v -0.4418579041957855 -0.41793641448020935 -0.11068100295960903
v -0.6096350252628326 -0.3601027727127075 -0.10537429247051477
v -0.4418579041957855 -0.41793641448020935 -0.11068100295960903
v -0.44200465083122253 -0.4186805486679077 -0.10537429247051477
v -0.6096350252628326 -0.3601027727127075 -0.10537429247051477
v -0.6096350252628326 -0.3601027727127075 -0.10537429247051477
v -0.44200465083122253 -0.4186805486679077 -0.10537429247051477
v -0.6099579036235809 -0.3602520823478699 -0.09999999776482582
v -0.44200465083122253 -0.4186805486679077 -0.10537429247051477
v -0.44205379486083984 -0.4189296364784241 -0.09999999776482582
v -0.6099579036235809 -0.3602520823478699 -0.09999999776482582
v -0.6099579036235809 -0.3602520823478699 -0.09999999776482582
v -0.44205379486083984 -0.4189296364784241 -0.09999999776482582
v -0.6099579036235809 -0.3602520823478699 0.10000000521540642
v -0.44205379486083984 -0.4189296364784241 -0.09999999776482582
v -0.44205379486083984 -0.4189296364784241 0.10000000521540642
v -0.6099579036235809 -0.3602520823478699 0.10000000521540642
v -0.6099579036235809 -0.3602520823478699 0.10000000521540642
v -0.44205379486083984 -0.4189296364784241 0.10000000521540642
v -0.6096350252628326 -0.3601027727127075 0.1053743027150631
v -0.44205379486083984 -0.4189296364784241 0.10000000521540642
v -0.44200465083122253 -0.4186805486679077 0.1053743027150631
v -0.6096350252628326 -0.3601027727127075 0.1053743027150631
v -0.6096350252628326 -0.3601027727127075 0.1053743027150631
v -0.44200465083122253 -0.4186805486679077 0.1053743027150631
v -0.6086706221103668 -0.3596566617488861 0.11068100854754448
v -0.44200465083122253 -0.4186805486679077 0.1053743027150631
v -0.4418579041957855 -0.41793641448020935 0.11068100854754448
v -0.6086706221103668 -0.3596566617488861 0.11068100854754448
v -0.6086706221103668 -0.3596566617488861 0.11068100854754448
v -0.4418579041957855 -0.41793641448020935 0.11068100854754448
v -0.6070767343044281 -0.3589193820953369 0.11585339531302452
v -0.4418579041957855 -0.41793641448020935 0.11068100854754448
v -0.44161537289619446 -0.4167066216468811 0.11585339531302452
v -0.6070767343044281 -0.3589193820953369 0.11585339531302452
v -0.6070767343044281 -0.3589193820953369 0.11585339531302452
v -0.44161537289619446 -0.4167066216468811 0.11585339531302452
v -0.6048734486103058 -0.3579002022743225 0.12082641944289207
v -0.44161537289619446 -0.4167066216468811 0.11585339531302452
v -0.4412800967693329 -0.4150066077709198 0.12082641944289207
v -0.6048734486103058 -0.3579002022743225 0.12082641944289207
v -0.6048734486103058 -0.3579002022743225 0.12082641944289207
v -0.4412800967693329 -0.4150066077709198 0.12082641944289207
v -0.6020884215831757 -0.3566119372844696 0.12553754076361656
v -0.4412800967693329 -0.4150066077709198 0.12082641944289207
v -0.44085627794265747 -0.4128577411174774 0.12553754076361656
v -0.6020884215831757 -0.3566119372844696 0.12553754076361656
v -0.6020884215831757 -0.3566119372844696 0.12553754076361656
v -0.44085627794265747 -0.4128577411174774 0.12553754076361656
v -0.5987567007541656 -0.3550707697868347 0.12992751225829124
v -0.44085627794265747 -0.4128577411174774 0.12553754076361656
v -0.4403493106365204 -0.410287082195282 0.12992751225829124
v -0.5987567007541656 -0.3550707697868347 0.12992751225829124
v -0.5987567007541656 -0.3550707697868347 0.12992751225829124
v -0.4403493106365204 -0.410287082195282 0.12992751225829124
v -0.5949201881885529 -0.3532961308956146 0.13394112512469292
v -0.4403493106365204 -0.410287082195282 0.12992751225829124
v -0.4397655129432678 -0.40732690691947937 0.13394112512469292
v -0.5949201881885529 -0.3532961308956146 0.13394112512469292
v -0.5949201881885529 -0.3532961308956146 0.13394112512469292
v -0.4397655129432678 -0.40732690691947937 0.13394112512469292
v -0.5906271636486053 -0.3513103127479553 0.13752790912985802
v -0.4397655129432678 -0.40732690691947937 0.13394112512469292
v -0.43911221623420715 -0.4040144979953766 0.13752790912985802
v -0.5906271636486053 -0.3513103127479553 0.13752790912985802
v -0.5906271636486053 -0.3513103127479553 0.13752790912985802
v -0.43911221623420715 -0.4040144979953766 0.13752790912985802
v -0.5859315693378448 -0.3491382598876953 0.14064275845885277
v -0.43911221623420715 -0.4040144979953766 0.13752790912985802
v -0.43839770555496216 -0.40039148926734924 0.14064275845885277
v -0.5859315693378448 -0.3491382598876953 0.14064275845885277
v -0.5859315693378448 -0.3491382598876953 0.14064275845885277
v -0.43839770555496216 -0.40039148926734924 0.14064275845885277
v -0.5808924734592438 -0.3468073308467865 0.14324651286005974
v -0.43839770555496216 -0.40039148926734924 0.14064275845885277
v -0.43763089179992676 -0.39650341868400574 0.14324651286005974
v -0.5808924734592438 -0.3468073308467865 0.14324651286005974
v -0.5808924734592438 -0.3468073308467865 0.14324651286005974
v -0.43763089179992676 -0.39650341868400574 0.14324651286005974
v -0.5755731761455536 -0.344346821308136 0.14530640468001366
v -0.43763089179992676 -0.39650341868400574 0.14324651286005974
v -0.43682146072387695 -0.39239922165870667 0.14530640468001366
v -0.5755731761455536 -0.344346821308136 0.14530640468001366
v -0.5755731761455536 -0.344346821308136 0.14530640468001366
v -0.43682146072387695 -0.39239922165870667 0.14530640468001366
v -0.5700407326221466 -0.3417876660823822 0.14679653570055962
v -0.43682146072387695 -0.39239922165870667 0.14530640468001366
v -0.43597957491874695 -0.38813045620918274 0.14679653570055962
v -0.5700407326221466 -0.3417876660823822 0.14679653570055962
v -0.5700407326221466 -0.3417876660823822 0.14679653570055962
v -0.43597957491874695 -0.38813045620918274 0.14679653570055962
v -0.5643645226955414 -0.33916205167770386 0.14769819006323814
v -0.43597957491874695 -0.38813045620918274 0.14679653570055962
v -0.4351158142089844 -0.383750855922699 0.14769819006323814
v -0.5643645226955414 -0.33916205167770386 0.14769819006323814
v -0.5643645226955414 -0.33916205167770386 0.14769819006323814
v -0.4351158142089844 -0.383750855922699 0.14769819006323814
v -0.5586160719394684 -0.3365029990673065 0.14799999818205833
v -0.4351158142089844 -0.383750855922699 0.14769819006323814
v -0.43424108624458313 -0.37931549549102783 0.14799999818205833
v -0.5586160719394684 -0.3365029990673065 0.14799999818205833
v -0.43424108624458313 -0.37931549549102783 -0.14799999818205833
v -0.19174107909202576 -0.39337798953056335 -0.14799999818205833
v -0.4351158142089844 -0.383750855922699 -0.14769818261265755
v -0.19174107909202576 -0.39337798953056335 -0.14799999818205833
v -0.1921069622039795 -0.3978428840637207 -0.14769818261265755
v -0.4351158142089844 -0.383750855922699 -0.14769818261265755
v -0.4351158142089844 -0.383750855922699 -0.14769818261265755
v -0.1921069622039795 -0.3978428840637207 -0.14769818261265755
v -0.43597957491874695 -0.38813045620918274 -0.14679653570055962
v -0.1921069622039795 -0.3978428840637207 -0.14769818261265755
v -0.19246824085712433 -0.40225160121917725 -0.14679653570055962
v -0.43597957491874695 -0.38813045620918274 -0.14679653570055962
v -0.43597957491874695 -0.38813045620918274 -0.14679653570055962
v -0.19246824085712433 -0.40225160121917725 -0.14679653570055962
v -0.43682146072387695 -0.39239922165870667 -0.14530639722943306
v -0.19246824085712433 -0.40225160121917725 -0.14679653570055962
v -0.19282037019729614 -0.40654876828193665 -0.14530639722943306
v -0.43682146072387695 -0.39239922165870667 -0.14530639722943306
v -0.43682146072387695 -0.39239922165870667 -0.14530639722943306
v -0.19282037019729614 -0.40654876828193665 -0.14530639722943306
v -0.43763089179992676 -0.39650341868400574 -0.14324650168418884
v -0.19282037019729614 -0.40654876828193665 -0.14530639722943306
v -0.19315893948078156 -0.41068026423454285 -0.14324650168418884
v -0.43763089179992676 -0.39650341868400574 -0.14324650168418884
v -0.43763089179992676 -0.39650341868400574 -0.14324650168418884
v -0.19315893948078156 -0.41068026423454285 -0.14324650168418884
v -0.43839770555496216 -0.40039148926734924 -0.14064275845885277
v -0.19315893948078156 -0.41068026423454285 -0.14324650168418884
v -0.19347965717315674 -0.41459420323371887 -0.14064275845885277
v -0.43839770555496216 -0.40039148926734924 -0.14064275845885277
v -0.43839770555496216 -0.40039148926734924 -0.14064275845885277
v -0.19347965717315674 -0.41459420323371887 -0.14064275845885277
v -0.43911221623420715 -0.4040144979953766 -0.13752790912985802
v -0.19347965717315674 -0.41459420323371887 -0.14064275845885277
v -0.19377852976322174 -0.41824132204055786 -0.13752790912985802
v -0.43911221623420715 -0.4040144979953766 -0.13752790912985802
v -0.43911221623420715 -0.4040144979953766 -0.13752790912985802
v -0.19377852976322174 -0.41824132204055786 -0.13752790912985802
v -0.4397655129432678 -0.40732690691947937 -0.13394112139940262
v -0.19377852976322174 -0.41824132204055786 -0.13752790912985802
v -0.19405177235603333 -0.42157578468322754 -0.13394112139940262
v -0.4397655129432678 -0.40732690691947937 -0.13394112139940262
v -0.4397655129432678 -0.40732690691947937 -0.13394112139940262
v -0.19405177235603333 -0.42157578468322754 -0.13394112139940262
v -0.4403493106365204 -0.410287082195282 -0.12992750853300095
v -0.19405177235603333 -0.42157578468322754 -0.13394112139940262
v -0.1942959576845169 -0.42455562949180603 -0.12992750853300095
v -0.4403493106365204 -0.410287082195282 -0.12992750853300095
v -0.4403493106365204 -0.410287082195282 -0.12992750853300095
v -0.1942959576845169 -0.42455562949180603 -0.12992750853300095
v -0.44085627794265747 -0.4128577411174774 -0.12553753703832626
v -0.1942959576845169 -0.42455562949180603 -0.12992750853300095
v -0.19450801610946655 -0.427143394947052 -0.12553753703832626
v -0.44085627794265747 -0.4128577411174774 -0.12553753703832626
v -0.44085627794265747 -0.4128577411174774 -0.12553753703832626
v -0.19450801610946655 -0.427143394947052 -0.12553753703832626
v -0.4412800967693329 -0.4150066077709198 -0.12082641758024693
v -0.19450801610946655 -0.427143394947052 -0.12553753703832626
v -0.19468528032302856 -0.4293065667152405 -0.12082641758024693
v -0.4412800967693329 -0.4150066077709198 -0.12082641758024693
v -0.4412800967693329 -0.4150066077709198 -0.12082641758024693
v -0.19468528032302856 -0.4293065667152405 -0.12082641758024693
v -0.44161537289619446 -0.4167066216468811 -0.11585339345037937
v -0.19468528032302856 -0.4293065667152405 -0.12082641758024693
v -0.19482551515102386 -0.4310178756713867 -0.11585339345037937
v -0.44161537289619446 -0.4167066216468811 -0.11585339345037937
v -0.44161537289619446 -0.4167066216468811 -0.11585339345037937
v -0.19482551515102386 -0.4310178756713867 -0.11585339345037937
v -0.4418579041957855 -0.41793641448020935 -0.11068100295960903
v -0.19482551515102386 -0.4310178756713867 -0.11585339345037937
v -0.19492696225643158 -0.4322558641433716 -0.11068100295960903
v -0.4418579041957855 -0.41793641448020935 -0.11068100295960903
v -0.4418579041957855 -0.41793641448020935 -0.11068100295960903
v -0.19492696225643158 -0.4322558641433716 -0.11068100295960903
v -0.44200465083122253 -0.4186805486679077 -0.10537429247051477
v -0.19492696225643158 -0.4322558641433716 -0.11068100295960903
v -0.19498834013938904 -0.4330049455165863 -0.10537429247051477
v -0.44200465083122253 -0.4186805486679077 -0.10537429247051477
v -0.44200465083122253 -0.4186805486679077 -0.10537429247051477
v -0.19498834013938904 -0.4330049455165863 -0.10537429247051477
v -0.44205379486083984 -0.4189296364784241 -0.09999999776482582
v -0.19498834013938904 -0.4330049455165863 -0.10537429247051477
v -0.19500888884067535 -0.433255672454834 -0.09999999776482582
v -0.44205379486083984 -0.4189296364784241 -0.09999999776482582
v -0.44205379486083984 -0.4189296364784241 -0.09999999776482582
v -0.19500888884067535 -0.433255672454834 -0.09999999776482582
v -0.44205379486083984 -0.4189296364784241 0.10000000521540642
v -0.19500888884067535 -0.433255672454834 -0.09999999776482582
v -0.19500888884067535 -0.433255672454834 0.10000000521540642
v -0.44205379486083984 -0.4189296364784241 0.10000000521540642
v -0.44205379486083984 -0.4189296364784241 0.10000000521540642
v -0.19500888884067535 -0.433255672454834 0.10000000521540642
v -0.44200465083122253 -0.4186805486679077 0.1053743027150631
v -0.19500888884067535 -0.433255672454834 0.10000000521540642
v -0.19498834013938904 -0.4330049455165863 0.1053743027150631
v -0.44200465083122253 -0.4186805486679077 0.1053743027150631
v -0.44200465083122253 -0.4186805486679077 0.1053743027150631
v -0.19498834013938904 -0.4330049455165863 0.1053743027150631
v -0.4418579041957855 -0.41793641448020935 0.11068100854754448
v -0.19498834013938904 -0.4330049455165863 0.1053743027150631
v -0.19492696225643158 -0.4322558641433716 0.11068100854754448
v -0.4418579041957855 -0.41793641448020935 0.11068100854754448
v -0.4418579041957855 -0.41793641448020935 0.11068100854754448
v -0.19492696225643158 -0.4322558641433716 0.11068100854754448
v -0.44161537289619446 -0.4167066216468811 0.11585339531302452
v -0.19492696225643158 -0.4322558641433716 0.11068100854754448
v -0.19482551515102386 -0.4310178756713867 0.11585339531302452
v -0.44161537289619446 -0.4167066216468811 0.11585339531302452
v -0.44161537289619446 -0.4167066216468811 0.11585339531302452
v -0.19482551515102386 -0.4310178756713867 0.11585339531302452
v -0.4412800967693329 -0.4150066077709198 0.12082641944289207
v -0.19482551515102386 -0.4310178756713867 0.11585339531302452
v -0.19468528032302856 -0.4293065667152405 0.12082641944289207
v -0.4412800967693329 -0.4150066077709198 0.12082641944289207
v -0.4412800967693329 -0.4150066077709198 0.12082641944289207
v -0.19468528032302856 -0.4293065667152405 0.12082641944289207
v -0.44085627794265747 -0.4128577411174774 0.12553754076361656
v -0.19468528032302856 -0.4293065667152405 0.12082641944289207
v -0.19450801610946655 -0.427143394947052 0.12553754076361656
v -0.44085627794265747 -0.4128577411174774 0.12553754076361656
v -0.44085627794265747 -0.4128577411174774 0.12553754076361656
v -0.19450801610946655 -0.427143394947052 0.12553754076361656
v -0.4403493106365204 -0.410287082195282 0.12992751225829124
v -0.19450801610946655 -0.427143394947052 0.12553754076361656
v -0.1942959576845169 -0.42455562949180603 0.12992751225829124
v -0.4403493106365204 -0.410287082195282 0.12992751225829124
v -0.4403493106365204 -0.410287082195282 0.12992751225829124
v -0.1942959576845169 -0.42455562949180603 0.12992751225829124
v -0.4397655129432678 -0.40732690691947937 0.13394112512469292
v -0.1942959576845169 -0.42455562949180603 0.12992751225829124
v -0.19405177235603333 -0.42157578468322754 0.13394112512469292
v -0.4397655129432678 -0.40732690691947937 0.13394112512469292
v -0.4397655129432678 -0.40732690691947937 0.13394112512469292
v -0.19405177235603333 -0.42157578468322754 0.13394112512469292
v -0.43911221623420715 -0.4040144979953766 0.13752790912985802
v -0.19405177235603333 -0.42157578468322754 0.13394112512469292
v -0.19377852976322174 -0.41824132204055786 0.13752790912985802
v -0.43911221623420715 -0.4040144979953766 0.13752790912985802
v -0.43911221623420715 -0.4040144979953766 0.13752790912985802
v -0.19377852976322174 -0.41824132204055786 0.13752790912985802
v -0.43839770555496216 -0.40039148926734924 0.14064275845885277
v -0.19377852976322174 -0.41824132204055786 0.13752790912985802
v -0.19347965717315674 -0.41459420323371887 0.14064275845885277
v -0.43839770555496216 -0.40039148926734924 0.14064275845885277
v -0.43839770555496216 -0.40039148926734924 0.14064275845885277
v -0.19347965717315674 -0.41459420323371887 0.14064275845885277
v -0.43763089179992676 -0.39650341868400574 0.14324651286005974
v -0.19347965717315674 -0.41459420323371887 0.14064275845885277
v -0.19315893948078156 -0.41068026423454285 0.14324651286005974
v -0.43763089179992676 -0.39650341868400574 0.14324651286005974
v -0.43763089179992676 -0.39650341868400574 0.14324651286005974
v -0.19315893948078156 -0.41068026423454285 0.14324651286005974
v -0.43682146072387695 -0.39239922165870667 0.14530640468001366
v -0.19315893948078156 -0.41068026423454285 0.14324651286005974
v -0.19282037019729614 -0.40654876828193665 0.14530640468001366
v -0.43682146072387695 -0.39239922165870667 0.14530640468001366
v -0.43682146072387695 -0.39239922165870667 0.14530640468001366
v -0.19282037019729614 -0.40654876828193665 0.14530640468001366
v -0.43597957491874695 -0.38813045620918274 0.14679653570055962
v -0.19282037019729614 -0.40654876828193665 0.14530640468001366
v -0.19246824085712433 -0.40225160121917725 0.14679653570055962
v -0.43597957491874695 -0.38813045620918274 0.14679653570055962
v -0.43597957491874695 -0.38813045620918274 0.14679653570055962
v -0.19246824085712433 -0.40225160121917725 0.14679653570055962
v -0.4351158142089844 -0.383750855922699 0.14769819006323814
v -0.19246824085712433 -0.40225160121917725 0.14679653570055962
v -0.1921069622039795 -0.3978428840637207 0.14769819006323814
v -0.4351158142089844 -0.383750855922699 0.14769819006323814
v -0.4351158142089844 -0.383750855922699 0.14769819006323814
v -0.1921069622039795 -0.3978428840637207 0.14769819006323814
v -0.43424108624458313 -0.37931549549102783 0.14799999818205833
v -0.1921069622039795 -0.3978428840637207 0.14769819006323814
v -0.19174107909202576 -0.39337798953056335 0.14799999818205833
v -0.43424108624458313 -0.37931549549102783 0.14799999818205833
v -0.19174107909202576 -0.39337798953056335 -0.14799999818205833
v -0.04580358415842056 -0.40884673595428467 -0.14799999818205833
v -0.1921069622039795 -0.3978428840637207 -0.14769818261265755
v -0.04580358415842056 -0.40884673595428467 -0.14799999818205833
v -0.0478459931910038 -0.4131339192390442 -0.14769818261265755
v -0.1921069622039795 -0.3978428840637207 -0.14769818261265755
v -0.1921069622039795 -0.3978428840637207 -0.14769818261265755
v -0.0478459931910038 -0.4131339192390442 -0.14769818261265755
v -0.19246824085712433 -0.40225160121917725 -0.14679653570055962
v -0.0478459931910038 -0.4131339192390442 -0.14769818261265755
v -0.04986271634697914 -0.41736719012260437 -0.14679653570055962
v -0.19246824085712433 -0.40225160121917725 -0.14679653570055962
v -0.19246824085712433 -0.40225160121917725 -0.14679653570055962
v -0.04986271634697914 -0.41736719012260437 -0.14679653570055962
v -0.19282037019729614 -0.40654876828193665 -0.14530639722943306
v -0.04986271634697914 -0.41736719012260437 -0.14679653570055962
v -0.05182839184999466 -0.4214932918548584 -0.14530639722943306
v -0.19282037019729614 -0.40654876828193665 -0.14530639722943306
v -0.19282037019729614 -0.40654876828193665 -0.14530639722943306
v -0.05182839184999466 -0.4214932918548584 -0.14530639722943306
v -0.19315893948078156 -0.41068026423454285 -0.14324650168418884
v -0.05182839184999466 -0.4214932918548584 -0.14530639722943306
v -0.05371830612421036 -0.4254603683948517 -0.14324650168418884
v -0.19315893948078156 -0.41068026423454285 -0.14324650168418884
v -0.19315893948078156 -0.41068026423454285 -0.14324650168418884
v -0.05371830612421036 -0.4254603683948517 -0.14324650168418884
v -0.19347965717315674 -0.41459420323371887 -0.14064275845885277
v -0.05371830612421036 -0.4254603683948517 -0.14324650168418884
v -0.05550868809223175 -0.4292185306549072 -0.14064275845885277
v -0.19347965717315674 -0.41459420323371887 -0.14064275845885277
v -0.19347965717315674 -0.41459420323371887 -0.14064275845885277
v -0.05550868809223175 -0.4292185306549072 -0.14064275845885277
v -0.19377852976322174 -0.41824132204055786 -0.13752790912985802
v -0.05550868809223175 -0.4292185306549072 -0.14064275845885277
v -0.05717701464891434 -0.43272051215171814 -0.13752790912985802
v -0.19377852976322174 -0.41824132204055786 -0.13752790912985802
v -0.19377852976322174 -0.41824132204055786 -0.13752790912985802
v -0.05717701464891434 -0.43272051215171814 -0.13752790912985802
v -0.19405177235603333 -0.42157578468322754 -0.13394112139940262
v -0.05717701464891434 -0.43272051215171814 -0.13752790912985802
v -0.058702319860458374 -0.435922235250473 -0.13394112139940262
v -0.19405177235603333 -0.42157578468322754 -0.13394112139940262
v -0.19405177235603333 -0.42157578468322754 -0.13394112139940262
v -0.058702319860458374 -0.435922235250473 -0.13394112139940262
v -0.1942959576845169 -0.42455562949180603 -0.12992750853300095
v -0.058702319860458374 -0.435922235250473 -0.13394112139940262
v -0.06006541848182678 -0.4387834966182709 -0.12992750853300095
v -0.1942959576845169 -0.42455562949180603 -0.12992750853300095
v -0.1942959576845169 -0.42455562949180603 -0.12992750853300095
v -0.06006541848182678 -0.4387834966182709 -0.12992750853300095
v -0.19450801610946655 -0.427143394947052 -0.12553753703832626
v -0.06006541848182678 -0.4387834966182709 -0.12992750853300095
v -0.06124916672706604 -0.44126826524734497 -0.12553753703832626
v -0.19450801610946655 -0.427143394947052 -0.12553753703832626
v -0.19450801610946655 -0.427143394947052 -0.12553753703832626
v -0.06124916672706604 -0.44126826524734497 -0.12553753703832626
v -0.19468528032302856 -0.4293065667152405 -0.12082641758024693
v -0.06124916672706604 -0.44126826524734497 -0.12553753703832626
v -0.0622386708855629 -0.4433453381061554 -0.12082641758024693
v -0.19468528032302856 -0.4293065667152405 -0.12082641758024693
v -0.19468528032302856 -0.4293065667152405 -0.12082641758024693
v -0.0622386708855629 -0.4433453381061554 -0.12082641758024693
v -0.19482551515102386 -0.4310178756713867 -0.11585339345037937
v -0.0622386708855629 -0.4433453381061554 -0.12082641758024693
v -0.06302149593830109 -0.44498854875564575 -0.11585339345037937
v -0.19482551515102386 -0.4310178756713867 -0.11585339345037937
v -0.19482551515102386 -0.4310178756713867 -0.11585339345037937
v -0.06302149593830109 -0.44498854875564575 -0.11585339345037937
v -0.19492696225643158 -0.4322558641433716 -0.11068100295960903
v -0.06302149593830109 -0.44498854875564575 -0.11585339345037937
v -0.06358779966831207 -0.44617724418640137 -0.11068100295960903
v -0.19492696225643158 -0.4322558641433716 -0.11068100295960903
v -0.19492696225643158 -0.4322558641433716 -0.11068100295960903
v -0.06358779966831207 -0.44617724418640137 -0.11068100295960903
v -0.19498834013938904 -0.4330049455165863 -0.10537429247051477
v -0.06358779966831207 -0.44617724418640137 -0.11068100295960903
v -0.0639304593205452 -0.4468965232372284 -0.10537429247051477
v -0.19498834013938904 -0.4330049455165863 -0.10537429247051477
v -0.19498834013938904 -0.4330049455165863 -0.10537429247051477
v -0.0639304593205452 -0.4468965232372284 -0.10537429247051477
v -0.19500888884067535 -0.433255672454834 -0.09999999776482582
v -0.0639304593205452 -0.4468965232372284 -0.10537429247051477
v -0.06404515355825424 -0.4471372961997986 -0.09999999776482582
v -0.19500888884067535 -0.433255672454834 -0.09999999776482582
v -0.19500888884067535 -0.433255672454834 -0.09999999776482582
v -0.06404515355825424 -0.4471372961997986 -0.09999999776482582
v -0.19500888884067535 -0.433255672454834 0.10000000521540642
v -0.06404515355825424 -0.4471372961997986 -0.09999999776482582
v -0.06404515355825424 -0.4471372961997986 0.10000000521540642
v -0.19500888884067535 -0.433255672454834 0.10000000521540642
v -0.19500888884067535 -0.433255672454834 0.10000000521540642
v -0.06404515355825424 -0.4471372961997986 0.10000000521540642
v -0.19498834013938904 -0.4330049455165863 0.1053743027150631
v -0.06404515355825424 -0.4471372961997986 0.10000000521540642
v -0.0639304593205452 -0.4468965232372284 0.1053743027150631
v -0.19498834013938904 -0.4330049455165863 0.1053743027150631
v -0.19498834013938904 -0.4330049455165863 0.1053743027150631
v -0.0639304593205452 -0.4468965232372284 0.1053743027150631
v -0.19492696225643158 -0.4322558641433716 0.11068100854754448
v -0.0639304593205452 -0.4468965232372284 0.1053743027150631
v -0.06358779966831207 -0.44617724418640137 0.11068100854754448
v -0.19492696225643158 -0.4322558641433716 0.11068100854754448
v -0.19492696225643158 -0.4322558641433716 0.11068100854754448
v -0.06358779966831207 -0.44617724418640137 0.11068100854754448
v -0.19482551515102386 -0.4310178756713867 0.11585339531302452
v -0.06358779966831207 -0.44617724418640137 0.11068100854754448
v -0.06302149593830109 -0.44498854875564575 0.11585339531302452
v -0.19482551515102386 -0.4310178756713867 0.11585339531302452
v -0.19482551515102386 -0.4310178756713867 0.11585339531302452
v -0.06302149593830109 -0.44498854875564575 0.11585339531302452
v -0.19468528032302856 -0.4293065667152405 0.12082641944289207
v -0.06302149593830109 -0.44498854875564575 0.11585339531302452
v -0.0622386708855629 -0.4433453381061554 0.12082641944289207
v -0.19468528032302856 -0.4293065667152405 0.12082641944289207
v -0.19468528032302856 -0.4293065667152405 0.12082641944289207
v -0.0622386708855629 -0.4433453381061554 0.12082641944289207
v -0.19450801610946655 -0.427143394947052 0.12553754076361656
v -0.0622386708855629 -0.4433453381061554 0.12082641944289207
v -0.06124916672706604 -0.44126826524734497 0.12553754076361656
v -0.19450801610946655 -0.427143394947052 0.12553754076361656
v -0.19450801610946655 -0.427143394947052 0.12553754076361656
v -0.06124916672706604 -0.44126826524734497 0.12553754076361656
v -0.1942959576845169 -0.42455562949180603 0.12992751225829124
v -0.06124916672706604 -0.44126826524734497 0.12553754076361656
v -0.06006541848182678 -0.4387834966182709 0.12992751225829124
v -0.1942959576845169 -0.42455562949180603 0.12992751225829124
v -0.1942959576845169 -0.42455562949180603 0.12992751225829124
v -0.06006541848182678 -0.4387834966182709 0.12992751225829124
v -0.19405177235603333 -0.42157578468322754 0.13394112512469292
v -0.06006541848182678 -0.4387834966182709 0.12992751225829124
v -0.058702319860458374 -0.435922235250473 0.13394112512469292
v -0.19405177235603333 -0.42157578468322754 0.13394112512469292
v -0.19405177235603333 -0.42157578468322754 0.13394112512469292
v -0.058702319860458374 -0.435922235250473 0.13394112512469292
v -0.19377852976322174 -0.41824132204055786 0.13752790912985802
v -0.058702319860458374 -0.435922235250473 0.13394112512469292
v -0.05717701464891434 -0.43272051215171814 0.13752790912985802
v -0.19377852976322174 -0.41824132204055786 0.13752790912985802
v -0.19377852976322174 -0.41824132204055786 0.13752790912985802
v -0.05717701464891434 -0.43272051215171814 0.13752790912985802
v -0.19347965717315674 -0.41459420323371887 0.14064275845885277
v -0.05717701464891434 -0.43272051215171814 0.13752790912985802
v -0.05550868809223175 -0.4292185306549072 0.14064275845885277
v -0.19347965717315674 -0.41459420323371887 0.14064275845885277
v -0.19347965717315674 -0.41459420323371887 0.14064275845885277
v -0.05550868809223175 -0.4292185306549072 0.14064275845885277
v -0.19315893948078156 -0.41068026423454285 0.14324651286005974
v -0.05550868809223175 -0.4292185306549072 0.14064275845885277
v -0.05371830612421036 -0.4254603683948517 0.14324651286005974
v -0.19315893948078156 -0.41068026423454285 0.14324651286005974
v -0.19315893948078156 -0.41068026423454285 0.14324651286005974
v -0.05371830612421036 -0.4254603683948517 0.14324651286005974
v -0.19282037019729614 -0.40654876828193665 0.14530640468001366
v -0.05371830612421036 -0.4254603683948517 0.14324651286005974
v -0.05182839184999466 -0.4214932918548584 0.14530640468001366
v -0.19282037019729614 -0.40654876828193665 0.14530640468001366
v -0.19282037019729614 -0.40654876828193665 0.14530640468001366
v -0.05182839184999466 -0.4214932918548584 0.14530640468001366
v -0.19246824085712433 -0.40225160121917725 0.14679653570055962
v -0.05182839184999466 -0.4214932918548584 0.14530640468001366
v -0.04986271634697914 -0.41736719012260437 0.14679653570055962
v -0.19246824085712433 -0.40225160121917725 0.14679653570055962
v -0.19246824085712433 -0.40225160121917725 0.14679653570055962
v -0.04986271634697914 -0.41736719012260437 0.14679653570055962
v -0.1921069622039795 -0.3978428840637207 0.14769819006323814
v -0.04986271634697914 -0.41736719012260437 0.14679653570055962
v -0.0478459931910038 -0.4131339192390442 0.14769819006323814
v -0.1921069622039795 -0.3978428840637207 0.14769819006323814
v -0.1921069622039795 -0.3978428840637207 0.14769819006323814
v -0.0478459931910038 -0.4131339192390442 0.14769819006323814
v -0.19174107909202576 -0.39337798953056335 0.14799999818205833
v -0.0478459931910038 -0.4131339192390442 0.14769819006323814
v -0.04580358415842056 -0.40884673595428467 0.14799999818205833
v -0.19174107909202576 -0.39337798953056335 0.14799999818205833
v -0.04580358415842056 -0.40884673595428467 -0.14799999818205833
v -0.0028348341584205627 -0.451659232378006 -0.14799999818205833
v -0.0478459931910038 -0.4131339192390442 -0.14769818261265755
v -0.0028348341584205627 -0.451659232378006 -0.14799999818205833
v -0.00711873359978199 -0.4537130892276764 -0.14769818261265755
v -0.0478459931910038 -0.4131339192390442 -0.14769818261265755
v -0.0478459931910038 -0.4131339192390442 -0.14769818261265755
v -0.00711873359978199 -0.4537130892276764 -0.14769818261265755
v -0.04986271634697914 -0.41736719012260437 -0.14679653570055962
v -0.00711873359978199 -0.4537130892276764 -0.14769818261265755
v -0.01134876161813736 -0.4557410776615143 -0.14679653570055962
v -0.04986271634697914 -0.41736719012260437 -0.14679653570055962
v -0.04986271634697914 -0.41736719012260437 -0.14679653570055962
v -0.01134876161813736 -0.4557410776615143 -0.14679653570055962
v -0.05182839184999466 -0.4214932918548584 -0.14530639722943306
v -0.01134876161813736 -0.4557410776615143 -0.14679653570055962
v -0.015471722930669785 -0.45771777629852295 -0.14530639722943306
v -0.05182839184999466 -0.4214932918548584 -0.14530639722943306
v -0.05182839184999466 -0.4214932918548584 -0.14530639722943306
v -0.015471722930669785 -0.45771777629852295 -0.14530639722943306
v -0.05371830612421036 -0.4254603683948517 -0.14324650168418884
v -0.015471722930669785 -0.45771777629852295 -0.14530639722943306
v -0.019435767084360123 -0.4596182405948639 -0.14324650168418884
v -0.05371830612421036 -0.4254603683948517 -0.14324650168418884
v -0.05371830612421036 -0.4254603683948517 -0.14324650168418884
v -0.019435767084360123 -0.4596182405948639 -0.14324650168418884
v -0.05550868809223175 -0.4292185306549072 -0.14064275845885277
v -0.019435767084360123 -0.4596182405948639 -0.14324650168418884
v -0.023191045969724655 -0.46141865849494934 -0.14064275845885277
v -0.05550868809223175 -0.4292185306549072 -0.14064275845885277
v -0.05550868809223175 -0.4292185306549072 -0.14064275845885277
v -0.023191045969724655 -0.46141865849494934 -0.14064275845885277
v -0.05717701464891434 -0.43272051215171814 -0.13752790912985802
v -0.023191045969724655 -0.46141865849494934 -0.14064275845885277
v -0.026690330356359482 -0.4630963206291199 -0.13752790912985802
v -0.05717701464891434 -0.43272051215171814 -0.13752790912985802
v -0.05717701464891434 -0.43272051215171814 -0.13752790912985802
v -0.026690330356359482 -0.4630963206291199 -0.13752790912985802
v -0.058702319860458374 -0.435922235250473 -0.13394112139940262
v -0.026690330356359482 -0.4630963206291199 -0.13752790912985802
v -0.02988962084054947 -0.4646301567554474 -0.13394112139940262
v -0.058702319860458374 -0.435922235250473 -0.13394112139940262
v -0.058702319860458374 -0.435922235250473 -0.13394112139940262
v -0.02988962084054947 -0.4646301567554474 -0.13394112139940262
v -0.06006541848182678 -0.4387834966182709 -0.12992750853300095
v -0.02988962084054947 -0.4646301567554474 -0.13394112139940262
v -0.03274868056178093 -0.46600088477134705 -0.12992750853300095
v -0.06006541848182678 -0.4387834966182709 -0.12992750853300095
v -0.06006541848182678 -0.4387834966182709 -0.12992750853300095
v -0.03274868056178093 -0.46600088477134705 -0.12992750853300095
v -0.06124916672706604 -0.44126826524734497 -0.12553753703832626
v -0.03274868056178093 -0.46600088477134705 -0.12992750853300095
v -0.03523155674338341 -0.46719124913215637 -0.12553753703832626
v -0.06124916672706604 -0.44126826524734497 -0.12553753703832626
v -0.06124916672706604 -0.44126826524734497 -0.12553753703832626
v -0.03523155674338341 -0.46719124913215637 -0.12553753703832626
v -0.0622386708855629 -0.4433453381061554 -0.12082641758024693
v -0.03523155674338341 -0.46719124913215637 -0.12553753703832626
v -0.037307027727365494 -0.46818631887435913 -0.12082641758024693
v -0.0622386708855629 -0.4433453381061554 -0.12082641758024693
v -0.0622386708855629 -0.4433453381061554 -0.12082641758024693
v -0.037307027727365494 -0.46818631887435913 -0.12082641758024693
v -0.06302149593830109 -0.44498854875564575 -0.11585339345037937
v -0.037307027727365494 -0.46818631887435913 -0.12082641758024693
v -0.03894898667931557 -0.4689735174179077 -0.11585339345037937
v -0.06302149593830109 -0.44498854875564575 -0.11585339345037937
v -0.06302149593830109 -0.44498854875564575 -0.11585339345037937
v -0.03894898667931557 -0.4689735174179077 -0.11585339345037937
v -0.06358779966831207 -0.44617724418640137 -0.11068100295960903
v -0.03894898667931557 -0.4689735174179077 -0.11585339345037937
v -0.04013679176568985 -0.4695429801940918 -0.11068100295960903
v -0.06358779966831207 -0.44617724418640137 -0.11068100295960903
v -0.06358779966831207 -0.44617724418640137 -0.11068100295960903
v -0.04013679176568985 -0.4695429801940918 -0.11068100295960903
v -0.0639304593205452 -0.4468965232372284 -0.10537429247051477
v -0.04013679176568985 -0.4695429801940918 -0.11068100295960903
v -0.04085550457239151 -0.46988755464553833 -0.10537429247051477
v -0.0639304593205452 -0.4468965232372284 -0.10537429247051477
v -0.0639304593205452 -0.4468965232372284 -0.10537429247051477
v -0.04085550457239151 -0.46988755464553833 -0.10537429247051477
v -0.06404515355825424 -0.4471372961997986 -0.09999999776482582
v -0.04085550457239151 -0.46988755464553833 -0.10537429247051477
v -0.04109608009457588 -0.4700028896331787 -0.09999999776482582
v -0.06404515355825424 -0.4471372961997986 -0.09999999776482582
v -0.06404515355825424 -0.4471372961997986 -0.09999999776482582
v -0.04109608009457588 -0.4700028896331787 -0.09999999776482582
v -0.06404515355825424 -0.4471372961997986 0.10000000521540642
v -0.04109608009457588 -0.4700028896331787 -0.09999999776482582
v -0.04109608009457588 -0.4700028896331787 0.10000000521540642
v -0.06404515355825424 -0.4471372961997986 0.10000000521540642
v -0.06404515355825424 -0.4471372961997986 0.10000000521540642
v -0.04109608009457588 -0.4700028896331787 0.10000000521540642
v -0.0639304593205452 -0.4468965232372284 0.1053743027150631
v -0.04109608009457588 -0.4700028896331787 0.10000000521540642
v -0.04085550457239151 -0.46988755464553833 0.1053743027150631
v -0.0639304593205452 -0.4468965232372284 0.1053743027150631
v -0.0639304593205452 -0.4468965232372284 0.1053743027150631
v -0.04085550457239151 -0.46988755464553833 0.1053743027150631
v -0.06358779966831207 -0.44617724418640137 0.11068100854754448
v -0.04085550457239151 -0.46988755464553833 0.1053743027150631
v -0.04013679176568985 -0.4695429801940918 0.11068100854754448
v -0.06358779966831207 -0.44617724418640137 0.11068100854754448
v -0.06358779966831207 -0.44617724418640137 0.11068100854754448
v -0.04013679176568985 -0.4695429801940918 0.11068100854754448
v -0.06302149593830109 -0.44498854875564575 0.11585339531302452
v -0.04013679176568985 -0.4695429801940918 0.11068100854754448
v -0.03894898667931557 -0.4689735174179077 0.11585339531302452
v -0.06302149593830109 -0.44498854875564575 0.11585339531302452
v -0.06302149593830109 -0.44498854875564575 0.11585339531302452
v -0.03894898667931557 -0.4689735174179077 0.11585339531302452
v -0.0622386708855629 -0.4433453381061554 0.12082641944289207
v -0.03894898667931557 -0.4689735174179077 0.11585339531302452
v -0.037307027727365494 -0.46818631887435913 0.12082641944289207
v -0.0622386708855629 -0.4433453381061554 0.12082641944289207
v -0.0622386708855629 -0.4433453381061554 0.12082641944289207
v -0.037307027727365494 -0.46818631887435913 0.12082641944289207
v -0.06124916672706604 -0.44126826524734497 0.12553754076361656
v -0.037307027727365494 -0.46818631887435913 0.12082641944289207
v -0.03523155674338341 -0.46719124913215637 0.12553754076361656
v -0.06124916672706604 -0.44126826524734497 0.12553754076361656
v -0.06124916672706604 -0.44126826524734497 0.12553754076361656
v -0.03523155674338341 -0.46719124913215637 0.12553754076361656
v -0.06006541848182678 -0.4387834966182709 0.12992751225829124
v -0.03523155674338341 -0.46719124913215637 0.12553754076361656
v -0.03274868056178093 -0.46600088477134705 0.12992751225829124
v -0.06006541848182678 -0.4387834966182709 0.12992751225829124
v -0.06006541848182678 -0.4387834966182709 0.12992751225829124
v -0.03274868056178093 -0.46600088477134705 0.12992751225829124
v -0.058702319860458374 -0.435922235250473 0.13394112512469292
v -0.03274868056178093 -0.46600088477134705 0.12992751225829124
v -0.02988962084054947 -0.4646301567554474 0.13394112512469292
v -0.058702319860458374 -0.435922235250473 0.13394112512469292
v -0.058702319860458374 -0.435922235250473 0.13394112512469292
v -0.02988962084054947 -0.4646301567554474 0.13394112512469292
v -0.05717701464891434 -0.43272051215171814 0.13752790912985802
v -0.02988962084054947 -0.4646301567554474 0.13394112512469292
v -0.026690330356359482 -0.4630963206291199 0.13752790912985802
v -0.05717701464891434 -0.43272051215171814 0.13752790912985802
v -0.05717701464891434 -0.43272051215171814 0.13752790912985802
v -0.026690330356359482 -0.4630963206291199 0.13752790912985802
v -0.05550868809223175 -0.4292185306549072 0.14064275845885277
v -0.026690330356359482 -0.4630963206291199 0.13752790912985802
v -0.023191045969724655 -0.46141865849494934 0.14064275845885277
v -0.05550868809223175 -0.4292185306549072 0.14064275845885277
v -0.05550868809223175 -0.4292185306549072 0.14064275845885277
v -0.023191045969724655 -0.46141865849494934 0.14064275845885277
v -0.05371830612421036 -0.4254603683948517 0.14324651286005974
v -0.023191045969724655 -0.46141865849494934 0.14064275845885277
v -0.019435767084360123 -0.4596182405948639 0.14324651286005974
v -0.05371830612421036 -0.4254603683948517 0.14324651286005974
v -0.05371830612421036 -0.4254603683948517 0.14324651286005974
v -0.019435767084360123 -0.4596182405948639 0.14324651286005974
v -0.05182839184999466 -0.4214932918548584 0.14530640468001366
v -0.019435767084360123 -0.4596182405948639 0.14324651286005974
v -0.015471722930669785 -0.45771777629852295 0.14530640468001366
v -0.05182839184999466 -0.4214932918548584 0.14530640468001366
v -0.05182839184999466 -0.4214932918548584 0.14530640468001366
v -0.015471722930669785 -0.45771777629852295 0.14530640468001366
v -0.04986271634697914 -0.41736719012260437 0.14679653570055962
v -0.015471722930669785 -0.45771777629852295 0.14530640468001366
v -0.01134876161813736 -0.4557410776615143 0.14679653570055962
v -0.04986271634697914 -0.41736719012260437 0.14679653570055962
v -0.04986271634697914 -0.41736719012260437 0.14679653570055962
v -0.01134876161813736 -0.4557410776615143 0.14679653570055962
v -0.0478459931910038 -0.4131339192390442 0.14769819006323814
v -0.01134876161813736 -0.4557410776615143 0.14679653570055962
v -0.00711873359978199 -0.4537130892276764 0.14769819006323814
v -0.0478459931910038 -0.4131339192390442 0.14769819006323814
v -0.0478459931910038 -0.4131339192390442 0.14769819006323814
v -0.00711873359978199 -0.4537130892276764 0.14769819006323814
v -0.04580358415842056 -0.40884673595428467 0.14799999818205833
v -0.00711873359978199 -0.4537130892276764 0.14769819006323814
v -0.0028348341584205627 -0.451659232378006 0.14799999818205833
v -0.04580358415842056 -0.40884673595428467 0.14799999818205833
v -0.0028348341584205627 -0.451659232378006 -0.14799999818205833
v 0.011852666037157178 -0.5885342359542847 -0.14799999818205833
v -0.00711873359978199 -0.4537130892276764 -0.14769818261265755
v 0.011852666037157178 -0.5885342359542847 -0.14799999818205833
v 0.007385934004560113 -0.5888842344284058 -0.14769818261265755
v -0.00711873359978199 -0.4537130892276764 -0.14769818261265755
v -0.00711873359978199 -0.4537130892276764 -0.14769818261265755
v 0.007385934004560113 -0.5888842344284058 -0.14769818261265755
v -0.01134876161813736 -0.4557410776615143 -0.14679653570055962
v 0.007385934004560113 -0.5888842344284058 -0.14769818261265755
v 0.0029753735288977623 -0.5892298221588135 -0.14679653570055962
v -0.01134876161813736 -0.4557410776615143 -0.14679653570055962
v -0.01134876161813736 -0.4557410776615143 -0.14679653570055962
v 0.0029753735288977623 -0.5892298221588135 -0.14679653570055962
v -0.015471722930669785 -0.45771777629852295 -0.14530639722943306
v 0.0029753735288977623 -0.5892298221588135 -0.14679653570055962
v -0.001323550008237362 -0.589566707611084 -0.14530639722943306
v -0.015471722930669785 -0.45771777629852295 -0.14530639722943306
v -0.015471722930669785 -0.45771777629852295 -0.14530639722943306
v -0.001323550008237362 -0.589566707611084 -0.14530639722943306
v -0.019435767084360123 -0.4596182405948639 -0.14324650168418884
v -0.001323550008237362 -0.589566707611084 -0.14530639722943306
v -0.005456774495542049 -0.5898905396461487 -0.14324650168418884
v -0.019435767084360123 -0.4596182405948639 -0.14324650168418884
v -0.019435767084360123 -0.4596182405948639 -0.14324650168418884
v -0.005456774495542049 -0.5898905396461487 -0.14324650168418884
v -0.023191045969724655 -0.46141865849494934 -0.14064275845885277
v -0.005456774495542049 -0.5898905396461487 -0.14324650168418884
v -0.009372323751449585 -0.5901973843574524 -0.14064275845885277
v -0.023191045969724655 -0.46141865849494934 -0.14064275845885277
v -0.023191045969724655 -0.46141865849494934 -0.14064275845885277
v -0.009372323751449585 -0.5901973843574524 -0.14064275845885277
v -0.026690330356359482 -0.4630963206291199 -0.13752790912985802
v -0.009372323751449585 -0.5901973843574524 -0.14064275845885277
v -0.01302095502614975 -0.5904833078384399 -0.13752790912985802
v -0.026690330356359482 -0.4630963206291199 -0.13752790912985802
v -0.026690330356359482 -0.4630963206291199 -0.13752790912985802
v -0.01302095502614975 -0.5904833078384399 -0.13752790912985802
v -0.02988962084054947 -0.4646301567554474 -0.13394112139940262
v -0.01302095502614975 -0.5904833078384399 -0.13752790912985802
v -0.016356786713004112 -0.59074467420578 -0.13394112139940262
v -0.02988962084054947 -0.4646301567554474 -0.13394112139940262
v -0.02988962084054947 -0.4646301567554474 -0.13394112139940262
v -0.016356786713004112 -0.59074467420578 -0.13394112139940262
v -0.03274868056178093 -0.46600088477134705 -0.12992750853300095
v -0.016356786713004112 -0.59074467420578 -0.13394112139940262
v -0.019337868317961693 -0.5909782648086548 -0.12992750853300095
v -0.03274868056178093 -0.46600088477134705 -0.12992750853300095
v -0.03274868056178093 -0.46600088477134705 -0.12992750853300095
v -0.019337868317961693 -0.5909782648086548 -0.12992750853300095
v -0.03523155674338341 -0.46719124913215637 -0.12553753703832626
v -0.019337868317961693 -0.5909782648086548 -0.12992750853300095
v -0.02192671038210392 -0.5911810994148254 -0.12553753703832626
v -0.03523155674338341 -0.46719124913215637 -0.12553753703832626
v -0.03523155674338341 -0.46719124913215637 -0.12553753703832626
v -0.02192671038210392 -0.5911810994148254 -0.12553753703832626
v -0.037307027727365494 -0.46818631887435913 -0.12082641758024693
v -0.02192671038210392 -0.5911810994148254 -0.12553753703832626
v -0.024090759456157684 -0.5913506746292114 -0.12082641758024693
v -0.037307027727365494 -0.46818631887435913 -0.12082641758024693
v -0.037307027727365494 -0.46818631887435913 -0.12082641758024693
v -0.024090759456157684 -0.5913506746292114 -0.12082641758024693
v -0.03894898667931557 -0.4689735174179077 -0.11585339345037937
v -0.024090759456157684 -0.5913506746292114 -0.12082641758024693
v -0.025802794843912125 -0.5914848446846008 -0.11585339345037937
v -0.03894898667931557 -0.4689735174179077 -0.11585339345037937
v -0.03894898667931557 -0.4689735174179077 -0.11585339345037937
v -0.025802794843912125 -0.5914848446846008 -0.11585339345037937
v -0.04013679176568985 -0.4695429801940918 -0.11068100295960903
v -0.025802794843912125 -0.5914848446846008 -0.11585339345037937
v -0.027041293680667877 -0.5915818810462952 -0.11068100295960903
v -0.04013679176568985 -0.4695429801940918 -0.11068100295960903
v -0.04013679176568985 -0.4695429801940918 -0.11068100295960903
v -0.027041293680667877 -0.5915818810462952 -0.11068100295960903
v -0.04085550457239151 -0.46988755464553833 -0.10537429247051477
v -0.027041293680667877 -0.5915818810462952 -0.11068100295960903
v -0.027790676802396774 -0.5916405916213989 -0.10537429247051477
v -0.04085550457239151 -0.46988755464553833 -0.10537429247051477
v -0.04085550457239151 -0.46988755464553833 -0.10537429247051477
v -0.027790676802396774 -0.5916405916213989 -0.10537429247051477
v -0.04109608009457588 -0.4700028896331787 -0.09999999776482582
v -0.027790676802396774 -0.5916405916213989 -0.10537429247051477
v -0.028041522949934006 -0.5916602611541748 -0.09999999776482582
v -0.04109608009457588 -0.4700028896331787 -0.09999999776482582
v -0.04109608009457588 -0.4700028896331787 -0.09999999776482582
v -0.028041522949934006 -0.5916602611541748 -0.09999999776482582
v -0.04109608009457588 -0.4700028896331787 0.10000000521540642
v -0.028041522949934006 -0.5916602611541748 -0.09999999776482582
v -0.028041522949934006 -0.5916602611541748 0.10000000521540642
v -0.04109608009457588 -0.4700028896331787 0.10000000521540642
v -0.04109608009457588 -0.4700028896331787 0.10000000521540642
v -0.028041522949934006 -0.5916602611541748 0.10000000521540642
v -0.04085550457239151 -0.46988755464553833 0.1053743027150631
v -0.028041522949934006 -0.5916602611541748 0.10000000521540642
v -0.027790676802396774 -0.5916405916213989 0.1053743027150631
v -0.04085550457239151 -0.46988755464553833 0.1053743027150631
v -0.04085550457239151 -0.46988755464553833 0.1053743027150631
v -0.027790676802396774 -0.5916405916213989 0.1053743027150631
v -0.04013679176568985 -0.4695429801940918 0.11068100854754448
v -0.027790676802396774 -0.5916405916213989 0.1053743027150631
v -0.027041293680667877 -0.5915818810462952 0.11068100854754448
v -0.04013679176568985 -0.4695429801940918 0.11068100854754448
v -0.04013679176568985 -0.4695429801940918 0.11068100854754448
v -0.027041293680667877 -0.5915818810462952 0.11068100854754448
v -0.03894898667931557 -0.4689735174179077 0.11585339531302452
v -0.027041293680667877 -0.5915818810462952 0.11068100854754448
v -0.025802794843912125 -0.5914848446846008 0.11585339531302452
v -0.03894898667931557 -0.4689735174179077 0.11585339531302452
v -0.03894898667931557 -0.4689735174179077 0.11585339531302452
v -0.025802794843912125 -0.5914848446846008 0.11585339531302452
v -0.037307027727365494 -0.46818631887435913 0.12082641944289207
v -0.025802794843912125 -0.5914848446846008 0.11585339531302452
v -0.024090759456157684 -0.5913506746292114 0.12082641944289207
v -0.037307027727365494 -0.46818631887435913 0.12082641944289207
v -0.037307027727365494 -0.46818631887435913 0.12082641944289207
v -0.024090759456157684 -0.5913506746292114 0.12082641944289207
v -0.03523155674338341 -0.46719124913215637 0.12553754076361656
v -0.024090759456157684 -0.5913506746292114 0.12082641944289207
v -0.02192671038210392 -0.5911810994148254 0.12553754076361656
v -0.03523155674338341 -0.46719124913215637 0.12553754076361656
v -0.03523155674338341 -0.46719124913215637 0.12553754076361656
v -0.02192671038210392 -0.5911810994148254 0.12553754076361656
v -0.03274868056178093 -0.46600088477134705 0.12992751225829124
v -0.02192671038210392 -0.5911810994148254 0.12553754076361656
v -0.019337868317961693 -0.5909782648086548 0.12992751225829124
v -0.03274868056178093 -0.46600088477134705 0.12992751225829124
v -0.03274868056178093 -0.46600088477134705 0.12992751225829124
v -0.019337868317961693 -0.5909782648086548 0.12992751225829124
v -0.02988962084054947 -0.4646301567554474 0.13394112512469292
v -0.019337868317961693 -0.5909782648086548 0.12992751225829124
v -0.016356786713004112 -0.59074467420578 0.13394112512469292
v -0.02988962084054947 -0.4646301567554474 0.13394112512469292
v -0.02988962084054947 -0.4646301567554474 0.13394112512469292
v -0.016356786713004112 -0.59074467420578 0.13394112512469292
v -0.026690330356359482 -0.4630963206291199 0.13752790912985802
v -0.016356786713004112 -0.59074467420578 0.13394112512469292
v -0.01302095502614975 -0.5904833078384399 0.13752790912985802
v -0.026690330356359482 -0.4630963206291199 0.13752790912985802
v -0.026690330356359482 -0.4630963206291199 0.13752790912985802
v -0.01302095502614975 -0.5904833078384399 0.13752790912985802
v -0.023191045969724655 -0.46141865849494934 0.14064275845885277
v -0.01302095502614975 -0.5904833078384399 0.13752790912985802
v -0.009372323751449585 -0.5901973843574524 0.14064275845885277
v -0.023191045969724655 -0.46141865849494934 0.14064275845885277
v -0.023191045969724655 -0.46141865849494934 0.14064275845885277
v -0.009372323751449585 -0.5901973843574524 0.14064275845885277
v -0.019435767084360123 -0.4596182405948639 0.14324651286005974
v -0.009372323751449585 -0.5901973843574524 0.14064275845885277
v -0.005456774495542049 -0.5898905396461487 0.14324651286005974
v -0.019435767084360123 -0.4596182405948639 0.14324651286005974
v -0.019435767084360123 -0.4596182405948639 0.14324651286005974
v -0.005456774495542049 -0.5898905396461487 0.14324651286005974
v -0.015471722930669785 -0.45771777629852295 0.14530640468001366
v -0.005456774495542049 -0.5898905396461487 0.14324651286005974
v -0.001323550008237362 -0.589566707611084 0.14530640468001366
v -0.015471722930669785 -0.45771777629852295 0.14530640468001366
v -0.015471722930669785 -0.45771777629852295 0.14530640468001366
v -0.001323550008237362 -0.589566707611084 0.14530640468001366
v -0.01134876161813736 -0.4557410776615143 0.14679653570055962
v -0.001323550008237362 -0.589566707611084 0.14530640468001366
v 0.0029753735288977623 -0.5892298221588135 0.14679653570055962
v -0.01134876161813736 -0.4557410776615143 0.14679653570055962
v -0.01134876161813736 -0.4557410776615143 0.14679653570055962
v 0.0029753735288977623 -0.5892298221588135 0.14679653570055962
v -0.00711873359978199 -0.4537130892276764 0.14769819006323814
v 0.0029753735288977623 -0.5892298221588135 0.14679653570055962
v 0.007385934004560113 -0.5888842344284058 0.14769819006323814
v -0.00711873359978199 -0.4537130892276764 0.14769819006323814
v -0.00711873359978199 -0.4537130892276764 0.14769819006323814
v 0.007385934004560113 -0.5888842344284058 0.14769819006323814
v -0.0028348341584205627 -0.451659232378006 0.14799999818205833
v 0.007385934004560113 -0.5888842344284058 0.14769819006323814
v 0.011852666037157178 -0.5885342359542847 0.14799999818205833
v -0.0028348341584205627 -0.451659232378006 0.14799999818205833
v 0.011852666037157178 -0.5885342359542847 -0.14799999818205833
v 0.022790166549384594 -0.8093155026435852 -0.14799999818205833
v 0.007385934004560113 -0.5888842344284058 -0.14769818261265755
v 0.022790166549384594 -0.8093155026435852 -0.14799999818205833
v 0.018380369059741497 -0.8108147382736206 -0.14769818261265755
v 0.007385934004560113 -0.5888842344284058 -0.14769818261265755
v 0.007385934004560113 -0.5888842344284058 -0.14769818261265755
v 0.018380369059741497 -0.8108147382736206 -0.14769818261265755
v 0.0029753735288977623 -0.5892298221588135 -0.14679653570055962
v 0.018380369059741497 -0.8108147382736206 -0.14769818261265755
v 0.014026027172803879 -0.8122951984405518 -0.14679653570055962
v 0.0029753735288977623 -0.5892298221588135 -0.14679653570055962
v 0.0029753735288977623 -0.5892298221588135 -0.14679653570055962
v 0.014026027172803879 -0.8122951984405518 -0.14679653570055962
v -0.001323550008237362 -0.589566707611084 -0.14530639722943306
v 0.014026027172803879 -0.8122951984405518 -0.14679653570055962
v 0.009781899629160762 -0.8137381076812744 -0.14530639722943306
v -0.001323550008237362 -0.589566707611084 -0.14530639722943306
v -0.001323550008237362 -0.589566707611084 -0.14530639722943306
v 0.009781899629160762 -0.8137381076812744 -0.14530639722943306
v -0.005456774495542049 -0.5898905396461487 -0.14324650168418884
v 0.009781899629160762 -0.8137381076812744 -0.14530639722943306
v 0.00570135866291821 -0.8151254653930664 -0.14324650168418884
v -0.005456774495542049 -0.5898905396461487 -0.14324650168418884
v -0.005456774495542049 -0.5898905396461487 -0.14324650168418884
v 0.00570135866291821 -0.8151254653930664 -0.14324650168418884
v -0.009372323751449585 -0.5901973843574524 -0.14064275845885277
v 0.00570135866291821 -0.8151254653930664 -0.14324650168418884
v 0.0018357192166149616 -0.8164397478103638 -0.14064275845885277
v -0.009372323751449585 -0.5901973843574524 -0.14064275845885277
v -0.009372323751449585 -0.5901973843574524 -0.14064275845885277
v 0.0018357192166149616 -0.8164397478103638 -0.14064275845885277
v -0.01302095502614975 -0.5904833078384399 -0.13752790912985802
v 0.0018357192166149616 -0.8164397478103638 -0.14064275845885277
v -0.001766405999660492 -0.817664384841919 -0.13752790912985802
v -0.01302095502614975 -0.5904833078384399 -0.13752790912985802
v -0.01302095502614975 -0.5904833078384399 -0.13752790912985802
v -0.001766405999660492 -0.817664384841919 -0.13752790912985802
v -0.016356786713004112 -0.59074467420578 -0.13394112139940262
v -0.001766405999660492 -0.817664384841919 -0.13752790912985802
v -0.00505971722304821 -0.8187840580940247 -0.13394112139940262
v -0.016356786713004112 -0.59074467420578 -0.13394112139940262
v -0.016356786713004112 -0.59074467420578 -0.13394112139940262
v -0.00505971722304821 -0.8187840580940247 -0.13394112139940262
v -0.019337868317961693 -0.5909782648086548 -0.12992750853300095
v -0.00505971722304821 -0.8187840580940247 -0.13394112139940262
v -0.00800280086696148 -0.8197847008705139 -0.12992750853300095
v -0.019337868317961693 -0.5909782648086548 -0.12992750853300095
v -0.019337868317961693 -0.5909782648086548 -0.12992750853300095
v -0.00800280086696148 -0.8197847008705139 -0.12992750853300095
v -0.02192671038210392 -0.5911810994148254 -0.12553753703832626
v -0.00800280086696148 -0.8197847008705139 -0.12992750853300095
v -0.01055864430963993 -0.8206536173820496 -0.12553753703832626
v -0.02192671038210392 -0.5911810994148254 -0.12553753703832626
v -0.02192671038210392 -0.5911810994148254 -0.12553753703832626
v -0.01055864430963993 -0.8206536173820496 -0.12553753703832626
v -0.024090759456157684 -0.5913506746292114 -0.12082641758024693
v -0.01055864430963993 -0.8206536173820496 -0.12553753703832626
v -0.012695107609033585 -0.8213800191879272 -0.12082641758024693
v -0.024090759456157684 -0.5913506746292114 -0.12082641758024693
v -0.024090759456157684 -0.5913506746292114 -0.12082641758024693
v -0.012695107609033585 -0.8213800191879272 -0.12082641758024693
v -0.025802794843912125 -0.5914848446846008 -0.11585339345037937
v -0.012695107609033585 -0.8213800191879272 -0.12082641758024693
v -0.014385323971509933 -0.8219546675682068 -0.11585339345037937
v -0.025802794843912125 -0.5914848446846008 -0.11585339345037937
v -0.025802794843912125 -0.5914848446846008 -0.11585339345037937
v -0.014385323971509933 -0.8219546675682068 -0.11585339345037937
v -0.027041293680667877 -0.5915818810462952 -0.11068100295960903
v -0.014385323971509933 -0.8219546675682068 -0.11585339345037937
v -0.015608035027980804 -0.8223703503608704 -0.11068100295960903
v -0.027041293680667877 -0.5915818810462952 -0.11068100295960903
v -0.027041293680667877 -0.5915818810462952 -0.11068100295960903
v -0.015608035027980804 -0.8223703503608704 -0.11068100295960903
v -0.027790676802396774 -0.5916405916213989 -0.10537429247051477
v -0.015608035027980804 -0.8223703503608704 -0.11068100295960903
v -0.016347868368029594 -0.8226218819618225 -0.10537429247051477
v -0.027790676802396774 -0.5916405916213989 -0.10537429247051477
v -0.027790676802396774 -0.5916405916213989 -0.10537429247051477
v -0.016347868368029594 -0.8226218819618225 -0.10537429247051477
v -0.028041522949934006 -0.5916602611541748 -0.09999999776482582
v -0.016347868368029594 -0.8226218819618225 -0.10537429247051477
v -0.016595516353845596 -0.8227061033248901 -0.09999999776482582
v -0.028041522949934006 -0.5916602611541748 -0.09999999776482582
v -0.028041522949934006 -0.5916602611541748 -0.09999999776482582
v -0.016595516353845596 -0.8227061033248901 -0.09999999776482582
v -0.028041522949934006 -0.5916602611541748 0.10000000521540642
v -0.016595516353845596 -0.8227061033248901 -0.09999999776482582
v -0.016595516353845596 -0.8227061033248901 0.10000000521540642
v -0.028041522949934006 -0.5916602611541748 0.10000000521540642
v -0.028041522949934006 -0.5916602611541748 0.10000000521540642
v -0.016595516353845596 -0.8227061033248901 0.10000000521540642
v -0.027790676802396774 -0.5916405916213989 0.1053743027150631
v -0.016595516353845596 -0.8227061033248901 0.10000000521540642
v -0.016347868368029594 -0.8226218819618225 0.1053743027150631
v -0.027790676802396774 -0.5916405916213989 0.1053743027150631
v -0.027790676802396774 -0.5916405916213989 0.1053743027150631
v -0.016347868368029594 -0.8226218819618225 0.1053743027150631
v -0.027041293680667877 -0.5915818810462952 0.11068100854754448
v -0.016347868368029594 -0.8226218819618225 0.1053743027150631
v -0.015608035027980804 -0.8223703503608704 0.11068100854754448
v -0.027041293680667877 -0.5915818810462952 0.11068100854754448
v -0.027041293680667877 -0.5915818810462952 0.11068100854754448
v -0.015608035027980804 -0.8223703503608704 0.11068100854754448
v -0.025802794843912125 -0.5914848446846008 0.11585339531302452
v -0.015608035027980804 -0.8223703503608704 0.11068100854754448
v -0.014385323971509933 -0.8219546675682068 0.11585339531302452
v -0.025802794843912125 -0.5914848446846008 0.11585339531302452
v -0.025802794843912125 -0.5914848446846008 0.11585339531302452
v -0.014385323971509933 -0.8219546675682068 0.11585339531302452
v -0.024090759456157684 -0.5913506746292114 0.12082641944289207
v -0.014385323971509933 -0.8219546675682068 0.11585339531302452
v -0.012695107609033585 -0.8213800191879272 0.12082641944289207
v -0.024090759456157684 -0.5913506746292114 0.12082641944289207
v -0.024090759456157684 -0.5913506746292114 0.12082641944289207
v -0.012695107609033585 -0.8213800191879272 0.12082641944289207
v -0.02192671038210392 -0.5911810994148254 0.12553754076361656
v -0.012695107609033585 -0.8213800191879272 0.12082641944289207
v -0.01055864430963993 -0.8206536173820496 0.12553754076361656
v -0.02192671038210392 -0.5911810994148254 0.12553754076361656
v -0.02192671038210392 -0.5911810994148254 0.12553754076361656
v -0.01055864430963993 -0.8206536173820496 0.12553754076361656
v -0.019337868317961693 -0.5909782648086548 0.12992751225829124
v -0.01055864430963993 -0.8206536173820496 0.12553754076361656
v -0.00800280086696148 -0.8197847008705139 0.12992751225829124
v -0.019337868317961693 -0.5909782648086548 0.12992751225829124
v -0.019337868317961693 -0.5909782648086548 0.12992751225829124
v -0.00800280086696148 -0.8197847008705139 0.12992751225829124
v -0.016356786713004112 -0.59074467420578 0.13394112512469292
v -0.00800280086696148 -0.8197847008705139 0.12992751225829124
v -0.00505971722304821 -0.8187840580940247 0.13394112512469292
v -0.016356786713004112 -0.59074467420578 0.13394112512469292
v -0.016356786713004112 -0.59074467420578 0.13394112512469292
v -0.00505971722304821 -0.8187840580940247 0.13394112512469292
v -0.01302095502614975 -0.5904833078384399 0.13752790912985802
v -0.00505971722304821 -0.8187840580940247 0.13394112512469292
v -0.001766405999660492 -0.817664384841919 0.13752790912985802
v -0.01302095502614975 -0.5904833078384399 0.13752790912985802
v -0.01302095502614975 -0.5904833078384399 0.13752790912985802
v -0.001766405999660492 -0.817664384841919 0.13752790912985802
v -0.009372323751449585 -0.5901973843574524 0.14064275845885277
v -0.001766405999660492 -0.817664384841919 0.13752790912985802
v 0.0018357192166149616 -0.8164397478103638 0.14064275845885277
v -0.009372323751449585 -0.5901973843574524 0.14064275845885277
v -0.009372323751449585 -0.5901973843574524 0.14064275845885277
v 0.0018357192166149616 -0.8164397478103638 0.14064275845885277
v -0.005456774495542049 -0.5898905396461487 0.14324651286005974
v 0.0018357192166149616 -0.8164397478103638 0.14064275845885277
v 0.00570135866291821 -0.8151254653930664 0.14324651286005974
v -0.005456774495542049 -0.5898905396461487 0.14324651286005974
v -0.005456774495542049 -0.5898905396461487 0.14324651286005974
v 0.00570135866291821 -0.8151254653930664 0.14324651286005974
v -0.001323550008237362 -0.589566707611084 0.14530640468001366
v 0.00570135866291821 -0.8151254653930664 0.14324651286005974
v 0.009781899629160762 -0.8137381076812744 0.14530640468001366
v -0.001323550008237362 -0.589566707611084 0.14530640468001366
v -0.001323550008237362 -0.589566707611084 0.14530640468001366
v 0.009781899629160762 -0.8137381076812744 0.14530640468001366
v 0.0029753735288977623 -0.5892298221588135 0.14679653570055962
v 0.009781899629160762 -0.8137381076812744 0.14530640468001366
v 0.014026027172803879 -0.8122951984405518 0.14679653570055962
v 0.0029753735288977623 -0.5892298221588135 0.14679653570055962
v 0.0029753735288977623 -0.5892298221588135 0.14679653570055962
v 0.014026027172803879 -0.8122951984405518 0.14679653570055962
v 0.007385934004560113 -0.5888842344284058 0.14769819006323814
v 0.014026027172803879 -0.8122951984405518 0.14679653570055962
v 0.018380369059741497 -0.8108147382736206 0.14769819006323814
v 0.007385934004560113 -0.5888842344284058 0.14769819006323814
v 0.007385934004560113 -0.5888842344284058 0.14769819006323814
v 0.018380369059741497 -0.8108147382736206 0.14769819006323814
v 0.011852666037157178 -0.5885342359542847 0.14799999818205833
v 0.018380369059741497 -0.8108147382736206 0.14769819006323814
v 0.022790166549384594 -0.8093155026435852 0.14799999818205833
v 0.011852666037157178 -0.5885342359542847 0.14799999818205833
v 0.022790166549384594 -0.8093155026435852 -0.14799999818205833
v 0.07779016345739365 -0.8886904716491699 -0.14799999818205833
v 0.018380369059741497 -0.8108147382736206 -0.14769818261265755
v 0.07779016345739365 -0.8886904716491699 -0.14799999818205833
v 0.0772857815027237 -0.8950040340423584 -0.14769818261265755
v 0.018380369059741497 -0.8108147382736206 -0.14769818261265755
v 0.018380369059741497 -0.8108147382736206 -0.14769818261265755
v 0.0772857815027237 -0.8950040340423584 -0.14769818261265755
v 0.014026027172803879 -0.8122951984405518 -0.14679653570055962
v 0.0772857815027237 -0.8950040340423584 -0.14769818261265755
v 0.07678773254156113 -0.901238203048706 -0.14679653570055962
v 0.014026027172803879 -0.8122951984405518 -0.14679653570055962
v 0.014026027172803879 -0.8122951984405518 -0.14679653570055962
v 0.07678773254156113 -0.901238203048706 -0.14679653570055962
v 0.009781899629160762 -0.8137381076812744 -0.14530639722943306
v 0.07678773254156113 -0.901238203048706 -0.14679653570055962
v 0.07630229741334915 -0.9073145389556885 -0.14530639722943306
v 0.009781899629160762 -0.8137381076812744 -0.14530639722943306
v 0.009781899629160762 -0.8137381076812744 -0.14530639722943306
v 0.07630229741334915 -0.9073145389556885 -0.14530639722943306
v 0.00570135866291821 -0.8151254653930664 -0.14324650168418884
v 0.07630229741334915 -0.9073145389556885 -0.14530639722943306
v 0.07583557069301605 -0.9131566882133484 -0.14324650168418884
v 0.00570135866291821 -0.8151254653930664 -0.14324650168418884
v 0.00570135866291821 -0.8151254653930664 -0.14324650168418884
v 0.07583557069301605 -0.9131566882133484 -0.14324650168418884
v 0.0018357192166149616 -0.8164397478103638 -0.14064275845885277
v 0.07583557069301605 -0.9131566882133484 -0.14324650168418884
v 0.0753934234380722 -0.9186911582946777 -0.14064275845885277
v 0.0018357192166149616 -0.8164397478103638 -0.14064275845885277
v 0.0018357192166149616 -0.8164397478103638 -0.14064275845885277
v 0.0753934234380722 -0.9186911582946777 -0.14064275845885277
v -0.001766405999660492 -0.817664384841919 -0.13752790912985802
v 0.0753934234380722 -0.9186911582946777 -0.14064275845885277
v 0.07498142123222351 -0.9238483905792236 -0.13752790912985802
v -0.001766405999660492 -0.817664384841919 -0.13752790912985802
v -0.001766405999660492 -0.817664384841919 -0.13752790912985802
v 0.07498142123222351 -0.9238483905792236 -0.13752790912985802
v -0.00505971722304821 -0.8187840580940247 -0.13394112139940262
v 0.07498142123222351 -0.9238483905792236 -0.13752790912985802
v 0.07460473477840424 -0.9285634756088257 -0.13394112139940262
v -0.00505971722304821 -0.8187840580940247 -0.13394112139940262
v -0.00505971722304821 -0.8187840580940247 -0.13394112139940262
v 0.07460473477840424 -0.9285634756088257 -0.13394112139940262
v -0.00800280086696148 -0.8197847008705139 -0.12992750853300095
v 0.07460473477840424 -0.9285634756088257 -0.13394112139940262
v 0.07426811009645462 -0.9327771067619324 -0.12992750853300095
v -0.00800280086696148 -0.8197847008705139 -0.12992750853300095
v -0.00800280086696148 -0.8197847008705139 -0.12992750853300095
v 0.07426811009645462 -0.9327771067619324 -0.12992750853300095
v -0.01055864430963993 -0.8206536173820496 -0.12553753703832626
v 0.07426811009645462 -0.9327771067619324 -0.12992750853300095
v 0.07397577166557312 -0.9364362955093384 -0.12553753703832626
v -0.01055864430963993 -0.8206536173820496 -0.12553753703832626
v -0.01055864430963993 -0.8206536173820496 -0.12553753703832626
v 0.07397577166557312 -0.9364362955093384 -0.12553753703832626
v -0.012695107609033585 -0.8213800191879272 -0.12082641758024693
v 0.07397577166557312 -0.9364362955093384 -0.12553753703832626
v 0.07373140752315521 -0.9394950866699219 -0.12082641758024693
v -0.012695107609033585 -0.8213800191879272 -0.12082641758024693
v -0.012695107609033585 -0.8213800191879272 -0.12082641758024693
v 0.07373140752315521 -0.9394950866699219 -0.12082641758024693
v -0.014385323971509933 -0.8219546675682068 -0.11585339345037937
v 0.07373140752315521 -0.9394950866699219 -0.12082641758024693
v 0.07353807985782623 -0.9419150352478027 -0.11585339345037937
v -0.014385323971509933 -0.8219546675682068 -0.11585339345037937
v -0.014385323971509933 -0.8219546675682068 -0.11585339345037937
v 0.07353807985782623 -0.9419150352478027 -0.11585339345037937
v -0.015608035027980804 -0.8223703503608704 -0.11068100295960903
v 0.07353807985782623 -0.9419150352478027 -0.11585339345037937
v 0.07339823246002197 -0.9436655640602112 -0.11068100295960903
v -0.015608035027980804 -0.8223703503608704 -0.11068100295960903
v -0.015608035027980804 -0.8223703503608704 -0.11068100295960903
v 0.07339823246002197 -0.9436655640602112 -0.11068100295960903
v -0.016347868368029594 -0.8226218819618225 -0.10537429247051477
v 0.07339823246002197 -0.9436655640602112 -0.11068100295960903
v 0.07331360876560211 -0.9447247982025146 -0.10537429247051477
v -0.016347868368029594 -0.8226218819618225 -0.10537429247051477
v -0.016347868368029594 -0.8226218819618225 -0.10537429247051477
v 0.07331360876560211 -0.9447247982025146 -0.10537429247051477
v -0.016595516353845596 -0.8227061033248901 -0.09999999776482582
v 0.07331360876560211 -0.9447247982025146 -0.10537429247051477
v 0.07328528165817261 -0.9450793862342834 -0.09999999776482582
v -0.016595516353845596 -0.8227061033248901 -0.09999999776482582
v -0.016595516353845596 -0.8227061033248901 -0.09999999776482582
v 0.07328528165817261 -0.9450793862342834 -0.09999999776482582
v -0.016595516353845596 -0.8227061033248901 0.10000000521540642
v 0.07328528165817261 -0.9450793862342834 -0.09999999776482582
v 0.07328528165817261 -0.9450793862342834 0.10000000521540642
v -0.016595516353845596 -0.8227061033248901 0.10000000521540642
v -0.016595516353845596 -0.8227061033248901 0.10000000521540642
v 0.07328528165817261 -0.9450793862342834 0.10000000521540642
v -0.016347868368029594 -0.8226218819618225 0.1053743027150631
v 0.07328528165817261 -0.9450793862342834 0.10000000521540642
v 0.07331360876560211 -0.9447247982025146 0.1053743027150631
v -0.016347868368029594 -0.8226218819618225 0.1053743027150631
v -0.016347868368029594 -0.8226218819618225 0.1053743027150631
v 0.07331360876560211 -0.9447247982025146 0.1053743027150631
v -0.015608035027980804 -0.8223703503608704 0.11068100854754448
v 0.07331360876560211 -0.9447247982025146 0.1053743027150631
v 0.07339823246002197 -0.9436655640602112 0.11068100854754448
v -0.015608035027980804 -0.8223703503608704 0.11068100854754448
v -0.015608035027980804 -0.8223703503608704 0.11068100854754448
v 0.07339823246002197 -0.9436655640602112 0.11068100854754448
v -0.014385323971509933 -0.8219546675682068 0.11585339531302452
v 0.07339823246002197 -0.9436655640602112 0.11068100854754448
v 0.07353807985782623 -0.9419150352478027 0.11585339531302452
v -0.014385323971509933 -0.8219546675682068 0.11585339531302452
v -0.014385323971509933 -0.8219546675682068 0.11585339531302452
v 0.07353807985782623 -0.9419150352478027 0.11585339531302452
v -0.012695107609033585 -0.8213800191879272 0.12082641944289207
v 0.07353807985782623 -0.9419150352478027 0.11585339531302452
v 0.07373140752315521 -0.9394950866699219 0.12082641944289207
v -0.012695107609033585 -0.8213800191879272 0.12082641944289207
v -0.012695107609033585 -0.8213800191879272 0.12082641944289207
v 0.07373140752315521 -0.9394950866699219 0.12082641944289207
v -0.01055864430963993 -0.8206536173820496 0.12553754076361656
v 0.07373140752315521 -0.9394950866699219 0.12082641944289207
v 0.07397577166557312 -0.9364362955093384 0.12553754076361656
v -0.01055864430963993 -0.8206536173820496 0.12553754076361656
v -0.01055864430963993 -0.8206536173820496 0.12553754076361656
v 0.07397577166557312 -0.9364362955093384 0.12553754076361656
v -0.00800280086696148 -0.8197847008705139 0.12992751225829124
v 0.07397577166557312 -0.9364362955093384 0.12553754076361656
v 0.07426811009645462 -0.9327771067619324 0.12992751225829124
v -0.00800280086696148 -0.8197847008705139 0.12992751225829124
v -0.00800280086696148 -0.8197847008705139 0.12992751225829124
v 0.07426811009645462 -0.9327771067619324 0.12992751225829124
v -0.00505971722304821 -0.8187840580940247 0.13394112512469292
v 0.07426811009645462 -0.9327771067619324 0.12992751225829124
v 0.07460473477840424 -0.9285634756088257 0.13394112512469292
v -0.00505971722304821 -0.8187840580940247 0.13394112512469292
v -0.00505971722304821 -0.8187840580940247 0.13394112512469292
v 0.07460473477840424 -0.9285634756088257 0.13394112512469292
v -0.001766405999660492 -0.817664384841919 0.13752790912985802
v 0.07460473477840424 -0.9285634756088257 0.13394112512469292
v 0.07498142123222351 -0.9238483905792236 0.13752790912985802
v -0.001766405999660492 -0.817664384841919 0.13752790912985802
v -0.001766405999660492 -0.817664384841919 0.13752790912985802
v 0.07498142123222351 -0.9238483905792236 0.13752790912985802
v 0.0018357192166149616 -0.8164397478103638 0.14064275845885277
v 0.07498142123222351 -0.9238483905792236 0.13752790912985802
v 0.0753934234380722 -0.9186911582946777 0.14064275845885277
v 0.0018357192166149616 -0.8164397478103638 0.14064275845885277
v 0.0018357192166149616 -0.8164397478103638 0.14064275845885277
v 0.0753934234380722 -0.9186911582946777 0.14064275845885277
v 0.00570135866291821 -0.8151254653930664 0.14324651286005974
v 0.0753934234380722 -0.9186911582946777 0.14064275845885277
v 0.07583557069301605 -0.9131566882133484 0.14324651286005974
v 0.00570135866291821 -0.8151254653930664 0.14324651286005974
v 0.00570135866291821 -0.8151254653930664 0.14324651286005974
v 0.07583557069301605 -0.9131566882133484 0.14324651286005974
v 0.009781899629160762 -0.8137381076812744 0.14530640468001366
v 0.07583557069301605 -0.9131566882133484 0.14324651286005974
v 0.07630229741334915 -0.9073145389556885 0.14530640468001366
v 0.009781899629160762 -0.8137381076812744 0.14530640468001366
v 0.009781899629160762 -0.8137381076812744 0.14530640468001366
v 0.07630229741334915 -0.9073145389556885 0.14530640468001366
v 0.014026027172803879 -0.8122951984405518 0.14679653570055962
v 0.07630229741334915 -0.9073145389556885 0.14530640468001366
v 0.07678773254156113 -0.901238203048706 0.14679653570055962
v 0.014026027172803879 -0.8122951984405518 0.14679653570055962
v 0.014026027172803879 -0.8122951984405518 0.14679653570055962
v 0.07678773254156113 -0.901238203048706 0.14679653570055962
v 0.018380369059741497 -0.8108147382736206 0.14769819006323814
v 0.07678773254156113 -0.901238203048706 0.14679653570055962
v 0.0772857815027237 -0.8950040340423584 0.14769819006323814
v 0.018380369059741497 -0.8108147382736206 0.14769819006323814
v 0.018380369059741497 -0.8108147382736206 0.14769819006323814
v 0.0772857815027237 -0.8950040340423584 0.14769819006323814
v 0.022790166549384594 -0.8093155026435852 0.14799999818205833
v 0.0772857815027237 -0.8950040340423584 0.14769819006323814
v 0.07779016345739365 -0.8886904716491699 0.14799999818205833
v 0.022790166549384594 -0.8093155026435852 0.14799999818205833
v 0.07779016345739365 -0.8886904716491699 -0.14799999818205833
v 0.3188839256763458 -0.6377530097961426 -0.14799999818205833
v 0.0772857815027237 -0.8950040340423584 -0.14769818261265755
v 0.3188839256763458 -0.6377530097961426 -0.14799999818205833
v 0.3222534656524658 -0.6407101154327393 -0.14769818261265755
v 0.0772857815027237 -0.8950040340423584 -0.14769818261265755
v 0.0772857815027237 -0.8950040340423584 -0.14769818261265755
v 0.3222534656524658 -0.6407101154327393 -0.14769818261265755
v 0.07678773254156113 -0.901238203048706 -0.14679653570055962
v 0.3222534656524658 -0.6407101154327393 -0.14769818261265755
v 0.3255806267261505 -0.6436300873756409 -0.14679653570055962
v 0.07678773254156113 -0.901238203048706 -0.14679653570055962
v 0.07678773254156113 -0.901238203048706 -0.14679653570055962
v 0.3255806267261505 -0.6436300873756409 -0.14679653570055962
v 0.07630229741334915 -0.9073145389556885 -0.14530639722943306
v 0.3255806267261505 -0.6436300873756409 -0.14679653570055962
v 0.3288235664367676 -0.646476149559021 -0.14530639722943306
v 0.07630229741334915 -0.9073145389556885 -0.14530639722943306
v 0.07630229741334915 -0.9073145389556885 -0.14530639722943306
v 0.3288235664367676 -0.646476149559021 -0.14530639722943306
v 0.07583557069301605 -0.9131566882133484 -0.14324650168418884
v 0.3288235664367676 -0.646476149559021 -0.14530639722943306
v 0.33194151520729065 -0.6492124795913696 -0.14324650168418884
v 0.07583557069301605 -0.9131566882133484 -0.14324650168418884
v 0.07583557069301605 -0.9131566882133484 -0.14324650168418884
v 0.33194151520729065 -0.6492124795913696 -0.14324650168418884
v 0.0753934234380722 -0.9186911582946777 -0.14064275845885277
v 0.33194151520729065 -0.6492124795913696 -0.14324650168418884
v 0.3348952531814575 -0.6518047451972961 -0.14064275845885277
v 0.0753934234380722 -0.9186911582946777 -0.14064275845885277
v 0.0753934234380722 -0.9186911582946777 -0.14064275845885277
v 0.3348952531814575 -0.6518047451972961 -0.14064275845885277
v 0.07498142123222351 -0.9238483905792236 -0.13752790912985802
v 0.3348952531814575 -0.6518047451972961 -0.14064275845885277
v 0.3376476466655731 -0.6542202830314636 -0.13752790912985802
v 0.07498142123222351 -0.9238483905792236 -0.13752790912985802
v 0.07498142123222351 -0.9238483905792236 -0.13752790912985802
v 0.3376476466655731 -0.6542202830314636 -0.13752790912985802
v 0.07460473477840424 -0.9285634756088257 -0.13394112139940262
v 0.3376476466655731 -0.6542202830314636 -0.13752790912985802
v 0.34016409516334534 -0.6564286947250366 -0.13394112139940262
v 0.07460473477840424 -0.9285634756088257 -0.13394112139940262
v 0.07460473477840424 -0.9285634756088257 -0.13394112139940262
v 0.34016409516334534 -0.6564286947250366 -0.13394112139940262
v 0.07426811009645462 -0.9327771067619324 -0.12992750853300095
v 0.34016409516334534 -0.6564286947250366 -0.13394112139940262
v 0.34241291880607605 -0.6584023237228394 -0.12992750853300095
v 0.07426811009645462 -0.9327771067619324 -0.12992750853300095
v 0.07426811009645462 -0.9327771067619324 -0.12992750853300095
v 0.34241291880607605 -0.6584023237228394 -0.12992750853300095
v 0.07397577166557312 -0.9364362955093384 -0.12553753703832626
v 0.34241291880607605 -0.6584023237228394 -0.12992750853300095
v 0.34436583518981934 -0.6601161956787109 -0.12553753703832626
v 0.07397577166557312 -0.9364362955093384 -0.12553753703832626
v 0.07397577166557312 -0.9364362955093384 -0.12553753703832626
v 0.34436583518981934 -0.6601161956787109 -0.12553753703832626
v 0.07373140752315521 -0.9394950866699219 -0.12082641758024693
v 0.34436583518981934 -0.6601161956787109 -0.12553753703832626
v 0.3459983170032501 -0.661548912525177 -0.12082641758024693
v 0.07373140752315521 -0.9394950866699219 -0.12082641758024693
v 0.07373140752315521 -0.9394950866699219 -0.12082641758024693
v 0.3459983170032501 -0.661548912525177 -0.12082641758024693
v 0.07353807985782623 -0.9419150352478027 -0.11585339345037937
v 0.3459983170032501 -0.661548912525177 -0.12082641758024693
v 0.3472898006439209 -0.6626823544502258 -0.11585339345037937
v 0.07353807985782623 -0.9419150352478027 -0.11585339345037937
v 0.07353807985782623 -0.9419150352478027 -0.11585339345037937
v 0.3472898006439209 -0.6626823544502258 -0.11585339345037937
v 0.07339823246002197 -0.9436655640602112 -0.11068100295960903
v 0.3472898006439209 -0.6626823544502258 -0.11585339345037937
v 0.34822407364845276 -0.6635022759437561 -0.11068100295960903
v 0.07339823246002197 -0.9436655640602112 -0.11068100295960903
v 0.07339823246002197 -0.9436655640602112 -0.11068100295960903
v 0.34822407364845276 -0.6635022759437561 -0.11068100295960903
v 0.07331360876560211 -0.9447247982025146 -0.10537429247051477
v 0.34822407364845276 -0.6635022759437561 -0.11068100295960903
v 0.34878939390182495 -0.6639983654022217 -0.10537429247051477
v 0.07331360876560211 -0.9447247982025146 -0.10537429247051477
v 0.07331360876560211 -0.9447247982025146 -0.10537429247051477
v 0.34878939390182495 -0.6639983654022217 -0.10537429247051477
v 0.07328528165817261 -0.9450793862342834 -0.09999999776482582
v 0.34878939390182495 -0.6639983654022217 -0.10537429247051477
v 0.3489786386489868 -0.6641644239425659 -0.09999999776482582
v 0.07328528165817261 -0.9450793862342834 -0.09999999776482582
v 0.07328528165817261 -0.9450793862342834 -0.09999999776482582
v 0.3489786386489868 -0.6641644239425659 -0.09999999776482582
v 0.07328528165817261 -0.9450793862342834 0.10000000521540642
v 0.3489786386489868 -0.6641644239425659 -0.09999999776482582
v 0.3489786386489868 -0.6641644239425659 0.10000000521540642
v 0.07328528165817261 -0.9450793862342834 0.10000000521540642
v 0.07328528165817261 -0.9450793862342834 0.10000000521540642
v 0.3489786386489868 -0.6641644239425659 0.10000000521540642
v 0.07331360876560211 -0.9447247982025146 0.1053743027150631
v 0.3489786386489868 -0.6641644239425659 0.10000000521540642
v 0.34878939390182495 -0.6639983654022217 0.1053743027150631
v 0.07331360876560211 -0.9447247982025146 0.1053743027150631
v 0.07331360876560211 -0.9447247982025146 0.1053743027150631
v 0.34878939390182495 -0.6639983654022217 0.1053743027150631
v 0.07339823246002197 -0.9436655640602112 0.11068100854754448
v 0.34878939390182495 -0.6639983654022217 0.1053743027150631
v 0.34822407364845276 -0.6635022759437561 0.11068100854754448
v 0.07339823246002197 -0.9436655640602112 0.11068100854754448
v 0.07339823246002197 -0.9436655640602112 0.11068100854754448
v 0.34822407364845276 -0.6635022759437561 0.11068100854754448
v 0.07353807985782623 -0.9419150352478027 0.11585339531302452
v 0.34822407364845276 -0.6635022759437561 0.11068100854754448
v 0.3472898006439209 -0.6626823544502258 0.11585339531302452
v 0.07353807985782623 -0.9419150352478027 0.11585339531302452
v 0.07353807985782623 -0.9419150352478027 0.11585339531302452
v 0.3472898006439209 -0.6626823544502258 0.11585339531302452
v 0.07373140752315521 -0.9394950866699219 0.12082641944289207
v 0.3472898006439209 -0.6626823544502258 0.11585339531302452
v 0.3459983170032501 -0.661548912525177 0.12082641944289207
v 0.07373140752315521 -0.9394950866699219 0.12082641944289207
v 0.07373140752315521 -0.9394950866699219 0.12082641944289207
v 0.3459983170032501 -0.661548912525177 0.12082641944289207
v 0.07397577166557312 -0.9364362955093384 0.12553754076361656
v 0.3459983170032501 -0.661548912525177 0.12082641944289207
v 0.34436583518981934 -0.6601161956787109 0.12553754076361656
v 0.07397577166557312 -0.9364362955093384 0.12553754076361656
v 0.07397577166557312 -0.9364362955093384 0.12553754076361656
v 0.34436583518981934 -0.6601161956787109 0.12553754076361656
v 0.07426811009645462 -0.9327771067619324 0.12992751225829124
v 0.34436583518981934 -0.6601161956787109 0.12553754076361656
v 0.34241291880607605 -0.6584023237228394 0.12992751225829124
v 0.07426811009645462 -0.9327771067619324 0.12992751225829124
v 0.07426811009645462 -0.9327771067619324 0.12992751225829124
v 0.34241291880607605 -0.6584023237228394 0.12992751225829124
v 0.07460473477840424 -0.9285634756088257 0.13394112512469292
v 0.34241291880607605 -0.6584023237228394 0.12992751225829124
v 0.34016409516334534 -0.6564286947250366 0.13394112512469292
v 0.07460473477840424 -0.9285634756088257 0.13394112512469292
v 0.07460473477840424 -0.9285634756088257 0.13394112512469292
v 0.34016409516334534 -0.6564286947250366 0.13394112512469292
v 0.07498142123222351 -0.9238483905792236 0.13752790912985802
v 0.34016409516334534 -0.6564286947250366 0.13394112512469292
v 0.3376476466655731 -0.6542202830314636 0.13752790912985802
v 0.07498142123222351 -0.9238483905792236 0.13752790912985802
v 0.07498142123222351 -0.9238483905792236 0.13752790912985802
v 0.3376476466655731 -0.6542202830314636 0.13752790912985802
v 0.0753934234380722 -0.9186911582946777 0.14064275845885277
v 0.3376476466655731 -0.6542202830314636 0.13752790912985802
v 0.3348952531814575 -0.6518047451972961 0.14064275845885277
v 0.0753934234380722 -0.9186911582946777 0.14064275845885277
v 0.0753934234380722 -0.9186911582946777 0.14064275845885277
v 0.3348952531814575 -0.6518047451972961 0.14064275845885277
v 0.07583557069301605 -0.9131566882133484 0.14324651286005974
v 0.3348952531814575 -0.6518047451972961 0.14064275845885277
v 0.33194151520729065 -0.6492124795913696 0.14324651286005974
v 0.07583557069301605 -0.9131566882133484 0.14324651286005974
v 0.07583557069301605 -0.9131566882133484 0.14324651286005974
v 0.33194151520729065 -0.6492124795913696 0.14324651286005974
v 0.07630229741334915 -0.9073145389556885 0.14530640468001366
v 0.33194151520729065 -0.6492124795913696 0.14324651286005974
v 0.3288235664367676 -0.646476149559021 0.14530640468001366
v 0.07630229741334915 -0.9073145389556885 0.14530640468001366
v 0.07630229741334915 -0.9073145389556885 0.14530640468001366
v 0.3288235664367676 -0.646476149559021 0.14530640468001366
v 0.07678773254156113 -0.901238203048706 0.14679653570055962
v 0.3288235664367676 -0.646476149559021 0.14530640468001366
v 0.3255806267261505 -0.6436300873756409 0.14679653570055962
v 0.07678773254156113 -0.901238203048706 0.14679653570055962
v 0.07678773254156113 -0.901238203048706 0.14679653570055962
v 0.3255806267261505 -0.6436300873756409 0.14679653570055962
v 0.0772857815027237 -0.8950040340423584 0.14769819006323814
v 0.3255806267261505 -0.6436300873756409 0.14679653570055962
v 0.3222534656524658 -0.6407101154327393 0.14769819006323814
v 0.0772857815027237 -0.8950040340423584 0.14769819006323814
v 0.0772857815027237 -0.8950040340423584 0.14769819006323814
v 0.3222534656524658 -0.6407101154327393 0.14769819006323814
v 0.07779016345739365 -0.8886904716491699 0.14799999818205833
v 0.3222534656524658 -0.6407101154327393 0.14769819006323814
v 0.3188839256763458 -0.6377530097961426 0.14799999818205833
v 0.07779016345739365 -0.8886904716491699 0.14799999818205833
v 0.3188839256763458 -0.6377530097961426 -0.14799999818205833
v 0.7327901422977448 -0.12087798863649368 -0.14799999818205833
v 0.3222534656524658 -0.6407101154327393 -0.14769818261265755
v 0.7327901422977448 -0.12087798863649368 -0.14799999818205833
v 0.73642298579216 -0.12350637465715408 -0.14769818261265755
v 0.3222534656524658 -0.6407101154327393 -0.14769818261265755
v 0.3222534656524658 -0.6407101154327393 -0.14769818261265755
v 0.73642298579216 -0.12350637465715408 -0.14769818261265755
v 0.3255806267261505 -0.6436300873756409 -0.14679653570055962
v 0.73642298579216 -0.12350637465715408 -0.14769818261265755
v 0.7400100529193878 -0.12610171735286713 -0.14679653570055962
v 0.3255806267261505 -0.6436300873756409 -0.14679653570055962
v 0.3255806267261505 -0.6436300873756409 -0.14679653570055962
v 0.7400100529193878 -0.12610171735286713 -0.14679653570055962
v 0.3288235664367676 -0.646476149559021 -0.14530639722943306
v 0.7400100529193878 -0.12610171735286713 -0.14679653570055962
v 0.7435064017772675 -0.1286313608288765 -0.14530639722943306
v 0.3288235664367676 -0.646476149559021 -0.14530639722943306
v 0.3288235664367676 -0.646476149559021 -0.14530639722943306
v 0.7435064017772675 -0.1286313608288765 -0.14530639722943306
v 0.33194151520729065 -0.6492124795913696 -0.14324650168418884
v 0.7435064017772675 -0.1286313608288765 -0.14530639722943306
v 0.7468679845333099 -0.13106350600719452 -0.14324650168418884
v 0.33194151520729065 -0.6492124795913696 -0.14324650168418884
v 0.33194151520729065 -0.6492124795913696 -0.14324650168418884
v 0.7468679845333099 -0.13106350600719452 -0.14324650168418884
v 0.3348952531814575 -0.6518047451972961 -0.14064275845885277
v 0.7468679845333099 -0.13106350600719452 -0.14324650168418884
v 0.7500524818897247 -0.13336756080389023 -0.14064275845885277
v 0.3348952531814575 -0.6518047451972961 -0.14064275845885277
v 0.3348952531814575 -0.6518047451972961 -0.14064275845885277
v 0.7500524818897247 -0.13336756080389023 -0.14064275845885277
v 0.3376476466655731 -0.6542202830314636 -0.13752790912985802
v 0.7500524818897247 -0.13336756080389023 -0.14064275845885277
v 0.7530198991298676 -0.1355145499110222 -0.13752790912985802
v 0.3376476466655731 -0.6542202830314636 -0.13752790912985802
v 0.3376476466655731 -0.6542202830314636 -0.13752790912985802
v 0.7530198991298676 -0.1355145499110222 -0.13752790912985802
v 0.34016409516334534 -0.6564286947250366 -0.13394112139940262
v 0.7530198991298676 -0.1355145499110222 -0.13752790912985802
v 0.7557329833507538 -0.13747747987508774 -0.13394112139940262
v 0.34016409516334534 -0.6564286947250366 -0.13394112139940262
v 0.34016409516334534 -0.6564286947250366 -0.13394112139940262
v 0.7557329833507538 -0.13747747987508774 -0.13394112139940262
v 0.34241291880607605 -0.6584023237228394 -0.12992750853300095
v 0.7557329833507538 -0.13747747987508774 -0.13394112139940262
v 0.7581574618816376 -0.13923165947198868 -0.12992750853300095
v 0.34241291880607605 -0.6584023237228394 -0.12992750853300095
v 0.34241291880607605 -0.6584023237228394 -0.12992750853300095
v 0.7581574618816376 -0.13923165947198868 -0.12992750853300095
v 0.34436583518981934 -0.6601161956787109 -0.12553753703832626
v 0.7581574618816376 -0.13923165947198868 -0.12992750853300095
v 0.7602629959583282 -0.14075502753257751 -0.12553753703832626
v 0.34436583518981934 -0.6601161956787109 -0.12553753703832626
v 0.34436583518981934 -0.6601161956787109 -0.12553753703832626
v 0.7602629959583282 -0.14075502753257751 -0.12553753703832626
v 0.3459983170032501 -0.661548912525177 -0.12082641758024693
v 0.7602629959583282 -0.14075502753257751 -0.12553753703832626
v 0.762023001909256 -0.14202843606472015 -0.12082641758024693
v 0.3459983170032501 -0.661548912525177 -0.12082641758024693
v 0.3459983170032501 -0.661548912525177 -0.12082641758024693
v 0.762023001909256 -0.14202843606472015 -0.12082641758024693
v 0.3472898006439209 -0.6626823544502258 -0.11585339345037937
v 0.762023001909256 -0.14202843606472015 -0.12082641758024693
v 0.7634154260158539 -0.1430358588695526 -0.11585339345037937
v 0.3472898006439209 -0.6626823544502258 -0.11585339345037937
v 0.3472898006439209 -0.6626823544502258 -0.11585339345037937
v 0.7634154260158539 -0.1430358588695526 -0.11585339345037937
v 0.34822407364845276 -0.6635022759437561 -0.11068100295960903
v 0.7634154260158539 -0.1430358588695526 -0.11585339345037937
v 0.7644226849079132 -0.1437646448612213 -0.11068100295960903
v 0.34822407364845276 -0.6635022759437561 -0.11068100295960903
v 0.34822407364845276 -0.6635022759437561 -0.11068100295960903
v 0.7644226849079132 -0.1437646448612213 -0.11068100295960903
v 0.34878939390182495 -0.6639983654022217 -0.10537429247051477
v 0.7644226849079132 -0.1437646448612213 -0.11068100295960903
v 0.7650321424007416 -0.14420560002326965 -0.10537429247051477
v 0.34878939390182495 -0.6639983654022217 -0.10537429247051477
v 0.34878939390182495 -0.6639983654022217 -0.10537429247051477
v 0.7650321424007416 -0.14420560002326965 -0.10537429247051477
v 0.3489786386489868 -0.6641644239425659 -0.09999999776482582
v 0.7650321424007416 -0.14420560002326965 -0.10537429247051477
v 0.7652361690998077 -0.1443532109260559 -0.09999999776482582
v 0.3489786386489868 -0.6641644239425659 -0.09999999776482582
v 0.3489786386489868 -0.6641644239425659 -0.09999999776482582
v 0.7652361690998077 -0.1443532109260559 -0.09999999776482582
v 0.3489786386489868 -0.6641644239425659 0.10000000521540642
v 0.7652361690998077 -0.1443532109260559 -0.09999999776482582
v 0.7652361690998077 -0.1443532109260559 0.10000000521540642
v 0.3489786386489868 -0.6641644239425659 0.10000000521540642
v 0.3489786386489868 -0.6641644239425659 0.10000000521540642
v 0.7652361690998077 -0.1443532109260559 0.10000000521540642
v 0.34878939390182495 -0.6639983654022217 0.1053743027150631
v 0.7652361690998077 -0.1443532109260559 0.10000000521540642
v 0.7650321424007416 -0.14420560002326965 0.1053743027150631
v 0.34878939390182495 -0.6639983654022217 0.1053743027150631
v 0.34878939390182495 -0.6639983654022217 0.1053743027150631
v 0.7650321424007416 -0.14420560002326965 0.1053743027150631
v 0.34822407364845276 -0.6635022759437561 0.11068100854754448
v 0.7650321424007416 -0.14420560002326965 0.1053743027150631
v 0.7644226849079132 -0.1437646448612213 0.11068100854754448
v 0.34822407364845276 -0.6635022759437561 0.11068100854754448
v 0.34822407364845276 -0.6635022759437561 0.11068100854754448
v 0.7644226849079132 -0.1437646448612213 0.11068100854754448
v 0.3472898006439209 -0.6626823544502258 0.11585339531302452
v 0.7644226849079132 -0.1437646448612213 0.11068100854754448
v 0.7634154260158539 -0.1430358588695526 0.11585339531302452
v 0.3472898006439209 -0.6626823544502258 0.11585339531302452
v 0.3472898006439209 -0.6626823544502258 0.11585339531302452
v 0.7634154260158539 -0.1430358588695526 0.11585339531302452
v 0.3459983170032501 -0.661548912525177 0.12082641944289207
v 0.7634154260158539 -0.1430358588695526 0.11585339531302452
v 0.762023001909256 -0.14202843606472015 0.12082641944289207
v 0.3459983170032501 -0.661548912525177 0.12082641944289207
v 0.3459983170032501 -0.661548912525177 0.12082641944289207
v 0.762023001909256 -0.14202843606472015 0.12082641944289207
v 0.34436583518981934 -0.6601161956787109 0.12553754076361656
v 0.762023001909256 -0.14202843606472015 0.12082641944289207
v 0.7602629959583282 -0.14075502753257751 0.12553754076361656
v 0.34436583518981934 -0.6601161956787109 0.12553754076361656
v 0.34436583518981934 -0.6601161956787109 0.12553754076361656
v 0.7602629959583282 -0.14075502753257751 0.12553754076361656
v 0.34241291880607605 -0.6584023237228394 0.12992751225829124
v 0.7602629959583282 -0.14075502753257751 0.12553754076361656
v 0.7581574618816376 -0.13923165947198868 0.12992751225829124
v 0.34241291880607605 -0.6584023237228394 0.12992751225829124
v 0.34241291880607605 -0.6584023237228394 0.12992751225829124
v 0.7581574618816376 -0.13923165947198868 0.12992751225829124
v 0.34016409516334534 -0.6564286947250366 0.13394112512469292
v 0.7581574618816376 -0.13923165947198868 0.12992751225829124
v 0.7557329833507538 -0.13747747987508774 0.13394112512469292
v 0.34016409516334534 -0.6564286947250366 0.13394112512469292
v 0.34016409516334534 -0.6564286947250366 0.13394112512469292
v 0.7557329833507538 -0.13747747987508774 0.13394112512469292
v 0.3376476466655731 -0.6542202830314636 0.13752790912985802
v 0.7557329833507538 -0.13747747987508774 0.13394112512469292
v 0.7530198991298676 -0.1355145499110222 0.13752790912985802
v 0.3376476466655731 -0.6542202830314636 0.13752790912985802
v 0.3376476466655731 -0.6542202830314636 0.13752790912985802
v 0.7530198991298676 -0.1355145499110222 0.13752790912985802
v 0.3348952531814575 -0.6518047451972961 0.14064275845885277
v 0.7530198991298676 -0.1355145499110222 0.13752790912985802
v 0.7500524818897247 -0.13336756080389023 0.14064275845885277
v 0.3348952531814575 -0.6518047451972961 0.14064275845885277
v 0.3348952531814575 -0.6518047451972961 0.14064275845885277
v 0.7500524818897247 -0.13336756080389023 0.14064275845885277
v 0.33194151520729065 -0.6492124795913696 0.14324651286005974
v 0.7500524818897247 -0.13336756080389023 0.14064275845885277
v 0.7468679845333099 -0.13106350600719452 0.14324651286005974
v 0.33194151520729065 -0.6492124795913696 0.14324651286005974
v 0.33194151520729065 -0.6492124795913696 0.14324651286005974
v 0.7468679845333099 -0.13106350600719452 0.14324651286005974
v 0.3288235664367676 -0.646476149559021 0.14530640468001366
v 0.7468679845333099 -0.13106350600719452 0.14324651286005974
v 0.7435064017772675 -0.1286313608288765 0.14530640468001366
v 0.3288235664367676 -0.646476149559021 0.14530640468001366
v 0.3288235664367676 -0.646476149559021 0.14530640468001366
v 0.7435064017772675 -0.1286313608288765 0.14530640468001366
v 0.3255806267261505 -0.6436300873756409 0.14679653570055962
v 0.7435064017772675 -0.1286313608288765 0.14530640468001366
v 0.7400100529193878 -0.12610171735286713 0.14679653570055962
v 0.3255806267261505 -0.6436300873756409 0.14679653570055962
v 0.3255806267261505 -0.6436300873756409 0.14679653570055962
v 0.7400100529193878 -0.12610171735286713 0.14679653570055962
v 0.3222534656524658 -0.6407101154327393 0.14769819006323814
v 0.7400100529193878 -0.12610171735286713 0.14679653570055962
v 0.73642298579216 -0.12350637465715408 0.14769819006323814
v 0.3222534656524658 -0.6407101154327393 0.14769819006323814
v 0.3222534656524658 -0.6407101154327393 0.14769819006323814
v 0.73642298579216 -0.12350637465715408 0.14769819006323814
v 0.3188839256763458 -0.6377530097961426 0.14799999818205833
v 0.73642298579216 -0.12350637465715408 0.14769819006323814
v 0.7327901422977448 -0.12087798863649368 0.14799999818205833
v 0.3188839256763458 -0.6377530097961426 0.14799999818205833
vn 0.06732401059183755 -0.049716858633559895 -0.9964917017042544
vn 0.12395834080150013 -0.11056191387162773 -0.9861087125397392
vn -0.006927640000686782 -0.014796978416783886 -0.999866519708383
vn 0.032444276250469604 0.07374185399821795 -0.9967494709843033
vn 0.03825974403929324 -0.004886577294252981 -0.999255879816774
vn 0.06732401059183755 -0.049716858633559895 -0.9964917017042544
vn 0.045381479234748626 0.023039043086477765 -0.9987040221387543
vn 0.04461086541652029 -0.02138707041854407 -0.9987754822309673
vn 0.07783698857837083 -0.04782850186047892 -0.9958181749791639
vn -0.009783365917563075 0.03184185972215799 -0.9994450368683401
vn -0.0017950941148562184 0.05121654655602321 -0.9986859581449985
vn 0.045381479234748626 0.023039043086477765 -0.9987040221387543
vn -0.03837696551412394 -0.0020532319795946983 -0.9992612234828115
vn -0.1026578418523064 0.12472749023271142 -0.9868659588244373
vn -0.009783365917563075 0.03184185972215799 -0.9994450368683401
vn -0.004100238401255315 -0.04012170397361926 -0.9991863874749827
vn -0.013948105514568756 -0.05129735632198778 -0.9985860161182557
vn -0.03837696551412394 -0.0020532319795946983 -0.9992612234828115
vn -0.018624195367615868 -0.001937181291605157 -0.9998246779688689
vn -0.08762564286255212 0.04833759243980905 -0.9949800117942307
vn -0.0771542318683719 0.0489502609825169 -0.9958167986404652
vn -0.0029761115140296743 -0.04024490595062431 -0.9991854133769574
vn -0.02217198311161551 -0.09767295251123449 -0.9949715561324537
vn -0.018624195367615868 -0.001937181291605157 -0.9998246779688689
vn -0.006927640000686782 -0.014796978416783886 -0.999866519708383
vn -0.04741907981830042 -0.011243084723053062 -0.9988118060551227
vn -0.2144478836059304 -0.01736670342591786 -0.9765810272727263
vn 0.032444276250469604 0.07374185399821795 -0.9967494709843033
vn 0.06732401059183755 -0.049716858633559895 -0.9964917017042544
vn -0.006927640000686782 -0.014796978416783886 -0.999866519708383
vn 0.045381479234748626 0.023039043086477765 -0.9987040221387543
vn 0.07783698857837083 -0.04782850186047892 -0.9958181749791639
vn 0.07889979998656454 -0.022682763408746184 -0.9966244597671797
vn -0.03837696551412394 -0.0020532319795946983 -0.9992612234828115
vn -0.009783365917563075 0.03184185972215799 -0.9994450368683401
vn 0.045381479234748626 0.023039043086477765 -0.9987040221387543
vn -0.010790829613640451 -0.030726336133213513 -0.9994695844617174
vn -0.004100238401255315 -0.04012170397361926 -0.9991863874749827
vn -0.03837696551412394 -0.0020532319795946983 -0.9992612234828115
vn -0.018624195367615868 -0.001937181291605157 -0.9998246779688689
vn -0.0771542318683719 0.0489502609825169 -0.9958167986404652
vn -0.13401036118649445 0.04665417277837977 -0.989881109657635
vn -0.02484265203424062 -0.06321296216290533 -0.9976908158615557
vn -0.0029761115140296743 -0.04024490595062431 -0.9991854133769574
vn -0.018624195367615868 -0.001937181291605157 -0.9998246779688689
vn -0.006927640000686782 -0.014796978416783886 -0.999866519708383
vn -0.2144478836059304 -0.01736670342591786 -0.9765810272727263
vn -0.0688416793440078 -0.039183548706214426 -0.9968577996363799
vn 0.006462902622666252 0.062458320105642263 -0.9980266475096098
vn 0.032444276250469604 0.07374185399821795 -0.9967494709843033
vn -0.006927640000686782 -0.014796978416783886 -0.999866519708383
vn -0.03837696551412394 -0.0020532319795946983 -0.9992612234828115
vn 0.045381479234748626 0.023039043086477765 -0.9987040221387543
vn 0.07889979998656454 -0.022682763408746184 -0.9966244597671797
vn -0.02484265203424062 -0.06321296216290533 -0.9976908158615557
vn -0.018624195367615868 -0.001937181291605157 -0.9998246779688689
vn -0.13401036118649445 0.04665417277837977 -0.989881109657635
vn 0.006462902622666252 0.062458320105642263 -0.9980266475096098
vn -0.006927640000686782 -0.014796978416783886 -0.999866519708383
vn -0.0688416793440078 -0.039183548706214426 -0.9968577996363799
vn -0.03837696551412394 -0.0020532319795946983 -0.9992612234828115
vn 0.07889979998656454 -0.022682763408746184 -0.9966244597671797
vn 0.03164118220422935 0.018209534137604462 -0.9993334020511923
vn -0.02484265203424062 -0.06321296216290533 -0.9976908158615557
vn -0.13401036118649445 0.04665417277837977 -0.989881109657635
vn -0.06541833157234998 -0.032801221432991405 -0.9973186661076757
vn 0.006462902622666252 0.062458320105642263 -0.9980266475096098
vn -0.0688416793440078 -0.039183548706214426 -0.9968577996363799
vn -0.02484265203424062 -0.06321296216290533 -0.9976908158615557
vn -0.03837696551412394 -0.0020532319795946983 -0.9992612234828115
vn 0.03164118220422935 0.018209534137604462 -0.9993334020511923
vn 0.013186430409988951 0.03648380521556273 -0.9992472416824754
vn 0.006462902622666252 0.062458320105642263 -0.9980266475096098
vn -0.02484265203424062 -0.06321296216290533 -0.9976908158615557
vn -0.06541833157234998 -0.032801221432991405 -0.9973186661076757
vn -0.03837696551412394 -0.0020532319795946983 -0.9992612234828115
vn 0.013186430409988951 0.03648380521556273 -0.9992472416824754
vn 0.006462902622666252 0.062458320105642263 -0.9980266475096098
vn 0.006462902622666252 0.062458320105642263 -0.9980266475096098
vn -0.06541833157234998 -0.032801221432991405 -0.9973186661076757
vn -0.010790829613640451 -0.030726336133213513 -0.9994695844617174
vn -0.010790829613640451 -0.030726336133213513 -0.9994695844617174
vn -0.03837696551412394 -0.0020532319795946983 -0.9992612234828115
vn 0.006462902622666252 0.062458320105642263 -0.9980266475096098
vn 0.0045323943679127865 -0.01571205969750653 0.9998662853508743
vn 0.1237086985062406 -0.1076186700847838 0.9864655998883461
vn 0.0682799671516092 -0.04839488522574361 0.9964917366289407
vn 0.0682799671516092 -0.04839488522574361 0.9964917366289407
vn 0.034226496338202426 0.01778114243923354 0.9992559121276025
vn 0.02364188746065856 0.07701626227311212 0.9967494953611848
vn 0.07727763159569244 -0.04872636189319776 0.9958182109760865
vn 0.0483093670069264 -0.01503398544357066 0.9987192720384807
vn 0.03194224431365045 0.039636745669860064 0.9987034702157143
vn 0.03194224431365045 0.039636745669860064 0.9987034702157143
vn -0.005931227389657124 0.04976621577013318 0.9987432824853305
vn -0.012896727621780374 0.030712017435165623 0.9994450692267743
vn -0.012896727621780374 0.030712017435165623 0.9994450692267743
vn -0.1121199007144945 0.12090740624022293 0.9863115770282906
vn -0.03340803904772915 -0.018963182759154762 0.9992618779011977
vn -0.03340803904772915 -0.018963182759154762 0.9992618779011977
vn -0.008224259945837554 -0.049335382182073645 0.9987484075648342
vn -0.0052724218415655675 -0.03998352105264521 0.9991864288570764
vn -0.07671354092009426 0.04963715828534122 0.9958168431779295
vn -0.09004932470556802 0.04457323540830048 0.9949393679040482
vn -0.013535158526523363 -0.012937935826395673 0.9998246892831834
vn -0.013535158526523363 -0.012937935826395673 0.9998246892831834
vn -0.01665183949893091 -0.09835491613573702 0.9950120736519905
vn -0.0036153018476252465 -0.04019147209622897 0.9991854558405505
vn -0.21453506873027314 -0.01624754043096061 0.9765811393401171
vn -0.04602551810465616 -0.021177710862530966 0.9987157534783464
vn 0.0045323943679127865 -0.01571205969750653 0.9998662853508743
vn 0.0045323943679127865 -0.01571205969750653 0.9998662853508743
vn 0.0682799671516092 -0.04839488522574361 0.9964917366289407
vn 0.02364188746065856 0.07701626227311212 0.9967494953611848
vn 0.07673920864441787 -0.029167023215233026 0.996624492280513
vn 0.07727763159569244 -0.04872636189319776 0.9958182109760865
vn 0.03194224431365045 0.039636745669860064 0.9987034702157143
vn 0.03194224431365045 0.039636745669860064 0.9987034702157143
vn -0.012896727621780374 0.030712017435165623 0.9994450692267743
vn -0.03340803904772915 -0.018963182759154762 0.9992618779011977
vn -0.03340803904772915 -0.018963182759154762 0.9992618779011977
vn -0.0052724218415655675 -0.03998352105264521 0.9991864288570764
vn -0.016210238960005573 -0.028243989882188854 0.9994696119384493
vn -0.1316061500240619 0.05305829778488922 0.989881123323409
vn -0.07671354092009426 0.04963715828534122 0.9958168431779295
vn -0.013535158526523363 -0.012937935826395673 0.9998246892831834
vn -0.013535158526523363 -0.012937935826395673 0.9998246892831834
vn -0.0036153018476252465 -0.04019147209622897 0.9991854558405505
vn -0.033436040770286383 -0.059118687125155917 0.9976908398949074
vn -0.07365856378798817 -0.029135594378363352 0.9968578299441251
vn -0.21453506873027314 -0.01624754043096061 0.9765811393401171
vn 0.0045323943679127865 -0.01571205969750653 0.9998662853508743
vn 0.0045323943679127865 -0.01571205969750653 0.9998662853508743
vn 0.02364188746065856 0.07701626227311212 0.9967494953611848
vn 0.007457995767598095 0.06234702451479085 0.9980266663938808
vn 0.07673920864441787 -0.029167023215233026 0.996624492280513
vn 0.03194224431365045 0.039636745669860064 0.9987034702157143
vn -0.03340803904772915 -0.018963182759154762 0.9992618779011977
vn -0.1316061500240619 0.05305829778488922 0.989881123323409
vn -0.013535158526523363 -0.012937935826395673 0.9998246892831834
vn -0.033436040770286383 -0.059118687125155917 0.9976908398949074
vn -0.07365856378798817 -0.029135594378363352 0.9968578299441251
vn 0.0045323943679127865 -0.01571205969750653 0.9998662853508743
vn 0.007457995767598095 0.06234702451479085 0.9980266663938808
vn 0.03587091313400917 0.006779858789165994 0.9993334333973479
vn 0.07673920864441787 -0.029167023215233026 0.996624492280513
vn -0.03340803904772915 -0.018963182759154762 0.9992618779011977
vn -0.07113895624540975 -0.01716603539284854 0.9973186933639644
vn -0.1316061500240619 0.05305829778488922 0.989881123323409
vn -0.033436040770286383 -0.059118687125155917 0.9976908398949074
vn -0.033436040770286383 -0.059118687125155917 0.9976908398949074
vn -0.07365856378798817 -0.029135594378363352 0.9968578299441251
vn 0.007457995767598095 0.06234702451479085 0.9980266663938808
vn 0.02029682927837154 0.03305935934127489 0.9992472754434656
vn 0.03587091313400917 0.006779858789165994 0.9993334333973479
vn -0.03340803904772915 -0.018963182759154762 0.9992618779011977
vn -0.07113895624540975 -0.01716603539284854 0.9973186933639644
vn -0.033436040770286383 -0.059118687125155917 0.9976908398949074
vn 0.007457995767598095 0.06234702451479085 0.9980266663938808
vn 0.007457995767598095 0.06234702451479085 0.9980266663938808
vn 0.02029682927837154 0.03305935934127489 0.9992472754434656
vn -0.03340803904772915 -0.018963182759154762 0.9992618779011977
vn -0.016210238960005573 -0.028243989882188854 0.9994696119384493
vn -0.07113895624540975 -0.01716603539284854 0.9973186933639644
vn 0.007457995767598095 0.06234702451479085 0.9980266663938808
vn 0.007457995767598095 0.06234702451479085 0.9980266663938808
vn -0.03340803904772915 -0.018963182759154762 0.9992618779011977
vn -0.016210238960005573 -0.028243989882188854 0.9994696119384493
vn 0.06732401059183755 -0.049716858633559895 -0.9964917017042544
vn 0.03825974403929324 -0.004886577294252981 -0.999255879816774
vn 0.06732401059183755 -0.049716858633559895 -0.9964917017042544
vn 0.03825974403929324 -0.004886577294252981 -0.999255879816774
vn 0.09913538614825837 0.0021865668722794297 -0.9950715522707645
vn 0.06732401059183755 -0.049716858633559895 -0.9964917017042544
vn 0.06732401059183755 -0.049716858633559895 -0.9964917017042544
vn 0.09913538614825837 0.0021865668722794297 -0.9950715522707645
vn 0.31151647023012635 -0.22657910460206762 -0.9228322697722963
vn 0.09913538614825837 0.0021865668722794297 -0.9950715522707645
vn 0.19516347604853407 0.019736776387467923 -0.9805721173246179
vn 0.31151647023012635 -0.22657910460206762 -0.9228322697722963
vn 0.31151647023012635 -0.22657910460206762 -0.9228322697722963
vn 0.19516347604853407 0.019736776387467923 -0.9805721173246179
vn 0.31151647023012635 -0.22657910460206762 -0.9228322697722963
vn 0.19516347604853407 0.019736776387467923 -0.9805721173246179
vn 0.33711713846376656 0.04618105705110332 -0.9403293810807171
vn 0.31151647023012635 -0.22657910460206762 -0.9228322697722963
vn 0.31151647023012635 -0.22657910460206762 -0.9228322697722963
vn 0.33711713846376656 0.04618105705110332 -0.9403293810807171
vn 0.31151647023012635 -0.22657910460206762 -0.9228322697722963
vn 0.33711713846376656 0.04618105705110332 -0.9403293810807171
vn 0.33711713846376656 0.04618105705110332 -0.9403293810807171
vn 0.31151647023012635 -0.22657910460206762 -0.9228322697722963
vn 0.31151647023012635 -0.22657910460206762 -0.9228322697722963
vn 0.33711713846376656 0.04618105705110332 -0.9403293810807171
vn 0.48655620584306114 -0.3529944744508512 -0.7991607845501254
vn 0.33711713846376656 0.04618105705110332 -0.9403293810807171
vn 0.47601827136462777 0.07251214852721521 -0.8764408671684581
vn 0.48655620584306114 -0.3529944744508512 -0.7991607845501254
vn 0.48655620584306114 -0.3529944744508512 -0.7991607845501254
vn 0.47601827136462777 0.07251214852721521 -0.8764408671684581
vn 0.5911998286784445 -0.4285186328300773 -0.6832675492718933
vn 0.47601827136462777 0.07251214852721521 -0.8764408671684581
vn 0.5648725001362096 0.08955097148636712 -0.8203046276205661
vn 0.5911998286784445 -0.4285186328300773 -0.6832675492718933
vn 0.5911998286784445 -0.4285186328300773 -0.6832675492718933
vn 0.5718566088161774 -0.025478632714705737 -0.8199578392992233
vn 0.5911998286784445 -0.4285186328300773 -0.6832675492718933
vn 0.5718566088161774 -0.025478632714705737 -0.8199578392992233
vn 0.6531337892291328 -0.4255366490897486 -0.6263663573729539
vn 0.5911998286784445 -0.4285186328300773 -0.6832675492718933
vn 0.5911998286784445 -0.4285186328300773 -0.6832675492718933
vn 0.6531337892291328 -0.4255366490897486 -0.6263663573729539
vn 0.6740127267137797 -0.4882514521173643 -0.5543621232850785
vn 0.6531337892291328 -0.4255366490897486 -0.6263663573729539
vn 0.7281351888669958 -0.4744023813042774 -0.49473379442530063
vn 0.6740127267137797 -0.4882514521173643 -0.5543621232850785
vn 0.6740127267137797 -0.4882514521173643 -0.5543621232850785
vn 0.7281351888669958 -0.4744023813042774 -0.49473379442530063
vn 0.7352604873363106 -0.5323993568963483 -0.41945552867774416
vn 0.7281351888669958 -0.4744023813042774 -0.49473379442530063
vn 0.7281351888669958 -0.4744023813042774 -0.49473379442530063
vn 0.7352604873363106 -0.5323993568963483 -0.41945552867774416
vn 0.7352604873363106 -0.5323993568963483 -0.41945552867774416
vn 0.7281351888669958 -0.4744023813042774 -0.49473379442530063
vn 0.7352604873363106 -0.5323993568963483 -0.41945552867774416
vn 0.7281351888669958 -0.4744023813042774 -0.49473379442530063
vn 0.7825310950122648 -0.5098429402915953 -0.3573587295334014
vn 0.7352604873363106 -0.5323993568963483 -0.41945552867774416
vn 0.7352604873363106 -0.5323993568963483 -0.41945552867774416
vn 0.7825310950122648 -0.5098429402915953 -0.3573587295334014
vn 0.7875523560192704 -0.5700334901506368 -0.23414334633975867
vn 0.7825310950122648 -0.5098429402915953 -0.3573587295334014
vn 0.8176482413202464 -0.5327228964604266 -0.21830636512186694
vn 0.7875523560192704 -0.5700334901506368 -0.23414334633975867
vn 0.7875523560192704 -0.5700334901506368 -0.23414334633975867
vn 0.8176482413202464 -0.5327228964604266 -0.21830636512186694
vn 0.7875523560192704 -0.5700334901506368 -0.23414334633975867
vn 0.8176482413202464 -0.5327228964604266 -0.21830636512186694
vn 0.8176482413202464 -0.5327228964604266 -0.21830636512186694
vn 0.7875523560192704 -0.5700334901506368 -0.23414334633975867
vn 0.7875523560192704 -0.5700334901506368 -0.23414334633975867
vn 0.8176482413202464 -0.5327228964604266 -0.21830636512186694
vn 0.8065761280269848 -0.5836597646692323 -0.09368152861292092
vn 0.8176482413202464 -0.5327228964604266 -0.21830636512186694
vn 0.8369394107220232 -0.5452916728022523 -0.04679117815137878
vn 0.8065761280269848 -0.5836597646692323 -0.09368152861292092
vn 0.8065761280269848 -0.5836597646692323 -0.09368152861292092
vn 0.8369394107220232 -0.5452916728022523 -0.04679117815137878
vn 0.8099538718988031 -0.586026194250781 -0.02340993481587592
vn 0.8369394107220232 -0.5452916728022523 -0.04679117815137878
vn 0.8369394107220232 -0.5452916728022523 -0.04679117815137878
vn 0.8099538718988031 -0.586026194250781 -0.02340993481587592
vn 0.8099538718988031 -0.586026194250781 -0.02340993481587592
vn 0.8369394107220232 -0.5452916728022523 -0.04679117815137878
vn 0.8099643692626797 -0.5860117153477439 0.02340918623328265
vn 0.8369394107220232 -0.5452916728022523 -0.04679117815137878
vn 0.8357900423711934 -0.5445427922362915 0.07020080125370144
vn 0.8099643692626797 -0.5860117153477439 0.02340918623328265
vn 0.8099643692626797 -0.5860117153477439 0.02340918623328265
vn 0.8357900423711934 -0.5445427922362915 0.07020080125370144
vn 0.8066600235997717 -0.5835434990398507 0.09368346201087871
vn 0.8357900423711934 -0.5445427922362915 0.07020080125370144
vn 0.8357900423711934 -0.5445427922362915 0.07020080125370144
vn 0.8066600235997717 -0.5835434990398507 0.09368346201087871
vn 0.8066600235997717 -0.5835434990398507 0.09368346201087871
vn 0.8357900423711934 -0.5445427922362915 0.07020080125370144
vn 0.7877673539118758 -0.5697366022641421 0.23414269185945596
vn 0.8357900423711934 -0.5445427922362915 0.07020080125370144
vn 0.8113825464626734 -0.5286405776012314 0.24939427220604743
vn 0.7877673539118758 -0.5697366022641421 0.23414269185945596
vn 0.7877673539118758 -0.5697366022641421 0.23414269185945596
vn 0.8113825464626734 -0.5286405776012314 0.24939427220604743
vn 0.7877673539118758 -0.5697366022641421 0.23414269185945596
vn 0.8113825464626734 -0.5286405776012314 0.24939427220604743
vn 0.8113825464626734 -0.5286405776012314 0.24939427220604743
vn 0.7877673539118758 -0.5697366022641421 0.23414269185945596
vn 0.7877673539118758 -0.5697366022641421 0.23414269185945596
vn 0.8113825464626734 -0.5286405776012314 0.24939427220604743
vn 0.7356653193367242 -0.5318399653184438 0.41945534829737496
vn 0.8113825464626734 -0.5286405776012314 0.24939427220604743
vn 0.7721934911684605 -0.5031076667800738 0.3880720137090214
vn 0.7356653193367242 -0.5318399653184438 0.41945534829737496
vn 0.7356653193367242 -0.5318399653184438 0.41945534829737496
vn 0.7721934911684605 -0.5031076667800738 0.3880720137090214
vn 0.7356653193367242 -0.5318399653184438 0.41945534829737496
vn 0.7721934911684605 -0.5031076667800738 0.3880720137090214
vn 0.7132818464565333 -0.46472497247876754 0.5246519870067845
vn 0.7356653193367242 -0.5318399653184438 0.41945534829737496
vn 0.7356653193367242 -0.5318399653184438 0.41945534829737496
vn 0.7132818464565333 -0.46472497247876754 0.5246519870067845
vn 0.6745745389462667 -0.4874739538369378 0.5543629999702493
vn 0.7132818464565333 -0.46472497247876754 0.5246519870067845
vn 0.7132818464565333 -0.46472497247876754 0.5246519870067845
vn 0.6745745389462667 -0.4874739538369378 0.5543629999702493
vn 0.6745745389462667 -0.4874739538369378 0.5543629999702493
vn 0.7132818464565333 -0.46472497247876754 0.5246519870067845
vn 0.5919364653788619 -0.4275002452837352 0.6832677083231181
vn 0.7132818464565333 -0.46472497247876754 0.5246519870067845
vn 0.6333671748936978 -0.4126580914958466 0.6546444235538721
vn 0.5919364653788619 -0.4275002452837352 0.6832677083231181
vn 0.5919364653788619 -0.4275002452837352 0.6832677083231181
vn 0.6333671748936978 -0.4126580914958466 0.6546444235538721
vn 0.5919364653788619 -0.4275002452837352 0.6832677083231181
vn 0.6333671748936978 -0.4126580914958466 0.6546444235538721
vn 0.5680163597402387 -0.15991123287279774 0.8073325291777542
vn 0.5919364653788619 -0.4275002452837352 0.6832677083231181
vn 0.5919364653788619 -0.4275002452837352 0.6832677083231181
vn 0.5611015956642194 0.11075172183207023 0.820304245663948
vn 0.487471792759751 -0.3517310347581586 0.7991598904171487
vn 0.5611015956642194 0.11075172183207023 0.820304245663948
vn 0.47182270939526105 0.0961011947321818 0.8764404664721742
vn 0.487471792759751 -0.3517310347581586 0.7991598904171487
vn 0.487471792759751 -0.3517310347581586 0.7991598904171487
vn 0.47182270939526105 0.0961011947321818 0.8764404664721742
vn 0.31264823603464914 -0.22501444764993192 0.9228323676883133
vn 0.47182270939526105 0.0961011947321818 0.8764404664721742
vn 0.3323609523243584 0.07291457785203845 0.9403295495233065
vn 0.31264823603464914 -0.22501444764993192 0.9228323676883133
vn 0.31264823603464914 -0.22501444764993192 0.9228323676883133
vn 0.3323609523243584 0.07291457785203845 0.9403295495233065
vn 0.31264823603464914 -0.22501444764993192 0.9228323676883133
vn 0.3323609523243584 0.07291457785203845 0.9403295495233065
vn 0.3323609523243584 0.07291457785203845 0.9403295495233065
vn 0.31264823603464914 -0.22501444764993192 0.9228323676883133
vn 0.31264823603464914 -0.22501444764993192 0.9228323676883133
vn 0.3323609523243584 0.07291457785203845 0.9403295495233065
vn 0.31264823603464914 -0.22501444764993192 0.9228323676883133
vn 0.3323609523243584 0.07291457785203845 0.9403295495233065
vn 0.18999746914902013 0.048780073694979734 0.9805720096593006
vn 0.31264823603464914 -0.22501444764993192 0.9228323676883133
vn 0.31264823603464914 -0.22501444764993192 0.9228323676883133
vn 0.18999746914902013 0.048780073694979734 0.9805720096593006
vn 0.0682799671516092 -0.04839488522574361 0.9964917366289407
vn 0.18999746914902013 0.048780073694979734 0.9805720096593006
vn 0.09380715247036564 0.03213671935410746 0.9950715800456552
vn 0.0682799671516092 -0.04839488522574361 0.9964917366289407
vn 0.0682799671516092 -0.04839488522574361 0.9964917366289407
vn 0.09380715247036564 0.03213671935410746 0.9950715800456552
vn 0.0682799671516092 -0.04839488522574361 0.9964917366289407
vn 0.09380715247036564 0.03213671935410746 0.9950715800456552
vn 0.034226496338202426 0.01778114243923354 0.9992559121276025
vn 0.0682799671516092 -0.04839488522574361 0.9964917366289407
vn 0.03825974403929324 -0.004886577294252981 -0.999255879816774
vn 0.032444276250469604 0.07374185399821795 -0.9967494709843033
vn 0.09913538614825837 0.0021865668722794297 -0.9950715522707645
vn 0.032444276250469604 0.07374185399821795 -0.9967494709843033
vn 0.032444276250469604 0.07374185399821795 -0.9967494709843033
vn 0.09913538614825837 0.0021865668722794297 -0.9950715522707645
vn 0.09913538614825837 0.0021865668722794297 -0.9950715522707645
vn 0.032444276250469604 0.07374185399821795 -0.9967494709843033
vn 0.19516347604853407 0.019736776387467923 -0.9805721173246179
vn 0.032444276250469604 0.07374185399821795 -0.9967494709843033
vn 0.11496466851805677 0.29239218685751933 -0.9493629095647306
vn 0.19516347604853407 0.019736776387467923 -0.9805721173246179
vn 0.19516347604853407 0.019736776387467923 -0.9805721173246179
vn 0.11496466851805677 0.29239218685751933 -0.9493629095647306
vn 0.33711713846376656 0.04618105705110332 -0.9403293810807171
vn 0.11496466851805677 0.29239218685751933 -0.9493629095647306
vn 0.11496466851805677 0.29239218685751933 -0.9493629095647306
vn 0.33711713846376656 0.04618105705110332 -0.9403293810807171
vn 0.33711713846376656 0.04618105705110332 -0.9403293810807171
vn 0.11496466851805677 0.29239218685751933 -0.9493629095647306
vn 0.33711713846376656 0.04618105705110332 -0.9403293810807171
vn 0.11496466851805677 0.29239218685751933 -0.9493629095647306
vn 0.19141652650742322 0.500646219712822 -0.8442233567410309
vn 0.33711713846376656 0.04618105705110332 -0.9403293810807171
vn 0.33711713846376656 0.04618105705110332 -0.9403293810807171
vn 0.19141652650742322 0.500646219712822 -0.8442233567410309
vn 0.47601827136462777 0.07251214852721521 -0.8764408671684581
vn 0.19141652650742322 0.500646219712822 -0.8442233567410309
vn 0.19141652650742322 0.500646219712822 -0.8442233567410309
vn 0.47601827136462777 0.07251214852721521 -0.8764408671684581
vn 0.47601827136462777 0.07251214852721521 -0.8764408671684581
vn 0.19141652650742322 0.500646219712822 -0.8442233567410309
vn 0.5648725001362096 0.08955097148636712 -0.8203046276205661
vn 0.19141652650742322 0.500646219712822 -0.8442233567410309
vn 0.2394190673685346 0.6321480129036986 -0.7369310686640145
vn 0.5648725001362096 0.08955097148636712 -0.8203046276205661
vn 0.4780196547276409 0.34599310158005225 -0.8073326348866882
vn 0.2394190673685346 0.6321480129036986 -0.7369310686640145
vn 0.452196628778541 0.6057728541344374 -0.6546430005087811
vn 0.2394190673685346 0.6321480129036986 -0.7369310686640145
vn 0.2663243934168816 0.7061275045305578 -0.6560908967639905
vn 0.452196628778541 0.6057728541344374 -0.6546430005087811
vn 0.452196628778541 0.6057728541344374 -0.6546430005087811
vn 0.2663243934168816 0.7061275045305578 -0.6560908967639905
vn 0.5092512950845975 0.6822044830163655 -0.5246524199954038
vn 0.2663243934168816 0.7061275045305578 -0.6560908967639905
vn 0.3079873572518723 0.8212009537845759 -0.48038815688598163
vn 0.5092512950845975 0.6822044830163655 -0.5246524199954038
vn 0.5092512950845975 0.6822044830163655 -0.5246524199954038
vn 0.3079873572518723 0.8212009537845759 -0.48038815688598163
vn 0.5092512950845975 0.6822044830163655 -0.5246524199954038
vn 0.3079873572518723 0.8212009537845759 -0.48038815688598163
vn 0.3079873572518723 0.8212009537845759 -0.48038815688598163
vn 0.5092512950845975 0.6822044830163655 -0.5246524199954038
vn 0.5092512950845975 0.6822044830163655 -0.5246524199954038
vn 0.3079873572518723 0.8212009537845759 -0.48038815688598163
vn 0.5513117260831224 0.7385494638612671 -0.38807224857426115
vn 0.3079873572518723 0.8212009537845759 -0.48038815688598163
vn 0.3079873572518723 0.8212009537845759 -0.48038815688598163
vn 0.5513117260831224 0.7385494638612671 -0.38807224857426115
vn 0.5513117260831224 0.7385494638612671 -0.38807224857426115
vn 0.3079873572518723 0.8212009537845759 -0.48038815688598163
vn 0.5792910294329247 0.7760311743715586 -0.24939430551245956
vn 0.3079873572518723 0.8212009537845759 -0.48038815688598163
vn 0.3392427848789133 0.9087324703943446 -0.24314528611221528
vn 0.5792910294329247 0.7760311743715586 -0.24939430551245956
vn 0.5792910294329247 0.7760311743715586 -0.24939430551245956
vn 0.3392427848789133 0.9087324703943446 -0.24314528611221528
vn 0.5792910294329247 0.7760311743715586 -0.24939430551245956
vn 0.3392427848789133 0.9087324703943446 -0.24314528611221528
vn 0.3392427848789133 0.9087324703943446 -0.24314528611221528
vn 0.5792910294329247 0.7760311743715586 -0.24939430551245956
vn 0.5792910294329247 0.7760311743715586 -0.24939430551245956
vn 0.3392427848789133 0.9087324703943446 -0.24314528611221528
vn 0.5967168591143684 0.7993753857999897 -0.07019959135066568
vn 0.3392427848789133 0.9087324703943446 -0.24314528611221528
vn 0.3482583786532843 0.9354150959306675 -0.06094833880267562
vn 0.5967168591143684 0.7993753857999897 -0.07019959135066568
vn 0.5967168591143684 0.7993753857999897 -0.07019959135066568
vn 0.3482583786532843 0.9354150959306675 -0.06094833880267562
vn 0.5967168591143684 0.7993753857999897 -0.07019959135066568
vn 0.3482583786532843 0.9354150959306675 -0.06094833880267562
vn 0.3482583786532843 0.9354150959306675 -0.06094833880267562
vn 0.5967168591143684 0.7993753857999897 -0.07019959135066568
vn 0.5967168591143684 0.7993753857999897 -0.07019959135066568
vn 0.3482583786532843 0.9354150959306675 -0.06094833880267562
vn 0.5975373985618849 0.8004747036114157 0.04679002242050815
vn 0.3482583786532843 0.9354150959306675 -0.06094833880267562
vn 0.34780583596475173 0.9355834940639313 0.06094773255820107
vn 0.5975373985618849 0.8004747036114157 0.04679002242050815
vn 0.5975373985618849 0.8004747036114157 0.04679002242050815
vn 0.34780583596475173 0.9355834940639313 0.06094773255820107
vn 0.5975373985618849 0.8004747036114157 0.04679002242050815
vn 0.34780583596475173 0.9355834940639313 0.06094773255820107
vn 0.34780583596475173 0.9355834940639313 0.06094773255820107
vn 0.5975373985618849 0.8004747036114157 0.04679002242050815
vn 0.5975373985618849 0.8004747036114157 0.04679002242050815
vn 0.34780583596475173 0.9355834940639313 0.06094773255820107
vn 0.5837643651323653 0.7820238348807137 0.21830686585645617
vn 0.34780583596475173 0.9355834940639313 0.06094773255820107
vn 0.33718946672149447 0.9094961907539868 0.2431459284793025
vn 0.5837643651323653 0.7820238348807137 0.21830686585645617
vn 0.5837643651323653 0.7820238348807137 0.21830686585645617
vn 0.33718946672149447 0.9094961907539868 0.2431459284793025
vn 0.5837643651323653 0.7820238348807137 0.21830686585645617
vn 0.33718946672149447 0.9094961907539868 0.2431459284793025
vn 0.33718946672149447 0.9094961907539868 0.2431459284793025
vn 0.5837643651323653 0.7820238348807137 0.21830686585645617
vn 0.5837643651323653 0.7820238348807137 0.21830686585645617
vn 0.33718946672149447 0.9094961907539868 0.2431459284793025
vn 0.5586924592315122 0.7484368734685612 0.357358338968674
vn 0.33718946672149447 0.9094961907539868 0.2431459284793025
vn 0.3036349105972965 0.8228201834219357 0.48038816265605855
vn 0.5586924592315122 0.7484368734685612 0.357358338968674
vn 0.5586924592315122 0.7484368734685612 0.357358338968674
vn 0.3036349105972965 0.8228201834219357 0.48038816265605855
vn 0.5198562692946436 0.6964111859423248 0.49473317997629757
vn 0.3036349105972965 0.8228201834219357 0.48038816265605855
vn 0.3036349105972965 0.8228201834219357 0.48038816265605855
vn 0.5198562692946436 0.6964111859423248 0.49473317997629757
vn 0.5198562692946436 0.6964111859423248 0.49473317997629757
vn 0.3036349105972965 0.8228201834219357 0.48038816265605855
vn 0.5198562692946436 0.6964111859423248 0.49473317997629757
vn 0.3036349105972965 0.8228201834219357 0.48038816265605855
vn 0.3036349105972965 0.8228201834219357 0.48038816265605855
vn 0.5198562692946436 0.6964111859423248 0.49473317997629757
vn 0.5198562692946436 0.6964111859423248 0.49473317997629757
vn 0.3036349105972965 0.8228201834219357 0.48038816265605855
vn 0.46630751561613293 0.624676101326922 0.6263681579637544
vn 0.3036349105972965 0.8228201834219357 0.48038816265605855
vn 0.25995531840581637 0.7084965154081581 0.6560913961385472
vn 0.46630751561613293 0.624676101326922 0.6263681579637544
vn 0.46630751561613293 0.624676101326922 0.6263681579637544
vn 0.25995531840581637 0.7084965154081581 0.6560913961385472
vn 0.5279870727969478 0.2211328190162404 0.819957271638737
vn 0.25995531840581637 0.7084965154081581 0.6560913961385472
vn 0.2319661851673208 0.6349210809693143 0.7369307361480304
vn 0.5279870727969478 0.2211328190162404 0.819957271638737
vn 0.5611015956642194 0.11075172183207023 0.820304245663948
vn 0.2319661851673208 0.6349210809693143 0.7369307361480304
vn 0.47182270939526105 0.0961011947321818 0.8764404664721742
vn 0.2319661851673208 0.6349210809693143 0.7369307361480304
vn 0.18234762499061846 0.5040205703172911 0.8442230797350386
vn 0.47182270939526105 0.0961011947321818 0.8764404664721742
vn 0.47182270939526105 0.0961011947321818 0.8764404664721742
vn 0.18234762499061846 0.5040205703172911 0.8442230797350386
vn 0.3323609523243584 0.07291457785203845 0.9403295495233065
vn 0.18234762499061846 0.5040205703172911 0.8442230797350386
vn 0.18234762499061846 0.5040205703172911 0.8442230797350386
vn 0.3323609523243584 0.07291457785203845 0.9403295495233065
vn 0.3323609523243584 0.07291457785203845 0.9403295495233065
vn 0.18234762499061846 0.5040205703172911 0.8442230797350386
vn 0.3323609523243584 0.07291457785203845 0.9403295495233065
vn 0.18234762499061846 0.5040205703172911 0.8442230797350386
vn 0.10409585151827515 0.29643511103834114 0.9493630910459768
vn 0.3323609523243584 0.07291457785203845 0.9403295495233065
vn 0.3323609523243584 0.07291457785203845 0.9403295495233065
vn 0.10409585151827515 0.29643511103834114 0.9493630910459768
vn 0.18999746914902013 0.048780073694979734 0.9805720096593006
vn 0.10409585151827515 0.29643511103834114 0.9493630910459768
vn 0.10409585151827515 0.29643511103834114 0.9493630910459768
vn 0.18999746914902013 0.048780073694979734 0.9805720096593006
vn 0.18999746914902013 0.048780073694979734 0.9805720096593006
vn 0.10409585151827515 0.29643511103834114 0.9493630910459768
vn 0.09380715247036564 0.03213671935410746 0.9950715800456552
vn 0.10409585151827515 0.29643511103834114 0.9493630910459768
vn 0.02364188746065856 0.07701626227311212 0.9967494953611848
vn 0.09380715247036564 0.03213671935410746 0.9950715800456552
vn 0.09380715247036564 0.03213671935410746 0.9950715800456552
vn 0.02364188746065856 0.07701626227311212 0.9967494953611848
vn 0.034226496338202426 0.01778114243923354 0.9992559121276025
vn 0.02364188746065856 0.07701626227311212 0.9967494953611848
vn 0.02364188746065856 0.07701626227311212 0.9967494953611848
vn 0.034226496338202426 0.01778114243923354 0.9992559121276025
vn 0.032444276250469604 0.07374185399821795 -0.9967494709843033
vn 0.006462902622666252 0.062458320105642263 -0.9980266475096098
vn 0.032444276250469604 0.07374185399821795 -0.9967494709843033
vn 0.006462902622666252 0.062458320105642263 -0.9980266475096098
vn 0.006462902622666252 0.062458320105642263 -0.9980266475096098
vn 0.032444276250469604 0.07374185399821795 -0.9967494709843033
vn 0.032444276250469604 0.07374185399821795 -0.9967494709843033
vn 0.006462902622666252 0.062458320105642263 -0.9980266475096098
vn 0.11496466851805677 0.29239218685751933 -0.9493629095647306
vn 0.006462902622666252 0.062458320105642263 -0.9980266475096098
vn 0.035292662476317314 0.32381695321937354 -0.9454612677328748
vn 0.11496466851805677 0.29239218685751933 -0.9493629095647306
vn 0.11496466851805677 0.29239218685751933 -0.9493629095647306
vn 0.035292662476317314 0.32381695321937354 -0.9454612677328748
vn 0.11496466851805677 0.29239218685751933 -0.9493629095647306
vn 0.035292662476317314 0.32381695321937354 -0.9454612677328748
vn 0.035292662476317314 0.32381695321937354 -0.9454612677328748
vn 0.11496466851805677 0.29239218685751933 -0.9493629095647306
vn 0.11496466851805677 0.29239218685751933 -0.9493629095647306
vn 0.035292662476317314 0.32381695321937354 -0.9454612677328748
vn 0.19141652650742322 0.500646219712822 -0.8442233567410309
vn 0.035292662476317314 0.32381695321937354 -0.9454612677328748
vn 0.05466493850472301 0.49657248417632255 -0.8662721930532175
vn 0.19141652650742322 0.500646219712822 -0.8442233567410309
vn 0.19141652650742322 0.500646219712822 -0.8442233567410309
vn 0.05466493850472301 0.49657248417632255 -0.8662721930532175
vn 0.19141652650742322 0.500646219712822 -0.8442233567410309
vn 0.05466493850472301 0.49657248417632255 -0.8662721930532175
vn 0.06601817936092874 0.5976330069215041 -0.79904717572358
vn 0.19141652650742322 0.500646219712822 -0.8442233567410309
vn 0.19141652650742322 0.500646219712822 -0.8442233567410309
vn 0.06601817936092874 0.5976330069215041 -0.79904717572358
vn 0.2394190673685346 0.6321480129036986 -0.7369310686640145
vn 0.06601817936092874 0.5976330069215041 -0.79904717572358
vn 0.08044555690407154 0.7258589779985547 -0.6831231634436701
vn 0.2394190673685346 0.6321480129036986 -0.7369310686640145
vn 0.2394190673685346 0.6321480129036986 -0.7369310686640145
vn 0.08044555690407154 0.7258589779985547 -0.6831231634436701
vn 0.2663243934168816 0.7061275045305578 -0.6560908967639905
vn 0.08044555690407154 0.7258589779985547 -0.6831231634436701
vn 0.08044555690407154 0.7258589779985547 -0.6831231634436701
vn 0.2663243934168816 0.7061275045305578 -0.6560908967639905
vn 0.2663243934168816 0.7061275045305578 -0.6560908967639905
vn 0.08044555690407154 0.7258589779985547 -0.6831231634436701
vn 0.3079873572518723 0.8212009537845759 -0.48038815688598163
vn 0.08044555690407154 0.7258589779985547 -0.6831231634436701
vn 0.09778915466397996 0.8795980323666648 -0.46555835583393435
vn 0.3079873572518723 0.8212009537845759 -0.48038815688598163
vn 0.3079873572518723 0.8212009537845759 -0.48038815688598163
vn 0.09778915466397996 0.8795980323666648 -0.46555835583393435
vn 0.3079873572518723 0.8212009537845759 -0.48038815688598163
vn 0.09778915466397996 0.8795980323666648 -0.46555835583393435
vn 0.09778915466397996 0.8795980323666648 -0.46555835583393435
vn 0.3079873572518723 0.8212009537845759 -0.48038815688598163
vn 0.3079873572518723 0.8212009537845759 -0.48038815688598163
vn 0.09778915466397996 0.8795980323666648 -0.46555835583393435
vn 0.3079873572518723 0.8212009537845759 -0.48038815688598163
vn 0.09778915466397996 0.8795980323666648 -0.46555835583393435
vn 0.09778915466397996 0.8795980323666648 -0.46555835583393435
vn 0.3079873572518723 0.8212009537845759 -0.48038815688598163
vn 0.3079873572518723 0.8212009537845759 -0.48038815688598163
vn 0.09778915466397996 0.8795980323666648 -0.46555835583393435
vn 0.3392427848789133 0.9087324703943446 -0.24314528611221528
vn 0.09778915466397996 0.8795980323666648 -0.46555835583393435
vn 0.10622641738601087 0.9539871480207374 -0.28040055217597687
vn 0.3392427848789133 0.9087324703943446 -0.24314528611221528
vn 0.3392427848789133 0.9087324703943446 -0.24314528611221528
vn 0.10622641738601087 0.9539871480207374 -0.28040055217597687
vn 0.3392427848789133 0.9087324703943446 -0.24314528611221528
vn 0.10622641738601087 0.9539871480207374 -0.28040055217597687
vn 0.1087764667138799 0.9762858300978018 -0.18717280315123316
vn 0.3392427848789133 0.9087324703943446 -0.24314528611221528
vn 0.3392427848789133 0.9087324703943446 -0.24314528611221528
vn 0.1087764667138799 0.9762858300978018 -0.18717280315123316
vn 0.3482583786532843 0.9354150959306675 -0.06094833880267562
vn 0.1087764667138799 0.9762858300978018 -0.18717280315123316
vn 0.11063047691681781 0.9921357804960822 -0.05854477463093627
vn 0.3482583786532843 0.9354150959306675 -0.06094833880267562
vn 0.3482583786532843 0.9354150959306675 -0.06094833880267562
vn 0.11063047691681781 0.9921357804960822 -0.05854477463093627
vn 0.3482583786532843 0.9354150959306675 -0.06094833880267562
vn 0.11063047691681781 0.9921357804960822 -0.05854477463093627
vn 0.11063047691681781 0.9921357804960822 -0.05854477463093627
vn 0.3482583786532843 0.9354150959306675 -0.06094833880267562
vn 0.3482583786532843 0.9354150959306675 -0.06094833880267562
vn 0.11063047691681781 0.9921357804960822 -0.05854477463093627
vn 0.34780583596475173 0.9355834940639313 0.06094773255820107
vn 0.11063047691681781 0.9921357804960822 -0.05854477463093627
vn 0.11069599988501602 0.9921284649082881 0.058544894979667535
vn 0.34780583596475173 0.9355834940639313 0.06094773255820107
vn 0.34780583596475173 0.9355834940639313 0.06094773255820107
vn 0.11069599988501602 0.9921284649082881 0.058544894979667535
vn 0.34780583596475173 0.9355834940639313 0.06094773255820107
vn 0.11069599988501602 0.9921284649082881 0.058544894979667535
vn 0.11069599988501602 0.9921284649082881 0.058544894979667535
vn 0.34780583596475173 0.9355834940639313 0.06094773255820107
vn 0.34780583596475173 0.9355834940639313 0.06094773255820107
vn 0.11069599988501602 0.9921284649082881 0.058544894979667535
vn 0.33718946672149447 0.9094961907539868 0.2431459284793025
vn 0.11069599988501602 0.9921284649082881 0.058544894979667535
vn 0.10901210464163431 0.9762595302243766 0.1871728898309819
vn 0.33718946672149447 0.9094961907539868 0.2431459284793025
vn 0.33718946672149447 0.9094961907539868 0.2431459284793025
vn 0.10901210464163431 0.9762595302243766 0.1871728898309819
vn 0.33718946672149447 0.9094961907539868 0.2431459284793025
vn 0.10901210464163431 0.9762595302243766 0.1871728898309819
vn 0.10658616396630473 0.9539470515098005 0.2804004503682299
vn 0.33718946672149447 0.9094961907539868 0.2431459284793025
vn 0.33718946672149447 0.9094961907539868 0.2431459284793025
vn 0.10658616396630473 0.9539470515098005 0.2804004503682299
vn 0.3036349105972965 0.8228201834219357 0.48038816265605855
vn 0.10658616396630473 0.9539470515098005 0.2804004503682299
vn 0.0984251256983897 0.8795271348968998 0.46555828164828816
vn 0.3036349105972965 0.8228201834219357 0.48038816265605855
vn 0.3036349105972965 0.8228201834219357 0.48038816265605855
vn 0.0984251256983897 0.8795271348968998 0.46555828164828816
vn 0.3036349105972965 0.8228201834219357 0.48038816265605855
vn 0.0984251256983897 0.8795271348968998 0.46555828164828816
vn 0.0984251256983897 0.8795271348968998 0.46555828164828816
vn 0.3036349105972965 0.8228201834219357 0.48038816265605855
vn 0.3036349105972965 0.8228201834219357 0.48038816265605855
vn 0.0984251256983897 0.8795271348968998 0.46555828164828816
vn 0.3036349105972965 0.8228201834219357 0.48038816265605855
vn 0.0984251256983897 0.8795271348968998 0.46555828164828816
vn 0.0984251256983897 0.8795271348968998 0.46555828164828816
vn 0.3036349105972965 0.8228201834219357 0.48038816265605855
vn 0.3036349105972965 0.8228201834219357 0.48038816265605855
vn 0.0984251256983897 0.8795271348968998 0.46555828164828816
vn 0.25995531840581637 0.7084965154081581 0.6560913961385472
vn 0.0984251256983897 0.8795271348968998 0.46555828164828816
vn 0.08146759938407688 0.7257449093893676 0.6831232368658043
vn 0.25995531840581637 0.7084965154081581 0.6560913961385472
vn 0.25995531840581637 0.7084965154081581 0.6560913961385472
vn 0.08146759938407688 0.7257449093893676 0.6831232368658043
vn 0.2319661851673208 0.6349210809693143 0.7369307361480304
vn 0.08146759938407688 0.7257449093893676 0.6831232368658043
vn 0.08146759938407688 0.7257449093893676 0.6831232368658043
vn 0.2319661851673208 0.6349210809693143 0.7369307361480304
vn 0.2319661851673208 0.6349210809693143 0.7369307361480304
vn 0.08146759938407688 0.7257449093893676 0.6831232368658043
vn 0.18234762499061846 0.5040205703172911 0.8442230797350386
vn 0.08146759938407688 0.7257449093893676 0.6831232368658043
vn 0.06728705095203232 0.5974918671777825 0.7990468831242544
vn 0.18234762499061846 0.5040205703172911 0.8442230797350386
vn 0.18234762499061846 0.5040205703172911 0.8442230797350386
vn 0.06728705095203232 0.5974918671777825 0.7990468831242544
vn 0.18234762499061846 0.5040205703172911 0.8442230797350386
vn 0.06728705095203232 0.5974918671777825 0.7990468831242544
vn 0.05609358522390218 0.49641350334512363 0.8662719800347635
vn 0.18234762499061846 0.5040205703172911 0.8442230797350386
vn 0.18234762499061846 0.5040205703172911 0.8442230797350386
vn 0.05609358522390218 0.49641350334512363 0.8662719800347635
vn 0.10409585151827515 0.29643511103834114 0.9493630910459768
vn 0.05609358522390218 0.49641350334512363 0.8662719800347635
vn 0.03692462731366656 0.3236345108413578 0.9454614086731524
vn 0.10409585151827515 0.29643511103834114 0.9493630910459768
vn 0.10409585151827515 0.29643511103834114 0.9493630910459768
vn 0.03692462731366656 0.3236345108413578 0.9454614086731524
vn 0.10409585151827515 0.29643511103834114 0.9493630910459768
vn 0.03692462731366656 0.3236345108413578 0.9454614086731524
vn 0.03692462731366656 0.3236345108413578 0.9454614086731524
vn 0.10409585151827515 0.29643511103834114 0.9493630910459768
vn 0.10409585151827515 0.29643511103834114 0.9493630910459768
vn 0.03692462731366656 0.3236345108413578 0.9454614086731524
vn 0.02364188746065856 0.07701626227311212 0.9967494953611848
vn 0.03692462731366656 0.3236345108413578 0.9454614086731524
vn 0.007457995767598095 0.06234702451479085 0.9980266663938808
vn 0.02364188746065856 0.07701626227311212 0.9967494953611848
vn 0.02364188746065856 0.07701626227311212 0.9967494953611848
vn 0.007457995767598095 0.06234702451479085 0.9980266663938808
vn 0.02364188746065856 0.07701626227311212 0.9967494953611848
vn 0.007457995767598095 0.06234702451479085 0.9980266663938808
vn 0.007457995767598095 0.06234702451479085 0.9980266663938808
vn 0.02364188746065856 0.07701626227311212 0.9967494953611848
vn 0.006462902622666252 0.062458320105642263 -0.9980266475096098
vn 0.013186430409988951 0.03648380521556273 -0.9992472416824754
vn 0.006462902622666252 0.062458320105642263 -0.9980266475096098
vn 0.013186430409988951 0.03648380521556273 -0.9992472416824754
vn 0.04968250275176121 0.11816592763835435 -0.9917502016464068
vn 0.006462902622666252 0.062458320105642263 -0.9980266475096098
vn 0.006462902622666252 0.062458320105642263 -0.9980266475096098
vn 0.04968250275176121 0.11816592763835435 -0.9917502016464068
vn 0.035292662476317314 0.32381695321937354 -0.9454612677328748
vn 0.04968250275176121 0.11816592763835435 -0.9917502016464068
vn 0.13036058768777797 0.2846946104023087 -0.9497131651112218
vn 0.035292662476317314 0.32381695321937354 -0.9454612677328748
vn 0.035292662476317314 0.32381695321937354 -0.9454612677328748
vn 0.13036058768777797 0.2846946104023087 -0.9497131651112218
vn 0.035292662476317314 0.32381695321937354 -0.9454612677328748
vn 0.13036058768777797 0.2846946104023087 -0.9497131651112218
vn 0.13036058768777797 0.2846946104023087 -0.9497131651112218
vn 0.035292662476317314 0.32381695321937354 -0.9454612677328748
vn 0.035292662476317314 0.32381695321937354 -0.9454612677328748
vn 0.13036058768777797 0.2846946104023087 -0.9497131651112218
vn 0.05466493850472301 0.49657248417632255 -0.8662721930532175
vn 0.13036058768777797 0.2846946104023087 -0.9497131651112218
vn 0.22733506953633814 0.4838053667801086 -0.8451337960546087
vn 0.05466493850472301 0.49657248417632255 -0.8662721930532175
vn 0.05466493850472301 0.49657248417632255 -0.8662721930532175
vn 0.22733506953633814 0.4838053667801086 -0.8451337960546087
vn 0.06601817936092874 0.5976330069215041 -0.79904717572358
vn 0.22733506953633814 0.4838053667801086 -0.8451337960546087
vn 0.22733506953633814 0.4838053667801086 -0.8451337960546087
vn 0.06601817936092874 0.5976330069215041 -0.79904717572358
vn 0.06601817936092874 0.5976330069215041 -0.79904717572358
vn 0.22733506953633814 0.4838053667801086 -0.8451337960546087
vn 0.08044555690407154 0.7258589779985547 -0.6831231634436701
vn 0.22733506953633814 0.4838053667801086 -0.8451337960546087
vn 0.2888956417596214 0.6095948920062414 -0.7381960280387557
vn 0.08044555690407154 0.7258589779985547 -0.6831231634436701
vn 0.08044555690407154 0.7258589779985547 -0.6831231634436701
vn 0.2888956417596214 0.6095948920062414 -0.7381960280387557
vn 0.08044555690407154 0.7258589779985547 -0.6831231634436701
vn 0.2888956417596214 0.6095948920062414 -0.7381960280387557
vn 0.3236555119114449 0.6804007803798068 -0.6574966826288101
vn 0.08044555690407154 0.7258589779985547 -0.6831231634436701
vn 0.08044555690407154 0.7258589779985547 -0.6831231634436701
vn 0.3236555119114449 0.6804007803798068 -0.6574966826288101
vn 0.09778915466397996 0.8795980323666648 -0.46555835583393435
vn 0.3236555119114449 0.6804007803798068 -0.6574966826288101
vn 0.37795600505477045 0.7905926748419473 -0.48178053170431584
vn 0.09778915466397996 0.8795980323666648 -0.46555835583393435
vn 0.09778915466397996 0.8795980323666648 -0.46555835583393435
vn 0.37795600505477045 0.7905926748419473 -0.48178053170431584
vn 0.09778915466397996 0.8795980323666648 -0.46555835583393435
vn 0.37795600505477045 0.7905926748419473 -0.48178053170431584
vn 0.37795600505477045 0.7905926748419473 -0.48178053170431584
vn 0.09778915466397996 0.8795980323666648 -0.46555835583393435
vn 0.09778915466397996 0.8795980323666648 -0.46555835583393435
vn 0.37795600505477045 0.7905926748419473 -0.48178053170431584
vn 0.09778915466397996 0.8795980323666648 -0.46555835583393435
vn 0.37795600505477045 0.7905926748419473 -0.48178053170431584
vn 0.37795600505477045 0.7905926748419473 -0.48178053170431584
vn 0.09778915466397996 0.8795980323666648 -0.46555835583393435
vn 0.09778915466397996 0.8795980323666648 -0.46555835583393435
vn 0.37795600505477045 0.7905926748419473 -0.48178053170431584
vn 0.10622641738601087 0.9539871480207374 -0.28040055217597687
vn 0.37795600505477045 0.7905926748419473 -0.48178053170431584
vn 0.4196656397837099 0.8742659795316301 -0.24400767983514113
vn 0.10622641738601087 0.9539871480207374 -0.28040055217597687
vn 0.10622641738601087 0.9539871480207374 -0.28040055217597687
vn 0.4196656397837099 0.8742659795316301 -0.24400767983514113
vn 0.1087764667138799 0.9762858300978018 -0.18717280315123316
vn 0.4196656397837099 0.8742659795316301 -0.24400767983514113
vn 0.4196656397837099 0.8742659795316301 -0.24400767983514113
vn 0.1087764667138799 0.9762858300978018 -0.18717280315123316
vn 0.1087764667138799 0.9762858300978018 -0.18717280315123316
vn 0.4196656397837099 0.8742659795316301 -0.24400767983514113
vn 0.11063047691681781 0.9921357804960822 -0.05854477463093627
vn 0.4196656397837099 0.8742659795316301 -0.24400767983514113
vn 0.4327709961702294 0.8994256234825129 -0.061178531340008564
vn 0.11063047691681781 0.9921357804960822 -0.05854477463093627
vn 0.11063047691681781 0.9921357804960822 -0.05854477463093627
vn 0.4327709961702294 0.8994256234825129 -0.061178531340008564
vn 0.11063047691681781 0.9921357804960822 -0.05854477463093627
vn 0.4327709961702294 0.8994256234825129 -0.061178531340008564
vn 0.4327709961702294 0.8994256234825129 -0.061178531340008564
vn 0.11063047691681781 0.9921357804960822 -0.05854477463093627
vn 0.11063047691681781 0.9921357804960822 -0.05854477463093627
vn 0.4327709961702294 0.8994256234825129 -0.061178531340008564
vn 0.11069599988501602 0.9921284649082881 0.058544894979667535
vn 0.4327709961702294 0.8994256234825129 -0.061178531340008564
vn 0.4332262926456066 0.8992063512734911 0.06117938533491807
vn 0.11069599988501602 0.9921284649082881 0.058544894979667535
vn 0.11069599988501602 0.9921284649082881 0.058544894979667535
vn 0.4332262926456066 0.8992063512734911 0.06117938533491807
vn 0.11069599988501602 0.9921284649082881 0.058544894979667535
vn 0.4332262926456066 0.8992063512734911 0.06117938533491807
vn 0.4332262926456066 0.8992063512734911 0.06117938533491807
vn 0.11069599988501602 0.9921284649082881 0.058544894979667535
vn 0.11069599988501602 0.9921284649082881 0.058544894979667535
vn 0.4332262926456066 0.8992063512734911 0.06117938533491807
vn 0.10901210464163431 0.9762595302243766 0.1871728898309819
vn 0.4332262926456066 0.8992063512734911 0.06117938533491807
vn 0.42173126009758016 0.8732715180697093 0.24400737690638083
vn 0.10901210464163431 0.9762595302243766 0.1871728898309819
vn 0.10901210464163431 0.9762595302243766 0.1871728898309819
vn 0.42173126009758016 0.8732715180697093 0.24400737690638083
vn 0.10658616396630473 0.9539470515098005 0.2804004503682299
vn 0.42173126009758016 0.8732715180697093 0.24400737690638083
vn 0.42173126009758016 0.8732715180697093 0.24400737690638083
vn 0.10658616396630473 0.9539470515098005 0.2804004503682299
vn 0.10658616396630473 0.9539470515098005 0.2804004503682299
vn 0.42173126009758016 0.8732715180697093 0.24400737690638083
vn 0.0984251256983897 0.8795271348968998 0.46555828164828816
vn 0.42173126009758016 0.8732715180697093 0.24400737690638083
vn 0.38233172372414764 0.7884859335242046 0.48178043304869245
vn 0.0984251256983897 0.8795271348968998 0.46555828164828816
vn 0.0984251256983897 0.8795271348968998 0.46555828164828816
vn 0.38233172372414764 0.7884859335242046 0.48178043304869245
vn 0.0984251256983897 0.8795271348968998 0.46555828164828816
vn 0.38233172372414764 0.7884859335242046 0.48178043304869245
vn 0.38233172372414764 0.7884859335242046 0.48178043304869245
vn 0.0984251256983897 0.8795271348968998 0.46555828164828816
vn 0.0984251256983897 0.8795271348968998 0.46555828164828816
vn 0.38233172372414764 0.7884859335242046 0.48178043304869245
vn 0.0984251256983897 0.8795271348968998 0.46555828164828816
vn 0.38233172372414764 0.7884859335242046 0.48178043304869245
vn 0.38233172372414764 0.7884859335242046 0.48178043304869245
vn 0.0984251256983897 0.8795271348968998 0.46555828164828816
vn 0.0984251256983897 0.8795271348968998 0.46555828164828816
vn 0.38233172372414764 0.7884859335242046 0.48178043304869245
vn 0.08146759938407688 0.7257449093893676 0.6831232368658043
vn 0.38233172372414764 0.7884859335242046 0.48178043304869245
vn 0.3300542188641103 0.6773207687795195 0.6574958469754181
vn 0.08146759938407688 0.7257449093893676 0.6831232368658043
vn 0.08146759938407688 0.7257449093893676 0.6831232368658043
vn 0.3300542188641103 0.6773207687795195 0.6574958469754181
vn 0.08146759938407688 0.7257449093893676 0.6831232368658043
vn 0.3300542188641103 0.6773207687795195 0.6574958469754181
vn 0.29637886087111104 0.6059903705584128 0.7381972917988933
vn 0.08146759938407688 0.7257449093893676 0.6831232368658043
vn 0.08146759938407688 0.7257449093893676 0.6831232368658043
vn 0.29637886087111104 0.6059903705584128 0.7381972917988933
vn 0.06728705095203232 0.5974918671777825 0.7990468831242544
vn 0.29637886087111104 0.6059903705584128 0.7381972917988933
vn 0.23643660744257233 0.479424361447521 0.8451331328919033
vn 0.06728705095203232 0.5974918671777825 0.7990468831242544
vn 0.06728705095203232 0.5974918671777825 0.7990468831242544
vn 0.23643660744257233 0.479424361447521 0.8451331328919033
vn 0.05609358522390218 0.49641350334512363 0.8662719800347635
vn 0.23643660744257233 0.479424361447521 0.8451331328919033
vn 0.23643660744257233 0.479424361447521 0.8451331328919033
vn 0.05609358522390218 0.49641350334512363 0.8662719800347635
vn 0.05609358522390218 0.49641350334512363 0.8662719800347635
vn 0.23643660744257233 0.479424361447521 0.8451331328919033
vn 0.03692462731366656 0.3236345108413578 0.9454614086731524
vn 0.23643660744257233 0.479424361447521 0.8451331328919033
vn 0.1412596558565665 0.2794465432524699 0.9497132931003599
vn 0.03692462731366656 0.3236345108413578 0.9454614086731524
vn 0.03692462731366656 0.3236345108413578 0.9454614086731524
vn 0.1412596558565665 0.2794465432524699 0.9497132931003599
vn 0.03692462731366656 0.3236345108413578 0.9454614086731524
vn 0.1412596558565665 0.2794465432524699 0.9497132931003599
vn 0.1412596558565665 0.2794465432524699 0.9497132931003599
vn 0.03692462731366656 0.3236345108413578 0.9454614086731524
vn 0.03692462731366656 0.3236345108413578 0.9454614086731524
vn 0.1412596558565665 0.2794465432524699 0.9497132931003599
vn 0.007457995767598095 0.06234702451479085 0.9980266663938808
vn 0.1412596558565665 0.2794465432524699 0.9497132931003599
vn 0.06139111219540709 0.11252807959995277 0.9917502521527068
vn 0.007457995767598095 0.06234702451479085 0.9980266663938808
vn 0.007457995767598095 0.06234702451479085 0.9980266663938808
vn 0.06139111219540709 0.11252807959995277 0.9917502521527068
vn 0.007457995767598095 0.06234702451479085 0.9980266663938808
vn 0.06139111219540709 0.11252807959995277 0.9917502521527068
vn 0.02029682927837154 0.03305935934127489 0.9992472754434656
vn 0.007457995767598095 0.06234702451479085 0.9980266663938808
vn 0.013186430409988951 0.03648380521556273 -0.9992472416824754
vn 0.03164118220422935 0.018209534137604462 -0.9993334020511923
vn 0.04968250275176121 0.11816592763835435 -0.9917502016464068
vn 0.03164118220422935 0.018209534137604462 -0.9993334020511923
vn 0.16385903682966696 0.07118184746561931 -0.9839122728376931
vn 0.04968250275176121 0.11816592763835435 -0.9917502016464068
vn 0.04968250275176121 0.11816592763835435 -0.9917502016464068
vn 0.16385903682966696 0.07118184746561931 -0.9839122728376931
vn 0.13036058768777797 0.2846946104023087 -0.9497131651112218
vn 0.16385903682966696 0.07118184746561931 -0.9839122728376931
vn 0.16385903682966696 0.07118184746561931 -0.9839122728376931
vn 0.13036058768777797 0.2846946104023087 -0.9497131651112218
vn 0.13036058768777797 0.2846946104023087 -0.9497131651112218
vn 0.16385903682966696 0.07118184746561931 -0.9839122728376931
vn 0.13036058768777797 0.2846946104023087 -0.9497131651112218
vn 0.16385903682966696 0.07118184746561931 -0.9839122728376931
vn 0.3761090933830416 0.1485337763848534 -0.9145926236021374
vn 0.13036058768777797 0.2846946104023087 -0.9497131651112218
vn 0.13036058768777797 0.2846946104023087 -0.9497131651112218
vn 0.3761090933830416 0.1485337763848534 -0.9145926236021374
vn 0.22733506953633814 0.4838053667801086 -0.8451337960546087
vn 0.3761090933830416 0.1485337763848534 -0.9145926236021374
vn 0.3761090933830416 0.1485337763848534 -0.9145926236021374
vn 0.22733506953633814 0.4838053667801086 -0.8451337960546087
vn 0.22733506953633814 0.4838053667801086 -0.8451337960546087
vn 0.3761090933830416 0.1485337763848534 -0.9145926236021374
vn 0.22733506953633814 0.4838053667801086 -0.8451337960546087
vn 0.3761090933830416 0.1485337763848534 -0.9145926236021374
vn 0.52015971533507 0.200542656238979 -0.8301906489302041
vn 0.22733506953633814 0.4838053667801086 -0.8451337960546087
vn 0.22733506953633814 0.4838053667801086 -0.8451337960546087
vn 0.52015971533507 0.200542656238979 -0.8301906489302041
vn 0.2888956417596214 0.6095948920062414 -0.7381960280387557
vn 0.52015971533507 0.200542656238979 -0.8301906489302041
vn 0.6451722390667761 0.24538312879647586 -0.7235605724744923
vn 0.2888956417596214 0.6095948920062414 -0.7381960280387557
vn 0.2888956417596214 0.6095948920062414 -0.7381960280387557
vn 0.6451722390667761 0.24538312879647586 -0.7235605724744923
vn 0.3236555119114449 0.6804007803798068 -0.6574966826288101
vn 0.6451722390667761 0.24538312879647586 -0.7235605724744923
vn 0.6451722390667761 0.24538312879647586 -0.7235605724744923
vn 0.3236555119114449 0.6804007803798068 -0.6574966826288101
vn 0.3236555119114449 0.6804007803798068 -0.6574966826288101
vn 0.6451722390667761 0.24538312879647586 -0.7235605724744923
vn 0.37795600505477045 0.7905926748419473 -0.48178053170431584
vn 0.6451722390667761 0.24538312879647586 -0.7235605724744923
vn 0.7499604260082551 0.2827064408115828 -0.5980271128846614
vn 0.37795600505477045 0.7905926748419473 -0.48178053170431584
vn 0.37795600505477045 0.7905926748419473 -0.48178053170431584
vn 0.7499604260082551 0.2827064408115828 -0.5980271128846614
vn 0.37795600505477045 0.7905926748419473 -0.48178053170431584
vn 0.7499604260082551 0.2827064408115828 -0.5980271128846614
vn 0.8316318402279617 0.3115625981085001 -0.4596925383111361
vn 0.37795600505477045 0.7905926748419473 -0.48178053170431584
vn 0.37795600505477045 0.7905926748419473 -0.48178053170431584
vn 0.8316318402279617 0.3115625981085001 -0.4596925383111361
vn 0.37795600505477045 0.7905926748419473 -0.48178053170431584
vn 0.8316318402279617 0.3115625981085001 -0.4596925383111361
vn 0.8316318402279617 0.3115625981085001 -0.4596925383111361
vn 0.37795600505477045 0.7905926748419473 -0.48178053170431584
vn 0.37795600505477045 0.7905926748419473 -0.48178053170431584
vn 0.8316318402279617 0.3115625981085001 -0.4596925383111361
vn 0.4196656397837099 0.8742659795316301 -0.24400767983514113
vn 0.8316318402279617 0.3115625981085001 -0.4596925383111361
vn 0.9047852825376631 0.33691606189138307 -0.260482551705182
vn 0.4196656397837099 0.8742659795316301 -0.24400767983514113
vn 0.4196656397837099 0.8742659795316301 -0.24400767983514113
vn 0.9047852825376631 0.33691606189138307 -0.260482551705182
vn 0.4196656397837099 0.8742659795316301 -0.24400767983514113
vn 0.9047852825376631 0.33691606189138307 -0.260482551705182
vn 0.9047852825376631 0.33691606189138307 -0.260482551705182
vn 0.4196656397837099 0.8742659795316301 -0.24400767983514113
vn 0.4196656397837099 0.8742659795316301 -0.24400767983514113
vn 0.9047852825376631 0.33691606189138307 -0.260482551705182
vn 0.4327709961702294 0.8994256234825129 -0.061178531340008564
vn 0.9047852825376631 0.33691606189138307 -0.260482551705182
vn 0.935653514696969 0.34677320977735687 -0.0655808006654246
vn 0.4327709961702294 0.8994256234825129 -0.061178531340008564
vn 0.4327709961702294 0.8994256234825129 -0.061178531340008564
vn 0.935653514696969 0.34677320977735687 -0.0655808006654246
vn 0.4327709961702294 0.8994256234825129 -0.061178531340008564
vn 0.935653514696969 0.34677320977735687 -0.0655808006654246
vn 0.935653514696969 0.34677320977735687 -0.0655808006654246
vn 0.4327709961702294 0.8994256234825129 -0.061178531340008564
vn 0.4327709961702294 0.8994256234825129 -0.061178531340008564
vn 0.935653514696969 0.34677320977735687 -0.0655808006654246
vn 0.4332262926456066 0.8992063512734911 0.06117938533491807
vn 0.935653514696969 0.34677320977735687 -0.0655808006654246
vn 0.9359439692864745 0.3459885746540291 0.06558042821720549
vn 0.4332262926456066 0.8992063512734911 0.06117938533491807
vn 0.4332262926456066 0.8992063512734911 0.06117938533491807
vn 0.9359439692864745 0.3459885746540291 0.06558042821720549
vn 0.4332262926456066 0.8992063512734911 0.06117938533491807
vn 0.9359439692864745 0.3459885746540291 0.06558042821720549
vn 0.9359439692864745 0.3459885746540291 0.06558042821720549
vn 0.4332262926456066 0.8992063512734911 0.06117938533491807
vn 0.4332262926456066 0.8992063512734911 0.06117938533491807
vn 0.9359439692864745 0.3459885746540291 0.06558042821720549
vn 0.42173126009758016 0.8732715180697093 0.24400737690638083
vn 0.9359439692864745 0.3459885746540291 0.06558042821720549
vn 0.9060968511929469 0.33337204747949417 0.2604833472941348
vn 0.42173126009758016 0.8732715180697093 0.24400737690638083
vn 0.42173126009758016 0.8732715180697093 0.24400737690638083
vn 0.9060968511929469 0.33337204747949417 0.2604833472941348
vn 0.42173126009758016 0.8732715180697093 0.24400737690638083
vn 0.9060968511929469 0.33337204747949417 0.2604833472941348
vn 0.9060968511929469 0.33337204747949417 0.2604833472941348
vn 0.42173126009758016 0.8732715180697093 0.24400737690638083
vn 0.42173126009758016 0.8732715180697093 0.24400737690638083
vn 0.9060968511929469 0.33337204747949417 0.2604833472941348
vn 0.38233172372414764 0.7884859335242046 0.48178043304869245
vn 0.9060968511929469 0.33337204747949417 0.2604833472941348
vn 0.8340662360706824 0.30498645583278516 0.4596920443138444
vn 0.38233172372414764 0.7884859335242046 0.48178043304869245
vn 0.38233172372414764 0.7884859335242046 0.48178043304869245
vn 0.8340662360706824 0.30498645583278516 0.4596920443138444
vn 0.38233172372414764 0.7884859335242046 0.48178043304869245
vn 0.8340662360706824 0.30498645583278516 0.4596920443138444
vn 0.8340662360706824 0.30498645583278516 0.4596920443138444
vn 0.38233172372414764 0.7884859335242046 0.48178043304869245
vn 0.38233172372414764 0.7884859335242046 0.48178043304869245
vn 0.8340662360706824 0.30498645583278516 0.4596920443138444
vn 0.38233172372414764 0.7884859335242046 0.48178043304869245
vn 0.8340662360706824 0.30498645583278516 0.4596920443138444
vn 0.7532888034989299 0.2737135879930279 0.5980274661511238
vn 0.38233172372414764 0.7884859335242046 0.48178043304869245
vn 0.38233172372414764 0.7884859335242046 0.48178043304869245
vn 0.7532888034989299 0.2737135879930279 0.5980274661511238
vn 0.3300542188641103 0.6773207687795195 0.6574958469754181
vn 0.7532888034989299 0.2737135879930279 0.5980274661511238
vn 0.6494535813479639 0.23381555115280853 0.7235608707727442
vn 0.3300542188641103 0.6773207687795195 0.6574958469754181
vn 0.3300542188641103 0.6773207687795195 0.6574958469754181
vn 0.6494535813479639 0.23381555115280853 0.7235608707727442
vn 0.29637886087111104 0.6059903705584128 0.7381972917988933
vn 0.6494535813479639 0.23381555115280853 0.7235608707727442
vn 0.6494535813479639 0.23381555115280853 0.7235608707727442
vn 0.29637886087111104 0.6059903705584128 0.7381972917988933
vn 0.29637886087111104 0.6059903705584128 0.7381972917988933
vn 0.6494535813479639 0.23381555115280853 0.7235608707727442
vn 0.23643660744257233 0.479424361447521 0.8451331328919033
vn 0.6494535813479639 0.23381555115280853 0.7235608707727442
vn 0.5253752476511105 0.1864566954295083 0.8301895867120004
vn 0.23643660744257233 0.479424361447521 0.8451331328919033
vn 0.23643660744257233 0.479424361447521 0.8451331328919033
vn 0.5253752476511105 0.1864566954295083 0.8301895867120004
vn 0.23643660744257233 0.479424361447521 0.8451331328919033
vn 0.5253752476511105 0.1864566954295083 0.8301895867120004
vn 0.3821761413167318 0.13214142976927704 0.9145928271896651
vn 0.23643660744257233 0.479424361447521 0.8451331328919033
vn 0.23643660744257233 0.479424361447521 0.8451331328919033
vn 0.3821761413167318 0.13214142976927704 0.9145928271896651
vn 0.1412596558565665 0.2794465432524699 0.9497132931003599
vn 0.3821761413167318 0.13214142976927704 0.9145928271896651
vn 0.3821761413167318 0.13214142976927704 0.9145928271896651
vn 0.1412596558565665 0.2794465432524699 0.9497132931003599
vn 0.1412596558565665 0.2794465432524699 0.9497132931003599
vn 0.3821761413167318 0.13214142976927704 0.9145928271896651
vn 0.1412596558565665 0.2794465432524699 0.9497132931003599
vn 0.3821761413167318 0.13214142976927704 0.9145928271896651
vn 0.1707151651396835 0.05265903008487099 0.983912271974413
vn 0.1412596558565665 0.2794465432524699 0.9497132931003599
vn 0.1412596558565665 0.2794465432524699 0.9497132931003599
vn 0.1707151651396835 0.05265903008487099 0.983912271974413
vn 0.06139111219540709 0.11252807959995277 0.9917502521527068
vn 0.1707151651396835 0.05265903008487099 0.983912271974413
vn 0.1707151651396835 0.05265903008487099 0.983912271974413
vn 0.06139111219540709 0.11252807959995277 0.9917502521527068
vn 0.06139111219540709 0.11252807959995277 0.9917502521527068
vn 0.1707151651396835 0.05265903008487099 0.983912271974413
vn 0.02029682927837154 0.03305935934127489 0.9992472754434656
vn 0.1707151651396835 0.05265903008487099 0.983912271974413
vn 0.03587091313400917 0.006779858789165994 0.9993334333973479
vn 0.02029682927837154 0.03305935934127489 0.9992472754434656
vn 0.03164118220422935 0.018209534137604462 -0.9993334020511923
vn 0.07889979998656454 -0.022682763408746184 -0.9966244597671797
vn 0.16385903682966696 0.07118184746561931 -0.9839122728376931
vn 0.07889979998656454 -0.022682763408746184 -0.9966244597671797
vn 0.07889979998656454 -0.022682763408746184 -0.9966244597671797
vn 0.16385903682966696 0.07118184746561931 -0.9839122728376931
vn 0.16385903682966696 0.07118184746561931 -0.9839122728376931
vn 0.07889979998656454 -0.022682763408746184 -0.9966244597671797
vn 0.16385903682966696 0.07118184746561931 -0.9839122728376931
vn 0.07889979998656454 -0.022682763408746184 -0.9966244597671797
vn 0.3047137834568454 -0.09707328607362353 -0.9474841884180881
vn 0.16385903682966696 0.07118184746561931 -0.9839122728376931
vn 0.16385903682966696 0.07118184746561931 -0.9839122728376931
vn 0.3047137834568454 -0.09707328607362353 -0.9474841884180881
vn 0.3761090933830416 0.1485337763848534 -0.9145926236021374
vn 0.3047137834568454 -0.09707328607362353 -0.9474841884180881
vn 0.3047137834568454 -0.09707328607362353 -0.9474841884180881
vn 0.3761090933830416 0.1485337763848534 -0.9145926236021374
vn 0.3761090933830416 0.1485337763848534 -0.9145926236021374
vn 0.3047137834568454 -0.09707328607362353 -0.9474841884180881
vn 0.3761090933830416 0.1485337763848534 -0.9145926236021374
vn 0.3047137834568454 -0.09707328607362353 -0.9474841884180881
vn 0.5167879988294972 -0.1684730328153288 -0.8393729811471231
vn 0.3761090933830416 0.1485337763848534 -0.9145926236021374
vn 0.3761090933830416 0.1485337763848534 -0.9145926236021374
vn 0.5167879988294972 -0.1684730328153288 -0.8393729811471231
vn 0.52015971533507 0.200542656238979 -0.8301906489302041
vn 0.5167879988294972 -0.1684730328153288 -0.8393729811471231
vn 0.5167879988294972 -0.1684730328153288 -0.8393729811471231
vn 0.52015971533507 0.200542656238979 -0.8301906489302041
vn 0.52015971533507 0.200542656238979 -0.8301906489302041
vn 0.5167879988294972 -0.1684730328153288 -0.8393729811471231
vn 0.6451722390667761 0.24538312879647586 -0.7235605724744923
vn 0.5167879988294972 -0.1684730328153288 -0.8393729811471231
vn 0.6490831364113593 -0.21321384572584418 -0.7302266346944549
vn 0.6451722390667761 0.24538312879647586 -0.7235605724744923
vn 0.6451722390667761 0.24538312879647586 -0.7235605724744923
vn 0.6490831364113593 -0.21321384572584418 -0.7302266346944549
vn 0.6451722390667761 0.24538312879647586 -0.7235605724744923
vn 0.6490831364113593 -0.21321384572584418 -0.7302266346944549
vn 0.7228219491393859 -0.23822468460774057 -0.6486735924067524
vn 0.6451722390667761 0.24538312879647586 -0.7235605724744923
vn 0.6451722390667761 0.24538312879647586 -0.7235605724744923
vn 0.7228219491393859 -0.23822468460774057 -0.6486735924067524
vn 0.7499604260082551 0.2827064408115828 -0.5980271128846614
vn 0.7228219491393859 -0.23822468460774057 -0.6486735924067524
vn 0.8363730267924064 -0.27687606071573356 -0.47309598080796017
vn 0.7499604260082551 0.2827064408115828 -0.5980271128846614
vn 0.7499604260082551 0.2827064408115828 -0.5980271128846614
vn 0.8363730267924064 -0.27687606071573356 -0.47309598080796017
vn 0.8316318402279617 0.3115625981085001 -0.4596925383111361
vn 0.8363730267924064 -0.27687606071573356 -0.47309598080796017
vn 0.8363730267924064 -0.27687606071573356 -0.47309598080796017
vn 0.8316318402279617 0.3115625981085001 -0.4596925383111361
vn 0.8316318402279617 0.3115625981085001 -0.4596925383111361
vn 0.8363730267924064 -0.27687606071573356 -0.47309598080796017
vn 0.8316318402279617 0.3115625981085001 -0.4596925383111361
vn 0.8363730267924064 -0.27687606071573356 -0.47309598080796017
vn 0.8363730267924064 -0.27687606071573356 -0.47309598080796017
vn 0.8316318402279617 0.3115625981085001 -0.4596925383111361
vn 0.8316318402279617 0.3115625981085001 -0.4596925383111361
vn 0.8363730267924064 -0.27687606071573356 -0.47309598080796017
vn 0.9047852825376631 0.33691606189138307 -0.260482551705182
vn 0.8363730267924064 -0.27687606071573356 -0.47309598080796017
vn 0.9215707932156588 -0.3061884394532854 -0.23865437904430575
vn 0.9047852825376631 0.33691606189138307 -0.260482551705182
vn 0.9047852825376631 0.33691606189138307 -0.260482551705182
vn 0.9215707932156588 -0.3061884394532854 -0.23865437904430575
vn 0.9047852825376631 0.33691606189138307 -0.260482551705182
vn 0.9215707932156588 -0.3061884394532854 -0.23865437904430575
vn 0.9215707932156588 -0.3061884394532854 -0.23865437904430575
vn 0.9047852825376631 0.33691606189138307 -0.260482551705182
vn 0.9047852825376631 0.33691606189138307 -0.260482551705182
vn 0.9215707932156588 -0.3061884394532854 -0.23865437904430575
vn 0.935653514696969 0.34677320977735687 -0.0655808006654246
vn 0.9215707932156588 -0.3061884394532854 -0.23865437904430575
vn 0.9470969632942016 -0.3153354292264644 -0.059757084880902124
vn 0.935653514696969 0.34677320977735687 -0.0655808006654246
vn 0.935653514696969 0.34677320977735687 -0.0655808006654246
vn 0.9470969632942016 -0.3153354292264644 -0.059757084880902124
vn 0.935653514696969 0.34677320977735687 -0.0655808006654246
vn 0.9470969632942016 -0.3153354292264644 -0.059757084880902124
vn 0.9470969632942016 -0.3153354292264644 -0.059757084880902124
vn 0.935653514696969 0.34677320977735687 -0.0655808006654246
vn 0.935653514696969 0.34677320977735687 -0.0655808006654246
vn 0.9470969632942016 -0.3153354292264644 -0.059757084880902124
vn 0.9359439692864745 0.3459885746540291 0.06558042821720549
vn 0.9470969632942016 -0.3153354292264644 -0.059757084880902124
vn 0.9469880017613229 -0.3156624487034066 0.05975736773541621
vn 0.9359439692864745 0.3459885746540291 0.06558042821720549
vn 0.9359439692864745 0.3459885746540291 0.06558042821720549
vn 0.9469880017613229 -0.3156624487034066 0.05975736773541621
vn 0.9359439692864745 0.3459885746540291 0.06558042821720549
vn 0.9469880017613229 -0.3156624487034066 0.05975736773541621
vn 0.9469880017613229 -0.3156624487034066 0.05975736773541621
vn 0.9359439692864745 0.3459885746540291 0.06558042821720549
vn 0.9359439692864745 0.3459885746540291 0.06558042821720549
vn 0.9469880017613229 -0.3156624487034066 0.05975736773541621
vn 0.9060968511929469 0.33337204747949417 0.2604833472941348
vn 0.9469880017613229 -0.3156624487034066 0.05975736773541621
vn 0.921076224351493 -0.30767318145276784 0.23865414798224335
vn 0.9060968511929469 0.33337204747949417 0.2604833472941348
vn 0.9060968511929469 0.33337204747949417 0.2604833472941348
vn 0.921076224351493 -0.30767318145276784 0.23865414798224335
vn 0.9060968511929469 0.33337204747949417 0.2604833472941348
vn 0.921076224351493 -0.30767318145276784 0.23865414798224335
vn 0.921076224351493 -0.30767318145276784 0.23865414798224335
vn 0.9060968511929469 0.33337204747949417 0.2604833472941348
vn 0.9060968511929469 0.33337204747949417 0.2604833472941348
vn 0.921076224351493 -0.30767318145276784 0.23865414798224335
vn 0.8340662360706824 0.30498645583278516 0.4596920443138444
vn 0.921076224351493 -0.30767318145276784 0.23865414798224335
vn 0.8353210204370265 -0.2800341882367034 0.47309581084031516
vn 0.8340662360706824 0.30498645583278516 0.4596920443138444
vn 0.8340662360706824 0.30498645583278516 0.4596920443138444
vn 0.8353210204370265 -0.2800341882367034 0.47309581084031516
vn 0.8340662360706824 0.30498645583278516 0.4596920443138444
vn 0.8353210204370265 -0.2800341882367034 0.47309581084031516
vn 0.8353210204370265 -0.2800341882367034 0.47309581084031516
vn 0.8340662360706824 0.30498645583278516 0.4596920443138444
vn 0.8340662360706824 0.30498645583278516 0.4596920443138444
vn 0.8353210204370265 -0.2800341882367034 0.47309581084031516
vn 0.7532888034989299 0.2737135879930279 0.5980274661511238
vn 0.8353210204370265 -0.2800341882367034 0.47309581084031516
vn 0.8353210204370265 -0.2800341882367034 0.47309581084031516
vn 0.7532888034989299 0.2737135879930279 0.5980274661511238
vn 0.7532888034989299 0.2737135879930279 0.5980274661511238
vn 0.8353210204370265 -0.2800341882367034 0.47309581084031516
vn 0.6494535813479639 0.23381555115280853 0.7235608707727442
vn 0.8353210204370265 -0.2800341882367034 0.47309581084031516
vn 0.7212755126931364 -0.24286376084274858 0.6486746707391692
vn 0.6494535813479639 0.23381555115280853 0.7235608707727442
vn 0.6494535813479639 0.23381555115280853 0.7235608707727442
vn 0.7212755126931364 -0.24286376084274858 0.6486746707391692
vn 0.6494535813479639 0.23381555115280853 0.7235608707727442
vn 0.7212755126931364 -0.24286376084274858 0.6486746707391692
vn 0.6472714139757128 -0.21865529472099246 0.7302257039712841
vn 0.6494535813479639 0.23381555115280853 0.7235608707727442
vn 0.6494535813479639 0.23381555115280853 0.7235608707727442
vn 0.6472714139757128 -0.21865529472099246 0.7302257039712841
vn 0.5253752476511105 0.1864566954295083 0.8301895867120004
vn 0.6472714139757128 -0.21865529472099246 0.7302257039712841
vn 0.5145749977088098 -0.17511644725694808 0.8393728621018688
vn 0.5253752476511105 0.1864566954295083 0.8301895867120004
vn 0.5253752476511105 0.1864566954295083 0.8301895867120004
vn 0.5145749977088098 -0.17511644725694808 0.8393728621018688
vn 0.3821761413167318 0.13214142976927704 0.9145928271896651
vn 0.5145749977088098 -0.17511644725694808 0.8393728621018688
vn 0.5145749977088098 -0.17511644725694808 0.8393728621018688
vn 0.3821761413167318 0.13214142976927704 0.9145928271896651
vn 0.3821761413167318 0.13214142976927704 0.9145928271896651
vn 0.5145749977088098 -0.17511644725694808 0.8393728621018688
vn 0.3821761413167318 0.13214142976927704 0.9145928271896651
vn 0.5145749977088098 -0.17511644725694808 0.8393728621018688
vn 0.3020509552232022 -0.10506499059905747 0.9474843366510978
vn 0.3821761413167318 0.13214142976927704 0.9145928271896651
vn 0.3821761413167318 0.13214142976927704 0.9145928271896651
vn 0.3020509552232022 -0.10506499059905747 0.9474843366510978
vn 0.1707151651396835 0.05265903008487099 0.983912271974413
vn 0.3020509552232022 -0.10506499059905747 0.9474843366510978
vn 0.3020509552232022 -0.10506499059905747 0.9474843366510978
vn 0.1707151651396835 0.05265903008487099 0.983912271974413
vn 0.1707151651396835 0.05265903008487099 0.983912271974413
vn 0.3020509552232022 -0.10506499059905747 0.9474843366510978
vn 0.1707151651396835 0.05265903008487099 0.983912271974413
vn 0.3020509552232022 -0.10506499059905747 0.9474843366510978
vn 0.07673920864441787 -0.029167023215233026 0.996624492280513
vn 0.1707151651396835 0.05265903008487099 0.983912271974413
vn 0.1707151651396835 0.05265903008487099 0.983912271974413
vn 0.07673920864441787 -0.029167023215233026 0.996624492280513
vn 0.03587091313400917 0.006779858789165994 0.9993334333973479
vn 0.07673920864441787 -0.029167023215233026 0.996624492280513
vn 0.07673920864441787 -0.029167023215233026 0.996624492280513
vn 0.03587091313400917 0.006779858789165994 0.9993334333973479
vn 0.07889979998656454 -0.022682763408746184 -0.9966244597671797
vn 0.07783698857837083 -0.04782850186047892 -0.9958181749791639
vn 0.07889979998656454 -0.022682763408746184 -0.9966244597671797
vn 0.07783698857837083 -0.04782850186047892 -0.9958181749791639
vn 0.07783698857837083 -0.04782850186047892 -0.9958181749791639
vn 0.07889979998656454 -0.022682763408746184 -0.9966244597671797
vn 0.07889979998656454 -0.022682763408746184 -0.9966244597671797
vn 0.07783698857837083 -0.04782850186047892 -0.9958181749791639
vn 0.3047137834568454 -0.09707328607362353 -0.9474841884180881
vn 0.07783698857837083 -0.04782850186047892 -0.9958181749791639
vn 0.27694413602309775 -0.17168808315932615 -0.9454232637414295
vn 0.3047137834568454 -0.09707328607362353 -0.9474841884180881
vn 0.3047137834568454 -0.09707328607362353 -0.9474841884180881
vn 0.27694413602309775 -0.17168808315932615 -0.9454232637414295
vn 0.3047137834568454 -0.09707328607362353 -0.9474841884180881
vn 0.27694413602309775 -0.17168808315932615 -0.9454232637414295
vn 0.27694413602309775 -0.17168808315932615 -0.9454232637414295
vn 0.3047137834568454 -0.09707328607362353 -0.9474841884180881
vn 0.3047137834568454 -0.09707328607362353 -0.9474841884180881
vn 0.27694413602309775 -0.17168808315932615 -0.9454232637414295
vn 0.5167879988294972 -0.1684730328153288 -0.8393729811471231
vn 0.27694413602309775 -0.17168808315932615 -0.9454232637414295
vn 0.46854011188137107 -0.29107258322549406 -0.834114449492772
vn 0.5167879988294972 -0.1684730328153288 -0.8393729811471231
vn 0.5167879988294972 -0.1684730328153288 -0.8393729811471231
vn 0.46854011188137107 -0.29107258322549406 -0.834114449492772
vn 0.5167879988294972 -0.1684730328153288 -0.8393729811471231
vn 0.46854011188137107 -0.29107258322549406 -0.834114449492772
vn 0.46854011188137107 -0.29107258322549406 -0.834114449492772
vn 0.5167879988294972 -0.1684730328153288 -0.8393729811471231
vn 0.5167879988294972 -0.1684730328153288 -0.8393729811471231
vn 0.46854011188137107 -0.29107258322549406 -0.834114449492772
vn 0.6490831364113593 -0.21321384572584418 -0.7302266346944549
vn 0.46854011188137107 -0.29107258322549406 -0.834114449492772
vn 0.5866848913759433 -0.3647216016713082 -0.7230345714455936
vn 0.6490831364113593 -0.21321384572584418 -0.7302266346944549
vn 0.6490831364113593 -0.21321384572584418 -0.7302266346944549
vn 0.5866848913759433 -0.3647216016713082 -0.7230345714455936
vn 0.7228219491393859 -0.23822468460774057 -0.6486735924067524
vn 0.5866848913759433 -0.3647216016713082 -0.7230345714455936
vn 0.6519545315064639 -0.4054211675106184 -0.640772163707596
vn 0.7228219491393859 -0.23822468460774057 -0.6486735924067524
vn 0.7228219491393859 -0.23822468460774057 -0.6486735924067524
vn 0.6519545315064639 -0.4054211675106184 -0.640772163707596
vn 0.8363730267924064 -0.27687606071573356 -0.47309598080796017
vn 0.6519545315064639 -0.4054211675106184 -0.640772163707596
vn 0.7304257360284219 -0.45436726300725533 -0.5099300289791082
vn 0.8363730267924064 -0.27687606071573356 -0.47309598080796017
vn 0.8363730267924064 -0.27687606071573356 -0.47309598080796017
vn 0.7304257360284219 -0.45436726300725533 -0.5099300289791082
vn 0.8363730267924064 -0.27687606071573356 -0.47309598080796017
vn 0.7304257360284219 -0.45436726300725533 -0.5099300289791082
vn 0.7304257360284219 -0.45436726300725533 -0.5099300289791082
vn 0.8363730267924064 -0.27687606071573356 -0.47309598080796017
vn 0.8363730267924064 -0.27687606071573356 -0.47309598080796017
vn 0.7304257360284219 -0.45436726300725533 -0.5099300289791082
vn 0.8363730267924064 -0.27687606071573356 -0.47309598080796017
vn 0.7304257360284219 -0.45436726300725533 -0.5099300289791082
vn 0.7878209924551471 -0.49018701761716166 -0.3729004848569916
vn 0.8363730267924064 -0.27687606071573356 -0.47309598080796017
vn 0.8363730267924064 -0.27687606071573356 -0.47309598080796017
vn 0.7878209924551471 -0.49018701761716166 -0.3729004848569916
vn 0.9215707932156588 -0.3061884394532854 -0.23865437904430575
vn 0.7878209924551471 -0.49018701761716166 -0.3729004848569916
vn 0.8254534054382633 -0.513695243024303 -0.23397408562611463
vn 0.9215707932156588 -0.3061884394532854 -0.23865437904430575
vn 0.9215707932156588 -0.3061884394532854 -0.23865437904430575
vn 0.8254534054382633 -0.513695243024303 -0.23397408562611463
vn 0.9215707932156588 -0.3061884394532854 -0.23865437904430575
vn 0.8254534054382633 -0.513695243024303 -0.23397408562611463
vn 0.8254534054382633 -0.513695243024303 -0.23397408562611463
vn 0.9215707932156588 -0.3061884394532854 -0.23865437904430575
vn 0.9215707932156588 -0.3061884394532854 -0.23865437904430575
vn 0.8254534054382633 -0.513695243024303 -0.23397408562611463
vn 0.9470969632942016 -0.3153354292264644 -0.059757084880902124
vn 0.8254534054382633 -0.513695243024303 -0.23397408562611463
vn 0.8452552483328933 -0.5260994388507965 -0.09361060627181068
vn 0.9470969632942016 -0.3153354292264644 -0.059757084880902124
vn 0.9470969632942016 -0.3153354292264644 -0.059757084880902124
vn 0.8452552483328933 -0.5260994388507965 -0.09361060627181068
vn 0.9470969632942016 -0.3153354292264644 -0.059757084880902124
vn 0.8452552483328933 -0.5260994388507965 -0.09361060627181068
vn 0.8487311168957954 -0.5283070904378294 -0.023390369940011927
vn 0.9470969632942016 -0.3153354292264644 -0.059757084880902124
vn 0.9470969632942016 -0.3153354292264644 -0.059757084880902124
vn 0.8487311168957954 -0.5283070904378294 -0.023390369940011927
vn 0.9469880017613229 -0.3156624487034066 0.05975736773541621
vn 0.8487311168957954 -0.5283070904378294 -0.023390369940011927
vn 0.8487255612414346 -0.5283160234020712 0.02339019264637104
vn 0.9469880017613229 -0.3156624487034066 0.05975736773541621
vn 0.9469880017613229 -0.3156624487034066 0.05975736773541621
vn 0.8487255612414346 -0.5283160234020712 0.02339019264637104
vn 0.9469880017613229 -0.3156624487034066 0.05975736773541621
vn 0.8487255612414346 -0.5283160234020712 0.02339019264637104
vn 0.8452103178544663 -0.5261718060003372 0.09360955700512477
vn 0.9469880017613229 -0.3156624487034066 0.05975736773541621
vn 0.9469880017613229 -0.3156624487034066 0.05975736773541621
vn 0.8452103178544663 -0.5261718060003372 0.09360955700512477
vn 0.921076224351493 -0.30767318145276784 0.23865414798224335
vn 0.8452103178544663 -0.5261718060003372 0.09360955700512477
vn 0.8253382719297983 -0.5138800315366561 0.23397446458068794
vn 0.921076224351493 -0.30767318145276784 0.23865414798224335
vn 0.921076224351493 -0.30767318145276784 0.23865414798224335
vn 0.8253382719297983 -0.5138800315366561 0.23397446458068794
vn 0.921076224351493 -0.30767318145276784 0.23865414798224335
vn 0.8253382719297983 -0.5138800315366561 0.23397446458068794
vn 0.8253382719297983 -0.5138800315366561 0.23397446458068794
vn 0.921076224351493 -0.30767318145276784 0.23865414798224335
vn 0.921076224351493 -0.30767318145276784 0.23865414798224335
vn 0.8253382719297983 -0.5138800315366561 0.23397446458068794
vn 0.8353210204370265 -0.2800341882367034 0.47309581084031516
vn 0.8253382719297983 -0.5138800315366561 0.23397446458068794
vn 0.7876312764028486 -0.4904913623771225 0.37290105371995647
vn 0.8353210204370265 -0.2800341882367034 0.47309581084031516
vn 0.8353210204370265 -0.2800341882367034 0.47309581084031516
vn 0.7876312764028486 -0.4904913623771225 0.37290105371995647
vn 0.8353210204370265 -0.2800341882367034 0.47309581084031516
vn 0.7876312764028486 -0.4904913623771225 0.37290105371995647
vn 0.7301530790011705 -0.454805371155572 0.5099299516533154
vn 0.8353210204370265 -0.2800341882367034 0.47309581084031516
vn 0.8353210204370265 -0.2800341882367034 0.47309581084031516
vn 0.7301530790011705 -0.454805371155572 0.5099299516533154
vn 0.8353210204370265 -0.2800341882367034 0.47309581084031516
vn 0.7301530790011705 -0.454805371155572 0.5099299516533154
vn 0.7301530790011705 -0.454805371155572 0.5099299516533154
vn 0.8353210204370265 -0.2800341882367034 0.47309581084031516
vn 0.8353210204370265 -0.2800341882367034 0.47309581084031516
vn 0.7301530790011705 -0.454805371155572 0.5099299516533154
vn 0.7212755126931364 -0.24286376084274858 0.6486746707391692
vn 0.7301530790011705 -0.454805371155572 0.5099299516533154
vn 0.651591677549129 -0.4060027419430794 0.6407730169751324
vn 0.7212755126931364 -0.24286376084274858 0.6486746707391692
vn 0.7212755126931364 -0.24286376084274858 0.6486746707391692
vn 0.651591677549129 -0.4060027419430794 0.6407730169751324
vn 0.6472714139757128 -0.21865529472099246 0.7302257039712841
vn 0.651591677549129 -0.4060027419430794 0.6407730169751324
vn 0.5862596652290655 -0.36540615691013145 0.7230338480442478
vn 0.6472714139757128 -0.21865529472099246 0.7302257039712841
vn 0.6472714139757128 -0.21865529472099246 0.7302257039712841
vn 0.5862596652290655 -0.36540615691013145 0.7230338480442478
vn 0.5145749977088098 -0.17511644725694808 0.8393728621018688
vn 0.5862596652290655 -0.36540615691013145 0.7230338480442478
vn 0.46801870070370494 -0.29191117860699894 0.8341141166506466
vn 0.5145749977088098 -0.17511644725694808 0.8393728621018688
vn 0.5145749977088098 -0.17511644725694808 0.8393728621018688
vn 0.46801870070370494 -0.29191117860699894 0.8341141166506466
vn 0.5145749977088098 -0.17511644725694808 0.8393728621018688
vn 0.46801870070370494 -0.29191117860699894 0.8341141166506466
vn 0.46801870070370494 -0.29191117860699894 0.8341141166506466
vn 0.5145749977088098 -0.17511644725694808 0.8393728621018688
vn 0.5145749977088098 -0.17511644725694808 0.8393728621018688
vn 0.46801870070370494 -0.29191117860699894 0.8341141166506466
vn 0.3020509552232022 -0.10506499059905747 0.9474843366510978
vn 0.46801870070370494 -0.29191117860699894 0.8341141166506466
vn 0.27631321874024894 -0.17270037734738963 0.9454234949552885
vn 0.3020509552232022 -0.10506499059905747 0.9474843366510978
vn 0.3020509552232022 -0.10506499059905747 0.9474843366510978
vn 0.27631321874024894 -0.17270037734738963 0.9454234949552885
vn 0.3020509552232022 -0.10506499059905747 0.9474843366510978
vn 0.27631321874024894 -0.17270037734738963 0.9454234949552885
vn 0.27631321874024894 -0.17270037734738963 0.9454234949552885
vn 0.3020509552232022 -0.10506499059905747 0.9474843366510978
vn 0.3020509552232022 -0.10506499059905747 0.9474843366510978
vn 0.27631321874024894 -0.17270037734738963 0.9454234949552885
vn 0.07673920864441787 -0.029167023215233026 0.996624492280513
vn 0.27631321874024894 -0.17270037734738963 0.9454234949552885
vn 0.07727763159569244 -0.04872636189319776 0.9958182109760865
vn 0.07673920864441787 -0.029167023215233026 0.996624492280513
vn 0.07673920864441787 -0.029167023215233026 0.996624492280513
vn 0.07727763159569244 -0.04872636189319776 0.9958182109760865
vn 0.07673920864441787 -0.029167023215233026 0.996624492280513
vn 0.07727763159569244 -0.04872636189319776 0.9958182109760865
vn 0.07727763159569244 -0.04872636189319776 0.9958182109760865
vn 0.07673920864441787 -0.029167023215233026 0.996624492280513
vn 0.07783698857837083 -0.04782850186047892 -0.9958181749791639
vn 0.04461086541652029 -0.02138707041854407 -0.9987754822309673
vn 0.07783698857837083 -0.04782850186047892 -0.9958181749791639
vn 0.04461086541652029 -0.02138707041854407 -0.9987754822309673
vn 0.18118406439294601 -0.07586165353051738 -0.9805189158469452
vn 0.07783698857837083 -0.04782850186047892 -0.9958181749791639
vn 0.07783698857837083 -0.04782850186047892 -0.9958181749791639
vn 0.18118406439294601 -0.07586165353051738 -0.9805189158469452
vn 0.27694413602309775 -0.17168808315932615 -0.9454232637414295
vn 0.18118406439294601 -0.07586165353051738 -0.9805189158469452
vn 0.18118406439294601 -0.07586165353051738 -0.9805189158469452
vn 0.27694413602309775 -0.17168808315932615 -0.9454232637414295
vn 0.27694413602309775 -0.17168808315932615 -0.9454232637414295
vn 0.18118406439294601 -0.07586165353051738 -0.9805189158469452
vn 0.27694413602309775 -0.17168808315932615 -0.9454232637414295
vn 0.18118406439294601 -0.07586165353051738 -0.9805189158469452
vn 0.4584775485421046 -0.18264382752417055 -0.8697353446595943
vn 0.27694413602309775 -0.17168808315932615 -0.9454232637414295
vn 0.27694413602309775 -0.17168808315932615 -0.9454232637414295
vn 0.4584775485421046 -0.18264382752417055 -0.8697353446595943
vn 0.46854011188137107 -0.29107258322549406 -0.834114449492772
vn 0.4584775485421046 -0.18264382752417055 -0.8697353446595943
vn 0.4584775485421046 -0.18264382752417055 -0.8697353446595943
vn 0.46854011188137107 -0.29107258322549406 -0.834114449492772
vn 0.46854011188137107 -0.29107258322549406 -0.834114449492772
vn 0.4584775485421046 -0.18264382752417055 -0.8697353446595943
vn 0.46854011188137107 -0.29107258322549406 -0.834114449492772
vn 0.4584775485421046 -0.18264382752417055 -0.8697353446595943
vn 0.4584775485421046 -0.18264382752417055 -0.8697353446595943
vn 0.46854011188137107 -0.29107258322549406 -0.834114449492772
vn 0.46854011188137107 -0.29107258322549406 -0.834114449492772
vn 0.4584775485421046 -0.18264382752417055 -0.8697353446595943
vn 0.5866848913759433 -0.3647216016713082 -0.7230345714455936
vn 0.4584775485421046 -0.18264382752417055 -0.8697353446595943
vn 0.6757257449027894 -0.2653377600442047 -0.6877431139388417
vn 0.5866848913759433 -0.3647216016713082 -0.7230345714455936
vn 0.5866848913759433 -0.3647216016713082 -0.7230345714455936
vn 0.6757257449027894 -0.2653377600442047 -0.6877431139388417
vn 0.6519545315064639 -0.4054211675106184 -0.640772163707596
vn 0.6757257449027894 -0.2653377600442047 -0.6877431139388417
vn 0.6757257449027894 -0.2653377600442047 -0.6877431139388417
vn 0.6519545315064639 -0.4054211675106184 -0.640772163707596
vn 0.6519545315064639 -0.4054211675106184 -0.640772163707596
vn 0.6757257449027894 -0.2653377600442047 -0.6877431139388417
vn 0.7304257360284219 -0.45436726300725533 -0.5099300289791082
vn 0.6757257449027894 -0.2653377600442047 -0.6877431139388417
vn 0.7722374873338638 -0.3017851442180745 -0.5590840633442848
vn 0.7304257360284219 -0.45436726300725533 -0.5099300289791082
vn 0.7304257360284219 -0.45436726300725533 -0.5099300289791082
vn 0.7722374873338638 -0.3017851442180745 -0.5590840633442848
vn 0.7304257360284219 -0.45436726300725533 -0.5099300289791082
vn 0.7722374873338638 -0.3017851442180745 -0.5590840633442848
vn 0.8440379006043522 -0.3287457267318551 -0.42370540414177166
vn 0.7304257360284219 -0.45436726300725533 -0.5099300289791082
vn 0.7304257360284219 -0.45436726300725533 -0.5099300289791082
vn 0.8440379006043522 -0.3287457267318551 -0.42370540414177166
vn 0.7878209924551471 -0.49018701761716166 -0.3729004848569916
vn 0.8440379006043522 -0.3287457267318551 -0.42370540414177166
vn 0.8440379006043522 -0.3287457267318551 -0.42370540414177166
vn 0.7878209924551471 -0.49018701761716166 -0.3729004848569916
vn 0.7878209924551471 -0.49018701761716166 -0.3729004848569916
vn 0.8440379006043522 -0.3287457267318551 -0.42370540414177166
vn 0.8254534054382633 -0.513695243024303 -0.23397408562611463
vn 0.8440379006043522 -0.3287457267318551 -0.42370540414177166
vn 0.893857287475169 -0.34727441767014405 -0.28358354758235765
vn 0.8254534054382633 -0.513695243024303 -0.23397408562611463
vn 0.8254534054382633 -0.513695243024303 -0.23397408562611463
vn 0.893857287475169 -0.34727441767014405 -0.28358354758235765
vn 0.8254534054382633 -0.513695243024303 -0.23397408562611463
vn 0.893857287475169 -0.34727441767014405 -0.28358354758235765
vn 0.915432562118012 -0.3551825543224136 -0.18928438213190665
vn 0.8254534054382633 -0.513695243024303 -0.23397408562611463
vn 0.8254534054382633 -0.513695243024303 -0.23397408562611463
vn 0.915432562118012 -0.3551825543224136 -0.18928438213190665
vn 0.8452552483328933 -0.5260994388507965 -0.09361060627181068
vn 0.915432562118012 -0.3551825543224136 -0.18928438213190665
vn 0.9308535865483004 -0.3605876790478447 -0.059060360048463795
vn 0.8452552483328933 -0.5260994388507965 -0.09361060627181068
vn 0.8452552483328933 -0.5260994388507965 -0.09361060627181068
vn 0.9308535865483004 -0.3605876790478447 -0.059060360048463795
vn 0.8487311168957954 -0.5283070904378294 -0.023390369940011927
vn 0.9308535865483004 -0.3605876790478447 -0.059060360048463795
vn 0.9308535865483004 -0.3605876790478447 -0.059060360048463795
vn 0.8487311168957954 -0.5283070904378294 -0.023390369940011927
vn 0.8487311168957954 -0.5283070904378294 -0.023390369940011927
vn 0.9308535865483004 -0.3605876790478447 -0.059060360048463795
vn 0.8487255612414346 -0.5283160234020712 0.02339019264637104
vn 0.9308535865483004 -0.3605876790478447 -0.059060360048463795
vn 0.9309557753395004 -0.3602289885305822 0.05963572909140278
vn 0.8487255612414346 -0.5283160234020712 0.02339019264637104
vn 0.8487255612414346 -0.5283160234020712 0.02339019264637104
vn 0.9309557753395004 -0.3602289885305822 0.05963572909140278
vn 0.8452103178544663 -0.5261718060003372 0.09360955700512477
vn 0.9309557753395004 -0.3602289885305822 0.05963572909140278
vn 0.9309557753395004 -0.3602289885305822 0.05963572909140278
vn 0.8452103178544663 -0.5261718060003372 0.09360955700512477
vn 0.8452103178544663 -0.5261718060003372 0.09360955700512477
vn 0.9309557753395004 -0.3602289885305822 0.05963572909140278
vn 0.8253382719297983 -0.5138800315366561 0.23397446458068794
vn 0.9309557753395004 -0.3602289885305822 0.05963572909140278
vn 0.9157795329414128 -0.35389635041795753 0.19001373688883155
vn 0.8253382719297983 -0.5138800315366561 0.23397446458068794
vn 0.8253382719297983 -0.5138800315366561 0.23397446458068794
vn 0.9157795329414128 -0.35389635041795753 0.19001373688883155
vn 0.8253382719297983 -0.5138800315366561 0.23397446458068794
vn 0.9157795329414128 -0.35389635041795753 0.19001373688883155
vn 0.8944035849030259 -0.34532055569636033 0.28424626844722584
vn 0.8253382719297983 -0.5138800315366561 0.23397446458068794
vn 0.8253382719297983 -0.5138800315366561 0.23397446458068794
vn 0.8944035849030259 -0.34532055569636033 0.28424626844722584
vn 0.7876312764028486 -0.4904913623771225 0.37290105371995647
vn 0.8944035849030259 -0.34532055569636033 0.28424626844722584
vn 0.8449507858173783 -0.32572605845258895 0.4242177558654699
vn 0.7876312764028486 -0.4904913623771225 0.37290105371995647
vn 0.7876312764028486 -0.4904913623771225 0.37290105371995647
vn 0.8449507858173783 -0.32572605845258895 0.4242177558654699
vn 0.7301530790011705 -0.454805371155572 0.5099299516533154
vn 0.8449507858173783 -0.32572605845258895 0.4242177558654699
vn 0.8449507858173783 -0.32572605845258895 0.4242177558654699
vn 0.7301530790011705 -0.454805371155572 0.5099299516533154
vn 0.7301530790011705 -0.454805371155572 0.5099299516533154
vn 0.8449507858173783 -0.32572605845258895 0.4242177558654699
vn 0.7301530790011705 -0.454805371155572 0.5099299516533154
vn 0.8449507858173783 -0.32572605845258895 0.4242177558654699
vn 0.773615768251885 -0.29764419438554435 0.5593984060226
vn 0.7301530790011705 -0.454805371155572 0.5099299516533154
vn 0.7301530790011705 -0.454805371155572 0.5099299516533154
vn 0.773615768251885 -0.29764419438554435 0.5593984060226
vn 0.651591677549129 -0.4060027419430794 0.6407730169751324
vn 0.773615768251885 -0.29764419438554435 0.5593984060226
vn 0.6777312144468063 -0.2600025528848338 0.6878074392283251
vn 0.651591677549129 -0.4060027419430794 0.6407730169751324
vn 0.651591677549129 -0.4060027419430794 0.6407730169751324
vn 0.6777312144468063 -0.2600025528848338 0.6878074392283251
vn 0.5862596652290655 -0.36540615691013145 0.7230338480442478
vn 0.6777312144468063 -0.2600025528848338 0.6878074392283251
vn 0.6777312144468063 -0.2600025528848338 0.6878074392283251
vn 0.5862596652290655 -0.36540615691013145 0.7230338480442478
vn 0.5862596652290655 -0.36540615691013145 0.7230338480442478
vn 0.6777312144468063 -0.2600025528848338 0.6878074392283251
vn 0.46801870070370494 -0.29191117860699894 0.8341141166506466
vn 0.6777312144468063 -0.2600025528848338 0.6878074392283251
vn 0.4618240306570588 -0.17542803324466086 0.869450153752116
vn 0.46801870070370494 -0.29191117860699894 0.8341141166506466
vn 0.46801870070370494 -0.29191117860699894 0.8341141166506466
vn 0.4618240306570588 -0.17542803324466086 0.869450153752116
vn 0.46801870070370494 -0.29191117860699894 0.8341141166506466
vn 0.4618240306570588 -0.17542803324466086 0.869450153752116
vn 0.4618240306570588 -0.17542803324466086 0.869450153752116
vn 0.46801870070370494 -0.29191117860699894 0.8341141166506466
vn 0.46801870070370494 -0.29191117860699894 0.8341141166506466
vn 0.4618240306570588 -0.17542803324466086 0.869450153752116
vn 0.27631321874024894 -0.17270037734738963 0.9454234949552885
vn 0.4618240306570588 -0.17542803324466086 0.869450153752116
vn 0.4618240306570588 -0.17542803324466086 0.869450153752116
vn 0.27631321874024894 -0.17270037734738963 0.9454234949552885
vn 0.27631321874024894 -0.17270037734738963 0.9454234949552885
vn 0.4618240306570588 -0.17542803324466086 0.869450153752116
vn 0.27631321874024894 -0.17270037734738963 0.9454234949552885
vn 0.4618240306570588 -0.17542803324466086 0.869450153752116
vn 0.18579065633586167 -0.06748536168790752 0.980269125279452
vn 0.27631321874024894 -0.17270037734738963 0.9454234949552885
vn 0.27631321874024894 -0.17270037734738963 0.9454234949552885
vn 0.18579065633586167 -0.06748536168790752 0.980269125279452
vn 0.07727763159569244 -0.04872636189319776 0.9958182109760865
vn 0.18579065633586167 -0.06748536168790752 0.980269125279452
vn 0.18579065633586167 -0.06748536168790752 0.980269125279452
vn 0.07727763159569244 -0.04872636189319776 0.9958182109760865
vn 0.07727763159569244 -0.04872636189319776 0.9958182109760865
vn 0.18579065633586167 -0.06748536168790752 0.980269125279452
vn 0.07727763159569244 -0.04872636189319776 0.9958182109760865
vn 0.18579065633586167 -0.06748536168790752 0.980269125279452
vn 0.0483093670069264 -0.01503398544357066 0.9987192720384807
vn 0.07727763159569244 -0.04872636189319776 0.9958182109760865
vn 0.04461086541652029 -0.02138707041854407 -0.9987754822309673
vn 0.045381479234748626 0.023039043086477765 -0.9987040221387543
vn 0.18118406439294601 -0.07586165353051738 -0.9805189158469452
vn 0.045381479234748626 0.023039043086477765 -0.9987040221387543
vn 0.045381479234748626 0.023039043086477765 -0.9987040221387543
vn 0.18118406439294601 -0.07586165353051738 -0.9805189158469452
vn 0.18118406439294601 -0.07586165353051738 -0.9805189158469452
vn 0.045381479234748626 0.023039043086477765 -0.9987040221387543
vn 0.18118406439294601 -0.07586165353051738 -0.9805189158469452
vn 0.045381479234748626 0.023039043086477765 -0.9987040221387543
vn 0.19013109681383403 0.13431899163495944 -0.9725269016898896
vn 0.18118406439294601 -0.07586165353051738 -0.9805189158469452
vn 0.18118406439294601 -0.07586165353051738 -0.9805189158469452
vn 0.19013109681383403 0.13431899163495944 -0.9725269016898896
vn 0.4584775485421046 -0.18264382752417055 -0.8697353446595943
vn 0.19013109681383403 0.13431899163495944 -0.9725269016898896
vn 0.19013109681383403 0.13431899163495944 -0.9725269016898896
vn 0.4584775485421046 -0.18264382752417055 -0.8697353446595943
vn 0.4584775485421046 -0.18264382752417055 -0.8697353446595943
vn 0.19013109681383403 0.13431899163495944 -0.9725269016898896
vn 0.4584775485421046 -0.18264382752417055 -0.8697353446595943
vn 0.19013109681383403 0.13431899163495944 -0.9725269016898896
vn 0.331966378321233 0.2525083483337967 -0.9088662485129603
vn 0.4584775485421046 -0.18264382752417055 -0.8697353446595943
vn 0.4584775485421046 -0.18264382752417055 -0.8697353446595943
vn 0.331966378321233 0.2525083483337967 -0.9088662485129603
vn 0.4584775485421046 -0.18264382752417055 -0.8697353446595943
vn 0.331966378321233 0.2525083483337967 -0.9088662485129603
vn 0.331966378321233 0.2525083483337967 -0.9088662485129603
vn 0.4584775485421046 -0.18264382752417055 -0.8697353446595943
vn 0.4584775485421046 -0.18264382752417055 -0.8697353446595943
vn 0.331966378321233 0.2525083483337967 -0.9088662485129603
vn 0.6757257449027894 -0.2653377600442047 -0.6877431139388417
vn 0.331966378321233 0.2525083483337967 -0.9088662485129603
vn 0.5066474734209638 0.22755214832797807 -0.8315818405108878
vn 0.6757257449027894 -0.2653377600442047 -0.6877431139388417
vn 0.6757257449027894 -0.2653377600442047 -0.6877431139388417
vn 0.7087237836880116 -0.11201352629166768 -0.6965368391999482
vn 0.6757257449027894 -0.2653377600442047 -0.6877431139388417
vn 0.7087237836880116 -0.11201352629166768 -0.6965368391999482
vn 0.780832456093572 -0.12264483957100802 -0.6125838055625384
vn 0.6757257449027894 -0.2653377600442047 -0.6877431139388417
vn 0.6757257449027894 -0.2653377600442047 -0.6877431139388417
vn 0.780832456093572 -0.12264483957100802 -0.6125838055625384
vn 0.7722374873338638 -0.3017851442180745 -0.5590840633442848
vn 0.780832456093572 -0.12264483957100802 -0.6125838055625384
vn 0.8659801272368669 -0.1349945333523984 -0.48151313086538755
vn 0.7722374873338638 -0.3017851442180745 -0.5590840633442848
vn 0.7722374873338638 -0.3017851442180745 -0.5590840633442848
vn 0.8659801272368669 -0.1349945333523984 -0.48151313086538755
vn 0.8440379006043522 -0.3287457267318551 -0.42370540414177166
vn 0.8659801272368669 -0.1349945333523984 -0.48151313086538755
vn 0.8659801272368669 -0.1349945333523984 -0.48151313086538755
vn 0.8440379006043522 -0.3287457267318551 -0.42370540414177166
vn 0.8440379006043522 -0.3287457267318551 -0.42370540414177166
vn 0.8659801272368669 -0.1349945333523984 -0.48151313086538755
vn 0.8440379006043522 -0.3287457267318551 -0.42370540414177166
vn 0.8659801272368669 -0.1349945333523984 -0.48151313086538755
vn 0.9270300192087513 -0.14369538306983431 -0.3463624985044364
vn 0.8440379006043522 -0.3287457267318551 -0.42370540414177166
vn 0.8440379006043522 -0.3287457267318551 -0.42370540414177166
vn 0.9270300192087513 -0.14369538306983431 -0.3463624985044364
vn 0.893857287475169 -0.34727441767014405 -0.28358354758235765
vn 0.9270300192087513 -0.14369538306983431 -0.3463624985044364
vn 0.9553431786039107 -0.1476909207462429 -0.25594296830368957
vn 0.893857287475169 -0.34727441767014405 -0.28358354758235765
vn 0.893857287475169 -0.34727441767014405 -0.28358354758235765
vn 0.9553431786039107 -0.1476909207462429 -0.25594296830368957
vn 0.915432562118012 -0.3551825543224136 -0.18928438213190665
vn 0.9553431786039107 -0.1476909207462429 -0.25594296830368957
vn 0.9746855888104323 -0.1504087416438856 -0.16542434343942172
vn 0.915432562118012 -0.3551825543224136 -0.18928438213190665
vn 0.915432562118012 -0.3551825543224136 -0.18928438213190665
vn 0.9746855888104323 -0.1504087416438856 -0.16542434343942172
vn 0.9308535865483004 -0.3605876790478447 -0.059060360048463795
vn 0.9746855888104323 -0.1504087416438856 -0.16542434343942172
vn 0.9873316617937493 -0.15219084508317757 -0.04487912980954355
vn 0.9308535865483004 -0.3605876790478447 -0.059060360048463795
vn 0.9308535865483004 -0.3605876790478447 -0.059060360048463795
vn 0.9873316617937493 -0.15219084508317757 -0.04487912980954355
vn 0.9308535865483004 -0.3605876790478447 -0.059060360048463795
vn 0.9873316617937493 -0.15219084508317757 -0.04487912980954355
vn 0.9873316617937493 -0.15219084508317757 -0.04487912980954355
vn 0.9308535865483004 -0.3605876790478447 -0.059060360048463795
vn 0.9308535865483004 -0.3605876790478447 -0.059060360048463795
vn 0.9873316617937493 -0.15219084508317757 -0.04487912980954355
vn 0.9309557753395004 -0.3602289885305822 0.05963572909140278
vn 0.9873316617937493 -0.15219084508317757 -0.04487912980954355
vn 0.9860173121504696 -0.152041021921625 0.0682157444626337
vn 0.9309557753395004 -0.3602289885305822 0.05963572909140278
vn 0.9309557753395004 -0.3602289885305822 0.05963572909140278
vn 0.9860173121504696 -0.152041021921625 0.0682157444626337
vn 0.9309557753395004 -0.3602289885305822 0.05963572909140278
vn 0.9860173121504696 -0.152041021921625 0.0682157444626337
vn 0.9860173121504696 -0.152041021921625 0.0682157444626337
vn 0.9309557753395004 -0.3602289885305822 0.05963572909140278
vn 0.9309557753395004 -0.3602289885305822 0.05963572909140278
vn 0.9860173121504696 -0.152041021921625 0.0682157444626337
vn 0.9157795329414128 -0.35389635041795753 0.19001373688883155
vn 0.9860173121504696 -0.152041021921625 0.0682157444626337
vn 0.9690185643416774 -0.1497010715739381 0.19645002196693448
vn 0.9157795329414128 -0.35389635041795753 0.19001373688883155
vn 0.9157795329414128 -0.35389635041795753 0.19001373688883155
vn 0.9690185643416774 -0.1497010715739381 0.19645002196693448
vn 0.8944035849030259 -0.34532055569636033 0.28424626844722584
vn 0.9690185643416774 -0.1497010715739381 0.19645002196693448
vn 0.946689979372907 -0.14659948895287753 0.286856536954764
vn 0.8944035849030259 -0.34532055569636033 0.28424626844722584
vn 0.8944035849030259 -0.34532055569636033 0.28424626844722584
vn 0.946689979372907 -0.14659948895287753 0.286856536954764
vn 0.8449507858173783 -0.32572605845258895 0.4242177558654699
vn 0.946689979372907 -0.14659948895287753 0.286856536954764
vn 0.9152187720572263 -0.1421855094461692 0.3770383006772602
vn 0.8449507858173783 -0.32572605845258895 0.4242177558654699
vn 0.8449507858173783 -0.32572605845258895 0.4242177558654699
vn 0.9152187720572263 -0.1421855094461692 0.3770383006772602
vn 0.8449507858173783 -0.32572605845258895 0.4242177558654699
vn 0.9152187720572263 -0.1421855094461692 0.3770383006772602
vn 0.8489895504173985 -0.13276207511454408 0.5114596510902337
vn 0.8449507858173783 -0.32572605845258895 0.4242177558654699
vn 0.8449507858173783 -0.32572605845258895 0.4242177558654699
vn 0.8489895504173985 -0.13276207511454408 0.5114596510902337
vn 0.773615768251885 -0.29764419438554435 0.5593984060226
vn 0.8489895504173985 -0.13276207511454408 0.5114596510902337
vn 0.8489895504173985 -0.13276207511454408 0.5114596510902337
vn 0.773615768251885 -0.29764419438554435 0.5593984060226
vn 0.773615768251885 -0.29764419438554435 0.5593984060226
vn 0.8489895504173985 -0.13276207511454408 0.5114596510902337
vn 0.6777312144468063 -0.2600025528848338 0.6878074392283251
vn 0.8489895504173985 -0.13276207511454408 0.5114596510902337
vn 0.7581728834097937 -0.11957304396167434 0.6409962293335418
vn 0.6777312144468063 -0.2600025528848338 0.6878074392283251
vn 0.6777312144468063 -0.2600025528848338 0.6878074392283251
vn 0.7581728834097937 -0.11957304396167434 0.6409962293335418
vn 0.6777312144468063 -0.2600025528848338 0.6878074392283251
vn 0.7581728834097937 -0.11957304396167434 0.6409962293335418
vn 0.6820194027752543 -0.1083037986781943 0.7232702271142913
vn 0.6777312144468063 -0.2600025528848338 0.6878074392283251
vn 0.6777312144468063 -0.2600025528848338 0.6878074392283251
vn 0.5781579616595046 0.09631174062568744 0.8102205995822231
vn 0.4618240306570588 -0.17542803324466086 0.869450153752116
vn 0.5781579616595046 0.09631174062568744 0.8102205995822231
vn 0.3146536065031569 0.27380198351701435 0.9088594950467894
vn 0.4618240306570588 -0.17542803324466086 0.869450153752116
vn 0.4618240306570588 -0.17542803324466086 0.869450153752116
vn 0.3146536065031569 0.27380198351701435 0.9088594950467894
vn 0.4618240306570588 -0.17542803324466086 0.869450153752116
vn 0.3146536065031569 0.27380198351701435 0.9088594950467894
vn 0.3146536065031569 0.27380198351701435 0.9088594950467894
vn 0.4618240306570588 -0.17542803324466086 0.869450153752116
vn 0.4618240306570588 -0.17542803324466086 0.869450153752116
vn 0.3146536065031569 0.27380198351701435 0.9088594950467894
vn 0.4618240306570588 -0.17542803324466086 0.869450153752116
vn 0.3146536065031569 0.27380198351701435 0.9088594950467894
vn 0.17039805481471376 0.15863144240182536 0.9725227855412325
vn 0.4618240306570588 -0.17542803324466086 0.869450153752116
vn 0.4618240306570588 -0.17542803324466086 0.869450153752116
vn 0.17039805481471376 0.15863144240182536 0.9725227855412325
vn 0.18579065633586167 -0.06748536168790752 0.980269125279452
vn 0.17039805481471376 0.15863144240182536 0.9725227855412325
vn 0.17039805481471376 0.15863144240182536 0.9725227855412325
vn 0.18579065633586167 -0.06748536168790752 0.980269125279452
vn 0.18579065633586167 -0.06748536168790752 0.980269125279452
vn 0.17039805481471376 0.15863144240182536 0.9725227855412325
vn 0.18579065633586167 -0.06748536168790752 0.980269125279452
vn 0.17039805481471376 0.15863144240182536 0.9725227855412325
vn 0.03194224431365045 0.039636745669860064 0.9987034702157143
vn 0.18579065633586167 -0.06748536168790752 0.980269125279452
vn 0.18579065633586167 -0.06748536168790752 0.980269125279452
vn 0.03194224431365045 0.039636745669860064 0.9987034702157143
vn 0.0483093670069264 -0.01503398544357066 0.9987192720384807
vn 0.03194224431365045 0.039636745669860064 0.9987034702157143
vn 0.03194224431365045 0.039636745669860064 0.9987034702157143
vn 0.0483093670069264 -0.01503398544357066 0.9987192720384807
vn 0.045381479234748626 0.023039043086477765 -0.9987040221387543
vn -0.0017950941148562184 0.05121654655602321 -0.9986859581449985
vn 0.045381479234748626 0.023039043086477765 -0.9987040221387543
vn -0.0017950941148562184 0.05121654655602321 -0.9986859581449985
vn -0.012447612691402382 0.20014866229108746 -0.97968646511084
vn 0.045381479234748626 0.023039043086477765 -0.9987040221387543
vn 0.045381479234748626 0.023039043086477765 -0.9987040221387543
vn -0.012447612691402382 0.20014866229108746 -0.97968646511084
vn 0.19013109681383403 0.13431899163495944 -0.9725269016898896
vn -0.012447612691402382 0.20014866229108746 -0.97968646511084
vn -0.012447612691402382 0.20014866229108746 -0.97968646511084
vn 0.19013109681383403 0.13431899163495944 -0.9725269016898896
vn 0.19013109681383403 0.13431899163495944 -0.9725269016898896
vn -0.012447612691402382 0.20014866229108746 -0.97968646511084
vn 0.19013109681383403 0.13431899163495944 -0.9725269016898896
vn -0.012447612691402382 0.20014866229108746 -0.97968646511084
vn -0.031139263786287005 0.4444546387663468 -0.8952599735998055
vn 0.19013109681383403 0.13431899163495944 -0.9725269016898896
vn 0.19013109681383403 0.13431899163495944 -0.9725269016898896
vn -0.031139263786287005 0.4444546387663468 -0.8952599735998055
vn 0.331966378321233 0.2525083483337967 -0.9088662485129603
vn -0.031139263786287005 0.4444546387663468 -0.8952599735998055
vn -0.031139263786287005 0.4444546387663468 -0.8952599735998055
vn 0.331966378321233 0.2525083483337967 -0.9088662485129603
vn 0.331966378321233 0.2525083483337967 -0.9088662485129603
vn -0.031139263786287005 0.4444546387663468 -0.8952599735998055
vn 0.331966378321233 0.2525083483337967 -0.9088662485129603
vn -0.031139263786287005 0.4444546387663468 -0.8952599735998055
vn -0.04317639427521374 0.6011572524654284 -0.797963505923428
vn 0.331966378321233 0.2525083483337967 -0.9088662485129603
vn 0.331966378321233 0.2525083483337967 -0.9088662485129603
vn -0.04317639427521374 0.6011572524654284 -0.797963505923428
vn 0.21185077721882734 0.5472100375802113 -0.809740960408477
vn -0.04317639427521374 0.6011572524654284 -0.797963505923428
vn -0.05305506157859124 0.7293956099456232 -0.6820316742153141
vn 0.21185077721882734 0.5472100375802113 -0.809740960408477
vn 0.03336511546589644 0.6908416140106796 -0.7222358571969872
vn -0.05305506157859124 0.7293956099456232 -0.6820316742153141
vn 0.037519107873922306 0.7676471938906353 -0.6397734772997227
vn -0.05305506157859124 0.7293956099456232 -0.6820316742153141
vn -0.05305506157859124 0.7293956099456232 -0.6820316742153141
vn 0.037519107873922306 0.7676471938906353 -0.6397734772997227
vn 0.037519107873922306 0.7676471938906353 -0.6397734772997227
vn -0.05305506157859124 0.7293956099456232 -0.6820316742153141
vn 0.04261885553223016 0.8590300022333899 -0.5101481043932489
vn -0.05305506157859124 0.7293956099456232 -0.6820316742153141
vn -0.06495969651991773 0.883018123716432 -0.46482171960478796
vn 0.04261885553223016 0.8590300022333899 -0.5101481043932489
vn 0.04261885553223016 0.8590300022333899 -0.5101481043932489
vn -0.06495969651991773 0.883018123716432 -0.46482171960478796
vn 0.04261885553223016 0.8590300022333899 -0.5101481043932489
vn -0.06495969651991773 0.883018123716432 -0.46482171960478796
vn -0.06495969651991773 0.883018123716432 -0.46482171960478796
vn 0.04261885553223016 0.8590300022333899 -0.5101481043932489
vn 0.04261885553223016 0.8590300022333899 -0.5101481043932489
vn -0.06495969651991773 0.883018123716432 -0.46482171960478796
vn 0.04645367313235593 0.9255129047055968 -0.3758562484194204
vn -0.06495969651991773 0.883018123716432 -0.46482171960478796
vn -0.06495969651991773 0.883018123716432 -0.46482171960478796
vn 0.04645367313235593 0.9255129047055968 -0.3758562484194204
vn 0.04645367313235593 0.9255129047055968 -0.3758562484194204
vn -0.06495969651991773 0.883018123716432 -0.46482171960478796
vn 0.04831592766780054 0.957043832156341 -0.28588926958720473
vn -0.06495969651991773 0.883018123716432 -0.46482171960478796
vn -0.07181391244622899 0.9696099330421948 -0.23387889970041248
vn 0.04831592766780054 0.957043832156341 -0.28588926958720473
vn 0.04831592766780054 0.957043832156341 -0.28588926958720473
vn -0.07181391244622899 0.9696099330421948 -0.23387889970041248
vn 0.04965636741443158 0.9793898191535342 -0.19578004830321855
vn -0.07181391244622899 0.9696099330421948 -0.23387889970041248
vn -0.07181391244622899 0.9696099330421948 -0.23387889970041248
vn 0.04965636741443158 0.9793898191535342 -0.19578004830321855
vn 0.04965636741443158 0.9793898191535342 -0.19578004830321855
vn -0.07181391244622899 0.9696099330421948 -0.23387889970041248
vn 0.050690505608260314 0.9963958254481154 -0.06801346683376604
vn -0.07181391244622899 0.9696099330421948 -0.23387889970041248
vn -0.07406570198194888 0.9955228810214838 -0.05872363368019698
vn 0.050690505608260314 0.9963958254481154 -0.06801346683376604
vn 0.050690505608260314 0.9963958254481154 -0.06801346683376604
vn -0.07406570198194888 0.9955228810214838 -0.05872363368019698
vn 0.050690505608260314 0.9963958254481154 -0.06801346683376604
vn -0.07406570198194888 0.9955228810214838 -0.05872363368019698
vn -0.07406570198194888 0.9955228810214838 -0.05872363368019698
vn 0.050690505608260314 0.9963958254481154 -0.06801346683376604
vn 0.050690505608260314 0.9963958254481154 -0.06801346683376604
vn -0.07406570198194888 0.9955228810214838 -0.05872363368019698
vn 0.05078930861338781 0.997711793608095 0.04462760385560021
vn -0.07406570198194888 0.9955228810214838 -0.05872363368019698
vn -0.07428017225752008 0.9955449656271678 0.05807475719961792
vn 0.05078930861338781 0.997711793608095 0.04462760385560021
vn 0.05078930861338781 0.997711793608095 0.04462760385560021
vn -0.07428017225752008 0.9955449656271678 0.05807475719961792
vn 0.05078930861338781 0.997711793608095 0.04462760385560021
vn -0.07428017225752008 0.9955449656271678 0.05807475719961792
vn -0.07428017225752008 0.9955449656271678 0.05807475719961792
vn 0.05078930861338781 0.997711793608095 0.04462760385560021
vn 0.05078930861338781 0.997711793608095 0.04462760385560021
vn -0.07428017225752008 0.9955449656271678 0.05807475719961792
vn 0.05004549342288696 0.9850785620604677 0.16466837934752623
vn -0.07428017225752008 0.9955449656271678 0.05807475719961792
vn -0.07278182896838334 0.9697266542930968 0.23309444722157988
vn 0.05004549342288696 0.9850785620604677 0.16466837934752623
vn 0.05004549342288696 0.9850785620604677 0.16466837934752623
vn -0.07278182896838334 0.9697266542930968 0.23309444722157988
vn 0.04890248955237328 0.9657325209295184 0.25489065211320955
vn -0.07278182896838334 0.9697266542930968 0.23309444722157988
vn -0.07278182896838334 0.9697266542930968 0.23309444722157988
vn 0.04890248955237328 0.9657325209295184 0.25489065211320955
vn 0.04890248955237328 0.9657325209295184 0.25489065211320955
vn -0.07278182896838334 0.9697266542930968 0.23309444722157988
vn 0.04724049664569044 0.9373860550462624 0.3450734983760333
vn -0.07278182896838334 0.9697266542930968 0.23309444722157988
vn -0.06701126562927812 0.8831272547658149 0.46432288568253643
vn 0.04724049664569044 0.9373860550462624 0.3450734983760333
vn 0.04724049664569044 0.9373860550462624 0.3450734983760333
vn -0.06701126562927812 0.8831272547658149 0.46432288568253643
vn 0.04371050036718689 0.8761434628271194 0.48006460471790036
vn -0.06701126562927812 0.8831272547658149 0.46432288568253643
vn -0.06701126562927812 0.8831272547658149 0.46432288568253643
vn 0.04371050036718689 0.8761434628271194 0.48006460471790036
vn 0.04371050036718689 0.8761434628271194 0.48006460471790036
vn -0.06701126562927812 0.8831272547658149 0.46432288568253643
vn 0.04371050036718689 0.8761434628271194 0.48006460471790036
vn -0.06701126562927812 0.8831272547658149 0.46432288568253643
vn -0.06701126562927812 0.8831272547658149 0.46432288568253643
vn 0.04371050036718689 0.8761434628271194 0.48006460471790036
vn 0.04371050036718689 0.8761434628271194 0.48006460471790036
vn -0.06701126562927812 0.8831272547658149 0.46432288568253643
vn 0.03891454016975552 0.7905191436983589 0.6111997562252377
vn -0.06701126562927812 0.8831272547658149 0.46432288568253643
vn -0.056324921262485214 0.7292231880369021 0.6819538439469872
vn 0.03891454016975552 0.7905191436983589 0.6111997562252377
vn 0.03891454016975552 0.7905191436983589 0.6111997562252377
vn -0.056324921262485214 0.7292231880369021 0.6819538439469872
vn 0.03495414222047587 0.7178320369784769 0.695338316669635
vn -0.056324921262485214 0.7292231880369021 0.6819538439469872
vn -0.056324921262485214 0.7292231880369021 0.6819538439469872
vn 0.03495414222047587 0.7178320369784769 0.695338316669635
vn 0.3259059578187375 0.4504117195201416 0.8312127222180616
vn -0.056324921262485214 0.7292231880369021 0.6819538439469872
vn 0.3146536065031569 0.27380198351701435 0.9088594950467894
vn -0.056324921262485214 0.7292231880369021 0.6819538439469872
vn -0.0472135441081177 0.6006144399904841 0.7981435808973645
vn 0.3146536065031569 0.27380198351701435 0.9088594950467894
vn 0.3146536065031569 0.27380198351701435 0.9088594950467894
vn -0.0472135441081177 0.6006144399904841 0.7981435808973645
vn 0.3146536065031569 0.27380198351701435 0.9088594950467894
vn -0.0472135441081177 0.6006144399904841 0.7981435808973645
vn -0.03589211704446919 0.4434051424223112 0.8956023870041416
vn 0.3146536065031569 0.27380198351701435 0.9088594950467894
vn 0.3146536065031569 0.27380198351701435 0.9088594950467894
vn -0.03589211704446919 0.4434051424223112 0.8956023870041416
vn 0.17039805481471376 0.15863144240182536 0.9725227855412325
vn -0.03589211704446919 0.4434051424223112 0.8956023870041416
vn -0.03589211704446919 0.4434051424223112 0.8956023870041416
vn 0.17039805481471376 0.15863144240182536 0.9725227855412325
vn 0.17039805481471376 0.15863144240182536 0.9725227855412325
vn -0.03589211704446919 0.4434051424223112 0.8956023870041416
vn 0.17039805481471376 0.15863144240182536 0.9725227855412325
vn -0.03589211704446919 0.4434051424223112 0.8956023870041416
vn -0.017843641369035237 0.1984528902340567 0.9799479857729403
vn 0.17039805481471376 0.15863144240182536 0.9725227855412325
vn 0.17039805481471376 0.15863144240182536 0.9725227855412325
vn -0.017843641369035237 0.1984528902340567 0.9799479857729403
vn 0.03194224431365045 0.039636745669860064 0.9987034702157143
vn -0.017843641369035237 0.1984528902340567 0.9799479857729403
vn -0.017843641369035237 0.1984528902340567 0.9799479857729403
vn 0.03194224431365045 0.039636745669860064 0.9987034702157143
vn 0.03194224431365045 0.039636745669860064 0.9987034702157143
vn -0.017843641369035237 0.1984528902340567 0.9799479857729403
vn 0.03194224431365045 0.039636745669860064 0.9987034702157143
vn -0.017843641369035237 0.1984528902340567 0.9799479857729403
vn -0.005931227389657124 0.04976621577013318 0.9987432824853305
vn 0.03194224431365045 0.039636745669860064 0.9987034702157143
vn -0.0017950941148562184 0.05121654655602321 -0.9986859581449985
vn -0.009783365917563075 0.03184185972215799 -0.9994450368683401
vn -0.012447612691402382 0.20014866229108746 -0.97968646511084
vn -0.009783365917563075 0.03184185972215799 -0.9994450368683401
vn -0.06418627361634438 0.18644660307816482 -0.9803661491911382
vn -0.012447612691402382 0.20014866229108746 -0.97968646511084
vn -0.012447612691402382 0.20014866229108746 -0.97968646511084
vn -0.06418627361634438 0.18644660307816482 -0.9803661491911382
vn -0.012447612691402382 0.20014866229108746 -0.97968646511084
vn -0.06418627361634438 0.18644660307816482 -0.9803661491911382
vn -0.06418627361634438 0.18644660307816482 -0.9803661491911382
vn -0.012447612691402382 0.20014866229108746 -0.97968646511084
vn -0.012447612691402382 0.20014866229108746 -0.97968646511084
vn -0.06418627361634438 0.18644660307816482 -0.9803661491911382
vn -0.031139263786287005 0.4444546387663468 -0.8952599735998055
vn -0.06418627361634438 0.18644660307816482 -0.9803661491911382
vn -0.12783400958210783 0.3611566791275191 -0.9237014231426429
vn -0.031139263786287005 0.4444546387663468 -0.8952599735998055
vn -0.031139263786287005 0.4444546387663468 -0.8952599735998055
vn -0.12783400958210783 0.3611566791275191 -0.9237014231426429
vn -0.031139263786287005 0.4444546387663468 -0.8952599735998055
vn -0.12783400958210783 0.3611566791275191 -0.9237014231426429
vn -0.18425932471741305 0.5155920370967139 -0.8367875193483372
vn -0.031139263786287005 0.4444546387663468 -0.8952599735998055
vn -0.031139263786287005 0.4444546387663468 -0.8952599735998055
vn -0.18425932471741305 0.5155920370967139 -0.8367875193483372
vn -0.04317639427521374 0.6011572524654284 -0.797963505923428
vn -0.18425932471741305 0.5155920370967139 -0.8367875193483372
vn -0.18425932471741305 0.5155920370967139 -0.8367875193483372
vn -0.04317639427521374 0.6011572524654284 -0.797963505923428
vn -0.04317639427521374 0.6011572524654284 -0.797963505923428
vn -0.18425932471741305 0.5155920370967139 -0.8367875193483372
vn -0.05305506157859124 0.7293956099456232 -0.6820316742153141
vn -0.18425932471741305 0.5155920370967139 -0.8367875193483372
vn -0.24594233293723575 0.6839319886620384 -0.6868401588100242
vn -0.05305506157859124 0.7293956099456232 -0.6820316742153141
vn -0.05305506157859124 0.7293956099456232 -0.6820316742153141
vn -0.24594233293723575 0.6839319886620384 -0.6868401588100242
vn -0.05305506157859124 0.7293956099456232 -0.6820316742153141
vn -0.24594233293723575 0.6839319886620384 -0.6868401588100242
vn -0.24594233293723575 0.6839319886620384 -0.6868401588100242
vn -0.05305506157859124 0.7293956099456232 -0.6820316742153141
vn -0.05305506157859124 0.7293956099456232 -0.6820316742153141
vn -0.24594233293723575 0.6839319886620384 -0.6868401588100242
vn -0.06495969651991773 0.883018123716432 -0.46482171960478796
vn -0.24594233293723575 0.6839319886620384 -0.6868401588100242
vn -0.29115388392306973 0.8069070742506923 -0.5139361724968378
vn -0.06495969651991773 0.883018123716432 -0.46482171960478796
vn -0.06495969651991773 0.883018123716432 -0.46482171960478796
vn -0.29115388392306973 0.8069070742506923 -0.5139361724968378
vn -0.06495969651991773 0.883018123716432 -0.46482171960478796
vn -0.29115388392306973 0.8069070742506923 -0.5139361724968378
vn -0.29115388392306973 0.8069070742506923 -0.5139361724968378
vn -0.06495969651991773 0.883018123716432 -0.46482171960478796
vn -0.06495969651991773 0.883018123716432 -0.46482171960478796
vn -0.29115388392306973 0.8069070742506923 -0.5139361724968378
vn -0.06495969651991773 0.883018123716432 -0.46482171960478796
vn -0.29115388392306973 0.8069070742506923 -0.5139361724968378
vn -0.3149360438118799 0.8713203723371693 -0.3763191425616536
vn -0.06495969651991773 0.883018123716432 -0.46482171960478796
vn -0.06495969651991773 0.883018123716432 -0.46482171960478796
vn -0.3149360438118799 0.8713203723371693 -0.3763191425616536
vn -0.07181391244622899 0.9696099330421948 -0.23387889970041248
vn -0.3149360438118799 0.8713203723371693 -0.3763191425616536
vn -0.32628360926897343 0.9018979220794153 -0.28305325377258045
vn -0.07181391244622899 0.9696099330421948 -0.23387889970041248
vn -0.07181391244622899 0.9696099330421948 -0.23387889970041248
vn -0.32628360926897343 0.9018979220794153 -0.28305325377258045
vn -0.07181391244622899 0.9696099330421948 -0.23387889970041248
vn -0.32628360926897343 0.9018979220794153 -0.28305325377258045
vn -0.3342967624714343 0.9233171926817959 -0.18902654919170764
vn -0.07181391244622899 0.9696099330421948 -0.23387889970041248
vn -0.07181391244622899 0.9696099330421948 -0.23387889970041248
vn -0.3342967624714343 0.9233171926817959 -0.18902654919170764
vn -0.07406570198194888 0.9955228810214838 -0.05872363368019698
vn -0.3342967624714343 0.9233171926817959 -0.18902654919170764
vn -0.3401451626278086 0.9385111705576098 -0.059144324152758165
vn -0.07406570198194888 0.9955228810214838 -0.05872363368019698
vn -0.07406570198194888 0.9955228810214838 -0.05872363368019698
vn -0.3401451626278086 0.9385111705576098 -0.059144324152758165
vn -0.07406570198194888 0.9955228810214838 -0.05872363368019698
vn -0.3401451626278086 0.9385111705576098 -0.059144324152758165
vn -0.3401451626278086 0.9385111705576098 -0.059144324152758165
vn -0.07406570198194888 0.9955228810214838 -0.05872363368019698
vn -0.07406570198194888 0.9955228810214838 -0.05872363368019698
vn -0.3401451626278086 0.9385111705576098 -0.059144324152758165
vn -0.07428017225752008 0.9955449656271678 0.05807475719961792
vn -0.3401451626278086 0.9385111705576098 -0.059144324152758165
vn -0.3403764961907672 0.9384273287208955 0.05914380399214199
vn -0.07428017225752008 0.9955449656271678 0.05807475719961792
vn -0.07428017225752008 0.9955449656271678 0.05807475719961792
vn -0.3403764961907672 0.9384273287208955 0.05914380399214199
vn -0.07428017225752008 0.9955449656271678 0.05807475719961792
vn -0.3403764961907672 0.9384273287208955 0.05914380399214199
vn -0.3403764961907672 0.9384273287208955 0.05914380399214199
vn -0.07428017225752008 0.9955449656271678 0.05807475719961792
vn -0.07428017225752008 0.9955449656271678 0.05807475719961792
vn -0.3403764961907672 0.9384273287208955 0.05914380399214199
vn -0.07278182896838334 0.9697266542930968 0.23309444722157988
vn -0.3403764961907672 0.9384273287208955 0.05914380399214199
vn -0.33512806267924505 0.9230152792599273 0.18902903443009622
vn -0.07278182896838334 0.9697266542930968 0.23309444722157988
vn -0.07278182896838334 0.9697266542930968 0.23309444722157988
vn -0.33512806267924505 0.9230152792599273 0.18902903443009622
vn -0.07278182896838334 0.9697266542930968 0.23309444722157988
vn -0.33512806267924505 0.9230152792599273 0.18902903443009622
vn -0.3275521053908918 0.9014383428804356 0.28305217229155505
vn -0.07278182896838334 0.9697266542930968 0.23309444722157988
vn -0.07278182896838334 0.9697266542930968 0.23309444722157988
vn -0.3275521053908918 0.9014383428804356 0.28305217229155505
vn -0.06701126562927812 0.8831272547658149 0.46432288568253643
vn -0.3275521053908918 0.9014383428804356 0.28305217229155505
vn -0.316665891226516 0.8706933353280759 0.3763187866011837
vn -0.06701126562927812 0.8831272547658149 0.46432288568253643
vn -0.06701126562927812 0.8831272547658149 0.46432288568253643
vn -0.316665891226516 0.8706933353280759 0.3763187866011837
vn -0.06701126562927812 0.8831272547658149 0.46432288568253643
vn -0.316665891226516 0.8706933353280759 0.3763187866011837
vn -0.2936399216548678 0.806005877439839 0.5139359122915601
vn -0.06701126562927812 0.8831272547658149 0.46432288568253643
vn -0.06701126562927812 0.8831272547658149 0.46432288568253643
vn -0.2936399216548678 0.806005877439839 0.5139359122915601
vn -0.06701126562927812 0.8831272547658149 0.46432288568253643
vn -0.2936399216548678 0.806005877439839 0.5139359122915601
vn -0.2936399216548678 0.806005877439839 0.5139359122915601
vn -0.06701126562927812 0.8831272547658149 0.46432288568253643
vn -0.06701126562927812 0.8831272547658149 0.46432288568253643
vn -0.2936399216548678 0.806005877439839 0.5139359122915601
vn -0.056324921262485214 0.7292231880369021 0.6819538439469872
vn -0.2936399216548678 0.806005877439839 0.5139359122915601
vn -0.24953231071454557 0.6826303561865613 0.6868401726181046
vn -0.056324921262485214 0.7292231880369021 0.6819538439469872
vn -0.056324921262485214 0.7292231880369021 0.6819538439469872
vn -0.24953231071454557 0.6826303561865613 0.6868401726181046
vn -0.056324921262485214 0.7292231880369021 0.6819538439469872
vn -0.24953231071454557 0.6826303561865613 0.6868401726181046
vn -0.24953231071454557 0.6826303561865613 0.6868401726181046
vn -0.056324921262485214 0.7292231880369021 0.6819538439469872
vn -0.056324921262485214 0.7292231880369021 0.6819538439469872
vn -0.24953231071454557 0.6826303561865613 0.6868401726181046
vn -0.0472135441081177 0.6006144399904841 0.7981435808973645
vn -0.24953231071454557 0.6826303561865613 0.6868401726181046
vn -0.1889946165093416 0.5138755447217886 0.8367872844799757
vn -0.0472135441081177 0.6006144399904841 0.7981435808973645
vn -0.0472135441081177 0.6006144399904841 0.7981435808973645
vn -0.1889946165093416 0.5138755447217886 0.8367872844799757
vn -0.03589211704446919 0.4434051424223112 0.8956023870041416
vn -0.1889946165093416 0.5138755447217886 0.8367872844799757
vn -0.1889946165093416 0.5138755447217886 0.8367872844799757
vn -0.03589211704446919 0.4434051424223112 0.8956023870041416
vn -0.03589211704446919 0.4434051424223112 0.8956023870041416
vn -0.1889946165093416 0.5138755447217886 0.8367872844799757
vn -0.03589211704446919 0.4434051424223112 0.8956023870041416
vn -0.1889946165093416 0.5138755447217886 0.8367872844799757
vn -0.13333174519535554 0.35916143475941287 0.9237021757605212
vn -0.03589211704446919 0.4434051424223112 0.8956023870041416
vn -0.03589211704446919 0.4434051424223112 0.8956023870041416
vn -0.13333174519535554 0.35916143475941287 0.9237021757605212
vn -0.017843641369035237 0.1984528902340567 0.9799479857729403
vn -0.13333174519535554 0.35916143475941287 0.9237021757605212
vn -0.07022056628892374 0.18425902462629054 0.9803660968810737
vn -0.017843641369035237 0.1984528902340567 0.9799479857729403
vn -0.017843641369035237 0.1984528902340567 0.9799479857729403
vn -0.07022056628892374 0.18425902462629054 0.9803660968810737
vn -0.017843641369035237 0.1984528902340567 0.9799479857729403
vn -0.07022056628892374 0.18425902462629054 0.9803660968810737
vn -0.07022056628892374 0.18425902462629054 0.9803660968810737
vn -0.017843641369035237 0.1984528902340567 0.9799479857729403
vn -0.017843641369035237 0.1984528902340567 0.9799479857729403
vn -0.07022056628892374 0.18425902462629054 0.9803660968810737
vn -0.005931227389657124 0.04976621577013318 0.9987432824853305
vn -0.07022056628892374 0.18425902462629054 0.9803660968810737
vn -0.012896727621780374 0.030712017435165623 0.9994450692267743
vn -0.005931227389657124 0.04976621577013318 0.9987432824853305
vn -0.009783365917563075 0.03184185972215799 -0.9994450368683401
vn -0.1026578418523064 0.12472749023271142 -0.9868659588244373
vn -0.06418627361634438 0.18644660307816482 -0.9803661491911382
vn -0.1026578418523064 0.12472749023271142 -0.9868659588244373
vn -0.1026578418523064 0.12472749023271142 -0.9868659588244373
vn -0.06418627361634438 0.18644660307816482 -0.9803661491911382
vn -0.06418627361634438 0.18644660307816482 -0.9803661491911382
vn -0.1026578418523064 0.12472749023271142 -0.9868659588244373
vn -0.06418627361634438 0.18644660307816482 -0.9803661491911382
vn -0.1026578418523064 0.12472749023271142 -0.9868659588244373
vn -0.1026578418523064 0.12472749023271142 -0.9868659588244373
vn -0.06418627361634438 0.18644660307816482 -0.9803661491911382
vn -0.06418627361634438 0.18644660307816482 -0.9803661491911382
vn -0.1026578418523064 0.12472749023271142 -0.9868659588244373
vn -0.12783400958210783 0.3611566791275191 -0.9237014231426429
vn -0.1026578418523064 0.12472749023271142 -0.9868659588244373
vn -0.32590823514880957 0.3778158923708028 -0.8666250479499438
vn -0.12783400958210783 0.3611566791275191 -0.9237014231426429
vn -0.12783400958210783 0.3611566791275191 -0.9237014231426429
vn -0.32590823514880957 0.3778158923708028 -0.8666250479499438
vn -0.18425932471741305 0.5155920370967139 -0.8367875193483372
vn -0.32590823514880957 0.3778158923708028 -0.8666250479499438
vn -0.32590823514880957 0.3778158923708028 -0.8666250479499438
vn -0.18425932471741305 0.5155920370967139 -0.8367875193483372
vn -0.18425932471741305 0.5155920370967139 -0.8367875193483372
vn -0.32590823514880957 0.3778158923708028 -0.8666250479499438
vn -0.18425932471741305 0.5155920370967139 -0.8367875193483372
vn -0.32590823514880957 0.3778158923708028 -0.8666250479499438
vn -0.32590823514880957 0.3778158923708028 -0.8666250479499438
vn -0.18425932471741305 0.5155920370967139 -0.8367875193483372
vn -0.18425932471741305 0.5155920370967139 -0.8367875193483372
vn -0.32590823514880957 0.3778158923708028 -0.8666250479499438
vn -0.24594233293723575 0.6839319886620384 -0.6868401588100242
vn -0.32590823514880957 0.3778158923708028 -0.8666250479499438
vn -0.4803154115669112 0.5510373648666685 -0.6823891323373391
vn -0.24594233293723575 0.6839319886620384 -0.6868401588100242
vn -0.24594233293723575 0.6839319886620384 -0.6868401588100242
vn -0.4803154115669112 0.5510373648666685 -0.6823891323373391
vn -0.24594233293723575 0.6839319886620384 -0.6868401588100242
vn -0.4803154115669112 0.5510373648666685 -0.6823891323373391
vn -0.4803154115669112 0.5510373648666685 -0.6823891323373391
vn -0.24594233293723575 0.6839319886620384 -0.6868401588100242
vn -0.24594233293723575 0.6839319886620384 -0.6868401588100242
vn -0.4803154115669112 0.5510373648666685 -0.6823891323373391
vn -0.29115388392306973 0.8069070742506923 -0.5139361724968378
vn -0.4803154115669112 0.5510373648666685 -0.6823891323373391
vn -0.5667800727316518 0.6475314296867954 -0.5093754967821659
vn -0.29115388392306973 0.8069070742506923 -0.5139361724968378
vn -0.29115388392306973 0.8069070742506923 -0.5139361724968378
vn -0.5667800727316518 0.6475314296867954 -0.5093754967821659
vn -0.29115388392306973 0.8069070742506923 -0.5139361724968378
vn -0.5667800727316518 0.6475314296867954 -0.5093754967821659
vn -0.5667800727316518 0.6475314296867954 -0.5093754967821659
vn -0.29115388392306973 0.8069070742506923 -0.5139361724968378
vn -0.29115388392306973 0.8069070742506923 -0.5139361724968378
vn -0.5667800727316518 0.6475314296867954 -0.5093754967821659
vn -0.3149360438118799 0.8713203723371693 -0.3763191425616536
vn -0.5667800727316518 0.6475314296867954 -0.5093754967821659
vn -0.612014184925399 0.6977371692745182 -0.3722921971555163
vn -0.3149360438118799 0.8713203723371693 -0.3763191425616536
vn -0.3149360438118799 0.8713203723371693 -0.3763191425616536
vn -0.612014184925399 0.6977371692745182 -0.3722921971555163
vn -0.32628360926897343 0.9018979220794153 -0.28305325377258045
vn -0.612014184925399 0.6977371692745182 -0.3722921971555163
vn -0.6417915888316991 0.7305391507394575 -0.23327259963775301
vn -0.32628360926897343 0.9018979220794153 -0.28305325377258045
vn -0.32628360926897343 0.9018979220794153 -0.28305325377258045
vn -0.6417915888316991 0.7305391507394575 -0.23327259963775301
vn -0.3342967624714343 0.9233171926817959 -0.18902654919170764
vn -0.6417915888316991 0.7305391507394575 -0.23327259963775301
vn -0.6417915888316991 0.7305391507394575 -0.23327259963775301
vn -0.3342967624714343 0.9233171926817959 -0.18902654919170764
vn -0.3342967624714343 0.9233171926817959 -0.18902654919170764
vn -0.6417915888316991 0.7305391507394575 -0.23327259963775301
vn -0.3401451626278086 0.9385111705576098 -0.059144324152758165
vn -0.6417915888316991 0.7305391507394575 -0.23327259963775301
vn -0.6594814665290629 0.7494935997478109 -0.05782334512759461
vn -0.3401451626278086 0.9385111705576098 -0.059144324152758165
vn -0.3401451626278086 0.9385111705576098 -0.059144324152758165
vn -0.6594814665290629 0.7494935997478109 -0.05782334512759461
vn -0.3401451626278086 0.9385111705576098 -0.059144324152758165
vn -0.6594814665290629 0.7494935997478109 -0.05782334512759461
vn -0.6594814665290629 0.7494935997478109 -0.05782334512759461
vn -0.3401451626278086 0.9385111705576098 -0.059144324152758165
vn -0.3401451626278086 0.9385111705576098 -0.059144324152758165
vn -0.6594814665290629 0.7494935997478109 -0.05782334512759461
vn -0.3403764961907672 0.9384273287208955 0.05914380399214199
vn -0.6594814665290629 0.7494935997478109 -0.05782334512759461
vn -0.6597078670868933 0.7491724154328001 0.05938200113035821
vn -0.3403764961907672 0.9384273287208955 0.05914380399214199
vn -0.3403764961907672 0.9384273287208955 0.05914380399214199
vn -0.6597078670868933 0.7491724154328001 0.05938200113035821
vn -0.3403764961907672 0.9384273287208955 0.05914380399214199
vn -0.6597078670868933 0.7491724154328001 0.05938200113035821
vn -0.6597078670868933 0.7491724154328001 0.05938200113035821
vn -0.3403764961907672 0.9384273287208955 0.05914380399214199
vn -0.3403764961907672 0.9384273287208955 0.05914380399214199
vn -0.6597078670868933 0.7491724154328001 0.05938200113035821
vn -0.33512806267924505 0.9230152792599273 0.18902903443009622
vn -0.6597078670868933 0.7491724154328001 0.05938200113035821
vn -0.6427753439428407 0.7290631983229376 0.23517378695401361
vn -0.33512806267924505 0.9230152792599273 0.18902903443009622
vn -0.33512806267924505 0.9230152792599273 0.18902903443009622
vn -0.6427753439428407 0.7290631983229376 0.23517378695401361
vn -0.3275521053908918 0.9014383428804356 0.28305217229155505
vn -0.6427753439428407 0.7290631983229376 0.23517378695401361
vn -0.6427753439428407 0.7290631983229376 0.23517378695401361
vn -0.3275521053908918 0.9014383428804356 0.28305217229155505
vn -0.3275521053908918 0.9014383428804356 0.28305217229155505
vn -0.6427753439428407 0.7290631983229376 0.23517378695401361
vn -0.316665891226516 0.8706933353280759 0.3763187866011837
vn -0.6427753439428407 0.7290631983229376 0.23517378695401361
vn -0.6137044994791772 0.6953882539870793 0.3739010076688936
vn -0.316665891226516 0.8706933353280759 0.3763187866011837
vn -0.316665891226516 0.8706933353280759 0.3763187866011837
vn -0.6137044994791772 0.6953882539870793 0.3739010076688936
vn -0.2936399216548678 0.806005877439839 0.5139359122915601
vn -0.6137044994791772 0.6953882539870793 0.3739010076688936
vn -0.5693912509642945 0.6443464163970879 0.5105010274245747
vn -0.2936399216548678 0.806005877439839 0.5139359122915601
vn -0.2936399216548678 0.806005877439839 0.5139359122915601
vn -0.5693912509642945 0.6443464163970879 0.5105010274245747
vn -0.2936399216548678 0.806005877439839 0.5139359122915601
vn -0.5693912509642945 0.6443464163970879 0.5105010274245747
vn -0.5693912509642945 0.6443464163970879 0.5105010274245747
vn -0.2936399216548678 0.806005877439839 0.5139359122915601
vn -0.2936399216548678 0.806005877439839 0.5139359122915601
vn -0.5693912509642945 0.6443464163970879 0.5105010274245747
vn -0.24953231071454557 0.6826303561865613 0.6868401726181046
vn -0.5693912509642945 0.6443464163970879 0.5105010274245747
vn -0.48458411678088076 0.5469297101618065 0.6826757106459962
vn -0.24953231071454557 0.6826303561865613 0.6868401726181046
vn -0.24953231071454557 0.6826303561865613 0.6868401726181046
vn -0.48458411678088076 0.5469297101618065 0.6826757106459962
vn -0.24953231071454557 0.6826303561865613 0.6868401726181046
vn -0.48458411678088076 0.5469297101618065 0.6826757106459962
vn -0.48458411678088076 0.5469297101618065 0.6826757106459962
vn -0.24953231071454557 0.6826303561865613 0.6868401726181046
vn -0.24953231071454557 0.6826303561865613 0.6868401726181046
vn -0.48458411678088076 0.5469297101618065 0.6826757106459962
vn -0.1889946165093416 0.5138755447217886 0.8367872844799757
vn -0.48458411678088076 0.5469297101618065 0.6826757106459962
vn -0.33306995364061465 0.37322706353727353 0.8658902730861356
vn -0.1889946165093416 0.5138755447217886 0.8367872844799757
vn -0.1889946165093416 0.5138755447217886 0.8367872844799757
vn -0.33306995364061465 0.37322706353727353 0.8658902730861356
vn -0.1889946165093416 0.5138755447217886 0.8367872844799757
vn -0.33306995364061465 0.37322706353727353 0.8658902730861356
vn -0.33306995364061465 0.37322706353727353 0.8658902730861356
vn -0.1889946165093416 0.5138755447217886 0.8367872844799757
vn -0.1889946165093416 0.5138755447217886 0.8367872844799757
vn -0.33306995364061465 0.37322706353727353 0.8658902730861356
vn -0.13333174519535554 0.35916143475941287 0.9237021757605212
vn -0.33306995364061465 0.37322706353727353 0.8658902730861356
vn -0.33306995364061465 0.37322706353727353 0.8658902730861356
vn -0.13333174519535554 0.35916143475941287 0.9237021757605212
vn -0.13333174519535554 0.35916143475941287 0.9237021757605212
vn -0.33306995364061465 0.37322706353727353 0.8658902730861356
vn -0.07022056628892374 0.18425902462629054 0.9803660968810737
vn -0.33306995364061465 0.37322706353727353 0.8658902730861356
vn -0.1121199007144945 0.12090740624022293 0.9863115770282906
vn -0.07022056628892374 0.18425902462629054 0.9803660968810737
vn -0.07022056628892374 0.18425902462629054 0.9803660968810737
vn -0.1121199007144945 0.12090740624022293 0.9863115770282906
vn -0.07022056628892374 0.18425902462629054 0.9803660968810737
vn -0.1121199007144945 0.12090740624022293 0.9863115770282906
vn -0.1121199007144945 0.12090740624022293 0.9863115770282906
vn -0.07022056628892374 0.18425902462629054 0.9803660968810737
vn -0.07022056628892374 0.18425902462629054 0.9803660968810737
vn -0.1121199007144945 0.12090740624022293 0.9863115770282906
vn -0.012896727621780374 0.030712017435165623 0.9994450692267743
vn -0.1121199007144945 0.12090740624022293 0.9863115770282906
vn -0.1121199007144945 0.12090740624022293 0.9863115770282906
vn -0.012896727621780374 0.030712017435165623 0.9994450692267743
vn -0.1026578418523064 0.12472749023271142 -0.9868659588244373
vn -0.03837696551412394 -0.0020532319795946983 -0.9992612234828115
vn -0.1026578418523064 0.12472749023271142 -0.9868659588244373
vn -0.03837696551412394 -0.0020532319795946983 -0.9992612234828115
vn -0.03837696551412394 -0.0020532319795946983 -0.9992612234828115
vn -0.1026578418523064 0.12472749023271142 -0.9868659588244373
vn -0.1026578418523064 0.12472749023271142 -0.9868659588244373
vn -0.03837696551412394 -0.0020532319795946983 -0.9992612234828115
vn -0.1026578418523064 0.12472749023271142 -0.9868659588244373
vn -0.03837696551412394 -0.0020532319795946983 -0.9992612234828115
vn -0.22097429001980307 -0.04713122039524722 -0.9741401394123427
vn -0.1026578418523064 0.12472749023271142 -0.9868659588244373
vn -0.1026578418523064 0.12472749023271142 -0.9868659588244373
vn -0.22097429001980307 -0.04713122039524722 -0.9741401394123427
vn -0.32590823514880957 0.3778158923708028 -0.8666250479499438
vn -0.22097429001980307 -0.04713122039524722 -0.9741401394123427
vn -0.22097429001980307 -0.04713122039524722 -0.9741401394123427
vn -0.32590823514880957 0.3778158923708028 -0.8666250479499438
vn -0.32590823514880957 0.3778158923708028 -0.8666250479499438
vn -0.22097429001980307 -0.04713122039524722 -0.9741401394123427
vn -0.32590823514880957 0.3778158923708028 -0.8666250479499438
vn -0.22097429001980307 -0.04713122039524722 -0.9741401394123427
vn -0.3943112079502896 -0.0992488459600381 -0.9136018486520177
vn -0.32590823514880957 0.3778158923708028 -0.8666250479499438
vn -0.32590823514880957 0.3778158923708028 -0.8666250479499438
vn -0.4005412227205324 -0.040218961155063966 -0.9153956325355439
vn -0.32590823514880957 0.3778158923708028 -0.8666250479499438
vn -0.4005412227205324 -0.040218961155063966 -0.9153956325355439
vn -0.4005412227205324 -0.040218961155063966 -0.9153956325355439
vn -0.32590823514880957 0.3778158923708028 -0.8666250479499438
vn -0.32590823514880957 0.3778158923708028 -0.8666250479499438
vn -0.42519578304636557 0.09176255010390104 -0.9004377715744809
vn -0.4803154115669112 0.5510373648666685 -0.6823891323373391
vn -0.4419191680770408 0.171058874550368 -0.8805942938286948
vn -0.6266106865146608 0.4563580680038013 -0.6317407390009476
vn -0.4803154115669112 0.5510373648666685 -0.6823891323373391
vn -0.4803154115669112 0.5510373648666685 -0.6823891323373391
vn -0.6266106865146608 0.4563580680038013 -0.6317407390009476
vn -0.4803154115669112 0.5510373648666685 -0.6823891323373391
vn -0.6266106865146608 0.4563580680038013 -0.6317407390009476
vn -0.6266106865146608 0.4563580680038013 -0.6317407390009476
vn -0.4803154115669112 0.5510373648666685 -0.6823891323373391
vn -0.4803154115669112 0.5510373648666685 -0.6823891323373391
vn -0.6266106865146608 0.4563580680038013 -0.6317407390009476
vn -0.5667800727316518 0.6475314296867954 -0.5093754967821659
vn -0.6266106865146608 0.4563580680038013 -0.6317407390009476
vn -0.7370064759147116 0.5327917268397628 -0.4158779030807975
vn -0.5667800727316518 0.6475314296867954 -0.5093754967821659
vn -0.5667800727316518 0.6475314296867954 -0.5093754967821659
vn -0.7370064759147116 0.5327917268397628 -0.4158779030807975
vn -0.5667800727316518 0.6475314296867954 -0.5093754967821659
vn -0.7370064759147116 0.5327917268397628 -0.4158779030807975
vn -0.7370064759147116 0.5327917268397628 -0.4158779030807975
vn -0.5667800727316518 0.6475314296867954 -0.5093754967821659
vn -0.5667800727316518 0.6475314296867954 -0.5093754967821659
vn -0.7370064759147116 0.5327917268397628 -0.4158779030807975
vn -0.612014184925399 0.6977371692745182 -0.3722921971555163
vn -0.7370064759147116 0.5327917268397628 -0.4158779030807975
vn -0.7370064759147116 0.5327917268397628 -0.4158779030807975
vn -0.612014184925399 0.6977371692745182 -0.3722921971555163
vn -0.612014184925399 0.6977371692745182 -0.3722921971555163
vn -0.7370064759147116 0.5327917268397628 -0.4158779030807975
vn -0.6417915888316991 0.7305391507394575 -0.23327259963775301
vn -0.7370064759147116 0.5327917268397628 -0.4158779030807975
vn -0.7875175597300488 0.5671353427450727 -0.241192031639227
vn -0.6417915888316991 0.7305391507394575 -0.23327259963775301
vn -0.6417915888316991 0.7305391507394575 -0.23327259963775301
vn -0.7875175597300488 0.5671353427450727 -0.241192031639227
vn -0.6417915888316991 0.7305391507394575 -0.23327259963775301
vn -0.7875175597300488 0.5671353427450727 -0.241192031639227
vn -0.8019329851197122 0.576883788970114 -0.1552693833325563
vn -0.6417915888316991 0.7305391507394575 -0.23327259963775301
vn -0.6417915888316991 0.7305391507394575 -0.23327259963775301
vn -0.8019329851197122 0.576883788970114 -0.1552693833325563
vn -0.6594814665290629 0.7494935997478109 -0.05782334512759461
vn -0.8019329851197122 0.576883788970114 -0.1552693833325563
vn -0.8112596746917007 0.5831997306461606 -0.04166310590152753
vn -0.6594814665290629 0.7494935997478109 -0.05782334512759461
vn -0.6594814665290629 0.7494935997478109 -0.05782334512759461
vn -0.8112596746917007 0.5831997306461606 -0.04166310590152753
vn -0.6594814665290629 0.7494935997478109 -0.05782334512759461
vn -0.8112596746917007 0.5831997306461606 -0.04166310590152753
vn -0.8112596746917007 0.5831997306461606 -0.04166310590152753
vn -0.6594814665290629 0.7494935997478109 -0.05782334512759461
vn -0.6594814665290629 0.7494935997478109 -0.05782334512759461
vn -0.8112596746917007 0.5831997306461606 -0.04166310590152753
vn -0.6597078670868933 0.7491724154328001 0.05938200113035821
vn -0.8112596746917007 0.5831997306461606 -0.04166310590152753
vn -0.8101928268869767 0.5825554157461914 0.06493666795941606
vn -0.6597078670868933 0.7491724154328001 0.05938200113035821
vn -0.6597078670868933 0.7491724154328001 0.05938200113035821
vn -0.8101928268869767 0.5825554157461914 0.06493666795941606
vn -0.6597078670868933 0.7491724154328001 0.05938200113035821
vn -0.8101928268869767 0.5825554157461914 0.06493666795941606
vn -0.8101928268869767 0.5825554157461914 0.06493666795941606
vn -0.6597078670868933 0.7491724154328001 0.05938200113035821
vn -0.6597078670868933 0.7491724154328001 0.05938200113035821
vn -0.8101928268869767 0.5825554157461914 0.06493666795941606
vn -0.6427753439428407 0.7290631983229376 0.23517378695401361
vn -0.8101928268869767 0.5825554157461914 0.06493666795941606
vn -0.7973906638691506 0.5740044290366411 0.1862445827954063
vn -0.6427753439428407 0.7290631983229376 0.23517378695401361
vn -0.6427753439428407 0.7290631983229376 0.23517378695401361
vn -0.7973906638691506 0.5740044290366411 0.1862445827954063
vn -0.6427753439428407 0.7290631983229376 0.23517378695401361
vn -0.7973906638691506 0.5740044290366411 0.1862445827954063
vn -0.780587011507112 0.5627169565607029 0.27209105877528567
vn -0.6427753439428407 0.7290631983229376 0.23517378695401361
vn -0.6427753439428407 0.7290631983229376 0.23517378695401361
vn -0.780587011507112 0.5627169565607029 0.27209105877528567
vn -0.6137044994791772 0.6953882539870793 0.3739010076688936
vn -0.780587011507112 0.5627169565607029 0.27209105877528567
vn -0.7248106768166687 0.5248660567819746 0.4462791785538548
vn -0.6137044994791772 0.6953882539870793 0.3739010076688936
vn -0.6137044994791772 0.6953882539870793 0.3739010076688936
vn -0.7248106768166687 0.5248660567819746 0.4462791785538548
vn -0.5693912509642945 0.6443464163970879 0.5105010274245747
vn -0.7248106768166687 0.5248660567819746 0.4462791785538548
vn -0.7248106768166687 0.5248660567819746 0.4462791785538548
vn -0.5693912509642945 0.6443464163970879 0.5105010274245747
vn -0.5693912509642945 0.6443464163970879 0.5105010274245747
vn -0.7248106768166687 0.5248660567819746 0.4462791785538548
vn -0.5693912509642945 0.6443464163970879 0.5105010274245747
vn -0.7248106768166687 0.5248660567819746 0.4462791785538548
vn -0.7248106768166687 0.5248660567819746 0.4462791785538548
vn -0.5693912509642945 0.6443464163970879 0.5105010274245747
vn -0.5693912509642945 0.6443464163970879 0.5105010274245747
vn -0.7248106768166687 0.5248660567819746 0.4462791785538548
vn -0.48458411678088076 0.5469297101618065 0.6826757106459962
vn -0.7248106768166687 0.5248660567819746 0.4462791785538548
vn -0.6068589797887397 0.44312519642224835 0.659819853403574
vn -0.48458411678088076 0.5469297101618065 0.6826757106459962
vn -0.48458411678088076 0.5469297101618065 0.6826757106459962
vn -0.6068589797887397 0.44312519642224835 0.659819853403574
vn -0.48458411678088076 0.5469297101618065 0.6826757106459962
vn -0.6068589797887397 0.44312519642224835 0.659819853403574
vn -0.6068589797887397 0.44312519642224835 0.659819853403574
vn -0.48458411678088076 0.5469297101618065 0.6826757106459962
vn -0.48458411678088076 0.5469297101618065 0.6826757106459962
vn -0.6068589797887397 0.44312519642224835 0.659819853403574
vn -0.33306995364061465 0.37322706353727353 0.8658902730861356
vn -0.6068589797887397 0.44312519642224835 0.659819853403574
vn -0.44310919020625067 0.2362306446436943 0.8647828213407025
vn -0.33306995364061465 0.37322706353727353 0.8658902730861356
vn -0.33306995364061465 0.37322706353727353 0.8658902730861356
vn -0.3923733858483724 -0.07074841162442176 0.9170811241817736
vn -0.33306995364061465 0.37322706353727353 0.8658902730861356
vn -0.40190590167373935 -0.009328390643260855 0.9156334568635123
vn -0.40190590167373935 -0.009328390643260855 0.9156334568635123
vn -0.33306995364061465 0.37322706353727353 0.8658902730861356
vn -0.33306995364061465 0.37322706353727353 0.8658902730861356
vn -0.38617648687311285 -0.12716120156454808 0.9136179452063103
vn -0.33306995364061465 0.37322706353727353 0.8658902730861356
vn -0.38617648687311285 -0.12716120156454808 0.9136179452063103
vn -0.21170351198955983 -0.07881167638869738 0.9741510882178849
vn -0.33306995364061465 0.37322706353727353 0.8658902730861356
vn -0.33306995364061465 0.37322706353727353 0.8658902730861356
vn -0.21170351198955983 -0.07881167638869738 0.9741510882178849
vn -0.1121199007144945 0.12090740624022293 0.9863115770282906
vn -0.21170351198955983 -0.07881167638869738 0.9741510882178849
vn -0.21170351198955983 -0.07881167638869738 0.9741510882178849
vn -0.1121199007144945 0.12090740624022293 0.9863115770282906
vn -0.1121199007144945 0.12090740624022293 0.9863115770282906
vn -0.21170351198955983 -0.07881167638869738 0.9741510882178849
vn -0.1121199007144945 0.12090740624022293 0.9863115770282906
vn -0.21170351198955983 -0.07881167638869738 0.9741510882178849
vn -0.03340803904772915 -0.018963182759154762 0.9992618779011977
vn -0.1121199007144945 0.12090740624022293 0.9863115770282906
vn -0.1121199007144945 0.12090740624022293 0.9863115770282906
vn -0.03340803904772915 -0.018963182759154762 0.9992618779011977
vn -0.1121199007144945 0.12090740624022293 0.9863115770282906
vn -0.03340803904772915 -0.018963182759154762 0.9992618779011977
vn -0.03340803904772915 -0.018963182759154762 0.9992618779011977
vn -0.1121199007144945 0.12090740624022293 0.9863115770282906
vn -0.03837696551412394 -0.0020532319795946983 -0.9992612234828115
vn -0.013948105514568756 -0.05129735632198778 -0.9985860161182557
vn -0.03837696551412394 -0.0020532319795946983 -0.9992612234828115
vn -0.013948105514568756 -0.05129735632198778 -0.9985860161182557
vn -0.033367894417017735 -0.13424219121521813 -0.9903866001314394
vn -0.03837696551412394 -0.0020532319795946983 -0.9992612234828115
vn -0.03837696551412394 -0.0020532319795946983 -0.9992612234828115
vn -0.033367894417017735 -0.13424219121521813 -0.9903866001314394
vn -0.22097429001980307 -0.04713122039524722 -0.9741401394123427
vn -0.033367894417017735 -0.13424219121521813 -0.9903866001314394
vn -0.0760413409803762 -0.3234568244742455 -0.9431825895143227
vn -0.22097429001980307 -0.04713122039524722 -0.9741401394123427
vn -0.22097429001980307 -0.04713122039524722 -0.9741401394123427
vn -0.0760413409803762 -0.3234568244742455 -0.9431825895143227
vn -0.22097429001980307 -0.04713122039524722 -0.9741401394123427
vn -0.0760413409803762 -0.3234568244742455 -0.9431825895143227
vn -0.0760413409803762 -0.3234568244742455 -0.9431825895143227
vn -0.22097429001980307 -0.04713122039524722 -0.9741401394123427
vn -0.22097429001980307 -0.04713122039524722 -0.9741401394123427
vn -0.0760413409803762 -0.3234568244742455 -0.9431825895143227
vn -0.3943112079502896 -0.0992488459600381 -0.9136018486520177
vn -0.0760413409803762 -0.3234568244742455 -0.9431825895143227
vn -0.12622773642836216 -0.543412446783182 -0.8299213644902071
vn -0.3943112079502896 -0.0992488459600381 -0.9136018486520177
vn -0.344045394832478 -0.20705453703217713 -0.9158390606372689
vn -0.12622773642836216 -0.543412446783182 -0.8299213644902071
vn -0.344045394832478 -0.20705453703217713 -0.9158390606372689
vn -0.12622773642836216 -0.543412446783182 -0.8299213644902071
vn -0.12622773642836216 -0.543412446783182 -0.8299213644902071
vn -0.36900675828725954 -0.15022115625925878 -0.9172064198153322
vn -0.24615609628340765 -0.4362085160491665 -0.8655225628420659
vn -0.12622773642836216 -0.543412446783182 -0.8299213644902071
vn -0.27336194720679957 -0.6983024378181341 -0.6615489030725981
vn -0.12622773642836216 -0.543412446783182 -0.8299213644902071
vn -0.1659806696126161 -0.715883207204098 -0.67820472643452
vn -0.27336194720679957 -0.6983024378181341 -0.6615489030725981
vn -0.27336194720679957 -0.6983024378181341 -0.6615489030725981
vn -0.1659806696126161 -0.715883207204098 -0.67820472643452
vn -0.27336194720679957 -0.6983024378181341 -0.6615489030725981
vn -0.1659806696126161 -0.715883207204098 -0.67820472643452
vn -0.1659806696126161 -0.715883207204098 -0.67820472643452
vn -0.27336194720679957 -0.6983024378181341 -0.6615489030725981
vn -0.27336194720679957 -0.6983024378181341 -0.6615489030725981
vn -0.1659806696126161 -0.715883207204098 -0.67820472643452
vn -0.3300274089321413 -0.8307983467648832 -0.4481696290092334
vn -0.1659806696126161 -0.715883207204098 -0.67820472643452
vn -0.18868637115433043 -0.8137626065044716 -0.5497161754902785
vn -0.3300274089321413 -0.8307983467648832 -0.4481696290092334
vn -0.3300274089321413 -0.8307983467648832 -0.4481696290092334
vn -0.18868637115433043 -0.8137626065044716 -0.5497161754902785
vn -0.3300274089321413 -0.8307983467648832 -0.4481696290092334
vn -0.18868637115433043 -0.8137626065044716 -0.5497161754902785
vn -0.2054717953355094 -0.8859097213156724 -0.41586693424699006
vn -0.3300274089321413 -0.8307983467648832 -0.4481696290092334
vn -0.3300274089321413 -0.8307983467648832 -0.4481696290092334
vn -0.2054717953355094 -0.8859097213156724 -0.41586693424699006
vn -0.3300274089321413 -0.8307983467648832 -0.4481696290092334
vn -0.2054717953355094 -0.8859097213156724 -0.41586693424699006
vn -0.2054717953355094 -0.8859097213156724 -0.41586693424699006
vn -0.3300274089321413 -0.8307983467648832 -0.4481696290092334
vn -0.3300274089321413 -0.8307983467648832 -0.4481696290092334
vn -0.2054717953355094 -0.8859097213156724 -0.41586693424699006
vn -0.35747853559262194 -0.8929726640752645 -0.27351218949962564
vn -0.2054717953355094 -0.8859097213156724 -0.41586693424699006
vn -0.2197253310048522 -0.947464786977325 -0.23244624400669597
vn -0.35747853559262194 -0.8929726640752645 -0.27351218949962564
vn -0.35747853559262194 -0.8929726640752645 -0.27351218949962564
vn -0.2197253310048522 -0.947464786977325 -0.23244624400669597
vn -0.36584373874385845 -0.9116439711137813 -0.18725284711803541
vn -0.2197253310048522 -0.947464786977325 -0.23244624400669597
vn -0.2197253310048522 -0.947464786977325 -0.23244624400669597
vn -0.36584373874385845 -0.9116439711137813 -0.18725284711803541
vn -0.36584373874385845 -0.9116439711137813 -0.18725284711803541
vn -0.2197253310048522 -0.947464786977325 -0.23244624400669597
vn -0.3722532491442092 -0.9258335481181555 -0.06526683446074401
vn -0.2197253310048522 -0.947464786977325 -0.23244624400669597
vn -0.2252919870457182 -0.9725259747621928 -0.05862379197764994
vn -0.3722532491442092 -0.9258335481181555 -0.06526683446074401
vn -0.3722532491442092 -0.9258335481181555 -0.06526683446074401
vn -0.2252919870457182 -0.9725259747621928 -0.05862379197764994
vn -0.3722532491442092 -0.9258335481181555 -0.06526683446074401
vn -0.2252919870457182 -0.9725259747621928 -0.05862379197764994
vn -0.2252919870457182 -0.9725259747621928 -0.05862379197764994
vn -0.3722532491442092 -0.9258335481181555 -0.06526683446074401
vn -0.3722532491442092 -0.9258335481181555 -0.06526683446074401
vn -0.2252919870457182 -0.9725259747621928 -0.05862379197764994
vn -0.3728334413479132 -0.9269480968325142 0.04198155298761644
vn -0.2252919870457182 -0.9725259747621928 -0.05862379197764994
vn -0.22502928502305103 -0.9726726805691804 0.057181092647651706
vn -0.3728334413479132 -0.9269480968325142 0.04198155298761644
vn -0.3728334413479132 -0.9269480968325142 0.04198155298761644
vn -0.22502928502305103 -0.9726726805691804 0.057181092647651706
vn -0.3728334413479132 -0.9269480968325142 0.04198155298761644
vn -0.22502928502305103 -0.9726726805691804 0.057181092647651706
vn -0.22502928502305103 -0.9726726805691804 0.057181092647651706
vn -0.3728334413479132 -0.9269480968325142 0.04198155298761644
vn -0.3728334413479132 -0.9269480968325142 0.04198155298761644
vn -0.22502928502305103 -0.9726726805691804 0.057181092647651706
vn -0.3682170699578717 -0.9165108529283607 0.1562819434745064
vn -0.22502928502305103 -0.9726726805691804 0.057181092647651706
vn -0.21857308816949678 -0.948161936896342 0.2306832168776624
vn -0.3682170699578717 -0.9165108529283607 0.1562819434745064
vn -0.3682170699578717 -0.9165108529283607 0.1562819434745064
vn -0.21857308816949678 -0.948161936896342 0.2306832168776624
vn -0.3610806814461141 -0.9004140624151502 0.24264224218271638
vn -0.21857308816949678 -0.948161936896342 0.2306832168776624
vn -0.21857308816949678 -0.948161936896342 0.2306832168776624
vn -0.3610806814461141 -0.9004140624151502 0.24264224218271638
vn -0.3610806814461141 -0.9004140624151502 0.24264224218271638
vn -0.21857308816949678 -0.948161936896342 0.2306832168776624
vn -0.33625096369511037 -0.843987650917974 0.4178757405163278
vn -0.21857308816949678 -0.948161936896342 0.2306832168776624
vn -0.20328436958594528 -0.8870498610757337 0.41450935942095013
vn -0.33625096369511037 -0.843987650917974 0.4178757405163278
vn -0.33625096369511037 -0.843987650917974 0.4178757405163278
vn -0.20328436958594528 -0.8870498610757337 0.41450935942095013
vn -0.33625096369511037 -0.843987650917974 0.4178757405163278
vn -0.20328436958594528 -0.8870498610757337 0.41450935942095013
vn -0.20328436958594528 -0.8870498610757337 0.41450935942095013
vn -0.33625096369511037 -0.843987650917974 0.4178757405163278
vn -0.33625096369511037 -0.843987650917974 0.4178757405163278
vn -0.20328436958594528 -0.8870498610757337 0.41450935942095013
vn -0.33625096369511037 -0.843987650917974 0.4178757405163278
vn -0.20328436958594528 -0.8870498610757337 0.41450935942095013
vn -0.18561258578877096 -0.8150719853946325 0.5488220354738484
vn -0.33625096369511037 -0.843987650917974 0.4178757405163278
vn -0.33625096369511037 -0.843987650917974 0.4178757405163278
vn -0.18561258578877096 -0.8150719853946325 0.5488220354738484
vn -0.28313374071515984 -0.7199216371153615 0.6336782474424845
vn -0.18561258578877096 -0.8150719853946325 0.5488220354738484
vn -0.16187043493459086 -0.7170767190479179 0.6779372694383752
vn -0.28313374071515984 -0.7199216371153615 0.6336782474424845
vn -0.28313374071515984 -0.7199216371153615 0.6336782474424845
vn -0.16187043493459086 -0.7170767190479179 0.6779372694383752
vn -0.28313374071515984 -0.7199216371153615 0.6336782474424845
vn -0.16187043493459086 -0.7170767190479179 0.6779372694383752
vn -0.16187043493459086 -0.7170767190479179 0.6779372694383752
vn -0.28313374071515984 -0.7199216371153615 0.6336782474424845
vn -0.28313374071515984 -0.7199216371153615 0.6336782474424845
vn -0.16187043493459086 -0.7170767190479179 0.6779372694383752
vn -0.28034290485499297 -0.38052755341988304 0.8812528790226687
vn -0.16187043493459086 -0.7170767190479179 0.6779372694383752
vn -0.12059439727272316 -0.5438397530596344 0.8304789668248466
vn -0.3088843222428062 -0.3047790821415461 0.9009440529586501
vn -0.35950807772028337 -0.18030223769508566 0.9155572320374143
vn -0.12059439727272316 -0.5438397530596344 0.8304789668248466
vn -0.35950807772028337 -0.18030223769508566 0.9155572320374143
vn -0.12059439727272316 -0.5438397530596344 0.8304789668248466
vn -0.12059439727272316 -0.5438397530596344 0.8304789668248466
vn -0.35950807772028337 -0.18030223769508566 0.9155572320374143
vn -0.38617648687311285 -0.12716120156454808 0.9136179452063103
vn -0.12059439727272316 -0.5438397530596344 0.8304789668248466
vn -0.21170351198955983 -0.07881167638869738 0.9741510882178849
vn -0.12059439727272316 -0.5438397530596344 0.8304789668248466
vn -0.06901168736476888 -0.32241841745325955 0.9440782547511635
vn -0.21170351198955983 -0.07881167638869738 0.9741510882178849
vn -0.21170351198955983 -0.07881167638869738 0.9741510882178849
vn -0.06901168736476888 -0.32241841745325955 0.9440782547511635
vn -0.21170351198955983 -0.07881167638869738 0.9741510882178849
vn -0.06901168736476888 -0.32241841745325955 0.9440782547511635
vn -0.06901168736476888 -0.32241841745325955 0.9440782547511635
vn -0.21170351198955983 -0.07881167638869738 0.9741510882178849
vn -0.21170351198955983 -0.07881167638869738 0.9741510882178849
vn -0.06901168736476888 -0.32241841745325955 0.9440782547511635
vn -0.03340803904772915 -0.018963182759154762 0.9992618779011977
vn -0.06901168736476888 -0.32241841745325955 0.9440782547511635
vn -0.025763432127272404 -0.13204704513774723 0.9909085848025604
vn -0.03340803904772915 -0.018963182759154762 0.9992618779011977
vn -0.03340803904772915 -0.018963182759154762 0.9992618779011977
vn -0.025763432127272404 -0.13204704513774723 0.9909085848025604
vn -0.03340803904772915 -0.018963182759154762 0.9992618779011977
vn -0.025763432127272404 -0.13204704513774723 0.9909085848025604
vn -0.008224259945837554 -0.049335382182073645 0.9987484075648342
vn -0.03340803904772915 -0.018963182759154762 0.9992618779011977
vn -0.013948105514568756 -0.05129735632198778 -0.9985860161182557
vn -0.004100238401255315 -0.04012170397361926 -0.9991863874749827
vn -0.033367894417017735 -0.13424219121521813 -0.9903866001314394
vn -0.004100238401255315 -0.04012170397361926 -0.9991863874749827
vn -0.022188713722856968 -0.19783799304585944 -0.9799835659289964
vn -0.033367894417017735 -0.13424219121521813 -0.9903866001314394
vn -0.033367894417017735 -0.13424219121521813 -0.9903866001314394
vn -0.022188713722856968 -0.19783799304585944 -0.9799835659289964
vn -0.0760413409803762 -0.3234568244742455 -0.9431825895143227
vn -0.022188713722856968 -0.19783799304585944 -0.9799835659289964
vn -0.022188713722856968 -0.19783799304585944 -0.9799835659289964
vn -0.0760413409803762 -0.3234568244742455 -0.9431825895143227
vn -0.0760413409803762 -0.3234568244742455 -0.9431825895143227
vn -0.022188713722856968 -0.19783799304585944 -0.9799835659289964
vn -0.0760413409803762 -0.3234568244742455 -0.9431825895143227
vn -0.022188713722856968 -0.19783799304585944 -0.9799835659289964
vn -0.057120286183262196 -0.494980307643107 -0.867024663981295
vn -0.0760413409803762 -0.3234568244742455 -0.9431825895143227
vn -0.0760413409803762 -0.3234568244742455 -0.9431825895143227
vn -0.057120286183262196 -0.494980307643107 -0.867024663981295
vn -0.12622773642836216 -0.543412446783182 -0.8299213644902071
vn -0.057120286183262196 -0.494980307643107 -0.867024663981295
vn -0.057120286183262196 -0.494980307643107 -0.867024663981295
vn -0.12622773642836216 -0.543412446783182 -0.8299213644902071
vn -0.12622773642836216 -0.543412446783182 -0.8299213644902071
vn -0.057120286183262196 -0.494980307643107 -0.867024663981295
vn -0.12622773642836216 -0.543412446783182 -0.8299213644902071
vn -0.057120286183262196 -0.494980307643107 -0.867024663981295
vn -0.057120286183262196 -0.494980307643107 -0.867024663981295
vn -0.12622773642836216 -0.543412446783182 -0.8299213644902071
vn -0.12622773642836216 -0.543412446783182 -0.8299213644902071
vn -0.057120286183262196 -0.494980307643107 -0.867024663981295
vn -0.1659806696126161 -0.715883207204098 -0.67820472643452
vn -0.057120286183262196 -0.494980307643107 -0.867024663981295
vn -0.08430320522066008 -0.7253654982296259 -0.6831821598721749
vn -0.1659806696126161 -0.715883207204098 -0.67820472643452
vn -0.1659806696126161 -0.715883207204098 -0.67820472643452
vn -0.08430320522066008 -0.7253654982296259 -0.6831821598721749
vn -0.1659806696126161 -0.715883207204098 -0.67820472643452
vn -0.08430320522066008 -0.7253654982296259 -0.6831821598721749
vn -0.08430320522066008 -0.7253654982296259 -0.6831821598721749
vn -0.1659806696126161 -0.715883207204098 -0.67820472643452
vn -0.1659806696126161 -0.715883207204098 -0.67820472643452
vn -0.08430320522066008 -0.7253654982296259 -0.6831821598721749
vn -0.18868637115433043 -0.8137626065044716 -0.5497161754902785
vn -0.08430320522066008 -0.7253654982296259 -0.6831821598721749
vn -0.096299559424345 -0.8267447995364997 -0.5542737873055426
vn -0.18868637115433043 -0.8137626065044716 -0.5497161754902785
vn -0.18868637115433043 -0.8137626065044716 -0.5497161754902785
vn -0.096299559424345 -0.8267447995364997 -0.5542737873055426
vn -0.2054717953355094 -0.8859097213156724 -0.41586693424699006
vn -0.096299559424345 -0.8267447995364997 -0.5542737873055426
vn -0.10519083796388988 -0.9016978918196005 -0.41937548747696607
vn -0.2054717953355094 -0.8859097213156724 -0.41586693424699006
vn -0.2054717953355094 -0.8859097213156724 -0.41586693424699006
vn -0.10519083796388988 -0.9016978918196005 -0.41937548747696607
vn -0.2054717953355094 -0.8859097213156724 -0.41586693424699006
vn -0.10519083796388988 -0.9016978918196005 -0.41937548747696607
vn -0.10519083796388988 -0.9016978918196005 -0.41937548747696607
vn -0.2054717953355094 -0.8859097213156724 -0.41586693424699006
vn -0.2054717953355094 -0.8859097213156724 -0.41586693424699006
vn -0.10519083796388988 -0.9016978918196005 -0.41937548747696607
vn -0.2197253310048522 -0.947464786977325 -0.23244624400669597
vn -0.10519083796388988 -0.9016978918196005 -0.41937548747696607
vn -0.11281942897731986 -0.965646294460456 -0.23409188460948852
vn -0.2197253310048522 -0.947464786977325 -0.23244624400669597
vn -0.2197253310048522 -0.947464786977325 -0.23244624400669597
vn -0.11281942897731986 -0.965646294460456 -0.23409188460948852
vn -0.2197253310048522 -0.947464786977325 -0.23244624400669597
vn -0.11281942897731986 -0.965646294460456 -0.23409188460948852
vn -0.11281942897731986 -0.965646294460456 -0.23409188460948852
vn -0.2197253310048522 -0.947464786977325 -0.23244624400669597
vn -0.2197253310048522 -0.947464786977325 -0.23244624400669597
vn -0.11281942897731986 -0.965646294460456 -0.23409188460948852
vn -0.2252919870457182 -0.9725259747621928 -0.05862379197764994
vn -0.11281942897731986 -0.965646294460456 -0.23409188460948852
vn -0.11597647435969598 -0.9915245105299685 -0.05855426895966756
vn -0.2252919870457182 -0.9725259747621928 -0.05862379197764994
vn -0.2252919870457182 -0.9725259747621928 -0.05862379197764994
vn -0.11597647435969598 -0.9915245105299685 -0.05855426895966756
vn -0.2252919870457182 -0.9725259747621928 -0.05862379197764994
vn -0.11597647435969598 -0.9915245105299685 -0.05855426895966756
vn -0.11597647435969598 -0.9915245105299685 -0.05855426895966756
vn -0.2252919870457182 -0.9725259747621928 -0.05862379197764994
vn -0.2252919870457182 -0.9725259747621928 -0.05862379197764994
vn -0.11597647435969598 -0.9915245105299685 -0.05855426895966756
vn -0.22502928502305103 -0.9726726805691804 0.057181092647651706
vn -0.11597647435969598 -0.9915245105299685 -0.05855426895966756
vn -0.11604834805554426 -0.9915160887200971 0.058554476539202496
vn -0.22502928502305103 -0.9726726805691804 0.057181092647651706
vn -0.22502928502305103 -0.9726726805691804 0.057181092647651706
vn -0.11604834805554426 -0.9915160887200971 0.058554476539202496
vn -0.22502928502305103 -0.9726726805691804 0.057181092647651706
vn -0.11604834805554426 -0.9915160887200971 0.058554476539202496
vn -0.11604834805554426 -0.9915160887200971 0.058554476539202496
vn -0.22502928502305103 -0.9726726805691804 0.057181092647651706
vn -0.22502928502305103 -0.9726726805691804 0.057181092647651706
vn -0.11604834805554426 -0.9915160887200971 0.058554476539202496
vn -0.21857308816949678 -0.948161936896342 0.2306832168776624
vn -0.11604834805554426 -0.9915160887200971 0.058554476539202496
vn -0.113146142341124 -0.9656080107374566 0.2340921187758654
vn -0.21857308816949678 -0.948161936896342 0.2306832168776624
vn -0.21857308816949678 -0.948161936896342 0.2306832168776624
vn -0.113146142341124 -0.9656080107374566 0.2340921187758654
vn -0.21857308816949678 -0.948161936896342 0.2306832168776624
vn -0.113146142341124 -0.9656080107374566 0.2340921187758654
vn -0.113146142341124 -0.9656080107374566 0.2340921187758654
vn -0.21857308816949678 -0.948161936896342 0.2306832168776624
vn -0.21857308816949678 -0.948161936896342 0.2306832168776624
vn -0.113146142341124 -0.9656080107374566 0.2340921187758654
vn -0.20328436958594528 -0.8870498610757337 0.41450935942095013
vn -0.113146142341124 -0.9656080107374566 0.2340921187758654
vn -0.10580632760941197 -0.9016261037126052 0.41937499942394774
vn -0.20328436958594528 -0.8870498610757337 0.41450935942095013
vn -0.20328436958594528 -0.8870498610757337 0.41450935942095013
vn -0.10580632760941197 -0.9016261037126052 0.41937499942394774
vn -0.20328436958594528 -0.8870498610757337 0.41450935942095013
vn -0.10580632760941197 -0.9016261037126052 0.41937499942394774
vn -0.10580632760941197 -0.9016261037126052 0.41937499942394774
vn -0.20328436958594528 -0.8870498610757337 0.41450935942095013
vn -0.20328436958594528 -0.8870498610757337 0.41450935942095013
vn -0.10580632760941197 -0.9016261037126052 0.41937499942394774
vn -0.18561258578877096 -0.8150719853946325 0.5488220354738484
vn -0.10580632760941197 -0.9016261037126052 0.41937499942394774
vn -0.0971545268444367 -0.8266445308296027 0.5542741357515608
vn -0.18561258578877096 -0.8150719853946325 0.5488220354738484
vn -0.18561258578877096 -0.8150719853946325 0.5488220354738484
vn -0.0971545268444367 -0.8266445308296027 0.5542741357515608
vn -0.16187043493459086 -0.7170767190479179 0.6779372694383752
vn -0.0971545268444367 -0.8266445308296027 0.5542741357515608
vn -0.08542359679484159 -0.7252342155130538 0.6831823634724462
vn -0.16187043493459086 -0.7170767190479179 0.6779372694383752
vn -0.16187043493459086 -0.7170767190479179 0.6779372694383752
vn -0.08542359679484159 -0.7252342155130538 0.6831823634724462
vn -0.16187043493459086 -0.7170767190479179 0.6779372694383752
vn -0.08542359679484159 -0.7252342155130538 0.6831823634724462
vn -0.08542359679484159 -0.7252342155130538 0.6831823634724462
vn -0.16187043493459086 -0.7170767190479179 0.6779372694383752
vn -0.16187043493459086 -0.7170767190479179 0.6779372694383752
vn -0.08542359679484159 -0.7252342155130538 0.6831823634724462
vn -0.12059439727272316 -0.5438397530596344 0.8304789668248466
vn -0.08542359679484159 -0.7252342155130538 0.6831823634724462
vn -0.05868818454765042 -0.49479700798637605 0.8670245774383972
vn -0.12059439727272316 -0.5438397530596344 0.8304789668248466
vn -0.12059439727272316 -0.5438397530596344 0.8304789668248466
vn -0.05868818454765042 -0.49479700798637605 0.8670245774383972
vn -0.12059439727272316 -0.5438397530596344 0.8304789668248466
vn -0.05868818454765042 -0.49479700798637605 0.8670245774383972
vn -0.05868818454765042 -0.49479700798637605 0.8670245774383972
vn -0.12059439727272316 -0.5438397530596344 0.8304789668248466
vn -0.12059439727272316 -0.5438397530596344 0.8304789668248466
vn -0.05868818454765042 -0.49479700798637605 0.8670245774383972
vn -0.06901168736476888 -0.32241841745325955 0.9440782547511635
vn -0.05868818454765042 -0.49479700798637605 0.8670245774383972
vn -0.05868818454765042 -0.49479700798637605 0.8670245774383972
vn -0.06901168736476888 -0.32241841745325955 0.9440782547511635
vn -0.06901168736476888 -0.32241841745325955 0.9440782547511635
vn -0.05868818454765042 -0.49479700798637605 0.8670245774383972
vn -0.06901168736476888 -0.32241841745325955 0.9440782547511635
vn -0.05868818454765042 -0.49479700798637605 0.8670245774383972
vn -0.02408128380214314 -0.19761661874881292 0.9799835528031718
vn -0.06901168736476888 -0.32241841745325955 0.9440782547511635
vn -0.06901168736476888 -0.32241841745325955 0.9440782547511635
vn -0.02408128380214314 -0.19761661874881292 0.9799835528031718
vn -0.025763432127272404 -0.13204704513774723 0.9909085848025604
vn -0.02408128380214314 -0.19761661874881292 0.9799835528031718
vn -0.02408128380214314 -0.19761661874881292 0.9799835528031718
vn -0.025763432127272404 -0.13204704513774723 0.9909085848025604
vn -0.025763432127272404 -0.13204704513774723 0.9909085848025604
vn -0.02408128380214314 -0.19761661874881292 0.9799835528031718
vn -0.008224259945837554 -0.049335382182073645 0.9987484075648342
vn -0.02408128380214314 -0.19761661874881292 0.9799835528031718
vn -0.0052724218415655675 -0.03998352105264521 0.9991864288570764
vn -0.008224259945837554 -0.049335382182073645 0.9987484075648342
vn -0.004100238401255315 -0.04012170397361926 -0.9991863874749827
vn -0.010790829613640451 -0.030726336133213513 -0.9994695844617174
vn -0.022188713722856968 -0.19783799304585944 -0.9799835659289964
vn -0.010790829613640451 -0.030726336133213513 -0.9994695844617174
vn -0.04838119824628696 -0.11980813753739693 -0.9916175017798313
vn -0.022188713722856968 -0.19783799304585944 -0.9799835659289964
vn -0.022188713722856968 -0.19783799304585944 -0.9799835659289964
vn -0.04838119824628696 -0.11980813753739693 -0.9916175017798313
vn -0.022188713722856968 -0.19783799304585944 -0.9799835659289964
vn -0.04838119824628696 -0.11980813753739693 -0.9916175017798313
vn -0.1263338747012366 -0.28906952707164674 -0.9489354881242175
vn -0.022188713722856968 -0.19783799304585944 -0.9799835659289964
vn -0.022188713722856968 -0.19783799304585944 -0.9799835659289964
vn -0.1263338747012366 -0.28906952707164674 -0.9489354881242175
vn -0.057120286183262196 -0.494980307643107 -0.867024663981295
vn -0.1263338747012366 -0.28906952707164674 -0.9489354881242175
vn -0.1263338747012366 -0.28906952707164674 -0.9489354881242175
vn -0.057120286183262196 -0.494980307643107 -0.867024663981295
vn -0.057120286183262196 -0.494980307643107 -0.867024663981295
vn -0.1263338747012366 -0.28906952707164674 -0.9489354881242175
vn -0.057120286183262196 -0.494980307643107 -0.867024663981295
vn -0.1263338747012366 -0.28906952707164674 -0.9489354881242175
vn -0.21970453515447616 -0.49080248901093887 -0.8431149589547222
vn -0.057120286183262196 -0.494980307643107 -0.867024663981295
vn -0.057120286183262196 -0.494980307643107 -0.867024663981295
vn -0.21970453515447616 -0.49080248901093887 -0.8431149589547222
vn -0.057120286183262196 -0.494980307643107 -0.867024663981295
vn -0.21970453515447616 -0.49080248901093887 -0.8431149589547222
vn -0.21970453515447616 -0.49080248901093887 -0.8431149589547222
vn -0.057120286183262196 -0.494980307643107 -0.867024663981295
vn -0.057120286183262196 -0.494980307643107 -0.867024663981295
vn -0.21970453515447616 -0.49080248901093887 -0.8431149589547222
vn -0.08430320522066008 -0.7253654982296259 -0.6831821598721749
vn -0.21970453515447616 -0.49080248901093887 -0.8431149589547222
vn -0.2957280531453799 -0.6542331477291875 -0.6960775150765915
vn -0.08430320522066008 -0.7253654982296259 -0.6831821598721749
vn -0.08430320522066008 -0.7253654982296259 -0.6831821598721749
vn -0.2957280531453799 -0.6542331477291875 -0.6960775150765915
vn -0.08430320522066008 -0.7253654982296259 -0.6831821598721749
vn -0.2957280531453799 -0.6542331477291875 -0.6960775150765915
vn -0.2957280531453799 -0.6542331477291875 -0.6960775150765915
vn -0.08430320522066008 -0.7253654982296259 -0.6831821598721749
vn -0.08430320522066008 -0.7253654982296259 -0.6831821598721749
vn -0.2957280531453799 -0.6542331477291875 -0.6960775150765915
vn -0.096299559424345 -0.8267447995364997 -0.5542737873055426
vn -0.2957280531453799 -0.6542331477291875 -0.6960775150765915
vn -0.3524659556387085 -0.775606211117402 -0.5236437294495179
vn -0.096299559424345 -0.8267447995364997 -0.5542737873055426
vn -0.096299559424345 -0.8267447995364997 -0.5542737873055426
vn -0.3524659556387085 -0.775606211117402 -0.5236437294495179
vn -0.10519083796388988 -0.9016978918196005 -0.41937548747696607
vn -0.3524659556387085 -0.775606211117402 -0.5236437294495179
vn -0.3524659556387085 -0.775606211117402 -0.5236437294495179
vn -0.10519083796388988 -0.9016978918196005 -0.41937548747696607
vn -0.10519083796388988 -0.9016978918196005 -0.41937548747696607
vn -0.3524659556387085 -0.775606211117402 -0.5236437294495179
vn -0.10519083796388988 -0.9016978918196005 -0.41937548747696607
vn -0.3524659556387085 -0.775606211117402 -0.5236437294495179
vn -0.3827425495015864 -0.8399715922019122 -0.3846503153447426
vn -0.10519083796388988 -0.9016978918196005 -0.41937548747696607
vn -0.10519083796388988 -0.9016978918196005 -0.41937548747696607
vn -0.3827425495015864 -0.8399715922019122 -0.3846503153447426
vn -0.11281942897731986 -0.965646294460456 -0.23409188460948852
vn -0.3827425495015864 -0.8399715922019122 -0.3846503153447426
vn -0.4029893628893674 -0.8826014512966212 -0.2421038032892505
vn -0.11281942897731986 -0.965646294460456 -0.23409188460948852
vn -0.11281942897731986 -0.965646294460456 -0.23409188460948852
vn -0.4029893628893674 -0.8826014512966212 -0.2421038032892505
vn -0.11281942897731986 -0.965646294460456 -0.23409188460948852
vn -0.4029893628893674 -0.8826014512966212 -0.2421038032892505
vn -0.4029893628893674 -0.8826014512966212 -0.2421038032892505
vn -0.11281942897731986 -0.965646294460456 -0.23409188460948852
vn -0.11281942897731986 -0.965646294460456 -0.23409188460948852
vn -0.4029893628893674 -0.8826014512966212 -0.2421038032892505
vn -0.11597647435969598 -0.9915245105299685 -0.05855426895966756
vn -0.4029893628893674 -0.8826014512966212 -0.2421038032892505
vn -0.4153382788643145 -0.9076414131168371 -0.06067272290988785
vn -0.11597647435969598 -0.9915245105299685 -0.05855426895966756
vn -0.11597647435969598 -0.9915245105299685 -0.05855426895966756
vn -0.4153382788643145 -0.9076414131168371 -0.06067272290988785
vn -0.11597647435969598 -0.9915245105299685 -0.05855426895966756
vn -0.4153382788643145 -0.9076414131168371 -0.06067272290988785
vn -0.4153382788643145 -0.9076414131168371 -0.06067272290988785
vn -0.11597647435969598 -0.9915245105299685 -0.05855426895966756
vn -0.11597647435969598 -0.9915245105299685 -0.05855426895966756
vn -0.4153382788643145 -0.9076414131168371 -0.06067272290988785
vn -0.11604834805554426 -0.9915160887200971 0.058554476539202496
vn -0.4153382788643145 -0.9076414131168371 -0.06067272290988785
vn -0.41575137576784943 -0.9074522430602595 0.06067305919470672
vn -0.11604834805554426 -0.9915160887200971 0.058554476539202496
vn -0.11604834805554426 -0.9915160887200971 0.058554476539202496
vn -0.41575137576784943 -0.9074522430602595 0.06067305919470672
vn -0.11604834805554426 -0.9915160887200971 0.058554476539202496
vn -0.41575137576784943 -0.9074522430602595 0.06067305919470672
vn -0.41575137576784943 -0.9074522430602595 0.06067305919470672
vn -0.11604834805554426 -0.9915160887200971 0.058554476539202496
vn -0.11604834805554426 -0.9915160887200971 0.058554476539202496
vn -0.41575137576784943 -0.9074522430602595 0.06067305919470672
vn -0.113146142341124 -0.9656080107374566 0.2340921187758654
vn -0.41575137576784943 -0.9074522430602595 0.06067305919470672
vn -0.4048638322294292 -0.8817431879866497 0.24210375418741492
vn -0.113146142341124 -0.9656080107374566 0.2340921187758654
vn -0.113146142341124 -0.9656080107374566 0.2340921187758654
vn -0.4048638322294292 -0.8817431879866497 0.24210375418741492
vn -0.113146142341124 -0.9656080107374566 0.2340921187758654
vn -0.4048638322294292 -0.8817431879866497 0.24210375418741492
vn -0.4048638322294292 -0.8817431879866497 0.24210375418741492
vn -0.113146142341124 -0.9656080107374566 0.2340921187758654
vn -0.113146142341124 -0.9656080107374566 0.2340921187758654
vn -0.4048638322294292 -0.8817431879866497 0.24210375418741492
vn -0.10580632760941197 -0.9016261037126052 0.41937499942394774
vn -0.4048638322294292 -0.8817431879866497 0.24210375418741492
vn -0.38582001193747895 -0.8385626903513643 0.3846498833215025
vn -0.10580632760941197 -0.9016261037126052 0.41937499942394774
vn -0.10580632760941197 -0.9016261037126052 0.41937499942394774
vn -0.38582001193747895 -0.8385626903513643 0.3846498833215025
vn -0.10580632760941197 -0.9016261037126052 0.41937499942394774
vn -0.38582001193747895 -0.8385626903513643 0.3846498833215025
vn -0.35687461498586764 -0.7735875845646345 0.5236437321176901
vn -0.10580632760941197 -0.9016261037126052 0.41937499942394774
vn -0.10580632760941197 -0.9016261037126052 0.41937499942394774
vn -0.35687461498586764 -0.7735875845646345 0.5236437321176901
vn -0.0971545268444367 -0.8266445308296027 0.5542741357515608
vn -0.35687461498586764 -0.7735875845646345 0.5236437321176901
vn -0.35687461498586764 -0.7735875845646345 0.5236437321176901
vn -0.0971545268444367 -0.8266445308296027 0.5542741357515608
vn -0.0971545268444367 -0.8266445308296027 0.5542741357515608
vn -0.35687461498586764 -0.7735875845646345 0.5236437321176901
vn -0.08542359679484159 -0.7252342155130538 0.6831823634724462
vn -0.35687461498586764 -0.7735875845646345 0.5236437321176901
vn -0.30206085011689937 -0.6513333484558058 0.6960776623452327
vn -0.08542359679484159 -0.7252342155130538 0.6831823634724462
vn -0.08542359679484159 -0.7252342155130538 0.6831823634724462
vn -0.30206085011689937 -0.6513333484558058 0.6960776623452327
vn -0.08542359679484159 -0.7252342155130538 0.6831823634724462
vn -0.30206085011689937 -0.6513333484558058 0.6960776623452327
vn -0.30206085011689937 -0.6513333484558058 0.6960776623452327
vn -0.08542359679484159 -0.7252342155130538 0.6831823634724462
vn -0.08542359679484159 -0.7252342155130538 0.6831823634724462
vn -0.30206085011689937 -0.6513333484558058 0.6960776623452327
vn -0.05868818454765042 -0.49479700798637605 0.8670245774383972
vn -0.30206085011689937 -0.6513333484558058 0.6960776623452327
vn -0.22800894563705157 -0.48700065450436647 0.8431146323138977
vn -0.05868818454765042 -0.49479700798637605 0.8670245774383972
vn -0.05868818454765042 -0.49479700798637605 0.8670245774383972
vn -0.22800894563705157 -0.48700065450436647 0.8431146323138977
vn -0.05868818454765042 -0.49479700798637605 0.8670245774383972
vn -0.22800894563705157 -0.48700065450436647 0.8431146323138977
vn -0.22800894563705157 -0.48700065450436647 0.8431146323138977
vn -0.05868818454765042 -0.49479700798637605 0.8670245774383972
vn -0.05868818454765042 -0.49479700798637605 0.8670245774383972
vn -0.22800894563705157 -0.48700065450436647 0.8431146323138977
vn -0.05868818454765042 -0.49479700798637605 0.8670245774383972
vn -0.22800894563705157 -0.48700065450436647 0.8431146323138977
vn -0.13629431666241643 -0.2845084890846705 0.9489356031282011
vn -0.05868818454765042 -0.49479700798637605 0.8670245774383972
vn -0.05868818454765042 -0.49479700798637605 0.8670245774383972
vn -0.13629431666241643 -0.2845084890846705 0.9489356031282011
vn -0.02408128380214314 -0.19761661874881292 0.9799835528031718
vn -0.13629431666241643 -0.2845084890846705 0.9489356031282011
vn -0.13629431666241643 -0.2845084890846705 0.9489356031282011
vn -0.02408128380214314 -0.19761661874881292 0.9799835528031718
vn -0.02408128380214314 -0.19761661874881292 0.9799835528031718
vn -0.13629431666241643 -0.2845084890846705 0.9489356031282011
vn -0.02408128380214314 -0.19761661874881292 0.9799835528031718
vn -0.13629431666241643 -0.2845084890846705 0.9489356031282011
vn -0.05908890759388553 -0.11490540101032946 0.991617491686193
vn -0.02408128380214314 -0.19761661874881292 0.9799835528031718
vn -0.02408128380214314 -0.19761661874881292 0.9799835528031718
vn -0.05908890759388553 -0.11490540101032946 0.991617491686193
vn -0.0052724218415655675 -0.03998352105264521 0.9991864288570764
vn -0.05908890759388553 -0.11490540101032946 0.991617491686193
vn -0.016210238960005573 -0.028243989882188854 0.9994696119384493
vn -0.0052724218415655675 -0.03998352105264521 0.9991864288570764
vn -0.010790829613640451 -0.030726336133213513 -0.9994695844617174
vn -0.06541833157234998 -0.032801221432991405 -0.9973186661076757
vn -0.04838119824628696 -0.11980813753739693 -0.9916175017798313
vn -0.06541833157234998 -0.032801221432991405 -0.9973186661076757
vn -0.06541833157234998 -0.032801221432991405 -0.9973186661076757
vn -0.04838119824628696 -0.11980813753739693 -0.9916175017798313
vn -0.04838119824628696 -0.11980813753739693 -0.9916175017798313
vn -0.06541833157234998 -0.032801221432991405 -0.9973186661076757
vn -0.1263338747012366 -0.28906952707164674 -0.9489354881242175
vn -0.06541833157234998 -0.032801221432991405 -0.9973186661076757
vn -0.21302330815155657 -0.08929631993718554 -0.9729579833835802
vn -0.1263338747012366 -0.28906952707164674 -0.9489354881242175
vn -0.1263338747012366 -0.28906952707164674 -0.9489354881242175
vn -0.21302330815155657 -0.08929631993718554 -0.9729579833835802
vn -0.1263338747012366 -0.28906952707164674 -0.9489354881242175
vn -0.21302330815155657 -0.08929631993718554 -0.9729579833835802
vn -0.36752814743917256 -0.14476709339383032 -0.9186759763432545
vn -0.1263338747012366 -0.28906952707164674 -0.9489354881242175
vn -0.1263338747012366 -0.28906952707164674 -0.9489354881242175
vn -0.36752814743917256 -0.14476709339383032 -0.9186759763432545
vn -0.21970453515447616 -0.49080248901093887 -0.8431149589547222
vn -0.36752814743917256 -0.14476709339383032 -0.9186759763432545
vn -0.36752814743917256 -0.14476709339383032 -0.9186759763432545
vn -0.21970453515447616 -0.49080248901093887 -0.8431149589547222
vn -0.21970453515447616 -0.49080248901093887 -0.8431149589547222
vn -0.36752814743917256 -0.14476709339383032 -0.9186759763432545
vn -0.21970453515447616 -0.49080248901093887 -0.8431149589547222
vn -0.36752814743917256 -0.14476709339383032 -0.9186759763432545
vn -0.5105439238524263 -0.19568679513918302 -0.8372882299575953
vn -0.21970453515447616 -0.49080248901093887 -0.8431149589547222
vn -0.21970453515447616 -0.49080248901093887 -0.8431149589547222
vn -0.5105439238524263 -0.19568679513918302 -0.8372882299575953
vn -0.2957280531453799 -0.6542331477291875 -0.6960775150765915
vn -0.5105439238524263 -0.19568679513918302 -0.8372882299575953
vn -0.5966908897871337 -0.22617089620035766 -0.7699394182381921
vn -0.2957280531453799 -0.6542331477291875 -0.6960775150765915
vn -0.2957280531453799 -0.6542331477291875 -0.6960775150765915
vn -0.5966908897871337 -0.22617089620035766 -0.7699394182381921
vn -0.2957280531453799 -0.6542331477291875 -0.6960775150765915
vn -0.5966908897871337 -0.22617089620035766 -0.7699394182381921
vn -0.6745034393997257 -0.2535802400548882 -0.693355732717085
vn -0.2957280531453799 -0.6542331477291875 -0.6960775150765915
vn -0.2957280531453799 -0.6542331477291875 -0.6960775150765915
vn -0.6745034393997257 -0.2535802400548882 -0.693355732717085
vn -0.3524659556387085 -0.775606211117402 -0.5236437294495179
vn -0.6745034393997257 -0.2535802400548882 -0.693355732717085
vn -0.8015247025382948 -0.29801130436235046 -0.5184085393713616
vn -0.3524659556387085 -0.775606211117402 -0.5236437294495179
vn -0.3524659556387085 -0.775606211117402 -0.5236437294495179
vn -0.8015247025382948 -0.29801130436235046 -0.5184085393713616
vn -0.3524659556387085 -0.775606211117402 -0.5236437294495179
vn -0.8015247025382948 -0.29801130436235046 -0.5184085393713616
vn -0.8015247025382948 -0.29801130436235046 -0.5184085393713616
vn -0.3524659556387085 -0.775606211117402 -0.5236437294495179
vn -0.3524659556387085 -0.775606211117402 -0.5236437294495179
vn -0.8015247025382948 -0.29801130436235046 -0.5184085393713616
vn -0.3827425495015864 -0.8399715922019122 -0.3846503153447426
vn -0.8015247025382948 -0.29801130436235046 -0.5184085393713616
vn -0.8015247025382948 -0.29801130436235046 -0.5184085393713616
vn -0.3827425495015864 -0.8399715922019122 -0.3846503153447426
vn -0.3827425495015864 -0.8399715922019122 -0.3846503153447426
vn -0.8015247025382948 -0.29801130436235046 -0.5184085393713616
vn -0.4029893628893674 -0.8826014512966212 -0.2421038032892505
vn -0.8015247025382948 -0.29801130436235046 -0.5184085393713616
vn -0.9041883353886667 -0.3331213893152307 -0.2673454584012274
vn -0.4029893628893674 -0.8826014512966212 -0.2421038032892505
vn -0.4029893628893674 -0.8826014512966212 -0.2421038032892505
vn -0.9041883353886667 -0.3331213893152307 -0.2673454584012274
vn -0.4029893628893674 -0.8826014512966212 -0.2421038032892505
vn -0.9041883353886667 -0.3331213893152307 -0.2673454584012274
vn -0.9041883353886667 -0.3331213893152307 -0.2673454584012274
vn -0.4029893628893674 -0.8826014512966212 -0.2421038032892505
vn -0.4029893628893674 -0.8826014512966212 -0.2421038032892505
vn -0.9041883353886667 -0.3331213893152307 -0.2673454584012274
vn -0.4153382788643145 -0.9076414131168371 -0.06067272290988785
vn -0.9041883353886667 -0.3331213893152307 -0.2673454584012274
vn -0.9171453204338551 -0.39172673592782886 -0.0734481147859499
vn -0.4153382788643145 -0.9076414131168371 -0.06067272290988785
vn -0.4153382788643145 -0.9076414131168371 -0.06067272290988785
vn -0.9368062017736274 -0.3432886301880498 -0.06743186711104782
vn -0.4153382788643145 -0.9076414131168371 -0.06067272290988785
vn -0.9368062017736274 -0.3432886301880498 -0.06743186711104782
vn -0.9368062017736274 -0.3432886301880498 -0.06743186711104782
vn -0.4153382788643145 -0.9076414131168371 -0.06067272290988785
vn -0.4153382788643145 -0.9076414131168371 -0.06067272290988785
vn -0.8928544675015334 -0.4477555530847725 -0.048227217878522834
vn -0.41575137576784943 -0.9074522430602595 0.06067305919470672
vn -0.8928544675015334 -0.4477555530847725 -0.048227217878522834
vn -0.9186639027363827 -0.3906440069777954 0.05876983598318291
vn -0.41575137576784943 -0.9074522430602595 0.06067305919470672
vn -0.41575137576784943 -0.9074522430602595 0.06067305919470672
vn -0.9371315122608669 -0.3423995928474223 0.0674317992165411
vn -0.41575137576784943 -0.9074522430602595 0.06067305919470672
vn -0.9371315122608669 -0.3423995928474223 0.0674317992165411
vn -0.9371315122608669 -0.3423995928474223 0.0674317992165411
vn -0.41575137576784943 -0.9074522430602595 0.06067305919470672
vn -0.41575137576784943 -0.9074522430602595 0.06067305919470672
vn -0.8909034099931542 -0.447026966345184 0.08036171615135869
vn -0.4048638322294292 -0.8817431879866497 0.24210375418741492
vn -0.8909034099931542 -0.447026966345184 0.08036171615135869
vn -0.9056546459659341 -0.3291136837444417 0.26734592836338833
vn -0.4048638322294292 -0.8817431879866497 0.24210375418741492
vn -0.4048638322294292 -0.8817431879866497 0.24210375418741492
vn -0.9056546459659341 -0.3291136837444417 0.26734592836338833
vn -0.4048638322294292 -0.8817431879866497 0.24210375418741492
vn -0.9056546459659341 -0.3291136837444417 0.26734592836338833
vn -0.9056546459659341 -0.3291136837444417 0.26734592836338833
vn -0.4048638322294292 -0.8817431879866497 0.24210375418741492
vn -0.4048638322294292 -0.8817431879866497 0.24210375418741492
vn -0.9056546459659341 -0.3291136837444417 0.26734592836338833
vn -0.38582001193747895 -0.8385626903513643 0.3846498833215025
vn -0.9056546459659341 -0.3291136837444417 0.26734592836338833
vn -0.804575756628345 -0.2896731849099678 0.5184084275839292
vn -0.38582001193747895 -0.8385626903513643 0.3846498833215025
vn -0.38582001193747895 -0.8385626903513643 0.3846498833215025
vn -0.804575756628345 -0.2896731849099678 0.5184084275839292
vn -0.35687461498586764 -0.7735875845646345 0.5236437321176901
vn -0.804575756628345 -0.2896731849099678 0.5184084275839292
vn -0.804575756628345 -0.2896731849099678 0.5184084275839292
vn -0.35687461498586764 -0.7735875845646345 0.5236437321176901
vn -0.35687461498586764 -0.7735875845646345 0.5236437321176901
vn -0.804575756628345 -0.2896731849099678 0.5184084275839292
vn -0.35687461498586764 -0.7735875845646345 0.5236437321176901
vn -0.804575756628345 -0.2896731849099678 0.5184084275839292
vn -0.804575756628345 -0.2896731849099678 0.5184084275839292
vn -0.35687461498586764 -0.7735875845646345 0.5236437321176901
vn -0.35687461498586764 -0.7735875845646345 0.5236437321176901
vn -0.804575756628345 -0.2896731849099678 0.5184084275839292
vn -0.30206085011689937 -0.6513333484558058 0.6960776623452327
vn -0.804575756628345 -0.2896731849099678 0.5184084275839292
vn -0.6788758627490862 -0.24163170130281697 0.6933553806686656
vn -0.30206085011689937 -0.6513333484558058 0.6960776623452327
vn -0.30206085011689937 -0.6513333484558058 0.6960776623452327
vn -0.6788758627490862 -0.24163170130281697 0.6933553806686656
vn -0.30206085011689937 -0.6513333484558058 0.6960776623452327
vn -0.6788758627490862 -0.24163170130281697 0.6933553806686656
vn -0.6017481831003374 -0.21234728912273831 0.769940096980062
vn -0.30206085011689937 -0.6513333484558058 0.6960776623452327
vn -0.30206085011689937 -0.6513333484558058 0.6960776623452327
vn -0.6017481831003374 -0.21234728912273831 0.769940096980062
vn -0.22800894563705157 -0.48700065450436647 0.8431146323138977
vn -0.6017481831003374 -0.21234728912273831 0.769940096980062
vn -0.5162729666932444 -0.18003326814840323 0.8372874334549403
vn -0.22800894563705157 -0.48700065450436647 0.8431146323138977
vn -0.22800894563705157 -0.48700065450436647 0.8431146323138977
vn -0.5162729666932444 -0.18003326814840323 0.8372874334549403
vn -0.22800894563705157 -0.48700065450436647 0.8431146323138977
vn -0.5162729666932444 -0.18003326814840323 0.8372874334549403
vn -0.37416658100798794 -0.12662436168011523 0.9186760259666604
vn -0.22800894563705157 -0.48700065450436647 0.8431146323138977
vn -0.22800894563705157 -0.48700065450436647 0.8431146323138977
vn -0.37416658100798794 -0.12662436168011523 0.9186760259666604
vn -0.13629431666241643 -0.2845084890846705 0.9489356031282011
vn -0.37416658100798794 -0.12662436168011523 0.9186760259666604
vn -0.37416658100798794 -0.12662436168011523 0.9186760259666604
vn -0.13629431666241643 -0.2845084890846705 0.9489356031282011
vn -0.13629431666241643 -0.2845084890846705 0.9489356031282011
vn -0.37416658100798794 -0.12662436168011523 0.9186760259666604
vn -0.13629431666241643 -0.2845084890846705 0.9489356031282011
vn -0.37416658100798794 -0.12662436168011523 0.9186760259666604
vn -0.22034792696639363 -0.06927812129192154 0.9729580324926018
vn -0.13629431666241643 -0.2845084890846705 0.9489356031282011
vn -0.13629431666241643 -0.2845084890846705 0.9489356031282011
vn -0.22034792696639363 -0.06927812129192154 0.9729580324926018
vn -0.05908890759388553 -0.11490540101032946 0.991617491686193
vn -0.22034792696639363 -0.06927812129192154 0.9729580324926018
vn -0.07113895624540975 -0.01716603539284854 0.9973186933639644
vn -0.05908890759388553 -0.11490540101032946 0.991617491686193
vn -0.05908890759388553 -0.11490540101032946 0.991617491686193
vn -0.07113895624540975 -0.01716603539284854 0.9973186933639644
vn -0.016210238960005573 -0.028243989882188854 0.9994696119384493
vn -0.07113895624540975 -0.01716603539284854 0.9973186933639644
vn -0.07113895624540975 -0.01716603539284854 0.9973186933639644
vn -0.016210238960005573 -0.028243989882188854 0.9994696119384493
vn -0.06541833157234998 -0.032801221432991405 -0.9973186661076757
vn -0.13401036118649445 0.04665417277837977 -0.989881109657635
vn -0.06541833157234998 -0.032801221432991405 -0.9973186661076757
vn -0.13401036118649445 0.04665417277837977 -0.989881109657635
vn -0.13401036118649445 0.04665417277837977 -0.989881109657635
vn -0.06541833157234998 -0.032801221432991405 -0.9973186661076757
vn -0.06541833157234998 -0.032801221432991405 -0.9973186661076757
vn -0.13401036118649445 0.04665417277837977 -0.989881109657635
vn -0.21302330815155657 -0.08929631993718554 -0.9729579833835802
vn -0.13401036118649445 0.04665417277837977 -0.989881109657635
vn -0.13401036118649445 0.04665417277837977 -0.989881109657635
vn -0.21302330815155657 -0.08929631993718554 -0.9729579833835802
vn -0.21302330815155657 -0.08929631993718554 -0.9729579833835802
vn -0.13401036118649445 0.04665417277837977 -0.989881109657635
vn -0.36752814743917256 -0.14476709339383032 -0.9186759763432545
vn -0.13401036118649445 0.04665417277837977 -0.989881109657635
vn -0.4111634184792141 0.1505575474393666 -0.8990423061311017
vn -0.36752814743917256 -0.14476709339383032 -0.9186759763432545
vn -0.36752814743917256 -0.14476709339383032 -0.9186759763432545
vn -0.4111634184792141 0.1505575474393666 -0.8990423061311017
vn -0.36752814743917256 -0.14476709339383032 -0.9186759763432545
vn -0.4111634184792141 0.1505575474393666 -0.8990423061311017
vn -0.4111634184792141 0.1505575474393666 -0.8990423061311017
vn -0.36752814743917256 -0.14476709339383032 -0.9186759763432545
vn -0.36752814743917256 -0.14476709339383032 -0.9186759763432545
vn -0.4111634184792141 0.1505575474393666 -0.8990423061311017
vn -0.5105439238524263 -0.19568679513918302 -0.8372882299575953
vn -0.4111634184792141 0.1505575474393666 -0.8990423061311017
vn -0.5578392840481768 0.20620178042615434 -0.8039254685116658
vn -0.5105439238524263 -0.19568679513918302 -0.8372882299575953
vn -0.5105439238524263 -0.19568679513918302 -0.8372882299575953
vn -0.5578392840481768 0.20620178042615434 -0.8039254685116658
vn -0.5966908897871337 -0.22617089620035766 -0.7699394182381921
vn -0.5578392840481768 0.20620178042615434 -0.8039254685116658
vn -0.6791037991610571 0.2523413030163823 -0.6893053726448192
vn -0.5966908897871337 -0.22617089620035766 -0.7699394182381921
vn -0.5966908897871337 -0.22617089620035766 -0.7699394182381921
vn -0.6791037991610571 0.2523413030163823 -0.6893053726448192
vn -0.6745034393997257 -0.2535802400548882 -0.693355732717085
vn -0.6791037991610571 0.2523413030163823 -0.6893053726448192
vn -0.6791037991610571 0.2523413030163823 -0.6893053726448192
vn -0.6745034393997257 -0.2535802400548882 -0.693355732717085
vn -0.6745034393997257 -0.2535802400548882 -0.693355732717085
vn -0.6791037991610571 0.2523413030163823 -0.6893053726448192
vn -0.8015247025382948 -0.29801130436235046 -0.5184085393713616
vn -0.6791037991610571 0.2523413030163823 -0.6893053726448192
vn -0.8259965962415212 0.3084578881214977 -0.47178740366085103
vn -0.8015247025382948 -0.29801130436235046 -0.5184085393713616
vn -0.8015247025382948 -0.29801130436235046 -0.5184085393713616
vn -0.8259965962415212 0.3084578881214977 -0.47178740366085103
vn -0.8015247025382948 -0.29801130436235046 -0.5184085393713616
vn -0.8259965962415212 0.3084578881214977 -0.47178740366085103
vn -0.8259965962415212 0.3084578881214977 -0.47178740366085103
vn -0.8015247025382948 -0.29801130436235046 -0.5184085393713616
vn -0.8015247025382948 -0.29801130436235046 -0.5184085393713616
vn -0.8259965962415212 0.3084578881214977 -0.47178740366085103
vn -0.8015247025382948 -0.29801130436235046 -0.5184085393713616
vn -0.8259965962415212 0.3084578881214977 -0.47178740366085103
vn -0.8259965962415212 0.3084578881214977 -0.47178740366085103
vn -0.8015247025382948 -0.29801130436235046 -0.5184085393713616
vn -0.8015247025382948 -0.29801130436235046 -0.5184085393713616
vn -0.8259965962415212 0.3084578881214977 -0.47178740366085103
vn -0.9041883353886667 -0.3331213893152307 -0.2673454584012274
vn -0.8259965962415212 0.3084578881214977 -0.47178740366085103
vn -0.9095888168460955 0.34069776649813477 -0.23785124799273757
vn -0.9041883353886667 -0.3331213893152307 -0.2673454584012274
vn -0.9041883353886667 -0.3331213893152307 -0.2673454584012274
vn -0.9095888168460955 0.34069776649813477 -0.23785124799273757
vn -0.9041883353886667 -0.3331213893152307 -0.2673454584012274
vn -0.9095888168460955 0.34069776649813477 -0.23785124799273757
vn -0.9095888168460955 0.34069776649813477 -0.23785124799273757
vn -0.9041883353886667 -0.3331213893152307 -0.2673454584012274
vn -0.9041883353886667 -0.3331213893152307 -0.2673454584012274
vn -0.9095888168460955 0.34069776649813477 -0.23785124799273757
vn -0.9690220882212941 -0.233534095988823 -0.08036179782661552
vn -0.9095888168460955 0.34069776649813477 -0.23785124799273757
vn -0.9345998686963252 0.3506810636210555 -0.05954726736313771
vn -0.9690220882212941 -0.233534095988823 -0.08036179782661552
vn -0.9368062017736274 -0.3432886301880498 -0.06743186711104782
vn -0.9345998686963252 0.3506810636210555 -0.05954726736313771
vn -0.9368062017736274 -0.3432886301880498 -0.06743186711104782
vn -0.9345998686963252 0.3506810636210555 -0.05954726736313771
vn -0.9345998686963252 0.3506810636210555 -0.05954726736313771
vn -0.9368062017736274 -0.3432886301880498 -0.06743186711104782
vn -0.9538369649943779 -0.2945184669083767 -0.058770033692806666
vn -0.9345998686963252 0.3506810636210555 -0.05954726736313771
vn -0.9709826166382575 -0.23423680794797758 0.04822733652883229
vn -0.9345998686963252 0.3506810636210555 -0.05954726736313771
vn -0.9344895225313291 0.3509750269780922 0.05954714700887263
vn -0.9709826166382575 -0.23423680794797758 0.04822733652883229
vn -0.9371315122608669 -0.3423995928474223 0.0674317992165411
vn -0.9344895225313291 0.3509750269780922 0.05954714700887263
vn -0.9371315122608669 -0.3423995928474223 0.0674317992165411
vn -0.9344895225313291 0.3509750269780922 0.05954714700887263
vn -0.9344895225313291 0.3509750269780922 0.05954714700887263
vn -0.9371315122608669 -0.3423995928474223 0.0674317992165411
vn -0.9533758189316234 -0.29271134813563265 0.07344803979056923
vn -0.9344895225313291 0.3509750269780922 0.05954714700887263
vn -0.9056546459659341 -0.3291136837444417 0.26734592836338833
vn -0.9344895225313291 0.3509750269780922 0.05954714700887263
vn -0.9090875255964618 0.3420331428746273 0.2378512139557148
vn -0.9056546459659341 -0.3291136837444417 0.26734592836338833
vn -0.9056546459659341 -0.3291136837444417 0.26734592836338833
vn -0.9090875255964618 0.3420331428746273 0.2378512139557148
vn -0.9056546459659341 -0.3291136837444417 0.26734592836338833
vn -0.9090875255964618 0.3420331428746273 0.2378512139557148
vn -0.9090875255964618 0.3420331428746273 0.2378512139557148
vn -0.9056546459659341 -0.3291136837444417 0.26734592836338833
vn -0.9056546459659341 -0.3291136837444417 0.26734592836338833
vn -0.9090875255964618 0.3420331428746273 0.2378512139557148
vn -0.804575756628345 -0.2896731849099678 0.5184084275839292
vn -0.9090875255964618 0.3420331428746273 0.2378512139557148
vn -0.8249296638655487 0.311299655358351 0.47178763681178076
vn -0.804575756628345 -0.2896731849099678 0.5184084275839292
vn -0.804575756628345 -0.2896731849099678 0.5184084275839292
vn -0.8249296638655487 0.311299655358351 0.47178763681178076
vn -0.804575756628345 -0.2896731849099678 0.5184084275839292
vn -0.8249296638655487 0.311299655358351 0.47178763681178076
vn -0.8249296638655487 0.311299655358351 0.47178763681178076
vn -0.804575756628345 -0.2896731849099678 0.5184084275839292
vn -0.804575756628345 -0.2896731849099678 0.5184084275839292
vn -0.8249296638655487 0.311299655358351 0.47178763681178076
vn -0.804575756628345 -0.2896731849099678 0.5184084275839292
vn -0.8249296638655487 0.311299655358351 0.47178763681178076
vn -0.8249296638655487 0.311299655358351 0.47178763681178076
vn -0.804575756628345 -0.2896731849099678 0.5184084275839292
vn -0.804575756628345 -0.2896731849099678 0.5184084275839292
vn -0.8249296638655487 0.311299655358351 0.47178763681178076
vn -0.6788758627490862 -0.24163170130281697 0.6933553806686656
vn -0.8249296638655487 0.311299655358351 0.47178763681178076
vn -0.6773966536107453 0.25688886586635074 0.6893053635877673
vn -0.6788758627490862 -0.24163170130281697 0.6933553806686656
vn -0.6788758627490862 -0.24163170130281697 0.6933553806686656
vn -0.6773966536107453 0.25688886586635074 0.6893053635877673
vn -0.6017481831003374 -0.21234728912273831 0.769940096980062
vn -0.6773966536107453 0.25688886586635074 0.6893053635877673
vn -0.6773966536107453 0.25688886586635074 0.6893053635877673
vn -0.6017481831003374 -0.21234728912273831 0.769940096980062
vn -0.6017481831003374 -0.21234728912273831 0.769940096980062
vn -0.6773966536107453 0.25688886586635074 0.6893053635877673
vn -0.5162729666932444 -0.18003326814840323 0.8372874334549403
vn -0.6773966536107453 0.25688886586635074 0.6893053635877673
vn -0.555726347712695 0.21183079418569897 0.8039253330332145
vn -0.5162729666932444 -0.18003326814840323 0.8372874334549403
vn -0.5162729666932444 -0.18003326814840323 0.8372874334549403
vn -0.555726347712695 0.21183079418569897 0.8039253330332145
vn -0.37416658100798794 -0.12662436168011523 0.9186760259666604
vn -0.555726347712695 0.21183079418569897 0.8039253330332145
vn -0.40866702207330763 0.15720687580529438 0.8990424146108311
vn -0.37416658100798794 -0.12662436168011523 0.9186760259666604
vn -0.37416658100798794 -0.12662436168011523 0.9186760259666604
vn -0.40866702207330763 0.15720687580529438 0.8990424146108311
vn -0.37416658100798794 -0.12662436168011523 0.9186760259666604
vn -0.40866702207330763 0.15720687580529438 0.8990424146108311
vn -0.40866702207330763 0.15720687580529438 0.8990424146108311
vn -0.37416658100798794 -0.12662436168011523 0.9186760259666604
vn -0.37416658100798794 -0.12662436168011523 0.9186760259666604
vn -0.40866702207330763 0.15720687580529438 0.8990424146108311
vn -0.22034792696639363 -0.06927812129192154 0.9729580324926018
vn -0.40866702207330763 0.15720687580529438 0.8990424146108311
vn -0.1316061500240619 0.05305829778488922 0.989881123323409
vn -0.22034792696639363 -0.06927812129192154 0.9729580324926018
vn -0.22034792696639363 -0.06927812129192154 0.9729580324926018
vn -0.1316061500240619 0.05305829778488922 0.989881123323409
vn -0.07113895624540975 -0.01716603539284854 0.9973186933639644
vn -0.1316061500240619 0.05305829778488922 0.989881123323409
vn -0.1316061500240619 0.05305829778488922 0.989881123323409
vn -0.07113895624540975 -0.01716603539284854 0.9973186933639644
vn -0.07113895624540975 -0.01716603539284854 0.9973186933639644
vn -0.1316061500240619 0.05305829778488922 0.989881123323409
vn -0.07113895624540975 -0.01716603539284854 0.9973186933639644
vn -0.1316061500240619 0.05305829778488922 0.989881123323409
vn -0.1316061500240619 0.05305829778488922 0.989881123323409
vn -0.07113895624540975 -0.01716603539284854 0.9973186933639644
vn -0.13401036118649445 0.04665417277837977 -0.989881109657635
vn -0.0771542318683719 0.0489502609825169 -0.9958167986404652
vn -0.13401036118649445 0.04665417277837977 -0.989881109657635
vn -0.0771542318683719 0.0489502609825169 -0.9958167986404652
vn -0.0771542318683719 0.0489502609825169 -0.9958167986404652
vn -0.13401036118649445 0.04665417277837977 -0.989881109657635
vn -0.13401036118649445 0.04665417277837977 -0.989881109657635
vn -0.0771542318683719 0.0489502609825169 -0.9958167986404652
vn -0.13401036118649445 0.04665417277837977 -0.989881109657635
vn -0.0771542318683719 0.0489502609825169 -0.9958167986404652
vn -0.27464851814624214 0.1754285996148591 -0.9454062607774727
vn -0.13401036118649445 0.04665417277837977 -0.989881109657635
vn -0.13401036118649445 0.04665417277837977 -0.989881109657635
vn -0.27464851814624214 0.1754285996148591 -0.9454062607774727
vn -0.4111634184792141 0.1505575474393666 -0.8990423061311017
vn -0.27464851814624214 0.1754285996148591 -0.9454062607774727
vn -0.27464851814624214 0.1754285996148591 -0.9454062607774727
vn -0.4111634184792141 0.1505575474393666 -0.8990423061311017
vn -0.4111634184792141 0.1505575474393666 -0.8990423061311017
vn -0.27464851814624214 0.1754285996148591 -0.9454062607774727
vn -0.4111634184792141 0.1505575474393666 -0.8990423061311017
vn -0.27464851814624214 0.1754285996148591 -0.9454062607774727
vn -0.42102605065677384 0.26928496335982444 -0.8661539546620206
vn -0.4111634184792141 0.1505575474393666 -0.8990423061311017
vn -0.4111634184792141 0.1505575474393666 -0.8990423061311017
vn -0.42102605065677384 0.26928496335982444 -0.8661539546620206
vn -0.5578392840481768 0.20620178042615434 -0.8039254685116658
vn -0.42102605065677384 0.26928496335982444 -0.8661539546620206
vn -0.5066338260343566 0.3241897871880353 -0.7988886957522717
vn -0.5578392840481768 0.20620178042615434 -0.8039254685116658
vn -0.5578392840481768 0.20620178042615434 -0.8039254685116658
vn -0.5066338260343566 0.3241897871880353 -0.7988886957522717
vn -0.6791037991610571 0.2523413030163823 -0.6893053726448192
vn -0.5066338260343566 0.3241897871880353 -0.7988886957522717
vn -0.6152232347493636 0.3938487507394801 -0.6829227869719094
vn -0.6791037991610571 0.2523413030163823 -0.6893053726448192
vn -0.6791037991610571 0.2523413030163823 -0.6893053726448192
vn -0.6152232347493636 0.3938487507394801 -0.6829227869719094
vn -0.6791037991610571 0.2523413030163823 -0.6893053726448192
vn -0.6152232347493636 0.3938487507394801 -0.6829227869719094
vn -0.6152232347493636 0.3938487507394801 -0.6829227869719094
vn -0.6791037991610571 0.2523413030163823 -0.6893053726448192
vn -0.6791037991610571 0.2523413030163823 -0.6893053726448192
vn -0.6152232347493636 0.3938487507394801 -0.6829227869719094
vn -0.8259965962415212 0.3084578881214977 -0.47178740366085103
vn -0.6152232347493636 0.3938487507394801 -0.6829227869719094
vn -0.7010914793986353 0.4489480029862845 -0.5540003863981144
vn -0.8259965962415212 0.3084578881214977 -0.47178740366085103
vn -0.8259965962415212 0.3084578881214977 -0.47178740366085103
vn -0.7010914793986353 0.4489480029862845 -0.5540003863981144
vn -0.8259965962415212 0.3084578881214977 -0.47178740366085103
vn -0.7010914793986353 0.4489480029862845 -0.5540003863981144
vn -0.7645530155426487 0.489682707463249 -0.41912949363663776
vn -0.8259965962415212 0.3084578881214977 -0.47178740366085103
vn -0.8259965962415212 0.3084578881214977 -0.47178740366085103
vn -0.7645530155426487 0.489682707463249 -0.41912949363663776
vn -0.8259965962415212 0.3084578881214977 -0.47178740366085103
vn -0.7645530155426487 0.489682707463249 -0.41912949363663776
vn -0.7645530155426487 0.489682707463249 -0.41912949363663776
vn -0.8259965962415212 0.3084578881214977 -0.47178740366085103
vn -0.8259965962415212 0.3084578881214977 -0.47178740366085103
vn -0.7645530155426487 0.489682707463249 -0.41912949363663776
vn -0.9095888168460955 0.34069776649813477 -0.23785124799273757
vn -0.7645530155426487 0.489682707463249 -0.41912949363663776
vn -0.8186748611580476 0.5244482747802381 -0.2339347746443091
vn -0.9095888168460955 0.34069776649813477 -0.23785124799273757
vn -0.9095888168460955 0.34069776649813477 -0.23785124799273757
vn -0.8186748611580476 0.5244482747802381 -0.2339347746443091
vn -0.9095888168460955 0.34069776649813477 -0.23785124799273757
vn -0.8186748611580476 0.5244482747802381 -0.2339347746443091
vn -0.8186748611580476 0.5244482747802381 -0.2339347746443091
vn -0.9095888168460955 0.34069776649813477 -0.23785124799273757
vn -0.9095888168460955 0.34069776649813477 -0.23785124799273757
vn -0.8186748611580476 0.5244482747802381 -0.2339347746443091
vn -0.9345998686963252 0.3506810636210555 -0.05954726736313771
vn -0.8186748611580476 0.5244482747802381 -0.2339347746443091
vn -0.8405603171960487 0.5385487080623438 -0.05851189793246035
vn -0.9345998686963252 0.3506810636210555 -0.05954726736313771
vn -0.9345998686963252 0.3506810636210555 -0.05954726736313771
vn -0.8405603171960487 0.5385487080623438 -0.05851189793246035
vn -0.9345998686963252 0.3506810636210555 -0.05954726736313771
vn -0.8405603171960487 0.5385487080623438 -0.05851189793246035
vn -0.8405603171960487 0.5385487080623438 -0.05851189793246035
vn -0.9345998686963252 0.3506810636210555 -0.05954726736313771
vn -0.9345998686963252 0.3506810636210555 -0.05954726736313771
vn -0.8405603171960487 0.5385487080623438 -0.05851189793246035
vn -0.9344895225313291 0.3509750269780922 0.05954714700887263
vn -0.8405603171960487 0.5385487080623438 -0.05851189793246035
vn -0.8405403988472863 0.538579815024742 0.058511714669451424
vn -0.9344895225313291 0.3509750269780922 0.05954714700887263
vn -0.9344895225313291 0.3509750269780922 0.05954714700887263
vn -0.8405403988472863 0.538579815024742 0.058511714669451424
vn -0.9344895225313291 0.3509750269780922 0.05954714700887263
vn -0.8405403988472863 0.538579815024742 0.058511714669451424
vn -0.8405403988472863 0.538579815024742 0.058511714669451424
vn -0.9344895225313291 0.3509750269780922 0.05954714700887263
vn -0.9344895225313291 0.3509750269780922 0.05954714700887263
vn -0.8405403988472863 0.538579815024742 0.058511714669451424
vn -0.9090875255964618 0.3420331428746273 0.2378512139557148
vn -0.8405403988472863 0.538579815024742 0.058511714669451424
vn -0.8185842385020808 0.5245897014805538 0.23393479770335998
vn -0.9090875255964618 0.3420331428746273 0.2378512139557148
vn -0.9090875255964618 0.3420331428746273 0.2378512139557148
vn -0.8185842385020808 0.5245897014805538 0.23393479770335998
vn -0.9090875255964618 0.3420331428746273 0.2378512139557148
vn -0.8185842385020808 0.5245897014805538 0.23393479770335998
vn -0.8185842385020808 0.5245897014805538 0.23393479770335998
vn -0.9090875255964618 0.3420331428746273 0.2378512139557148
vn -0.9090875255964618 0.3420331428746273 0.2378512139557148
vn -0.8185842385020808 0.5245897014805538 0.23393479770335998
vn -0.8249296638655487 0.311299655358351 0.47178763681178076
vn -0.8185842385020808 0.5245897014805538 0.23393479770335998
vn -0.7643820637321034 0.48994895776724556 0.41913014616875316
vn -0.8249296638655487 0.311299655358351 0.47178763681178076
vn -0.8249296638655487 0.311299655358351 0.47178763681178076
vn -0.7643820637321034 0.48994895776724556 0.41913014616875316
vn -0.8249296638655487 0.311299655358351 0.47178763681178076
vn -0.7643820637321034 0.48994895776724556 0.41913014616875316
vn -0.7643820637321034 0.48994895776724556 0.41913014616875316
vn -0.8249296638655487 0.311299655358351 0.47178763681178076
vn -0.8249296638655487 0.311299655358351 0.47178763681178076
vn -0.7643820637321034 0.48994895776724556 0.41913014616875316
vn -0.8249296638655487 0.311299655358351 0.47178763681178076
vn -0.7643820637321034 0.48994895776724556 0.41913014616875316
vn -0.7008549610963367 0.44931862014198465 0.5539991887181381
vn -0.8249296638655487 0.311299655358351 0.47178763681178076
vn -0.8249296638655487 0.311299655358351 0.47178763681178076
vn -0.7008549610963367 0.44931862014198465 0.5539991887181381
vn -0.6773966536107453 0.25688886586635074 0.6893053635877673
vn -0.7008549610963367 0.44931862014198465 0.5539991887181381
vn -0.61491209633483 0.3943336331403783 0.6829232017990121
vn -0.6773966536107453 0.25688886586635074 0.6893053635877673
vn -0.6773966536107453 0.25688886586635074 0.6893053635877673
vn -0.61491209633483 0.3943336331403783 0.6829232017990121
vn -0.6773966536107453 0.25688886586635074 0.6893053635877673
vn -0.61491209633483 0.3943336331403783 0.6829232017990121
vn -0.61491209633483 0.3943336331403783 0.6829232017990121
vn -0.6773966536107453 0.25688886586635074 0.6893053635877673
vn -0.6773966536107453 0.25688886586635074 0.6893053635877673
vn -0.61491209633483 0.3943336331403783 0.6829232017990121
vn -0.555726347712695 0.21183079418569897 0.8039253330332145
vn -0.61491209633483 0.3943336331403783 0.6829232017990121
vn -0.5062488173360689 0.3247926738777014 0.7988878857143878
vn -0.555726347712695 0.21183079418569897 0.8039253330332145
vn -0.555726347712695 0.21183079418569897 0.8039253330332145
vn -0.5062488173360689 0.3247926738777014 0.7988878857143878
vn -0.40866702207330763 0.15720687580529438 0.8990424146108311
vn -0.5062488173360689 0.3247926738777014 0.7988878857143878
vn -0.42059197331654313 0.2699634388488904 0.8661536432219042
vn -0.40866702207330763 0.15720687580529438 0.8990424146108311
vn -0.40866702207330763 0.15720687580529438 0.8990424146108311
vn -0.42059197331654313 0.2699634388488904 0.8661536432219042
vn -0.40866702207330763 0.15720687580529438 0.8990424146108311
vn -0.42059197331654313 0.2699634388488904 0.8661536432219042
vn -0.2741515981730318 0.1762031198122537 0.9454064532187205
vn -0.40866702207330763 0.15720687580529438 0.8990424146108311
vn -0.40866702207330763 0.15720687580529438 0.8990424146108311
vn -0.2741515981730318 0.1762031198122537 0.9454064532187205
vn -0.1316061500240619 0.05305829778488922 0.989881123323409
vn -0.2741515981730318 0.1762031198122537 0.9454064532187205
vn -0.2741515981730318 0.1762031198122537 0.9454064532187205
vn -0.1316061500240619 0.05305829778488922 0.989881123323409
vn -0.1316061500240619 0.05305829778488922 0.989881123323409
vn -0.2741515981730318 0.1762031198122537 0.9454064532187205
vn -0.1316061500240619 0.05305829778488922 0.989881123323409
vn -0.2741515981730318 0.1762031198122537 0.9454064532187205
vn -0.07671354092009426 0.04963715828534122 0.9958168431779295
vn -0.1316061500240619 0.05305829778488922 0.989881123323409
vn -0.1316061500240619 0.05305829778488922 0.989881123323409
vn -0.07671354092009426 0.04963715828534122 0.9958168431779295
vn -0.1316061500240619 0.05305829778488922 0.989881123323409
vn -0.07671354092009426 0.04963715828534122 0.9958168431779295
vn -0.07671354092009426 0.04963715828534122 0.9958168431779295
vn -0.1316061500240619 0.05305829778488922 0.989881123323409
vn -0.0771542318683719 0.0489502609825169 -0.9958167986404652
vn -0.08762564286255212 0.04833759243980905 -0.9949800117942307
vn -0.0771542318683719 0.0489502609825169 -0.9958167986404652
vn -0.08762564286255212 0.04833759243980905 -0.9949800117942307
vn -0.08762564286255212 0.04833759243980905 -0.9949800117942307
vn -0.0771542318683719 0.0489502609825169 -0.9958167986404652
vn -0.0771542318683719 0.0489502609825169 -0.9958167986404652
vn -0.08762564286255212 0.04833759243980905 -0.9949800117942307
vn -0.27464851814624214 0.1754285996148591 -0.9454062607774727
vn -0.08762564286255212 0.04833759243980905 -0.9949800117942307
vn -0.28697565847684037 0.15251946794597945 -0.9457181310196284
vn -0.27464851814624214 0.1754285996148591 -0.9454062607774727
vn -0.27464851814624214 0.1754285996148591 -0.9454062607774727
vn -0.28697565847684037 0.15251946794597945 -0.9457181310196284
vn -0.27464851814624214 0.1754285996148591 -0.9454062607774727
vn -0.28697565847684037 0.15251946794597945 -0.9457181310196284
vn -0.28697565847684037 0.15251946794597945 -0.9457181310196284
vn -0.27464851814624214 0.1754285996148591 -0.9454062607774727
vn -0.27464851814624214 0.1754285996148591 -0.9454062607774727
vn -0.28697565847684037 0.15251946794597945 -0.9457181310196284
vn -0.42102605065677384 0.26928496335982444 -0.8661539546620206
vn -0.28697565847684037 0.15251946794597945 -0.9457181310196284
vn -0.44112307205710755 0.2325751652088508 -0.8667867256868761
vn -0.42102605065677384 0.26928496335982444 -0.8661539546620206
vn -0.42102605065677384 0.26928496335982444 -0.8661539546620206
vn -0.44112307205710755 0.2325751652088508 -0.8667867256868761
vn -0.5066338260343566 0.3241897871880353 -0.7988886957522717
vn -0.44112307205710755 0.2325751652088508 -0.8667867256868761
vn -0.5314180226407512 0.27934747784376207 -0.7997248725873936
vn -0.5066338260343566 0.3241897871880353 -0.7988886957522717
vn -0.5066338260343566 0.3241897871880353 -0.7988886957522717
vn -0.5314180226407512 0.27934747784376207 -0.7997248725873936
vn -0.6152232347493636 0.3938487507394801 -0.6829227869719094
vn -0.5314180226407512 0.27934747784376207 -0.7997248725873936
vn -0.6108893813345047 0.3204407724082535 -0.7239695263967592
vn -0.6152232347493636 0.3938487507394801 -0.6829227869719094
vn -0.6152232347493636 0.3938487507394801 -0.6829227869719094
vn -0.6108893813345047 0.3204407724082535 -0.7239695263967592
vn -0.6152232347493636 0.3938487507394801 -0.6829227869719094
vn -0.6108893813345047 0.3204407724082535 -0.7239695263967592
vn -0.679351565810913 0.35578250758736574 -0.6417945600619459
vn -0.6152232347493636 0.3938487507394801 -0.6829227869719094
vn -0.6152232347493636 0.3938487507394801 -0.6829227869719094
vn -0.679351565810913 0.35578250758736574 -0.6417945600619459
vn -0.7010914793986353 0.4489480029862845 -0.5540003863981144
vn -0.679351565810913 0.35578250758736574 -0.6417945600619459
vn -0.7839847895515494 0.4096696723107011 -0.4664103443756964
vn -0.7010914793986353 0.4489480029862845 -0.5540003863981144
vn -0.7010914793986353 0.4489480029862845 -0.5540003863981144
vn -0.7839847895515494 0.4096696723107011 -0.4664103443756964
vn -0.7645530155426487 0.489682707463249 -0.41912949363663776
vn -0.7839847895515494 0.4096696723107011 -0.4664103443756964
vn -0.7839847895515494 0.4096696723107011 -0.4664103443756964
vn -0.7645530155426487 0.489682707463249 -0.41912949363663776
vn -0.7645530155426487 0.489682707463249 -0.41912949363663776
vn -0.7839847895515494 0.4096696723107011 -0.4664103443756964
vn -0.7645530155426487 0.489682707463249 -0.41912949363663776
vn -0.7839847895515494 0.4096696723107011 -0.4664103443756964
vn -0.7839847895515494 0.4096696723107011 -0.4664103443756964
vn -0.7645530155426487 0.489682707463249 -0.41912949363663776
vn -0.7645530155426487 0.489682707463249 -0.41912949363663776
vn -0.7839847895515494 0.4096696723107011 -0.4664103443756964
vn -0.8186748611580476 0.5244482747802381 -0.2339347746443091
vn -0.7839847895515494 0.4096696723107011 -0.4664103443756964
vn -0.8508687009616436 0.443944364278392 -0.2809552547102465
vn -0.8186748611580476 0.5244482747802381 -0.2339347746443091
vn -0.8186748611580476 0.5244482747802381 -0.2339347746443091
vn -0.8508687009616436 0.443944364278392 -0.2809552547102465
vn -0.8186748611580476 0.5244482747802381 -0.2339347746443091
vn -0.8508687009616436 0.443944364278392 -0.2809552547102465
vn -0.8709576184519395 0.45416662381724177 -0.18752467749865262
vn -0.8186748611580476 0.5244482747802381 -0.2339347746443091
vn -0.8186748611580476 0.5244482747802381 -0.2339347746443091
vn -0.8709576184519395 0.45416662381724177 -0.18752467749865262
vn -0.8405603171960487 0.5385487080623438 -0.05851189793246035
vn -0.8709576184519395 0.45416662381724177 -0.18752467749865262
vn -0.8852930066448182 0.4613264797804065 -0.05860180406093396
vn -0.8405603171960487 0.5385487080623438 -0.05851189793246035
vn -0.8405603171960487 0.5385487080623438 -0.05851189793246035
vn -0.8852930066448182 0.4613264797804065 -0.05860180406093396
vn -0.8405603171960487 0.5385487080623438 -0.05851189793246035
vn -0.8852930066448182 0.4613264797804065 -0.05860180406093396
vn -0.8852930066448182 0.4613264797804065 -0.05860180406093396
vn -0.8405603171960487 0.5385487080623438 -0.05851189793246035
vn -0.8405603171960487 0.5385487080623438 -0.05851189793246035
vn -0.8852930066448182 0.4613264797804065 -0.05860180406093396
vn -0.8405403988472863 0.538579815024742 0.058511714669451424
vn -0.8852930066448182 0.4613264797804065 -0.05860180406093396
vn -0.8853713921206635 0.4611518707695407 0.05879158188100656
vn -0.8405403988472863 0.538579815024742 0.058511714669451424
vn -0.8405403988472863 0.538579815024742 0.058511714669451424
vn -0.8853713921206635 0.4611518707695407 0.05879158188100656
vn -0.8405403988472863 0.538579815024742 0.058511714669451424
vn -0.8853713921206635 0.4611518707695407 0.05879158188100656
vn -0.8853713921206635 0.4611518707695407 0.05879158188100656
vn -0.8405403988472863 0.538579815024742 0.058511714669451424
vn -0.8405403988472863 0.538579815024742 0.058511714669451424
vn -0.8853713921206635 0.4611518707695407 0.05879158188100656
vn -0.8185842385020808 0.5245897014805538 0.23393479770335998
vn -0.8853713921206635 0.4611518707695407 0.05879158188100656
vn -0.8712331670031558 0.4535395512097011 0.18776220120714993
vn -0.8185842385020808 0.5245897014805538 0.23393479770335998
vn -0.8185842385020808 0.5245897014805538 0.23393479770335998
vn -0.8712331670031558 0.4535395512097011 0.18776220120714993
vn -0.8185842385020808 0.5245897014805538 0.23393479770335998
vn -0.8712331670031558 0.4535395512097011 0.18776220120714993
vn -0.8512934389354767 0.44299098552787086 0.2811733763471487
vn -0.8185842385020808 0.5245897014805538 0.23393479770335998
vn -0.8185842385020808 0.5245897014805538 0.23393479770335998
vn -0.8512934389354767 0.44299098552787086 0.2811733763471487
vn -0.7643820637321034 0.48994895776724556 0.41913014616875316
vn -0.8512934389354767 0.44299098552787086 0.2811733763471487
vn -0.784766521118449 0.4080080822607767 0.46655215372081393
vn -0.7643820637321034 0.48994895776724556 0.41913014616875316
vn -0.7643820637321034 0.48994895776724556 0.41913014616875316
vn -0.784766521118449 0.4080080822607767 0.46655215372081393
vn -0.7643820637321034 0.48994895776724556 0.41913014616875316
vn -0.784766521118449 0.4080080822607767 0.46655215372081393
vn -0.784766521118449 0.4080080822607767 0.46655215372081393
vn -0.7643820637321034 0.48994895776724556 0.41913014616875316
vn -0.7643820637321034 0.48994895776724556 0.41913014616875316
vn -0.784766521118449 0.4080080822607767 0.46655215372081393
vn -0.7008549610963367 0.44931862014198465 0.5539991887181381
vn -0.784766521118449 0.4080080822607767 0.46655215372081393
vn -0.784766521118449 0.4080080822607767 0.46655215372081393
vn -0.7008549610963367 0.44931862014198465 0.5539991887181381
vn -0.7008549610963367 0.44931862014198465 0.5539991887181381
vn -0.784766521118449 0.4080080822607767 0.46655215372081393
vn -0.61491209633483 0.3943336331403783 0.6829232017990121
vn -0.784766521118449 0.4080080822607767 0.46655215372081393
vn -0.6805619621453955 0.3533747506692329 0.641842427134781
vn -0.61491209633483 0.3943336331403783 0.6829232017990121
vn -0.61491209633483 0.3943336331403783 0.6829232017990121
vn -0.6805619621453955 0.3533747506692329 0.641842427134781
vn -0.61491209633483 0.3943336331403783 0.6829232017990121
vn -0.6805619621453955 0.3533747506692329 0.641842427134781
vn -0.6123582627344492 0.3176440846148791 0.7239610442351323
vn -0.61491209633483 0.3943336331403783 0.6829232017990121
vn -0.61491209633483 0.3943336331403783 0.6829232017990121
vn -0.6123582627344492 0.3176440846148791 0.7239610442351323
vn -0.5062488173360689 0.3247926738777014 0.7988878857143878
vn -0.6123582627344492 0.3176440846148791 0.7239610442351323
vn -0.5331649963461105 0.2761713063237864 0.7996652401065495
vn -0.5062488173360689 0.3247926738777014 0.7988878857143878
vn -0.5062488173360689 0.3247926738777014 0.7988878857143878
vn -0.5331649963461105 0.2761713063237864 0.7996652401065495
vn -0.42059197331654313 0.2699634388488904 0.8661536432219042
vn -0.5331649963461105 0.2761713063237864 0.7996652401065495
vn -0.4431533810086118 0.2290472237503528 0.8666905158087818
vn -0.42059197331654313 0.2699634388488904 0.8661536432219042
vn -0.42059197331654313 0.2699634388488904 0.8661536432219042
vn -0.4431533810086118 0.2290472237503528 0.8666905158087818
vn -0.2741515981730318 0.1762031198122537 0.9454064532187205
vn -0.4431533810086118 0.2290472237503528 0.8666905158087818
vn -0.2893892248973802 0.14857144758378293 0.9456111259265898
vn -0.2741515981730318 0.1762031198122537 0.9454064532187205
vn -0.2741515981730318 0.1762031198122537 0.9454064532187205
vn -0.2893892248973802 0.14857144758378293 0.9456111259265898
vn -0.2741515981730318 0.1762031198122537 0.9454064532187205
vn -0.2893892248973802 0.14857144758378293 0.9456111259265898
vn -0.2893892248973802 0.14857144758378293 0.9456111259265898
vn -0.2741515981730318 0.1762031198122537 0.9454064532187205
vn -0.2741515981730318 0.1762031198122537 0.9454064532187205
vn -0.2893892248973802 0.14857144758378293 0.9456111259265898
vn -0.07671354092009426 0.04963715828534122 0.9958168431779295
vn -0.2893892248973802 0.14857144758378293 0.9456111259265898
vn -0.09004932470556802 0.04457323540830048 0.9949393679040482
vn -0.07671354092009426 0.04963715828534122 0.9958168431779295
vn -0.07671354092009426 0.04963715828534122 0.9958168431779295
vn -0.09004932470556802 0.04457323540830048 0.9949393679040482
vn -0.07671354092009426 0.04963715828534122 0.9958168431779295
vn -0.09004932470556802 0.04457323540830048 0.9949393679040482
vn -0.09004932470556802 0.04457323540830048 0.9949393679040482
vn -0.07671354092009426 0.04963715828534122 0.9958168431779295
vn -0.08762564286255212 0.04833759243980905 -0.9949800117942307
vn -0.018624195367615868 -0.001937181291605157 -0.9998246779688689
vn -0.08762564286255212 0.04833759243980905 -0.9949800117942307
vn -0.018624195367615868 -0.001937181291605157 -0.9998246779688689
vn -0.13491910447747782 -0.04502262464760307 -0.989833217525476
vn -0.08762564286255212 0.04833759243980905 -0.9949800117942307
vn -0.08762564286255212 0.04833759243980905 -0.9949800117942307
vn -0.13491910447747782 -0.04502262464760307 -0.989833217525476
vn -0.28697565847684037 0.15251946794597945 -0.9457181310196284
vn -0.13491910447747782 -0.04502262464760307 -0.989833217525476
vn -0.13491910447747782 -0.04502262464760307 -0.989833217525476
vn -0.28697565847684037 0.15251946794597945 -0.9457181310196284
vn -0.28697565847684037 0.15251946794597945 -0.9457181310196284
vn -0.13491910447747782 -0.04502262464760307 -0.989833217525476
vn -0.28697565847684037 0.15251946794597945 -0.9457181310196284
vn -0.13491910447747782 -0.04502262464760307 -0.989833217525476
vn -0.3045393570509534 -0.12509262742349464 -0.9442497628124026
vn -0.28697565847684037 0.15251946794597945 -0.9457181310196284
vn -0.28697565847684037 0.15251946794597945 -0.9457181310196284
vn -0.3045393570509534 -0.12509262742349464 -0.9442497628124026
vn -0.44112307205710755 0.2325751652088508 -0.8667867256868761
vn -0.3045393570509534 -0.12509262742349464 -0.9442497628124026
vn -0.3045393570509534 -0.12509262742349464 -0.9442497628124026
vn -0.44112307205710755 0.2325751652088508 -0.8667867256868761
vn -0.44112307205710755 0.2325751652088508 -0.8667867256868761
vn -0.3045393570509534 -0.12509262742349464 -0.9442497628124026
vn -0.5314180226407512 0.27934747784376207 -0.7997248725873936
vn -0.3045393570509534 -0.12509262742349464 -0.9442497628124026
vn -0.42989489063136443 -0.18485407370866422 -0.8837529940217228
vn -0.5314180226407512 0.27934747784376207 -0.7997248725873936
vn -0.5314180226407512 0.27934747784376207 -0.7997248725873936
vn -0.42989489063136443 -0.18485407370866422 -0.8837529940217228
vn -0.6108893813345047 0.3204407724082535 -0.7239695263967592
vn -0.42989489063136443 -0.18485407370866422 -0.8837529940217228
vn -0.5497515246163621 -0.10592870500184824 -0.8285845585325717
vn -0.6108893813345047 0.3204407724082535 -0.7239695263967592
vn -0.6108893813345047 0.3204407724082535 -0.7239695263967592
vn -0.6060898821645965 0.0427590230537714 -0.794246007660846
vn -0.679351565810913 0.35578250758736574 -0.6417945600619459
vn -0.6610192029103004 0.2560842919118541 -0.7053186859993399
vn -0.730305717169596 0.28266092588104275 -0.6218973873956006
vn -0.679351565810913 0.35578250758736574 -0.6417945600619459
vn -0.679351565810913 0.35578250758736574 -0.6417945600619459
vn -0.730305717169596 0.28266092588104275 -0.6218973873956006
vn -0.7839847895515494 0.4096696723107011 -0.4664103443756964
vn -0.730305717169596 0.28266092588104275 -0.6218973873956006
vn -0.7881988901903444 0.30482399536688254 -0.5346258891517321
vn -0.7839847895515494 0.4096696723107011 -0.4664103443756964
vn -0.7839847895515494 0.4096696723107011 -0.4664103443756964
vn -0.7881988901903444 0.30482399536688254 -0.5346258891517321
vn -0.7839847895515494 0.4096696723107011 -0.4664103443756964
vn -0.7881988901903444 0.30482399536688254 -0.5346258891517321
vn -0.8549928314209048 0.33034566991784514 -0.3998237068826643
vn -0.7839847895515494 0.4096696723107011 -0.4664103443756964
vn -0.7839847895515494 0.4096696723107011 -0.4664103443756964
vn -0.8549928314209048 0.33034566991784514 -0.3998237068826643
vn -0.7839847895515494 0.4096696723107011 -0.4664103443756964
vn -0.8549928314209048 0.33034566991784514 -0.3998237068826643
vn -0.8549928314209048 0.33034566991784514 -0.3998237068826643
vn -0.7839847895515494 0.4096696723107011 -0.4664103443756964
vn -0.7839847895515494 0.4096696723107011 -0.4664103443756964
vn -0.8549928314209048 0.33034566991784514 -0.3998237068826643
vn -0.8508687009616436 0.443944364278392 -0.2809552547102465
vn -0.8549928314209048 0.33034566991784514 -0.3998237068826643
vn -0.9108973843743493 0.35166326559801886 -0.2158677900218238
vn -0.8508687009616436 0.443944364278392 -0.2809552547102465
vn -0.8508687009616436 0.443944364278392 -0.2809552547102465
vn -0.9108973843743493 0.35166326559801886 -0.2158677900218238
vn -0.8709576184519395 0.45416662381724177 -0.18752467749865262
vn -0.9108973843743493 0.35166326559801886 -0.2158677900218238
vn -0.9108973843743493 0.35166326559801886 -0.2158677900218238
vn -0.8709576184519395 0.45416662381724177 -0.18752467749865262
vn -0.8709576184519395 0.45416662381724177 -0.18752467749865262
vn -0.9108973843743493 0.35166326559801886 -0.2158677900218238
vn -0.8852930066448182 0.4613264797804065 -0.05860180406093396
vn -0.9108973843743493 0.35166326559801886 -0.2158677900218238
vn -0.931934964190489 0.3596757396560565 -0.046158258439206075
vn -0.8852930066448182 0.4613264797804065 -0.05860180406093396
vn -0.8852930066448182 0.4613264797804065 -0.05860180406093396
vn -0.931934964190489 0.3596757396560565 -0.046158258439206075
vn -0.8852930066448182 0.4613264797804065 -0.05860180406093396
vn -0.931934964190489 0.3596757396560565 -0.046158258439206075
vn -0.931934964190489 0.3596757396560565 -0.046158258439206075
vn -0.8852930066448182 0.4613264797804065 -0.05860180406093396
vn -0.8852930066448182 0.4613264797804065 -0.05860180406093396
vn -0.931934964190489 0.3596757396560565 -0.046158258439206075
vn -0.8853713921206635 0.4611518707695407 0.05879158188100656
vn -0.931934964190489 0.3596757396560565 -0.046158258439206075
vn -0.930663507069262 0.35920377832881356 0.06955632425485392
vn -0.8853713921206635 0.4611518707695407 0.05879158188100656
vn -0.8853713921206635 0.4611518707695407 0.05879158188100656
vn -0.930663507069262 0.35920377832881356 0.06955632425485392
vn -0.8853713921206635 0.4611518707695407 0.05879158188100656
vn -0.930663507069262 0.35920377832881356 0.06955632425485392
vn -0.930663507069262 0.35920377832881356 0.06955632425485392
vn -0.8853713921206635 0.4611518707695407 0.05879158188100656
vn -0.8853713921206635 0.4611518707695407 0.05879158188100656
vn -0.930663507069262 0.35920377832881356 0.06955632425485392
vn -0.8712331670031558 0.4535395512097011 0.18776220120714993
vn -0.930663507069262 0.35920377832881356 0.06955632425485392
vn -0.9039767173129643 0.3490651764301372 0.2469404729076917
vn -0.8712331670031558 0.4535395512097011 0.18776220120714993
vn -0.8712331670031558 0.4535395512097011 0.18776220120714993
vn -0.9039767173129643 0.3490651764301372 0.2469404729076917
vn -0.8512934389354767 0.44299098552787086 0.2811733763471487
vn -0.9039767173129643 0.3490651764301372 0.2469404729076917
vn -0.9039767173129643 0.3490651764301372 0.2469404729076917
vn -0.8512934389354767 0.44299098552787086 0.2811733763471487
vn -0.8512934389354767 0.44299098552787086 0.2811733763471487
vn -0.9039767173129643 0.3490651764301372 0.2469404729076917
vn -0.784766521118449 0.4080080822607767 0.46655215372081393
vn -0.9039767173129643 0.3490651764301372 0.2469404729076917
vn -0.8419538298692928 0.32543272392247596 0.4303571662803209
vn -0.784766521118449 0.4080080822607767 0.46655215372081393
vn -0.784766521118449 0.4080080822607767 0.46655215372081393
vn -0.8419538298692928 0.32543272392247596 0.4303571662803209
vn -0.784766521118449 0.4080080822607767 0.46655215372081393
vn -0.8419538298692928 0.32543272392247596 0.4303571662803209
vn -0.8419538298692928 0.32543272392247596 0.4303571662803209
vn -0.784766521118449 0.4080080822607767 0.46655215372081393
vn -0.784766521118449 0.4080080822607767 0.46655215372081393
vn -0.8419538298692928 0.32543272392247596 0.4303571662803209
vn -0.784766521118449 0.4080080822607767 0.46655215372081393
vn -0.8419538298692928 0.32543272392247596 0.4303571662803209
vn -0.7700482035195508 0.297959507454038 0.564132871027792
vn -0.784766521118449 0.4080080822607767 0.46655215372081393
vn -0.784766521118449 0.4080080822607767 0.46655215372081393
vn -0.7700482035195508 0.297959507454038 0.564132871027792
vn -0.6805619621453955 0.3533747506692329 0.641842427134781
vn -0.7700482035195508 0.297959507454038 0.564132871027792
vn -0.7084669020125167 0.27437654700659786 0.6502246990122131
vn -0.6805619621453955 0.3533747506692329 0.641842427134781
vn -0.6805619621453955 0.3533747506692329 0.641842427134781
vn -0.7084669020125167 0.27437654700659786 0.6502246990122131
vn -0.6123582627344492 0.3176440846148791 0.7239610442351323
vn -0.7084669020125167 0.27437654700659786 0.6502246990122131
vn -0.6353324476946398 0.2463072917654739 0.7319053210146074
vn -0.6123582627344492 0.3176440846148791 0.7239610442351323
vn -0.6123582627344492 0.3176440846148791 0.7239610442351323
vn -0.5401554116045809 -0.1309402587060966 0.8313162935755959
vn -0.5331649963461105 0.2761713063237864 0.7996652401065495
vn -0.5831971241630911 0.03281565796745237 0.8116675717065843
vn -0.4192737898757003 -0.20782363225334338 0.8837526956113312
vn -0.5331649963461105 0.2761713063237864 0.7996652401065495
vn -0.5331649963461105 0.2761713063237864 0.7996652401065495
vn -0.4192737898757003 -0.20782363225334338 0.8837526956113312
vn -0.4431533810086118 0.2290472237503528 0.8666905158087818
vn -0.4192737898757003 -0.20782363225334338 0.8837526956113312
vn -0.2925452548345136 -0.15102846705502507 0.9442497953469827
vn -0.4431533810086118 0.2290472237503528 0.8666905158087818
vn -0.4431533810086118 0.2290472237503528 0.8666905158087818
vn -0.2925452548345136 -0.15102846705502507 0.9442497953469827
vn -0.2893892248973802 0.14857144758378293 0.9456111259265898
vn -0.2925452548345136 -0.15102846705502507 0.9442497953469827
vn -0.2925452548345136 -0.15102846705502507 0.9442497953469827
vn -0.2893892248973802 0.14857144758378293 0.9456111259265898
vn -0.2893892248973802 0.14857144758378293 0.9456111259265898
vn -0.2925452548345136 -0.15102846705502507 0.9442497953469827
vn -0.2893892248973802 0.14857144758378293 0.9456111259265898
vn -0.2925452548345136 -0.15102846705502507 0.9442497953469827
vn -0.12167776152218385 -0.07365192337473582 0.9898332771402225
vn -0.2893892248973802 0.14857144758378293 0.9456111259265898
vn -0.2893892248973802 0.14857144758378293 0.9456111259265898
vn -0.12167776152218385 -0.07365192337473582 0.9898332771402225
vn -0.09004932470556802 0.04457323540830048 0.9949393679040482
vn -0.12167776152218385 -0.07365192337473582 0.9898332771402225
vn -0.12167776152218385 -0.07365192337473582 0.9898332771402225
vn -0.09004932470556802 0.04457323540830048 0.9949393679040482
vn -0.09004932470556802 0.04457323540830048 0.9949393679040482
vn -0.12167776152218385 -0.07365192337473582 0.9898332771402225
vn -0.09004932470556802 0.04457323540830048 0.9949393679040482
vn -0.12167776152218385 -0.07365192337473582 0.9898332771402225
vn -0.013535158526523363 -0.012937935826395673 0.9998246892831834
vn -0.09004932470556802 0.04457323540830048 0.9949393679040482
vn -0.018624195367615868 -0.001937181291605157 -0.9998246779688689
vn -0.02217198311161551 -0.09767295251123449 -0.9949715561324537
vn -0.13491910447747782 -0.04502262464760307 -0.989833217525476
vn -0.02217198311161551 -0.09767295251123449 -0.9949715561324537
vn -0.02217198311161551 -0.09767295251123449 -0.9949715561324537
vn -0.13491910447747782 -0.04502262464760307 -0.989833217525476
vn -0.13491910447747782 -0.04502262464760307 -0.989833217525476
vn -0.02217198311161551 -0.09767295251123449 -0.9949715561324537
vn -0.13491910447747782 -0.04502262464760307 -0.989833217525476
vn -0.02217198311161551 -0.09767295251123449 -0.9949715561324537
vn -0.06595723395240662 -0.3175428540652321 -0.9459472390791435
vn -0.13491910447747782 -0.04502262464760307 -0.989833217525476
vn -0.13491910447747782 -0.04502262464760307 -0.989833217525476
vn -0.06595723395240662 -0.3175428540652321 -0.9459472390791435
vn -0.3045393570509534 -0.12509262742349464 -0.9442497628124026
vn -0.06595723395240662 -0.3175428540652321 -0.9459472390791435
vn -0.06595723395240662 -0.3175428540652321 -0.9459472390791435
vn -0.3045393570509534 -0.12509262742349464 -0.9442497628124026
vn -0.3045393570509534 -0.12509262742349464 -0.9442497628124026
vn -0.06595723395240662 -0.3175428540652321 -0.9459472390791435
vn -0.3045393570509534 -0.12509262742349464 -0.9442497628124026
vn -0.06595723395240662 -0.3175428540652321 -0.9459472390791435
vn -0.10951115174763106 -0.5383237592353417 -0.8355925070784428
vn -0.3045393570509534 -0.12509262742349464 -0.9442497628124026
vn -0.3045393570509534 -0.12509262742349464 -0.9442497628124026
vn -0.10951115174763106 -0.5383237592353417 -0.8355925070784428
vn -0.42989489063136443 -0.18485407370866422 -0.8837529940217228
vn -0.10951115174763106 -0.5383237592353417 -0.8355925070784428
vn -0.10951115174763106 -0.5383237592353417 -0.8355925070784428
vn -0.42989489063136443 -0.18485407370866422 -0.8837529940217228
vn -0.42989489063136443 -0.18485407370866422 -0.8837529940217228
vn -0.10951115174763106 -0.5383237592353417 -0.8355925070784428
vn -0.3527049711170132 -0.4655904459839031 -0.8116801956176195
vn -0.10951115174763106 -0.5383237592353417 -0.8355925070784428
vn -0.13640501881290923 -0.6749646557807324 -0.7251319771527439
vn -0.4495900210605304 -0.3267450585083928 -0.8313281420132117
vn -0.2237749740509702 -0.6435786018274586 -0.7319367078226786
vn -0.13640501881290923 -0.6749646557807324 -0.7251319771527439
vn -0.24976388925347506 -0.717481905875463 -0.6502597283903495
vn -0.13640501881290923 -0.6749646557807324 -0.7251319771527439
vn -0.15128148945977982 -0.7506671475334814 -0.6431273159808851
vn -0.24976388925347506 -0.717481905875463 -0.6502597283903495
vn -0.24976388925347506 -0.717481905875463 -0.6502597283903495
vn -0.15128148945977982 -0.7506671475334814 -0.6431273159808851
vn -0.2716883993567119 -0.7796769074931242 -0.5641713689801583
vn -0.15128148945977982 -0.7506671475334814 -0.6431273159808851
vn -0.1691800997650639 -0.8419402469101926 -0.5123618979552313
vn -0.2716883993567119 -0.7796769074931242 -0.5641713689801583
vn -0.2716883993567119 -0.7796769074931242 -0.5641713689801583
vn -0.1691800997650639 -0.8419402469101926 -0.5123618979552313
vn -0.29733940767254674 -0.8522617761971891 -0.43039416989330986
vn -0.1691800997650639 -0.8419402469101926 -0.5123618979552313
vn -0.1691800997650639 -0.8419402469101926 -0.5123618979552313
vn -0.29733940767254674 -0.8522617761971891 -0.43039416989330986
vn -0.29733940767254674 -0.8522617761971891 -0.43039416989330986
vn -0.1691800997650639 -0.8419402469101926 -0.5123618979552313
vn -0.29733940767254674 -0.8522617761971891 -0.43039416989330986
vn -0.1691800997650639 -0.8419402469101926 -0.5123618979552313
vn -0.18225074063320684 -0.9089200620819138 -0.37503198301432555
vn -0.29733940767254674 -0.8522617761971891 -0.43039416989330986
vn -0.29733940767254674 -0.8522617761971891 -0.43039416989330986
vn -0.18225074063320684 -0.9089200620819138 -0.37503198301432555
vn -0.3195167195444353 -0.9148326549273553 -0.24696210116155298
vn -0.18225074063320684 -0.9089200620819138 -0.37503198301432555
vn -0.19075967043734163 -0.9529694155048969 -0.23549955678703938
vn -0.3195167195444353 -0.9148326549273553 -0.24696210116155298
vn -0.3195167195444353 -0.9148326549273553 -0.24696210116155298
vn -0.19075967043734163 -0.9529694155048969 -0.23549955678703938
vn -0.3195167195444353 -0.9148326549273553 -0.24696210116155298
vn -0.19075967043734163 -0.9529694155048969 -0.23549955678703938
vn -0.19075967043734163 -0.9529694155048969 -0.23549955678703938
vn -0.3195167195444353 -0.9148326549273553 -0.24696210116155298
vn -0.3195167195444353 -0.9148326549273553 -0.24696210116155298
vn -0.19075967043734163 -0.9529694155048969 -0.23549955678703938
vn -0.32908216817834973 -0.941735943294209 -0.06955817489557035
vn -0.19075967043734163 -0.9529694155048969 -0.23549955678703938
vn -0.19556016820852432 -0.9789158502085146 -0.058991345304162016
vn -0.32908216817834973 -0.941735943294209 -0.06955817489557035
vn -0.32908216817834973 -0.941735943294209 -0.06955817489557035
vn -0.19556016820852432 -0.9789158502085146 -0.058991345304162016
vn -0.32908216817834973 -0.941735943294209 -0.06955817489557035
vn -0.19556016820852432 -0.9789158502085146 -0.058991345304162016
vn -0.19556016820852432 -0.9789158502085146 -0.058991345304162016
vn -0.32908216817834973 -0.941735943294209 -0.06955817489557035
vn -0.32908216817834973 -0.941735943294209 -0.06955817489557035
vn -0.19556016820852432 -0.9789158502085146 -0.058991345304162016
vn -0.32954660937026675 -0.9430099977253885 0.04616466660253738
vn -0.19556016820852432 -0.9789158502085146 -0.058991345304162016
vn -0.1953306691867847 -0.9789729352466364 0.05880409619769921
vn -0.32954660937026675 -0.9430099977253885 0.04616466660253738
vn -0.32954660937026675 -0.9430099977253885 0.04616466660253738
vn -0.1953306691867847 -0.9789729352466364 0.05880409619769921
vn -0.32954660937026675 -0.9430099977253885 0.04616466660253738
vn -0.1953306691867847 -0.9789729352466364 0.05880409619769921
vn -0.1953306691867847 -0.9789729352466364 0.05880409619769921
vn -0.32954660937026675 -0.9430099977253885 0.04616466660253738
vn -0.32954660937026675 -0.9430099977253885 0.04616466660253738
vn -0.1953306691867847 -0.9789729352466364 0.05880409619769921
vn -0.32202128193043494 -0.9217874584433218 0.21589389857168487
vn -0.1953306691867847 -0.9789729352466364 0.05880409619769921
vn -0.18972260215188477 -0.9532317747939073 0.23527540831114382
vn -0.32202128193043494 -0.9217874584433218 0.21589389857168487
vn -0.32202128193043494 -0.9217874584433218 0.21589389857168487
vn -0.18972260215188477 -0.9532317747939073 0.23527540831114382
vn -0.32202128193043494 -0.9217874584433218 0.21589389857168487
vn -0.18972260215188477 -0.9532317747939073 0.23527540831114382
vn -0.18972260215188477 -0.9532317747939073 0.23527540831114382
vn -0.32202128193043494 -0.9217874584433218 0.21589389857168487
vn -0.32202128193043494 -0.9217874584433218 0.21589389857168487
vn -0.18972260215188477 -0.9532317747939073 0.23527540831114382
vn -0.3020446354129572 -0.8653768454643336 0.3998649191320148
vn -0.18972260215188477 -0.9532317747939073 0.23527540831114382
vn -0.18054288918248584 -0.909337177705375 0.3748468519388471
vn -0.3020446354129572 -0.8653768454643336 0.3998649191320148
vn -0.3020446354129572 -0.8653768454643336 0.3998649191320148
vn -0.18054288918248584 -0.909337177705375 0.3748468519388471
vn -0.3020446354129572 -0.8653768454643336 0.3998649191320148
vn -0.18054288918248584 -0.909337177705375 0.3748468519388471
vn -0.16672220687126962 -0.8425037790617824 0.5122412400447556
vn -0.3020446354129572 -0.8653768454643336 0.3998649191320148
vn -0.3020446354129572 -0.8653768454643336 0.3998649191320148
vn -0.16672220687126962 -0.8425037790617824 0.5122412400447556
vn -0.2782181172219482 -0.7979490071613621 0.5346700489270656
vn -0.16672220687126962 -0.8425037790617824 0.5122412400447556
vn -0.16672220687126962 -0.8425037790617824 0.5122412400447556
vn -0.2782181172219482 -0.7979490071613621 0.5346700489270656
vn -0.2782181172219482 -0.7979490071613621 0.5346700489270656
vn -0.16672220687126962 -0.8425037790617824 0.5122412400447556
vn -0.2576009645339989 -0.739482943314783 0.6219378744035925
vn -0.16672220687126962 -0.8425037790617824 0.5122412400447556
vn -0.14801481641349318 -0.7513575097541323 0.6430812597628306
vn -0.2576009645339989 -0.739482943314783 0.6219378744035925
vn -0.2576009645339989 -0.739482943314783 0.6219378744035925
vn -0.14801481641349318 -0.7513575097541323 0.6430812597628306
vn -0.2329670803531937 -0.6694774079556121 0.7053554704606348
vn -0.14801481641349318 -0.7513575097541323 0.6430812597628306
vn -0.1325626811629443 -0.6757196143644305 0.7251414609068199
vn -0.35992244647588373 -0.4894706710436722 0.7942759562714157
vn -0.4367488435089248 -0.3502527861953823 0.8285972685545061
vn -0.1325626811629443 -0.6757196143644305 0.7251414609068199
vn -0.4192737898757003 -0.20782363225334338 0.8837526956113312
vn -0.1325626811629443 -0.6757196143644305 0.7251414609068199
vn -0.10480016635599071 -0.5391391004899881 0.8356709612368993
vn -0.4192737898757003 -0.20782363225334338 0.8837526956113312
vn -0.4192737898757003 -0.20782363225334338 0.8837526956113312
vn -0.10480016635599071 -0.5391391004899881 0.8356709612368993
vn -0.2925452548345136 -0.15102846705502507 0.9442497953469827
vn -0.10480016635599071 -0.5391391004899881 0.8356709612368993
vn -0.10480016635599071 -0.5391391004899881 0.8356709612368993
vn -0.2925452548345136 -0.15102846705502507 0.9442497953469827
vn -0.2925452548345136 -0.15102846705502507 0.9442497953469827
vn -0.10480016635599071 -0.5391391004899881 0.8356709612368993
vn -0.2925452548345136 -0.15102846705502507 0.9442497953469827
vn -0.10480016635599071 -0.5391391004899881 0.8356709612368993
vn -0.06027136747067384 -0.3183548154558864 0.9460536843854389
vn -0.2925452548345136 -0.15102846705502507 0.9442497953469827
vn -0.2925452548345136 -0.15102846705502507 0.9442497953469827
vn -0.06027136747067384 -0.3183548154558864 0.9460536843854389
vn -0.12167776152218385 -0.07365192337473582 0.9898332771402225
vn -0.06027136747067384 -0.3183548154558864 0.9460536843854389
vn -0.06027136747067384 -0.3183548154558864 0.9460536843854389
vn -0.12167776152218385 -0.07365192337473582 0.9898332771402225
vn -0.12167776152218385 -0.07365192337473582 0.9898332771402225
vn -0.06027136747067384 -0.3183548154558864 0.9460536843854389
vn -0.12167776152218385 -0.07365192337473582 0.9898332771402225
vn -0.06027136747067384 -0.3183548154558864 0.9460536843854389
vn -0.01665183949893091 -0.09835491613573702 0.9950120736519905
vn -0.12167776152218385 -0.07365192337473582 0.9898332771402225
vn -0.12167776152218385 -0.07365192337473582 0.9898332771402225
vn -0.01665183949893091 -0.09835491613573702 0.9950120736519905
vn -0.013535158526523363 -0.012937935826395673 0.9998246892831834
vn -0.01665183949893091 -0.09835491613573702 0.9950120736519905
vn -0.01665183949893091 -0.09835491613573702 0.9950120736519905
vn -0.013535158526523363 -0.012937935826395673 0.9998246892831834
vn -0.02217198311161551 -0.09767295251123449 -0.9949715561324537
vn -0.0029761115140296743 -0.04024490595062431 -0.9991854133769574
vn -0.02217198311161551 -0.09767295251123449 -0.9949715561324537
vn -0.0029761115140296743 -0.04024490595062431 -0.9991854133769574
vn -0.01575355391812357 -0.19858276513580714 -0.9799575046551589
vn -0.02217198311161551 -0.09767295251123449 -0.9949715561324537
vn -0.02217198311161551 -0.09767295251123449 -0.9949715561324537
vn -0.01575355391812357 -0.19858276513580714 -0.9799575046551589
vn -0.06595723395240662 -0.3175428540652321 -0.9459472390791435
vn -0.01575355391812357 -0.19858276513580714 -0.9799575046551589
vn -0.01575355391812357 -0.19858276513580714 -0.9799575046551589
vn -0.06595723395240662 -0.3175428540652321 -0.9459472390791435
vn -0.06595723395240662 -0.3175428540652321 -0.9459472390791435
vn -0.01575355391812357 -0.19858276513580714 -0.9799575046551589
vn -0.06595723395240662 -0.3175428540652321 -0.9459472390791435
vn -0.01575355391812357 -0.19858276513580714 -0.9799575046551589
vn -0.03582007044575378 -0.4426373217579409 -0.8959850020732592
vn -0.06595723395240662 -0.3175428540652321 -0.9459472390791435
vn -0.06595723395240662 -0.3175428540652321 -0.9459472390791435
vn -0.03582007044575378 -0.4426373217579409 -0.8959850020732592
vn -0.10951115174763106 -0.5383237592353417 -0.8355925070784428
vn -0.03582007044575378 -0.4426373217579409 -0.8959850020732592
vn -0.03582007044575378 -0.4426373217579409 -0.8959850020732592
vn -0.10951115174763106 -0.5383237592353417 -0.8355925070784428
vn -0.10951115174763106 -0.5383237592353417 -0.8355925070784428
vn -0.03582007044575378 -0.4426373217579409 -0.8959850020732592
vn -0.10951115174763106 -0.5383237592353417 -0.8355925070784428
vn -0.03582007044575378 -0.4426373217579409 -0.8959850020732592
vn -0.04874376541107307 -0.599487538308111 -0.7988984520868916
vn -0.10951115174763106 -0.5383237592353417 -0.8355925070784428
vn -0.10951115174763106 -0.5383237592353417 -0.8355925070784428
vn -0.04874376541107307 -0.599487538308111 -0.7988984520868916
vn -0.13640501881290923 -0.6749646557807324 -0.7251319771527439
vn -0.04874376541107307 -0.599487538308111 -0.7988984520868916
vn -0.05935434319855028 -0.7280635916944798 -0.6829351860845966
vn -0.13640501881290923 -0.6749646557807324 -0.7251319771527439
vn -0.13640501881290923 -0.6749646557807324 -0.7251319771527439
vn -0.05935434319855028 -0.7280635916944798 -0.6829351860845966
vn -0.15128148945977982 -0.7506671475334814 -0.6431273159808851
vn -0.05935434319855028 -0.7280635916944798 -0.6829351860845966
vn -0.05935434319855028 -0.7280635916944798 -0.6829351860845966
vn -0.15128148945977982 -0.7506671475334814 -0.6431273159808851
vn -0.15128148945977982 -0.7506671475334814 -0.6431273159808851
vn -0.05935434319855028 -0.7280635916944798 -0.6829351860845966
vn -0.1691800997650639 -0.8419402469101926 -0.5123618979552313
vn -0.05935434319855028 -0.7280635916944798 -0.6829351860845966
vn -0.0720992307446549 -0.8821747249310324 -0.4653702349945537
vn -0.1691800997650639 -0.8419402469101926 -0.5123618979552313
vn -0.1691800997650639 -0.8419402469101926 -0.5123618979552313
vn -0.0720992307446549 -0.8821747249310324 -0.4653702349945537
vn -0.1691800997650639 -0.8419402469101926 -0.5123618979552313
vn -0.0720992307446549 -0.8821747249310324 -0.4653702349945537
vn -0.0720992307446549 -0.8821747249310324 -0.4653702349945537
vn -0.1691800997650639 -0.8419402469101926 -0.5123618979552313
vn -0.1691800997650639 -0.8419402469101926 -0.5123618979552313
vn -0.0720992307446549 -0.8821747249310324 -0.4653702349945537
vn -0.18225074063320684 -0.9089200620819138 -0.37503198301432555
vn -0.0720992307446549 -0.8821747249310324 -0.4653702349945537
vn -0.0720992307446549 -0.8821747249310324 -0.4653702349945537
vn -0.18225074063320684 -0.9089200620819138 -0.37503198301432555
vn -0.18225074063320684 -0.9089200620819138 -0.37503198301432555
vn -0.0720992307446549 -0.8821747249310324 -0.4653702349945537
vn -0.19075967043734163 -0.9529694155048969 -0.23549955678703938
vn -0.0720992307446549 -0.8821747249310324 -0.4653702349945537
vn -0.07931668290317723 -0.969009992890086 -0.23394122657708777
vn -0.19075967043734163 -0.9529694155048969 -0.23549955678703938
vn -0.19075967043734163 -0.9529694155048969 -0.23549955678703938
vn -0.07931668290317723 -0.969009992890086 -0.23394122657708777
vn -0.19075967043734163 -0.9529694155048969 -0.23549955678703938
vn -0.07931668290317723 -0.969009992890086 -0.23394122657708777
vn -0.07931668290317723 -0.969009992890086 -0.23394122657708777
vn -0.19075967043734163 -0.9529694155048969 -0.23549955678703938
vn -0.19075967043734163 -0.9529694155048969 -0.23549955678703938
vn -0.07931668290317723 -0.969009992890086 -0.23394122657708777
vn -0.19556016820852432 -0.9789158502085146 -0.058991345304162016
vn -0.07931668290317723 -0.969009992890086 -0.23394122657708777
vn -0.08151253345356899 -0.994953159488325 -0.058514248813264357
vn -0.19556016820852432 -0.9789158502085146 -0.058991345304162016
vn -0.19556016820852432 -0.9789158502085146 -0.058991345304162016
vn -0.08151253345356899 -0.994953159488325 -0.058514248813264357
vn -0.19556016820852432 -0.9789158502085146 -0.058991345304162016
vn -0.08151253345356899 -0.994953159488325 -0.058514248813264357
vn -0.08151253345356899 -0.994953159488325 -0.058514248813264357
vn -0.19556016820852432 -0.9789158502085146 -0.058991345304162016
vn -0.19556016820852432 -0.9789158502085146 -0.058991345304162016
vn -0.08151253345356899 -0.994953159488325 -0.058514248813264357
vn -0.1953306691867847 -0.9789729352466364 0.05880409619769921
vn -0.08151253345356899 -0.994953159488325 -0.058514248813264357
vn -0.0815517542462124 -0.9949499522596484 0.05851413400101447
vn -0.1953306691867847 -0.9789729352466364 0.05880409619769921
vn -0.1953306691867847 -0.9789729352466364 0.05880409619769921
vn -0.0815517542462124 -0.9949499522596484 0.05851413400101447
vn -0.1953306691867847 -0.9789729352466364 0.05880409619769921
vn -0.0815517542462124 -0.9949499522596484 0.05851413400101447
vn -0.0815517542462124 -0.9949499522596484 0.05851413400101447
vn -0.1953306691867847 -0.9789729352466364 0.05880409619769921
vn -0.1953306691867847 -0.9789729352466364 0.05880409619769921
vn -0.0815517542462124 -0.9949499522596484 0.05851413400101447
vn -0.18972260215188477 -0.9532317747939073 0.23527540831114382
vn -0.0815517542462124 -0.9949499522596484 0.05851413400101447
vn -0.07949471522269733 -0.9689953386390194 0.23394149684806692
vn -0.18972260215188477 -0.9532317747939073 0.23527540831114382
vn -0.18972260215188477 -0.9532317747939073 0.23527540831114382
vn -0.07949471522269733 -0.9689953386390194 0.23394149684806692
vn -0.18972260215188477 -0.9532317747939073 0.23527540831114382
vn -0.07949471522269733 -0.9689953386390194 0.23394149684806692
vn -0.07949471522269733 -0.9689953386390194 0.23394149684806692
vn -0.18972260215188477 -0.9532317747939073 0.23527540831114382
vn -0.18972260215188477 -0.9532317747939073 0.23527540831114382
vn -0.07949471522269733 -0.9689953386390194 0.23394149684806692
vn -0.18054288918248584 -0.909337177705375 0.3748468519388471
vn -0.07949471522269733 -0.9689953386390194 0.23394149684806692
vn -0.07247925608619664 -0.8821435642372412 0.46537027140977505
vn -0.18054288918248584 -0.909337177705375 0.3748468519388471
vn -0.18054288918248584 -0.909337177705375 0.3748468519388471
vn -0.07247925608619664 -0.8821435642372412 0.46537027140977505
vn -0.16672220687126962 -0.8425037790617824 0.5122412400447556
vn -0.07247925608619664 -0.8821435642372412 0.46537027140977505
vn -0.07247925608619664 -0.8821435642372412 0.46537027140977505
vn -0.16672220687126962 -0.8425037790617824 0.5122412400447556
vn -0.16672220687126962 -0.8425037790617824 0.5122412400447556
vn -0.07247925608619664 -0.8821435642372412 0.46537027140977505
vn -0.16672220687126962 -0.8425037790617824 0.5122412400447556
vn -0.07247925608619664 -0.8821435642372412 0.46537027140977505
vn -0.07247925608619664 -0.8821435642372412 0.46537027140977505
vn -0.16672220687126962 -0.8425037790617824 0.5122412400447556
vn -0.16672220687126962 -0.8425037790617824 0.5122412400447556
vn -0.07247925608619664 -0.8821435642372412 0.46537027140977505
vn -0.14801481641349318 -0.7513575097541323 0.6430812597628306
vn -0.07247925608619664 -0.8821435642372412 0.46537027140977505
vn -0.05996509517310059 -0.7280136196153266 0.6829351045417651
vn -0.14801481641349318 -0.7513575097541323 0.6430812597628306
vn -0.14801481641349318 -0.7513575097541323 0.6430812597628306
vn -0.05996509517310059 -0.7280136196153266 0.6829351045417651
vn -0.1325626811629443 -0.6757196143644305 0.7251414609068199
vn -0.05996509517310059 -0.7280136196153266 0.6829351045417651
vn -0.05996509517310059 -0.7280136196153266 0.6829351045417651
vn -0.1325626811629443 -0.6757196143644305 0.7251414609068199
vn -0.1325626811629443 -0.6757196143644305 0.7251414609068199
vn -0.05996509517310059 -0.7280136196153266 0.6829351045417651
vn -0.10480016635599071 -0.5391391004899881 0.8356709612368993
vn -0.05996509517310059 -0.7280136196153266 0.6829351045417651
vn -0.04950211111503913 -0.5994257227199551 0.7988982062420806
vn -0.10480016635599071 -0.5391391004899881 0.8356709612368993
vn -0.10480016635599071 -0.5391391004899881 0.8356709612368993
vn -0.04950211111503913 -0.5994257227199551 0.7988982062420806
vn -0.10480016635599071 -0.5391391004899881 0.8356709612368993
vn -0.04950211111503913 -0.5994257227199551 0.7988982062420806
vn -0.0367183766555705 -0.44256330349667694 0.8959852025641317
vn -0.10480016635599071 -0.5391391004899881 0.8356709612368993
vn -0.10480016635599071 -0.5391391004899881 0.8356709612368993
vn -0.0367183766555705 -0.44256330349667694 0.8959852025641317
vn -0.06027136747067384 -0.3183548154558864 0.9460536843854389
vn -0.0367183766555705 -0.44256330349667694 0.8959852025641317
vn -0.0367183766555705 -0.44256330349667694 0.8959852025641317
vn -0.06027136747067384 -0.3183548154558864 0.9460536843854389
vn -0.06027136747067384 -0.3183548154558864 0.9460536843854389
vn -0.0367183766555705 -0.44256330349667694 0.8959852025641317
vn -0.06027136747067384 -0.3183548154558864 0.9460536843854389
vn -0.0367183766555705 -0.44256330349667694 0.8959852025641317
vn -0.016785595447949924 -0.19849844137264092 0.9799574544632486
vn -0.06027136747067384 -0.3183548154558864 0.9460536843854389
vn -0.06027136747067384 -0.3183548154558864 0.9460536843854389
vn -0.016785595447949924 -0.19849844137264092 0.9799574544632486
vn -0.01665183949893091 -0.09835491613573702 0.9950120736519905
vn -0.016785595447949924 -0.19849844137264092 0.9799574544632486
vn -0.016785595447949924 -0.19849844137264092 0.9799574544632486
vn -0.01665183949893091 -0.09835491613573702 0.9950120736519905
vn -0.01665183949893091 -0.09835491613573702 0.9950120736519905
vn -0.016785595447949924 -0.19849844137264092 0.9799574544632486
vn -0.01665183949893091 -0.09835491613573702 0.9950120736519905
vn -0.016785595447949924 -0.19849844137264092 0.9799574544632486
vn -0.0036153018476252465 -0.04019147209622897 0.9991854558405505
vn -0.01665183949893091 -0.09835491613573702 0.9950120736519905
vn -0.0029761115140296743 -0.04024490595062431 -0.9991854133769574
vn -0.02484265203424062 -0.06321296216290533 -0.9976908158615557
vn -0.01575355391812357 -0.19858276513580714 -0.9799575046551589
vn -0.02484265203424062 -0.06321296216290533 -0.9976908158615557
vn -0.02484265203424062 -0.06321296216290533 -0.9976908158615557
vn -0.01575355391812357 -0.19858276513580714 -0.9799575046551589
vn -0.01575355391812357 -0.19858276513580714 -0.9799575046551589
vn -0.02484265203424062 -0.06321296216290533 -0.9976908158615557
vn -0.01575355391812357 -0.19858276513580714 -0.9799575046551589
vn -0.02484265203424062 -0.06321296216290533 -0.9976908158615557
vn -0.10103371050680937 -0.22853687533052533 -0.9682784134511035
vn -0.01575355391812357 -0.19858276513580714 -0.9799575046551589
vn -0.01575355391812357 -0.19858276513580714 -0.9799575046551589
vn -0.10103371050680937 -0.22853687533052533 -0.9682784134511035
vn -0.03582007044575378 -0.4426373217579409 -0.8959850020732592
vn -0.10103371050680937 -0.22853687533052533 -0.9682784134511035
vn -0.15218325260428703 -0.334857351253766 -0.929898280425387
vn -0.03582007044575378 -0.4426373217579409 -0.8959850020732592
vn -0.03582007044575378 -0.4426373217579409 -0.8959850020732592
vn -0.15218325260428703 -0.334857351253766 -0.929898280425387
vn -0.03582007044575378 -0.4426373217579409 -0.8959850020732592
vn -0.15218325260428703 -0.334857351253766 -0.929898280425387
vn -0.2224681930448211 -0.48034565712215666 -0.848396106053803
vn -0.03582007044575378 -0.4426373217579409 -0.8959850020732592
vn -0.03582007044575378 -0.4426373217579409 -0.8959850020732592
vn -0.2224681930448211 -0.48034565712215666 -0.848396106053803
vn -0.04874376541107307 -0.599487538308111 -0.7988984520868916
vn -0.2224681930448211 -0.48034565712215666 -0.848396106053803
vn -0.2224681930448211 -0.48034565712215666 -0.848396106053803
vn -0.04874376541107307 -0.599487538308111 -0.7988984520868916
vn -0.04874376541107307 -0.599487538308111 -0.7988984520868916
vn -0.2224681930448211 -0.48034565712215666 -0.848396106053803
vn -0.05935434319855028 -0.7280635916944798 -0.6829351860845966
vn -0.2224681930448211 -0.48034565712215666 -0.848396106053803
vn -0.28368679026152477 -0.6064987254696939 -0.7427523820458273
vn -0.05935434319855028 -0.7280635916944798 -0.6829351860845966
vn -0.05935434319855028 -0.7280635916944798 -0.6829351860845966
vn -0.28368679026152477 -0.6064987254696939 -0.7427523820458273
vn -0.05935434319855028 -0.7280635916944798 -0.6829351860845966
vn -0.28368679026152477 -0.6064987254696939 -0.7427523820458273
vn -0.3184672975580828 -0.6779224454262092 -0.6625705535061155
vn -0.05935434319855028 -0.7280635916944798 -0.6829351860845966
vn -0.05935434319855028 -0.7280635916944798 -0.6829351860845966
vn -0.3184672975580828 -0.6779224454262092 -0.6625705535061155
vn -0.0720992307446549 -0.8821747249310324 -0.4653702349945537
vn -0.3184672975580828 -0.6779224454262092 -0.6625705535061155
vn -0.361388298348226 -0.765748446430413 -0.5320035851442942
vn -0.0720992307446549 -0.8821747249310324 -0.4653702349945537
vn -0.0720992307446549 -0.8821747249310324 -0.4653702349945537
vn -0.361388298348226 -0.765748446430413 -0.5320035851442942
vn -0.0720992307446549 -0.8821747249310324 -0.4653702349945537
vn -0.361388298348226 -0.765748446430413 -0.5320035851442942
vn -0.361388298348226 -0.765748446430413 -0.5320035851442942
vn -0.0720992307446549 -0.8821747249310324 -0.4653702349945537
vn -0.0720992307446549 -0.8821747249310324 -0.4653702349945537
vn -0.361388298348226 -0.765748446430413 -0.5320035851442942
vn -0.0720992307446549 -0.8821747249310324 -0.4653702349945537
vn -0.361388298348226 -0.765748446430413 -0.5320035851442942
vn -0.39373659268666766 -0.8315010493906294 -0.39188965339974885
vn -0.0720992307446549 -0.8821747249310324 -0.4653702349945537
vn -0.0720992307446549 -0.8821747249310324 -0.4653702349945537
vn -0.39373659268666766 -0.8315010493906294 -0.39188965339974885
vn -0.07931668290317723 -0.969009992890086 -0.23394122657708777
vn -0.39373659268666766 -0.8315010493906294 -0.39188965339974885
vn -0.4155552954136937 -0.8753454623814427 -0.24715201383330096
vn -0.07931668290317723 -0.969009992890086 -0.23394122657708777
vn -0.07931668290317723 -0.969009992890086 -0.23394122657708777
vn -0.4155552954136937 -0.8753454623814427 -0.24715201383330096
vn -0.07931668290317723 -0.969009992890086 -0.23394122657708777
vn -0.4155552954136937 -0.8753454623814427 -0.24715201383330096
vn -0.4155552954136937 -0.8753454623814427 -0.24715201383330096
vn -0.07931668290317723 -0.969009992890086 -0.23394122657708777
vn -0.07931668290317723 -0.969009992890086 -0.23394122657708777
vn -0.4155552954136937 -0.8753454623814427 -0.24715201383330096
vn -0.08151253345356899 -0.994953159488325 -0.058514248813264357
vn -0.4155552954136937 -0.8753454623814427 -0.24715201383330096
vn -0.42899671995841365 -0.9011747408842448 -0.062015325985896055
vn -0.08151253345356899 -0.994953159488325 -0.058514248813264357
vn -0.08151253345356899 -0.994953159488325 -0.058514248813264357
vn -0.42899671995841365 -0.9011747408842448 -0.062015325985896055
vn -0.08151253345356899 -0.994953159488325 -0.058514248813264357
vn -0.42899671995841365 -0.9011747408842448 -0.062015325985896055
vn -0.42899671995841365 -0.9011747408842448 -0.062015325985896055
vn -0.08151253345356899 -0.994953159488325 -0.058514248813264357
vn -0.08151253345356899 -0.994953159488325 -0.058514248813264357
vn -0.42899671995841365 -0.9011747408842448 -0.062015325985896055
vn -0.0815517542462124 -0.9949499522596484 0.05851413400101447
vn -0.42899671995841365 -0.9011747408842448 -0.062015325985896055
vn -0.4295211113538371 -0.9009249162528719 0.06201540273287337
vn -0.0815517542462124 -0.9949499522596484 0.05851413400101447
vn -0.0815517542462124 -0.9949499522596484 0.05851413400101447
vn -0.4295211113538371 -0.9009249162528719 0.06201540273287337
vn -0.0815517542462124 -0.9949499522596484 0.05851413400101447
vn -0.4295211113538371 -0.9009249162528719 0.06201540273287337
vn -0.4295211113538371 -0.9009249162528719 0.06201540273287337
vn -0.0815517542462124 -0.9949499522596484 0.05851413400101447
vn -0.0815517542462124 -0.9949499522596484 0.05851413400101447
vn -0.4295211113538371 -0.9009249162528719 0.06201540273287337
vn -0.07949471522269733 -0.9689953386390194 0.23394149684806692
vn -0.4295211113538371 -0.9009249162528719 0.06201540273287337
vn -0.41793230078521365 -0.8742130974412445 0.24715188088008314
vn -0.07949471522269733 -0.9689953386390194 0.23394149684806692
vn -0.07949471522269733 -0.9689953386390194 0.23394149684806692
vn -0.41793230078521365 -0.8742130974412445 0.24715188088008314
vn -0.07949471522269733 -0.9689953386390194 0.23394149684806692
vn -0.41793230078521365 -0.8742130974412445 0.24715188088008314
vn -0.41793230078521365 -0.8742130974412445 0.24715188088008314
vn -0.07949471522269733 -0.9689953386390194 0.23394149684806692
vn -0.07949471522269733 -0.9689953386390194 0.23394149684806692
vn -0.41793230078521365 -0.8742130974412445 0.24715188088008314
vn -0.07247925608619664 -0.8821435642372412 0.46537027140977505
vn -0.41793230078521365 -0.8742130974412445 0.24715188088008314
vn -0.3976315602520666 -0.8296453449724137 0.3918899639657947
vn -0.07247925608619664 -0.8821435642372412 0.46537027140977505
vn -0.07247925608619664 -0.8821435642372412 0.46537027140977505
vn -0.3976315602520666 -0.8296453449724137 0.3918899639657947
vn -0.07247925608619664 -0.8821435642372412 0.46537027140977505
vn -0.3976315602520666 -0.8296453449724137 0.3918899639657947
vn -0.3669520932475025 -0.7630979456021139 0.5320034649126916
vn -0.07247925608619664 -0.8821435642372412 0.46537027140977505
vn -0.07247925608619664 -0.8821435642372412 0.46537027140977505
vn -0.3669520932475025 -0.7630979456021139 0.5320034649126916
vn -0.07247925608619664 -0.8821435642372412 0.46537027140977505
vn -0.3669520932475025 -0.7630979456021139 0.5320034649126916
vn -0.3669520932475025 -0.7630979456021139 0.5320034649126916
vn -0.07247925608619664 -0.8821435642372412 0.46537027140977505
vn -0.07247925608619664 -0.8821435642372412 0.46537027140977505
vn -0.3669520932475025 -0.7630979456021139 0.5320034649126916
vn -0.05996509517310059 -0.7280136196153266 0.6829351045417651
vn -0.3669520932475025 -0.7630979456021139 0.5320034649126916
vn -0.32579271942781607 -0.674432077280783 0.6625711109779509
vn -0.05996509517310059 -0.7280136196153266 0.6829351045417651
vn -0.05996509517310059 -0.7280136196153266 0.6829351045417651
vn -0.32579271942781607 -0.674432077280783 0.6625711109779509
vn -0.05996509517310059 -0.7280136196153266 0.6829351045417651
vn -0.32579271942781607 -0.674432077280783 0.6625711109779509
vn -0.2922421712260285 -0.6024229564569613 0.7427523779098595
vn -0.05996509517310059 -0.7280136196153266 0.6829351045417651
vn -0.05996509517310059 -0.7280136196153266 0.6829351045417651
vn -0.2922421712260285 -0.6024229564569613 0.7427523779098595
vn -0.04950211111503913 -0.5994257227199551 0.7988982062420806
vn -0.2922421712260285 -0.6024229564569613 0.7427523779098595
vn -0.2328485722159951 -0.4754012575413211 0.8483956546005544
vn -0.04950211111503913 -0.5994257227199551 0.7988982062420806
vn -0.04950211111503913 -0.5994257227199551 0.7988982062420806
vn -0.2328485722159951 -0.4754012575413211 0.8483956546005544
vn -0.0367183766555705 -0.44256330349667694 0.8959852025641317
vn -0.2328485722159951 -0.4754012575413211 0.8483956546005544
vn -0.2328485722159951 -0.4754012575413211 0.8483956546005544
vn -0.0367183766555705 -0.44256330349667694 0.8959852025641317
vn -0.0367183766555705 -0.44256330349667694 0.8959852025641317
vn -0.2328485722159951 -0.4754012575413211 0.8483956546005544
vn -0.0367183766555705 -0.44256330349667694 0.8959852025641317
vn -0.2328485722159951 -0.4754012575413211 0.8483956546005544
vn -0.1641512918663039 -0.32915457250347074 0.9298987153333856
vn -0.0367183766555705 -0.44256330349667694 0.8959852025641317
vn -0.0367183766555705 -0.44256330349667694 0.8959852025641317
vn -0.1641512918663039 -0.32915457250347074 0.9298987153333856
vn -0.016785595447949924 -0.19849844137264092 0.9799574544632486
vn -0.1641512918663039 -0.32915457250347074 0.9298987153333856
vn -0.11381481267266486 -0.2224481192151639 0.9682783807737951
vn -0.016785595447949924 -0.19849844137264092 0.9799574544632486
vn -0.016785595447949924 -0.19849844137264092 0.9799574544632486
vn -0.11381481267266486 -0.2224481192151639 0.9682783807737951
vn -0.016785595447949924 -0.19849844137264092 0.9799574544632486
vn -0.11381481267266486 -0.2224481192151639 0.9682783807737951
vn -0.033436040770286383 -0.059118687125155917 0.9976908398949074
vn -0.016785595447949924 -0.19849844137264092 0.9799574544632486
vn -0.016785595447949924 -0.19849844137264092 0.9799574544632486
vn -0.033436040770286383 -0.059118687125155917 0.9976908398949074
vn -0.0036153018476252465 -0.04019147209622897 0.9991854558405505
vn -0.033436040770286383 -0.059118687125155917 0.9976908398949074
vn -0.033436040770286383 -0.059118687125155917 0.9976908398949074
vn -0.0036153018476252465 -0.04019147209622897 0.9991854558405505
vn -0.02484265203424062 -0.06321296216290533 -0.9976908158615557
vn -0.0688416793440078 -0.039183548706214426 -0.9968577996363799
vn -0.02484265203424062 -0.06321296216290533 -0.9976908158615557
vn -0.0688416793440078 -0.039183548706214426 -0.9968577996363799
vn -0.0688416793440078 -0.039183548706214426 -0.9968577996363799
vn -0.02484265203424062 -0.06321296216290533 -0.9976908158615557
vn -0.02484265203424062 -0.06321296216290533 -0.9976908158615557
vn -0.0688416793440078 -0.039183548706214426 -0.9968577996363799
vn -0.10103371050680937 -0.22853687533052533 -0.9682784134511035
vn -0.0688416793440078 -0.039183548706214426 -0.9968577996363799
vn -0.22206823213174445 -0.11434335099575366 -0.9683033090725982
vn -0.10103371050680937 -0.22853687533052533 -0.9682784134511035
vn -0.10103371050680937 -0.22853687533052533 -0.9682784134511035
vn -0.22206823213174445 -0.11434335099575366 -0.9683033090725982
vn -0.15218325260428703 -0.334857351253766 -0.929898280425387
vn -0.22206823213174445 -0.11434335099575366 -0.9683033090725982
vn -0.37903247529683404 -0.1887935760102399 -0.9059201776799215
vn -0.15218325260428703 -0.334857351253766 -0.929898280425387
vn -0.15218325260428703 -0.334857351253766 -0.929898280425387
vn -0.37903247529683404 -0.1887935760102399 -0.9059201776799215
vn -0.2224681930448211 -0.48034565712215666 -0.848396106053803
vn -0.37903247529683404 -0.1887935760102399 -0.9059201776799215
vn -0.37903247529683404 -0.1887935760102399 -0.9059201776799215
vn -0.2224681930448211 -0.48034565712215666 -0.848396106053803
vn -0.2224681930448211 -0.48034565712215666 -0.848396106053803
vn -0.37903247529683404 -0.1887935760102399 -0.9059201776799215
vn -0.2224681930448211 -0.48034565712215666 -0.848396106053803
vn -0.37903247529683404 -0.1887935760102399 -0.9059201776799215
vn -0.5196362774146546 -0.2551574726822547 -0.8153973285025188
vn -0.2224681930448211 -0.48034565712215666 -0.848396106053803
vn -0.2224681930448211 -0.48034565712215666 -0.848396106053803
vn -0.5196362774146546 -0.2551574726822547 -0.8153973285025188
vn -0.28368679026152477 -0.6064987254696939 -0.7427523820458273
vn -0.5196362774146546 -0.2551574726822547 -0.8153973285025188
vn -0.6015543180924209 -0.29367788841525827 -0.7428900997054125
vn -0.28368679026152477 -0.6064987254696939 -0.7427523820458273
vn -0.28368679026152477 -0.6064987254696939 -0.7427523820458273
vn -0.6015543180924209 -0.29367788841525827 -0.7428900997054125
vn -0.3184672975580828 -0.6779224454262092 -0.6625705535061155
vn -0.6015543180924209 -0.29367788841525827 -0.7428900997054125
vn -0.6734964847326473 -0.32741120456491135 -0.6627249717477988
vn -0.3184672975580828 -0.6779224454262092 -0.6625705535061155
vn -0.3184672975580828 -0.6779224454262092 -0.6625705535061155
vn -0.6734964847326473 -0.32741120456491135 -0.6627249717477988
vn -0.361388298348226 -0.765748446430413 -0.5320035851442942
vn -0.6734964847326473 -0.32741120456491135 -0.6627249717477988
vn -0.7863619797050516 -0.38010393961549727 -0.486986480267297
vn -0.361388298348226 -0.765748446430413 -0.5320035851442942
vn -0.361388298348226 -0.765748446430413 -0.5320035851442942
vn -0.7863619797050516 -0.38010393961549727 -0.486986480267297
vn -0.361388298348226 -0.765748446430413 -0.5320035851442942
vn -0.7863619797050516 -0.38010393961549727 -0.486986480267297
vn -0.7863619797050516 -0.38010393961549727 -0.486986480267297
vn -0.361388298348226 -0.765748446430413 -0.5320035851442942
vn -0.361388298348226 -0.765748446430413 -0.5320035851442942
vn -0.7863619797050516 -0.38010393961549727 -0.486986480267297
vn -0.39373659268666766 -0.8315010493906294 -0.39188965339974885
vn -0.7863619797050516 -0.38010393961549727 -0.486986480267297
vn -0.7863619797050516 -0.38010393961549727 -0.486986480267297
vn -0.39373659268666766 -0.8315010493906294 -0.39188965339974885
vn -0.39373659268666766 -0.8315010493906294 -0.39188965339974885
vn -0.7863619797050516 -0.38010393961549727 -0.486986480267297
vn -0.4155552954136937 -0.8753454623814427 -0.24715201383330096
vn -0.7863619797050516 -0.38010393961549727 -0.486986480267297
vn -0.8731540190592049 -0.4200834809222375 -0.2472487169977099
vn -0.4155552954136937 -0.8753454623814427 -0.24715201383330096
vn -0.4155552954136937 -0.8753454623814427 -0.24715201383330096
vn -0.8731540190592049 -0.4200834809222375 -0.2472487169977099
vn -0.4155552954136937 -0.8753454623814427 -0.24715201383330096
vn -0.8731540190592049 -0.4200834809222375 -0.2472487169977099
vn -0.8731540190592049 -0.4200834809222375 -0.2472487169977099
vn -0.4155552954136937 -0.8753454623814427 -0.24715201383330096
vn -0.4155552954136937 -0.8753454623814427 -0.24715201383330096
vn -0.8731540190592049 -0.4200834809222375 -0.2472487169977099
vn -0.42899671995841365 -0.9011747408842448 -0.062015325985896055
vn -0.8731540190592049 -0.4200834809222375 -0.2472487169977099
vn -0.8998595283052179 -0.43174513247991586 -0.06204006687787089
vn -0.42899671995841365 -0.9011747408842448 -0.062015325985896055
vn -0.42899671995841365 -0.9011747408842448 -0.062015325985896055
vn -0.8998595283052179 -0.43174513247991586 -0.06204006687787089
vn -0.42899671995841365 -0.9011747408842448 -0.062015325985896055
vn -0.8998595283052179 -0.43174513247991586 -0.06204006687787089
vn -0.8998595283052179 -0.43174513247991586 -0.06204006687787089
vn -0.42899671995841365 -0.9011747408842448 -0.062015325985896055
vn -0.42899671995841365 -0.9011747408842448 -0.062015325985896055
vn -0.8998595283052179 -0.43174513247991586 -0.06204006687787089
vn -0.4295211113538371 -0.9009249162528719 0.06201540273287337
vn -0.8998595283052179 -0.43174513247991586 -0.06204006687787089
vn -0.900111662916888 -0.4312191844446898 0.06204038400792616
vn -0.4295211113538371 -0.9009249162528719 0.06201540273287337
vn -0.4295211113538371 -0.9009249162528719 0.06201540273287337
vn -0.900111662916888 -0.4312191844446898 0.06204038400792616
vn -0.4295211113538371 -0.9009249162528719 0.06201540273287337
vn -0.900111662916888 -0.4312191844446898 0.06204038400792616
vn -0.900111662916888 -0.4312191844446898 0.06204038400792616
vn -0.4295211113538371 -0.9009249162528719 0.06201540273287337
vn -0.4295211113538371 -0.9009249162528719 0.06201540273287337
vn -0.900111662916888 -0.4312191844446898 0.06204038400792616
vn -0.41793230078521365 -0.8742130974412445 0.24715188088008314
vn -0.900111662916888 -0.4312191844446898 0.06204038400792616
vn -0.8742966008677546 -0.4177004374368931 0.24724845454748243
vn -0.41793230078521365 -0.8742130974412445 0.24715188088008314
vn -0.41793230078521365 -0.8742130974412445 0.24715188088008314
vn -0.8742966008677546 -0.4177004374368931 0.24724845454748243
vn -0.41793230078521365 -0.8742130974412445 0.24715188088008314
vn -0.8742966008677546 -0.4177004374368931 0.24724845454748243
vn -0.8742966008677546 -0.4177004374368931 0.24724845454748243
vn -0.41793230078521365 -0.8742130974412445 0.24715188088008314
vn -0.41793230078521365 -0.8742130974412445 0.24715188088008314
vn -0.8742966008677546 -0.4177004374368931 0.24724845454748243
vn -0.3976315602520666 -0.8296453449724137 0.3918899639657947
vn -0.8742966008677546 -0.4177004374368931 0.24724845454748243
vn -0.7887763362029395 -0.3750679483927741 0.4869865763393305
vn -0.3976315602520666 -0.8296453449724137 0.3918899639657947
vn -0.3976315602520666 -0.8296453449724137 0.3918899639657947
vn -0.7887763362029395 -0.3750679483927741 0.4869865763393305
vn -0.3669520932475025 -0.7630979456021139 0.5320034649126916
vn -0.7887763362029395 -0.3750679483927741 0.4869865763393305
vn -0.7887763362029395 -0.3750679483927741 0.4869865763393305
vn -0.3669520932475025 -0.7630979456021139 0.5320034649126916
vn -0.3669520932475025 -0.7630979456021139 0.5320034649126916
vn -0.7887763362029395 -0.3750679483927741 0.4869865763393305
vn -0.3669520932475025 -0.7630979456021139 0.5320034649126916
vn -0.7887763362029395 -0.3750679483927741 0.4869865763393305
vn -0.7887763362029395 -0.3750679483927741 0.4869865763393305
vn -0.3669520932475025 -0.7630979456021139 0.5320034649126916
vn -0.3669520932475025 -0.7630979456021139 0.5320034649126916
vn -0.7887763362029395 -0.3750679483927741 0.4869865763393305
vn -0.32579271942781607 -0.674432077280783 0.6625711109779509
vn -0.7887763362029395 -0.3750679483927741 0.4869865763393305
vn -0.6770170436003213 -0.3200683643390991 0.6627248032358337
vn -0.32579271942781607 -0.674432077280783 0.6625711109779509
vn -0.32579271942781607 -0.674432077280783 0.6625711109779509
vn -0.6770170436003213 -0.3200683643390991 0.6627248032358337
vn -0.2922421712260285 -0.6024229564569613 0.7427523779098595
vn -0.6770170436003213 -0.3200683643390991 0.6627248032358337
vn -0.6056653293613754 -0.2851021603113852 0.74289048115813
vn -0.2922421712260285 -0.6024229564569613 0.7427523779098595
vn -0.2922421712260285 -0.6024229564569613 0.7427523779098595
vn -0.6056653293613754 -0.2851021603113852 0.74289048115813
vn -0.2328485722159951 -0.4754012575413211 0.8483956546005544
vn -0.6056653293613754 -0.2851021603113852 0.74289048115813
vn -0.5243361657266657 -0.2453563690786913 0.8153967362355454
vn -0.2328485722159951 -0.4754012575413211 0.8483956546005544
vn -0.2328485722159951 -0.4754012575413211 0.8483956546005544
vn -0.5243361657266657 -0.2453563690786913 0.8153967362355454
vn -0.2328485722159951 -0.4754012575413211 0.8483956546005544
vn -0.5243361657266657 -0.2453563690786913 0.8153967362355454
vn -0.38454712129112306 -0.17729088983041152 0.9059202238000049
vn -0.2328485722159951 -0.4754012575413211 0.8483956546005544
vn -0.2328485722159951 -0.4754012575413211 0.8483956546005544
vn -0.38454712129112306 -0.17729088983041152 0.9059202238000049
vn -0.1641512918663039 -0.32915457250347074 0.9298987153333856
vn -0.38454712129112306 -0.17729088983041152 0.9059202238000049
vn -0.38454712129112306 -0.17729088983041152 0.9059202238000049
vn -0.1641512918663039 -0.32915457250347074 0.9298987153333856
vn -0.1641512918663039 -0.32915457250347074 0.9298987153333856
vn -0.38454712129112306 -0.17729088983041152 0.9059202238000049
vn -0.11381481267266486 -0.2224481192151639 0.9682783807737951
vn -0.38454712129112306 -0.17729088983041152 0.9059202238000049
vn -0.22820911672276648 -0.10153428185157357 0.9683033556967052
vn -0.11381481267266486 -0.2224481192151639 0.9682783807737951
vn -0.11381481267266486 -0.2224481192151639 0.9682783807737951
vn -0.22820911672276648 -0.10153428185157357 0.9683033556967052
vn -0.033436040770286383 -0.059118687125155917 0.9976908398949074
vn -0.22820911672276648 -0.10153428185157357 0.9683033556967052
vn -0.07365856378798817 -0.029135594378363352 0.9968578299441251
vn -0.033436040770286383 -0.059118687125155917 0.9976908398949074
vn -0.033436040770286383 -0.059118687125155917 0.9976908398949074
vn -0.07365856378798817 -0.029135594378363352 0.9968578299441251
vn -0.033436040770286383 -0.059118687125155917 0.9976908398949074
vn -0.07365856378798817 -0.029135594378363352 0.9968578299441251
vn -0.07365856378798817 -0.029135594378363352 0.9968578299441251
vn -0.033436040770286383 -0.059118687125155917 0.9976908398949074
vn -0.0688416793440078 -0.039183548706214426 -0.9968577996363799
vn -0.2144478836059304 -0.01736670342591786 -0.9765810272727263
vn -0.0688416793440078 -0.039183548706214426 -0.9968577996363799
vn -0.2144478836059304 -0.01736670342591786 -0.9765810272727263
vn -0.2144478836059304 -0.01736670342591786 -0.9765810272727263
vn -0.0688416793440078 -0.039183548706214426 -0.9968577996363799
vn -0.0688416793440078 -0.039183548706214426 -0.9968577996363799
vn -0.2144478836059304 -0.01736670342591786 -0.9765810272727263
vn -0.22206823213174445 -0.11434335099575366 -0.9683033090725982
vn -0.2144478836059304 -0.01736670342591786 -0.9765810272727263
vn -0.2144478836059304 -0.01736670342591786 -0.9765810272727263
vn -0.22206823213174445 -0.11434335099575366 -0.9683033090725982
vn -0.22206823213174445 -0.11434335099575366 -0.9683033090725982
vn -0.2144478836059304 -0.01736670342591786 -0.9765810272727263
vn -0.37903247529683404 -0.1887935760102399 -0.9059201776799215
vn -0.2144478836059304 -0.01736670342591786 -0.9765810272727263
vn -0.2144478836059304 -0.01736670342591786 -0.9765810272727263
vn -0.37903247529683404 -0.1887935760102399 -0.9059201776799215
vn -0.37903247529683404 -0.1887935760102399 -0.9059201776799215
vn -0.2144478836059304 -0.01736670342591786 -0.9765810272727263
vn -0.37903247529683404 -0.1887935760102399 -0.9059201776799215
vn -0.2144478836059304 -0.01736670342591786 -0.9765810272727263
vn -0.5498713102389268 -0.04357603443974539 -0.8341119058007936
vn -0.37903247529683404 -0.1887935760102399 -0.9059201776799215
vn -0.37903247529683404 -0.1887935760102399 -0.9059201776799215
vn -0.5498713102389268 -0.04357603443974539 -0.8341119058007936
vn -0.5196362774146546 -0.2551574726822547 -0.8153973285025188
vn -0.5498713102389268 -0.04357603443974539 -0.8341119058007936
vn -0.5498713102389268 -0.04357603443974539 -0.8341119058007936
vn -0.5196362774146546 -0.2551574726822547 -0.8153973285025188
vn -0.5196362774146546 -0.2551574726822547 -0.8153973285025188
vn -0.5498713102389268 -0.04357603443974539 -0.8341119058007936
vn -0.6015543180924209 -0.29367788841525827 -0.7428900997054125
vn -0.5498713102389268 -0.04357603443974539 -0.8341119058007936
vn -0.7281747360781078 -0.057428321947066416 -0.6829813625392146
vn -0.6015543180924209 -0.29367788841525827 -0.7428900997054125
vn -0.6015543180924209 -0.29367788841525827 -0.7428900997054125
vn -0.7281747360781078 -0.057428321947066416 -0.6829813625392146
vn -0.6734964847326473 -0.32741120456491135 -0.6627249717477988
vn -0.7281747360781078 -0.057428321947066416 -0.6829813625392146
vn -0.7281747360781078 -0.057428321947066416 -0.6829813625392146
vn -0.6734964847326473 -0.32741120456491135 -0.6627249717477988
vn -0.6734964847326473 -0.32741120456491135 -0.6627249717477988
vn -0.7281747360781078 -0.057428321947066416 -0.6829813625392146
vn -0.7863619797050516 -0.38010393961549727 -0.486986480267297
vn -0.7281747360781078 -0.057428321947066416 -0.6829813625392146
vn -0.8299091461919982 -0.06531234833450539 -0.5540623667258957
vn -0.7863619797050516 -0.38010393961549727 -0.486986480267297
vn -0.7863619797050516 -0.38010393961549727 -0.486986480267297
vn -0.8299091461919982 -0.06531234833450539 -0.5540623667258957
vn -0.7863619797050516 -0.38010393961549727 -0.486986480267297
vn -0.8299091461919982 -0.06531234833450539 -0.5540623667258957
vn -0.9051105819792102 -0.07112587865542196 -0.4191848563280281
vn -0.7863619797050516 -0.38010393961549727 -0.486986480267297
vn -0.7863619797050516 -0.38010393961549727 -0.486986480267297
vn -0.9051105819792102 -0.07112587865542196 -0.4191848563280281
vn -0.7863619797050516 -0.38010393961549727 -0.486986480267297
vn -0.9051105819792102 -0.07112587865542196 -0.4191848563280281
vn -0.9051105819792102 -0.07112587865542196 -0.4191848563280281
vn -0.7863619797050516 -0.38010393961549727 -0.486986480267297
vn -0.7863619797050516 -0.38010393961549727 -0.486986480267297
vn -0.9051105819792102 -0.07112587865542196 -0.4191848563280281
vn -0.8731540190592049 -0.4200834809222375 -0.2472487169977099
vn -0.9051105819792102 -0.07112587865542196 -0.4191848563280281
vn -0.9692642817982311 -0.07605747979958202 -0.23397010876754212
vn -0.8731540190592049 -0.4200834809222375 -0.2472487169977099
vn -0.8731540190592049 -0.4200834809222375 -0.2472487169977099
vn -0.9692642817982311 -0.07605747979958202 -0.23397010876754212
vn -0.8731540190592049 -0.4200834809222375 -0.2472487169977099
vn -0.9692642817982311 -0.07605747979958202 -0.23397010876754212
vn -0.9692642817982311 -0.07605747979958202 -0.23397010876754212
vn -0.8731540190592049 -0.4200834809222375 -0.2472487169977099
vn -0.8731540190592049 -0.4200834809222375 -0.2472487169977099
vn -0.9692642817982311 -0.07605747979958202 -0.23397010876754212
vn -0.8998595283052179 -0.43174513247991586 -0.06204006687787089
vn -0.9692642817982311 -0.07605747979958202 -0.23397010876754212
vn -0.9952335902400864 -0.07800823409869528 -0.05852192982661243
vn -0.8998595283052179 -0.43174513247991586 -0.06204006687787089
vn -0.8998595283052179 -0.43174513247991586 -0.06204006687787089
vn -0.9952335902400864 -0.07800823409869528 -0.05852192982661243
vn -0.8998595283052179 -0.43174513247991586 -0.06204006687787089
vn -0.9952335902400864 -0.07800823409869528 -0.05852192982661243
vn -0.9952335902400864 -0.07800823409869528 -0.05852192982661243
vn -0.8998595283052179 -0.43174513247991586 -0.06204006687787089
vn -0.8998595283052179 -0.43174513247991586 -0.06204006687787089
vn -0.9952335902400864 -0.07800823409869528 -0.05852192982661243
vn -0.900111662916888 -0.4312191844446898 0.06204038400792616
vn -0.9952335902400864 -0.07800823409869528 -0.05852192982661243
vn -0.9952372833863977 -0.07796107174032908 0.05852197066711199
vn -0.900111662916888 -0.4312191844446898 0.06204038400792616
vn -0.900111662916888 -0.4312191844446898 0.06204038400792616
vn -0.9952372833863977 -0.07796107174032908 0.05852197066711199
vn -0.900111662916888 -0.4312191844446898 0.06204038400792616
vn -0.9952372833863977 -0.07796107174032908 0.05852197066711199
vn -0.9952372833863977 -0.07796107174032908 0.05852197066711199
vn -0.900111662916888 -0.4312191844446898 0.06204038400792616
vn -0.900111662916888 -0.4312191844446898 0.06204038400792616
vn -0.9952372833863977 -0.07796107174032908 0.05852197066711199
vn -0.8742966008677546 -0.4177004374368931 0.24724845454748243
vn -0.9952372833863977 -0.07796107174032908 0.05852197066711199
vn -0.9692810780995291 -0.07584304368126832 0.2339701356228523
vn -0.8742966008677546 -0.4177004374368931 0.24724845454748243
vn -0.8742966008677546 -0.4177004374368931 0.24724845454748243
vn -0.9692810780995291 -0.07584304368126832 0.2339701356228523
vn -0.8742966008677546 -0.4177004374368931 0.24724845454748243
vn -0.9692810780995291 -0.07584304368126832 0.2339701356228523
vn -0.9692810780995291 -0.07584304368126832 0.2339701356228523
vn -0.8742966008677546 -0.4177004374368931 0.24724845454748243
vn -0.8742966008677546 -0.4177004374368931 0.24724845454748243
vn -0.9692810780995291 -0.07584304368126832 0.2339701356228523
vn -0.7887763362029395 -0.3750679483927741 0.4869865763393305
vn -0.9692810780995291 -0.07584304368126832 0.2339701356228523
vn -0.9051422246976757 -0.07072190015777786 0.4191848827276761
vn -0.7887763362029395 -0.3750679483927741 0.4869865763393305
vn -0.7887763362029395 -0.3750679483927741 0.4869865763393305
vn -0.9051422246976757 -0.07072190015777786 0.4191848827276761
vn -0.7887763362029395 -0.3750679483927741 0.4869865763393305
vn -0.9051422246976757 -0.07072190015777786 0.4191848827276761
vn -0.9051422246976757 -0.07072190015777786 0.4191848827276761
vn -0.7887763362029395 -0.3750679483927741 0.4869865763393305
vn -0.7887763362029395 -0.3750679483927741 0.4869865763393305
vn -0.9051422246976757 -0.07072190015777786 0.4191848827276761
vn -0.7887763362029395 -0.3750679483927741 0.4869865763393305
vn -0.9051422246976757 -0.07072190015777786 0.4191848827276761
vn -0.829953199543704 -0.06475112633081379 0.5540622512011261
vn -0.7887763362029395 -0.3750679483927741 0.4869865763393305
vn -0.7887763362029395 -0.3750679483927741 0.4869865763393305
vn -0.829953199543704 -0.06475112633081379 0.5540622512011261
vn -0.6770170436003213 -0.3200683643390991 0.6627248032358337
vn -0.829953199543704 -0.06475112633081379 0.5540622512011261
vn -0.728232199333301 -0.05669278980558536 0.6829815454594973
vn -0.6770170436003213 -0.3200683643390991 0.6627248032358337
vn -0.6770170436003213 -0.3200683643390991 0.6627248032358337
vn -0.728232199333301 -0.05669278980558536 0.6829815454594973
vn -0.6056653293613754 -0.2851021603113852 0.74289048115813
vn -0.728232199333301 -0.05669278980558536 0.6829815454594973
vn -0.728232199333301 -0.05669278980558536 0.6829815454594973
vn -0.6056653293613754 -0.2851021603113852 0.74289048115813
vn -0.6056653293613754 -0.2851021603113852 0.74289048115813
vn -0.728232199333301 -0.05669278980558536 0.6829815454594973
vn -0.5243361657266657 -0.2453563690786913 0.8153967362355454
vn -0.728232199333301 -0.05669278980558536 0.6829815454594973
vn -0.5499482095240166 -0.04260360775905731 0.834111443062161
vn -0.5243361657266657 -0.2453563690786913 0.8153967362355454
vn -0.5243361657266657 -0.2453563690786913 0.8153967362355454
vn -0.5499482095240166 -0.04260360775905731 0.834111443062161
vn -0.38454712129112306 -0.17729088983041152 0.9059202238000049
vn -0.5499482095240166 -0.04260360775905731 0.834111443062161
vn -0.5499482095240166 -0.04260360775905731 0.834111443062161
vn -0.38454712129112306 -0.17729088983041152 0.9059202238000049
vn -0.38454712129112306 -0.17729088983041152 0.9059202238000049
vn -0.5499482095240166 -0.04260360775905731 0.834111443062161
vn -0.38454712129112306 -0.17729088983041152 0.9059202238000049
vn -0.5499482095240166 -0.04260360775905731 0.834111443062161
vn -0.21453506873027314 -0.01624754043096061 0.9765811393401171
vn -0.38454712129112306 -0.17729088983041152 0.9059202238000049
vn -0.38454712129112306 -0.17729088983041152 0.9059202238000049
vn -0.21453506873027314 -0.01624754043096061 0.9765811393401171
vn -0.22820911672276648 -0.10153428185157357 0.9683033556967052
vn -0.21453506873027314 -0.01624754043096061 0.9765811393401171
vn -0.21453506873027314 -0.01624754043096061 0.9765811393401171
vn -0.22820911672276648 -0.10153428185157357 0.9683033556967052
vn -0.22820911672276648 -0.10153428185157357 0.9683033556967052
vn -0.21453506873027314 -0.01624754043096061 0.9765811393401171
vn -0.07365856378798817 -0.029135594378363352 0.9968578299441251
vn -0.21453506873027314 -0.01624754043096061 0.9765811393401171
vn -0.21453506873027314 -0.01624754043096061 0.9765811393401171
vn -0.07365856378798817 -0.029135594378363352 0.9968578299441251
vn -0.07365856378798817 -0.029135594378363352 0.9968578299441251
vn -0.21453506873027314 -0.01624754043096061 0.9765811393401171
vn -0.07365856378798817 -0.029135594378363352 0.9968578299441251
vn -0.21453506873027314 -0.01624754043096061 0.9765811393401171
vn -0.21453506873027314 -0.01624754043096061 0.9765811393401171
vn -0.07365856378798817 -0.029135594378363352 0.9968578299441251
vn -0.2144478836059304 -0.01736670342591786 -0.9765810272727263
vn -0.04741907981830042 -0.011243084723053062 -0.9988118060551227
vn -0.2144478836059304 -0.01736670342591786 -0.9765810272727263
vn -0.04741907981830042 -0.011243084723053062 -0.9988118060551227
vn -0.24406630366539014 -0.07889232967381049 -0.9665441737105201
vn -0.2144478836059304 -0.01736670342591786 -0.9765810272727263
vn -0.2144478836059304 -0.01736670342591786 -0.9765810272727263
vn -0.24406630366539014 -0.07889232967381049 -0.9665441737105201
vn -0.2144478836059304 -0.01736670342591786 -0.9765810272727263
vn -0.24406630366539014 -0.07889232967381049 -0.9665441737105201
vn -0.24406630366539014 -0.07889232967381049 -0.9665441737105201
vn -0.2144478836059304 -0.01736670342591786 -0.9765810272727263
vn -0.2144478836059304 -0.01736670342591786 -0.9765810272727263
vn -0.24406630366539014 -0.07889232967381049 -0.9665441737105201
vn -0.2144478836059304 -0.01736670342591786 -0.9765810272727263
vn -0.24406630366539014 -0.07889232967381049 -0.9665441737105201
vn -0.24406630366539014 -0.07889232967381049 -0.9665441737105201
vn -0.2144478836059304 -0.01736670342591786 -0.9765810272727263
vn -0.2144478836059304 -0.01736670342591786 -0.9765810272727263
vn -0.24406630366539014 -0.07889232967381049 -0.9665441737105201
vn -0.5498713102389268 -0.04357603443974539 -0.8341119058007936
vn -0.24406630366539014 -0.07889232967381049 -0.9665441737105201
vn -0.5127087207802575 -0.17553707862608187 -0.8404263808706225
vn -0.5498713102389268 -0.04357603443974539 -0.8341119058007936
vn -0.5498713102389268 -0.04357603443974539 -0.8341119058007936
vn -0.5127087207802575 -0.17553707862608187 -0.8404263808706225
vn -0.5498713102389268 -0.04357603443974539 -0.8341119058007936
vn -0.5127087207802575 -0.17553707862608187 -0.8404263808706225
vn -0.5127087207802575 -0.17553707862608187 -0.8404263808706225
vn -0.5498713102389268 -0.04357603443974539 -0.8341119058007936
vn -0.5498713102389268 -0.04357603443974539 -0.8341119058007936
vn -0.5127087207802575 -0.17553707862608187 -0.8404263808706225
vn -0.7281747360781078 -0.057428321947066416 -0.6829813625392146
vn -0.5127087207802575 -0.17553707862608187 -0.8404263808706225
vn -0.6815342910785973 -0.23722320821682438 -0.6922688491961133
vn -0.7281747360781078 -0.057428321947066416 -0.6829813625392146
vn -0.7281747360781078 -0.057428321947066416 -0.6829813625392146
vn -0.6815342910785973 -0.23722320821682438 -0.6922688491961133
vn -0.7281747360781078 -0.057428321947066416 -0.6829813625392146
vn -0.6815342910785973 -0.23722320821682438 -0.6922688491961133
vn -0.6815342910785973 -0.23722320821682438 -0.6922688491961133
vn -0.7281747360781078 -0.057428321947066416 -0.6829813625392146
vn -0.7281747360781078 -0.057428321947066416 -0.6829813625392146
vn -0.6815342910785973 -0.23722320821682438 -0.6922688491961133
vn -0.8299091461919982 -0.06531234833450539 -0.5540623667258957
vn -0.6815342910785973 -0.23722320821682438 -0.6922688491961133
vn -0.8060606544363177 -0.28312563286064163 -0.5197173245014605
vn -0.8299091461919982 -0.06531234833450539 -0.5540623667258957
vn -0.8299091461919982 -0.06531234833450539 -0.5540623667258957
vn -0.8060606544363177 -0.28312563286064163 -0.5197173245014605
vn -0.9051105819792102 -0.07112587865542196 -0.4191848563280281
vn -0.8060606544363177 -0.28312563286064163 -0.5197173245014605
vn -0.8060606544363177 -0.28312563286064163 -0.5197173245014605
vn -0.9051105819792102 -0.07112587865542196 -0.4191848563280281
vn -0.9051105819792102 -0.07112587865542196 -0.4191848563280281
vn -0.8060606544363177 -0.28312563286064163 -0.5197173245014605
vn -0.9051105819792102 -0.07112587865542196 -0.4191848563280281
vn -0.8060606544363177 -0.28312563286064163 -0.5197173245014605
vn -0.8718157015825044 -0.3075953196958947 -0.381211885669093
vn -0.9051105819792102 -0.07112587865542196 -0.4191848563280281
vn -0.9051105819792102 -0.07112587865542196 -0.4191848563280281
vn -0.8718157015825044 -0.3075953196958947 -0.381211885669093
vn -0.9692642817982311 -0.07605747979958202 -0.23397010876754212
vn -0.8718157015825044 -0.3075953196958947 -0.381211885669093
vn -0.9152348836626301 -0.32396487106117244 -0.23956600352589644
vn -0.9692642817982311 -0.07605747979958202 -0.23397010876754212
vn -0.9692642817982311 -0.07605747979958202 -0.23397010876754212
vn -0.9152348836626301 -0.32396487106117244 -0.23956600352589644
vn -0.9692642817982311 -0.07605747979958202 -0.23397010876754212
vn -0.9152348836626301 -0.32396487106117244 -0.23956600352589644
vn -0.9152348836626301 -0.32396487106117244 -0.23956600352589644
vn -0.9692642817982311 -0.07605747979958202 -0.23397010876754212
vn -0.9692642817982311 -0.07605747979958202 -0.23397010876754212
vn -0.9152348836626301 -0.32396487106117244 -0.23956600352589644
vn -0.9952335902400864 -0.07800823409869528 -0.05852192982661243
vn -0.9152348836626301 -0.32396487106117244 -0.23956600352589644
vn -0.9406631350149252 -0.33404826269941024 -0.05970447731450562
vn -0.9952335902400864 -0.07800823409869528 -0.05852192982661243
vn -0.9952335902400864 -0.07800823409869528 -0.05852192982661243
vn -0.9406631350149252 -0.33404826269941024 -0.05970447731450562
vn -0.9952335902400864 -0.07800823409869528 -0.05852192982661243
vn -0.9406631350149252 -0.33404826269941024 -0.05970447731450562
vn -0.9406631350149252 -0.33404826269941024 -0.05970447731450562
vn -0.9952335902400864 -0.07800823409869528 -0.05852192982661243
vn -0.9952335902400864 -0.07800823409869528 -0.05852192982661243
vn -0.9406631350149252 -0.33404826269941024 -0.05970447731450562
vn -0.9952372833863977 -0.07796107174032908 0.05852197066711199
vn -0.9406631350149252 -0.33404826269941024 -0.05970447731450562
vn -0.9404425728034287 -0.33450681351740424 0.06060494178943237
vn -0.9952372833863977 -0.07796107174032908 0.05852197066711199
vn -0.9952372833863977 -0.07796107174032908 0.05852197066711199
vn -0.9404425728034287 -0.33450681351740424 0.06060494178943237
vn -0.9952372833863977 -0.07796107174032908 0.05852197066711199
vn -0.9404425728034287 -0.33450681351740424 0.06060494178943237
vn -0.9404425728034287 -0.33450681351740424 0.06060494178943237
vn -0.9952372833863977 -0.07796107174032908 0.05852197066711199
vn -0.9952372833863977 -0.07796107174032908 0.05852197066711199
vn -0.9404425728034287 -0.33450681351740424 0.06060494178943237
vn -0.9692810780995291 -0.07584304368126832 0.2339701356228523
vn -0.9404425728034287 -0.33450681351740424 0.06060494178943237
vn -0.9142193805189158 -0.32601973453429467 0.2406533959407137
vn -0.9692810780995291 -0.07584304368126832 0.2339701356228523
vn -0.9692810780995291 -0.07584304368126832 0.2339701356228523
vn -0.9142193805189158 -0.32601973453429467 0.2406533959407137
vn -0.9692810780995291 -0.07584304368126832 0.2339701356228523
vn -0.9142193805189158 -0.32601973453429467 0.2406533959407137
vn -0.9142193805189158 -0.32601973453429467 0.2406533959407137
vn -0.9692810780995291 -0.07584304368126832 0.2339701356228523
vn -0.9692810780995291 -0.07584304368126832 0.2339701356228523
vn -0.9142193805189158 -0.32601973453429467 0.2406533959407137
vn -0.9051422246976757 -0.07072190015777786 0.4191848827276761
vn -0.9142193805189158 -0.32601973453429467 0.2406533959407137
vn -0.8702120518456015 -0.31099568859435456 0.38211603800205957
vn -0.9051422246976757 -0.07072190015777786 0.4191848827276761
vn -0.9051422246976757 -0.07072190015777786 0.4191848827276761
vn -0.8702120518456015 -0.31099568859435456 0.38211603800205957
vn -0.9051422246976757 -0.07072190015777786 0.4191848827276761
vn -0.8702120518456015 -0.31099568859435456 0.38211603800205957
vn -0.8039149157635987 -0.2880649010626188 0.5203262639811577
vn -0.9051422246976757 -0.07072190015777786 0.4191848827276761
vn -0.9051422246976757 -0.07072190015777786 0.4191848827276761
vn -0.8039149157635987 -0.2880649010626188 0.5203262639811577
vn -0.829953199543704 -0.06475112633081379 0.5540622512011261
vn -0.8039149157635987 -0.2880649010626188 0.5203262639811577
vn -0.8039149157635987 -0.2880649010626188 0.5203262639811577
vn -0.829953199543704 -0.06475112633081379 0.5540622512011261
vn -0.829953199543704 -0.06475112633081379 0.5540622512011261
vn -0.8039149157635987 -0.2880649010626188 0.5203262639811577
vn -0.728232199333301 -0.05669278980558536 0.6829815454594973
vn -0.8039149157635987 -0.2880649010626188 0.5203262639811577
vn -0.6788414061026377 -0.24449810170870898 0.6923835812766154
vn -0.728232199333301 -0.05669278980558536 0.6829815454594973
vn -0.728232199333301 -0.05669278980558536 0.6829815454594973
vn -0.6788414061026377 -0.24449810170870898 0.6923835812766154
vn -0.728232199333301 -0.05669278980558536 0.6829815454594973
vn -0.6788414061026377 -0.24449810170870898 0.6923835812766154
vn -0.6788414061026377 -0.24449810170870898 0.6923835812766154
vn -0.728232199333301 -0.05669278980558536 0.6829815454594973
vn -0.728232199333301 -0.05669278980558536 0.6829815454594973
vn -0.6788414061026377 -0.24449810170870898 0.6923835812766154
vn -0.5499482095240166 -0.04260360775905731 0.834111443062161
vn -0.6788414061026377 -0.24449810170870898 0.6923835812766154
vn -0.5098369732157692 -0.18537545257101412 0.8400608325152856
vn -0.5499482095240166 -0.04260360775905731 0.834111443062161
vn -0.5499482095240166 -0.04260360775905731 0.834111443062161
vn -0.5098369732157692 -0.18537545257101412 0.8400608325152856
vn -0.5499482095240166 -0.04260360775905731 0.834111443062161
vn -0.5098369732157692 -0.18537545257101412 0.8400608325152856
vn -0.5098369732157692 -0.18537545257101412 0.8400608325152856
vn -0.5499482095240166 -0.04260360775905731 0.834111443062161
vn -0.5499482095240166 -0.04260360775905731 0.834111443062161
vn -0.5098369732157692 -0.18537545257101412 0.8400608325152856
vn -0.21453506873027314 -0.01624754043096061 0.9765811393401171
vn -0.5098369732157692 -0.18537545257101412 0.8400608325152856
vn -0.24161160341642995 -0.09138755632483679 0.9660601159573439
vn -0.21453506873027314 -0.01624754043096061 0.9765811393401171
vn -0.21453506873027314 -0.01624754043096061 0.9765811393401171
vn -0.24161160341642995 -0.09138755632483679 0.9660601159573439
vn -0.21453506873027314 -0.01624754043096061 0.9765811393401171
vn -0.24161160341642995 -0.09138755632483679 0.9660601159573439
vn -0.24161160341642995 -0.09138755632483679 0.9660601159573439
vn -0.21453506873027314 -0.01624754043096061 0.9765811393401171
vn -0.21453506873027314 -0.01624754043096061 0.9765811393401171
vn -0.24161160341642995 -0.09138755632483679 0.9660601159573439
vn -0.21453506873027314 -0.01624754043096061 0.9765811393401171
vn -0.24161160341642995 -0.09138755632483679 0.9660601159573439
vn -0.24161160341642995 -0.09138755632483679 0.9660601159573439
vn -0.21453506873027314 -0.01624754043096061 0.9765811393401171
vn -0.21453506873027314 -0.01624754043096061 0.9765811393401171
vn -0.24161160341642995 -0.09138755632483679 0.9660601159573439
vn -0.21453506873027314 -0.01624754043096061 0.9765811393401171
vn -0.24161160341642995 -0.09138755632483679 0.9660601159573439
vn -0.04602551810465616 -0.021177710862530966 0.9987157534783464
vn -0.21453506873027314 -0.01624754043096061 0.9765811393401171
vn -0.04741907981830042 -0.011243084723053062 -0.9988118060551227
vn -0.006927640000686782 -0.014796978416783886 -0.999866519708383
vn -0.24406630366539014 -0.07889232967381049 -0.9665441737105201
vn -0.006927640000686782 -0.014796978416783886 -0.999866519708383
vn -0.026978681998256773 -0.13585780194184233 -0.9903609485279437
vn -0.24406630366539014 -0.07889232967381049 -0.9665441737105201
vn -0.24406630366539014 -0.07889232967381049 -0.9665441737105201
vn -0.026978681998256773 -0.13585780194184233 -0.9903609485279437
vn -0.24406630366539014 -0.07889232967381049 -0.9665441737105201
vn -0.026978681998256773 -0.13585780194184233 -0.9903609485279437
vn -0.026978681998256773 -0.13585780194184233 -0.9903609485279437
vn -0.24406630366539014 -0.07889232967381049 -0.9665441737105201
vn -0.24406630366539014 -0.07889232967381049 -0.9665441737105201
vn -0.026978681998256773 -0.13585780194184233 -0.9903609485279437
vn -0.24406630366539014 -0.07889232967381049 -0.9665441737105201
vn -0.026978681998256773 -0.13585780194184233 -0.9903609485279437
vn -0.038258306299928914 -0.319259670167769 -0.9468946958365688
vn -0.24406630366539014 -0.07889232967381049 -0.9665441737105201
vn -0.24406630366539014 -0.07889232967381049 -0.9665441737105201
vn -0.038258306299928914 -0.319259670167769 -0.9468946958365688
vn -0.5127087207802575 -0.17553707862608187 -0.8404263808706225
vn -0.038258306299928914 -0.319259670167769 -0.9468946958365688
vn -0.038258306299928914 -0.319259670167769 -0.9468946958365688
vn -0.5127087207802575 -0.17553707862608187 -0.8404263808706225
vn -0.5127087207802575 -0.17553707862608187 -0.8404263808706225
vn -0.038258306299928914 -0.319259670167769 -0.9468946958365688
vn -0.5127087207802575 -0.17553707862608187 -0.8404263808706225
vn -0.038258306299928914 -0.319259670167769 -0.9468946958365688
vn -0.04603467634343802 -0.4564417128716567 -0.888561630571984
vn -0.5127087207802575 -0.17553707862608187 -0.8404263808706225
vn -0.5127087207802575 -0.17553707862608187 -0.8404263808706225
vn -0.16514964256866776 -0.4318609497814964 -0.886691443295392
vn -0.6815342910785973 -0.23722320821682438 -0.6922688491961133
vn -0.16514964256866776 -0.4318609497814964 -0.886691443295392
vn -0.5874307190482368 -0.4251779343096822 -0.688584689413454
vn -0.6815342910785973 -0.23722320821682438 -0.6922688491961133
vn -0.6815342910785973 -0.23722320821682438 -0.6922688491961133
vn -0.5874307190482368 -0.4251779343096822 -0.688584689413454
vn -0.6815342910785973 -0.23722320821682438 -0.6922688491961133
vn -0.5874307190482368 -0.4251779343096822 -0.688584689413454
vn -0.6445944791495025 -0.46830885775726777 -0.6043051970619358
vn -0.6815342910785973 -0.23722320821682438 -0.6922688491961133
vn -0.6815342910785973 -0.23722320821682438 -0.6922688491961133
vn -0.6445944791495025 -0.46830885775726777 -0.6043051970619358
vn -0.8060606544363177 -0.28312563286064163 -0.5197173245014605
vn -0.6445944791495025 -0.46830885775726777 -0.6043051970619358
vn -0.6915970532814224 -0.5040325586655122 -0.5173438853389013
vn -0.8060606544363177 -0.28312563286064163 -0.5197173245014605
vn -0.8060606544363177 -0.28312563286064163 -0.5197173245014605
vn -0.6915970532814224 -0.5040325586655122 -0.5173438853389013
vn -0.8060606544363177 -0.28312563286064163 -0.5197173245014605
vn -0.6915970532814224 -0.5040325586655122 -0.5173438853389013
vn -0.7449413650019017 -0.5448551855971702 -0.38496128303632954
vn -0.8060606544363177 -0.28312563286064163 -0.5197173245014605
vn -0.8060606544363177 -0.28312563286064163 -0.5197173245014605
vn -0.7449413650019017 -0.5448551855971702 -0.38496128303632954
vn -0.8718157015825044 -0.3075953196958947 -0.381211885669093
vn -0.7449413650019017 -0.5448551855971702 -0.38496128303632954
vn -0.7449413650019017 -0.5448551855971702 -0.38496128303632954
vn -0.8718157015825044 -0.3075953196958947 -0.381211885669093
vn -0.8718157015825044 -0.3075953196958947 -0.381211885669093
vn -0.7449413650019017 -0.5448551855971702 -0.38496128303632954
vn -0.9152348836626301 -0.32396487106117244 -0.23956600352589644
vn -0.7449413650019017 -0.5448551855971702 -0.38496128303632954
vn -0.7888857645888637 -0.5787282530055086 -0.20671927728742656
vn -0.9152348836626301 -0.32396487106117244 -0.23956600352589644
vn -0.9152348836626301 -0.32396487106117244 -0.23956600352589644
vn -0.7888857645888637 -0.5787282530055086 -0.20671927728742656
vn -0.9152348836626301 -0.32396487106117244 -0.23956600352589644
vn -0.7888857645888637 -0.5787282530055086 -0.20671927728742656
vn -0.7888857645888637 -0.5787282530055086 -0.20671927728742656
vn -0.9152348836626301 -0.32396487106117244 -0.23956600352589644
vn -0.9152348836626301 -0.32396487106117244 -0.23956600352589644
vn -0.7888857645888637 -0.5787282530055086 -0.20671927728742656
vn -0.9406631350149252 -0.33404826269941024 -0.05970447731450562
vn -0.7888857645888637 -0.5787282530055086 -0.20671927728742656
vn -0.8052107059420119 -0.5913661691710209 -0.04383803139236651
vn -0.9406631350149252 -0.33404826269941024 -0.05970447731450562
vn -0.9406631350149252 -0.33404826269941024 -0.05970447731450562
vn -0.8052107059420119 -0.5913661691710209 -0.04383803139236651
vn -0.9406631350149252 -0.33404826269941024 -0.05970447731450562
vn -0.8052107059420119 -0.5913661691710209 -0.04383803139236651
vn -0.8052107059420119 -0.5913661691710209 -0.04383803139236651
vn -0.9406631350149252 -0.33404826269941024 -0.05970447731450562
vn -0.9406631350149252 -0.33404826269941024 -0.05970447731450562
vn -0.8052107059420119 -0.5913661691710209 -0.04383803139236651
vn -0.9404425728034287 -0.33450681351740424 0.06060494178943237
vn -0.8052107059420119 -0.5913661691710209 -0.04383803139236651
vn -0.8042261570072007 -0.5905292011810549 0.06704886977343189
vn -0.9404425728034287 -0.33450681351740424 0.06060494178943237
vn -0.9404425728034287 -0.33450681351740424 0.06060494178943237
vn -0.8042261570072007 -0.5905292011810549 0.06704886977343189
vn -0.9404425728034287 -0.33450681351740424 0.06060494178943237
vn -0.8042261570072007 -0.5905292011810549 0.06704886977343189
vn -0.8042261570072007 -0.5905292011810549 0.06704886977343189
vn -0.9404425728034287 -0.33450681351740424 0.06060494178943237
vn -0.9404425728034287 -0.33450681351740424 0.06060494178943237
vn -0.8042261570072007 -0.5905292011810549 0.06704886977343189
vn -0.9142193805189158 -0.32601973453429467 0.2406533959407137
vn -0.8042261570072007 -0.5905292011810549 0.06704886977343189
vn -0.7834323026163724 -0.5742775185357223 0.23756927183805102
vn -0.9142193805189158 -0.32601973453429467 0.2406533959407137
vn -0.9142193805189158 -0.32601973453429467 0.2406533959407137
vn -0.7834323026163724 -0.5742775185357223 0.23756927183805102
vn -0.9142193805189158 -0.32601973453429467 0.2406533959407137
vn -0.7834323026163724 -0.5742775185357223 0.23756927183805102
vn -0.7834323026163724 -0.5742775185357223 0.23756927183805102
vn -0.9142193805189158 -0.32601973453429467 0.2406533959407137
vn -0.9142193805189158 -0.32601973453429467 0.2406533959407137
vn -0.7834323026163724 -0.5742775185357223 0.23756927183805102
vn -0.8702120518456015 -0.31099568859435456 0.38211603800205957
vn -0.7834323026163724 -0.5742775185357223 0.23756927183805102
vn -0.7346055377228237 -0.5365095639337181 0.4153458700343762
vn -0.8702120518456015 -0.31099568859435456 0.38211603800205957
vn -0.8702120518456015 -0.31099568859435456 0.38211603800205957
vn -0.7346055377228237 -0.5365095639337181 0.4153458700343762
vn -0.8039149157635987 -0.2880649010626188 0.5203262639811577
vn -0.7346055377228237 -0.5365095639337181 0.4153458700343762
vn -0.7346055377228237 -0.5365095639337181 0.4153458700343762
vn -0.8039149157635987 -0.2880649010626188 0.5203262639811577
vn -0.8039149157635987 -0.2880649010626188 0.5203262639811577
vn -0.7346055377228237 -0.5365095639337181 0.4153458700343762
vn -0.8039149157635987 -0.2880649010626188 0.5203262639811577
vn -0.7346055377228237 -0.5365095639337181 0.4153458700343762
vn -0.6771095839965031 -0.4924678096496786 0.5468071577063803
vn -0.8039149157635987 -0.2880649010626188 0.5203262639811577
vn -0.8039149157635987 -0.2880649010626188 0.5203262639811577
vn -0.6771095839965031 -0.4924678096496786 0.5468071577063803
vn -0.6788414061026377 -0.24449810170870898 0.6923835812766154
vn -0.6771095839965031 -0.4924678096496786 0.5468071577063803
vn -0.627053376448064 -0.4544427369034412 0.6326814853943429
vn -0.6788414061026377 -0.24449810170870898 0.6923835812766154
vn -0.6788414061026377 -0.24449810170870898 0.6923835812766154
vn -0.627053376448064 -0.4544427369034412 0.6326814853943429
vn -0.6788414061026377 -0.24449810170870898 0.6923835812766154
vn -0.627053376448064 -0.4544427369034412 0.6326814853943429
vn -0.5666391071454963 -0.4089279043448435 0.7153307565745297
vn -0.6788414061026377 -0.24449810170870898 0.6923835812766154
vn -0.6788414061026377 -0.24449810170870898 0.6923835812766154
vn -0.5666391071454963 -0.4089279043448435 0.7153307565745297
vn -0.5098369732157692 -0.18537545257101412 0.8400608325152856
vn -0.5666391071454963 -0.4089279043448435 0.7153307565745297
vn -0.2887604757371342 -0.40348099610383975 0.868228353277591
vn -0.5098369732157692 -0.18537545257101412 0.8400608325152856
vn -0.5098369732157692 -0.18537545257101412 0.8400608325152856
vn -0.01919374409631495 -0.4583848669314225 0.88854651760942
vn -0.5098369732157692 -0.18537545257101412 0.8400608325152856
vn -0.01919374409631495 -0.4583848669314225 0.88854651760942
vn -0.008106308786620954 -0.32148047478174074 0.9468815090030868
vn -0.5098369732157692 -0.18537545257101412 0.8400608325152856
vn -0.5098369732157692 -0.18537545257101412 0.8400608325152856
vn -0.008106308786620954 -0.32148047478174074 0.9468815090030868
vn -0.24161160341642995 -0.09138755632483679 0.9660601159573439
vn -0.008106308786620954 -0.32148047478174074 0.9468815090030868
vn -0.008106308786620954 -0.32148047478174074 0.9468815090030868
vn -0.24161160341642995 -0.09138755632483679 0.9660601159573439
vn -0.24161160341642995 -0.09138755632483679 0.9660601159573439
vn -0.008106308786620954 -0.32148047478174074 0.9468815090030868
vn -0.24161160341642995 -0.09138755632483679 0.9660601159573439
vn -0.008106308786620954 -0.32148047478174074 0.9468815090030868
vn 0.006371714451777466 -0.1384168971330519 0.9903535549706495
vn -0.24161160341642995 -0.09138755632483679 0.9660601159573439
vn -0.24161160341642995 -0.09138755632483679 0.9660601159573439
vn 0.006371714451777466 -0.1384168971330519 0.9903535549706495
vn -0.24161160341642995 -0.09138755632483679 0.9660601159573439
vn 0.006371714451777466 -0.1384168971330519 0.9903535549706495
vn 0.006371714451777466 -0.1384168971330519 0.9903535549706495
vn -0.24161160341642995 -0.09138755632483679 0.9660601159573439
vn -0.24161160341642995 -0.09138755632483679 0.9660601159573439
vn 0.006371714451777466 -0.1384168971330519 0.9903535549706495
vn -0.04602551810465616 -0.021177710862530966 0.9987157534783464
vn 0.006371714451777466 -0.1384168971330519 0.9903535549706495
vn 0.0045323943679127865 -0.01571205969750653 0.9998662853508743
vn -0.04602551810465616 -0.021177710862530966 0.9987157534783464
vn -0.006927640000686782 -0.014796978416783886 -0.999866519708383
vn 0.12395834080150013 -0.11056191387162773 -0.9861087125397392
vn -0.026978681998256773 -0.13585780194184233 -0.9903609485279437
vn 0.12395834080150013 -0.11056191387162773 -0.9861087125397392
vn 0.12395834080150013 -0.11056191387162773 -0.9861087125397392
vn -0.026978681998256773 -0.13585780194184233 -0.9903609485279437
vn -0.026978681998256773 -0.13585780194184233 -0.9903609485279437
vn 0.12395834080150013 -0.11056191387162773 -0.9861087125397392
vn -0.026978681998256773 -0.13585780194184233 -0.9903609485279437
vn 0.12395834080150013 -0.11056191387162773 -0.9861087125397392
vn 0.12395834080150013 -0.11056191387162773 -0.9861087125397392
vn -0.026978681998256773 -0.13585780194184233 -0.9903609485279437
vn -0.026978681998256773 -0.13585780194184233 -0.9903609485279437
vn 0.12395834080150013 -0.11056191387162773 -0.9861087125397392
vn -0.038258306299928914 -0.319259670167769 -0.9468946958365688
vn 0.12395834080150013 -0.11056191387162773 -0.9861087125397392
vn 0.37797149474105024 -0.3350916456833063 -0.8630475874228892
vn -0.038258306299928914 -0.319259670167769 -0.9468946958365688
vn -0.038258306299928914 -0.319259670167769 -0.9468946958365688
vn 0.37797149474105024 -0.3350916456833063 -0.8630475874228892
vn -0.038258306299928914 -0.319259670167769 -0.9468946958365688
vn 0.37797149474105024 -0.3350916456833063 -0.8630475874228892
vn 0.37797149474105024 -0.3350916456833063 -0.8630475874228892
vn -0.038258306299928914 -0.319259670167769 -0.9468946958365688
vn -0.038258306299928914 -0.319259670167769 -0.9468946958365688
vn 0.37797149474105024 -0.3350916456833063 -0.8630475874228892
vn -0.04603467634343802 -0.4564417128716567 -0.888561630571984
vn 0.37797149474105024 -0.3350916456833063 -0.8630475874228892
vn 0.37797149474105024 -0.3350916456833063 -0.8630475874228892
vn -0.04603467634343802 -0.4564417128716567 -0.888561630571984
vn 0.2287123937197222 -0.4423097648537537 -0.8672097283091398
vn 0.37797149474105024 -0.3350916456833063 -0.8630475874228892
vn 0.5027028430954122 -0.4894188748362791 -0.7125721131912053
vn 0.37797149474105024 -0.3350916456833063 -0.8630475874228892
vn 0.5213111707762714 -0.46211791647860057 -0.7174131964867598
vn 0.5027028430954122 -0.4894188748362791 -0.7125721131912053
vn 0.5027028430954122 -0.4894188748362791 -0.7125721131912053
vn 0.5213111707762714 -0.46211791647860057 -0.7174131964867598
vn 0.5562508598611329 -0.542507101915672 -0.6295006157858856
vn 0.5213111707762714 -0.46211791647860057 -0.7174131964867598
vn 0.5780892858355189 -0.512538602151925 -0.6349149225733558
vn 0.5562508598611329 -0.542507101915672 -0.6295006157858856
vn 0.5562508598611329 -0.542507101915672 -0.6295006157858856
vn 0.5780892858355189 -0.512538602151925 -0.6349149225733558
vn 0.6004872849354133 -0.5865637592846401 -0.5434684691173597
vn 0.5780892858355189 -0.512538602151925 -0.6349149225733558
vn 0.6641588313232842 -0.5890717597030672 -0.4603124033693001
vn 0.6004872849354133 -0.5865637592846401 -0.5434684691173597
vn 0.6004872849354133 -0.5865637592846401 -0.5434684691173597
vn 0.6641588313232842 -0.5890717597030672 -0.4603124033693001
vn 0.6511129169923763 -0.637236836417424 -0.4122877437402088
vn 0.6641588313232842 -0.5890717597030672 -0.4603124033693001
vn 0.6641588313232842 -0.5890717597030672 -0.4603124033693001
vn 0.6511129169923763 -0.637236836417424 -0.4122877437402088
vn 0.6511129169923763 -0.637236836417424 -0.4122877437402088
vn 0.6641588313232842 -0.5890717597030672 -0.4603124033693001
vn 0.6511129169923763 -0.637236836417424 -0.4122877437402088
vn 0.6641588313232842 -0.5890717597030672 -0.4603124033693001
vn 0.6641588313232842 -0.5890717597030672 -0.4603124033693001
vn 0.6511129169923763 -0.637236836417424 -0.4122877437402088
vn 0.6511129169923763 -0.637236836417424 -0.4122877437402088
vn 0.6641588313232842 -0.5890717597030672 -0.4603124033693001
vn 0.6939542193936518 -0.6803765199272948 -0.235616918996431
vn 0.6641588313232842 -0.5890717597030672 -0.4603124033693001
vn 0.727750694595858 -0.6456491734269835 -0.2313354088078593
vn 0.6939542193936518 -0.6803765199272948 -0.235616918996431
vn 0.6939542193936518 -0.6803765199272948 -0.235616918996431
vn 0.727750694595858 -0.6456491734269835 -0.2313354088078593
vn 0.6939542193936518 -0.6803765199272948 -0.235616918996431
vn 0.727750694595858 -0.6456491734269835 -0.2313354088078593
vn 0.727750694595858 -0.6456491734269835 -0.2313354088078593
vn 0.6939542193936518 -0.6803765199272948 -0.235616918996431
vn 0.6939542193936518 -0.6803765199272948 -0.235616918996431
vn 0.727750694595858 -0.6456491734269835 -0.2313354088078593
vn 0.7121728744924003 -0.6988391364807326 -0.06658572039180656
vn 0.727750694595858 -0.6456491734269835 -0.2313354088078593
vn 0.7467993330800499 -0.6624979824648314 -0.05819947887413536
vn 0.7121728744924003 -0.6988391364807326 -0.06658572039180656
vn 0.7121728744924003 -0.6988391364807326 -0.06658572039180656
vn 0.7467993330800499 -0.6624979824648314 -0.05819947887413536
vn 0.7121728744924003 -0.6988391364807326 -0.06658572039180656
vn 0.7467993330800499 -0.6624979824648314 -0.05819947887413536
vn 0.7467993330800499 -0.6624979824648314 -0.05819947887413536
vn 0.7121728744924003 -0.6988391364807326 -0.06658572039180656
vn 0.7121728744924003 -0.6988391364807326 -0.06658572039180656
vn 0.7467993330800499 -0.6624979824648314 -0.05819947887413536
vn 0.7130564941769169 -0.699774791378116 0.04319348867408871
vn 0.7467993330800499 -0.6624979824648314 -0.05819947887413536
vn 0.7469123212185621 -0.6624641601448643 0.0571246088429412
vn 0.7130564941769169 -0.699774791378116 0.04319348867408871
vn 0.7130564941769169 -0.699774791378116 0.04319348867408871
vn 0.7469123212185621 -0.6624641601448643 0.0571246088429412
vn 0.7130564941769169 -0.699774791378116 0.04319348867408871
vn 0.7469123212185621 -0.6624641601448643 0.0571246088429412
vn 0.7469123212185621 -0.6624641601448643 0.0571246088429412
vn 0.7130564941769169 -0.699774791378116 0.04319348867408871
vn 0.7130564941769169 -0.699774791378116 0.04319348867408871
vn 0.7469123212185621 -0.6624641601448643 0.0571246088429412
vn 0.6988330576963185 -0.6854278536976384 0.20450187003121192
vn 0.7469123212185621 -0.6624641601448643 0.0571246088429412
vn 0.728274470916743 -0.6455250438349335 0.23002980848760715
vn 0.6988330576963185 -0.6854278536976384 0.20450187003121192
vn 0.6988330576963185 -0.6854278536976384 0.20450187003121192
vn 0.728274470916743 -0.6455250438349335 0.23002980848760715
vn 0.6988330576963185 -0.6854278536976384 0.20450187003121192
vn 0.728274470916743 -0.6455250438349335 0.23002980848760715
vn 0.728274470916743 -0.6455250438349335 0.23002980848760715
vn 0.6988330576963185 -0.6854278536976384 0.20450187003121192
vn 0.6988330576963185 -0.6854278536976384 0.20450187003121192
vn 0.728274470916743 -0.6455250438349335 0.23002980848760715
vn 0.6603777490107036 -0.6467562397674151 0.3815856325039898
vn 0.728274470916743 -0.6455250438349335 0.23002980848760715
vn 0.6650971837224142 -0.5886822998166003 0.4594549880969312
vn 0.6603777490107036 -0.6467562397674151 0.3815856325039898
vn 0.6603777490107036 -0.6467562397674151 0.3815856325039898
vn 0.6650971837224142 -0.5886822998166003 0.4594549880969312
vn 0.6603777490107036 -0.6467562397674151 0.3815856325039898
vn 0.6650971837224142 -0.5886822998166003 0.4594549880969312
vn 0.6650971837224142 -0.5886822998166003 0.4594549880969312
vn 0.6603777490107036 -0.6467562397674151 0.3815856325039898
vn 0.6603777490107036 -0.6467562397674151 0.3815856325039898
vn 0.6650971837224142 -0.5886822998166003 0.4594549880969312
vn 0.6134994067091385 -0.5998309886958952 0.513635340458228
vn 0.6650971837224142 -0.5886822998166003 0.4594549880969312
vn 0.6650971837224142 -0.5886822998166003 0.4594549880969312
vn 0.6134994067091385 -0.5998309886958952 0.513635340458228
vn 0.6134994067091385 -0.5998309886958952 0.513635340458228
vn 0.6650971837224142 -0.5886822998166003 0.4594549880969312
vn 0.572026352724577 -0.5584930589786637 0.6007256901958437
vn 0.6650971837224142 -0.5886822998166003 0.4594549880969312
vn 0.579164562463241 -0.5117364506830889 0.6345819211331482
vn 0.572026352724577 -0.5584930589786637 0.6007256901958437
vn 0.572026352724577 -0.5584930589786637 0.6007256901958437
vn 0.579164562463241 -0.5117364506830889 0.6345819211331482
vn 0.5214254188397547 -0.5082648326635194 0.6854067350597826
vn 0.579164562463241 -0.5117364506830889 0.6345819211331482
vn 0.5223313698410458 -0.46099061906954053 0.7173963961505928
vn 0.5214254188397547 -0.5082648326635194 0.6854067350597826
vn 0.5214254188397547 -0.5082648326635194 0.6854067350597826
vn 0.5223313698410458 -0.46099061906954053 0.7173963961505928
vn 0.10182268137851508 -0.4524741157392499 0.8859454363237463
vn 0.5223313698410458 -0.46099061906954053 0.7173963961505928
vn 0.37858456238737986 -0.3330912280171923 0.8635531037174001
vn 0.10182268137851508 -0.4524741157392499 0.8859454363237463
vn -0.01919374409631495 -0.4583848669314225 0.88854651760942
vn 0.37858456238737986 -0.3330912280171923 0.8635531037174001
vn -0.008106308786620954 -0.32148047478174074 0.9468815090030868
vn 0.37858456238737986 -0.3330912280171923 0.8635531037174001
vn 0.37858456238737986 -0.3330912280171923 0.8635531037174001
vn -0.008106308786620954 -0.32148047478174074 0.9468815090030868
vn -0.008106308786620954 -0.32148047478174074 0.9468815090030868
vn 0.37858456238737986 -0.3330912280171923 0.8635531037174001
vn -0.008106308786620954 -0.32148047478174074 0.9468815090030868
vn 0.37858456238737986 -0.3330912280171923 0.8635531037174001
vn 0.37858456238737986 -0.3330912280171923 0.8635531037174001
vn -0.008106308786620954 -0.32148047478174074 0.9468815090030868
vn -0.008106308786620954 -0.32148047478174074 0.9468815090030868
vn 0.37858456238737986 -0.3330912280171923 0.8635531037174001
vn 0.006371714451777466 -0.1384168971330519 0.9903535549706495
vn 0.37858456238737986 -0.3330912280171923 0.8635531037174001
vn 0.1237086985062406 -0.1076186700847838 0.9864655998883461
vn 0.006371714451777466 -0.1384168971330519 0.9903535549706495
vn 0.006371714451777466 -0.1384168971330519 0.9903535549706495
vn 0.1237086985062406 -0.1076186700847838 0.9864655998883461
vn 0.006371714451777466 -0.1384168971330519 0.9903535549706495
vn 0.1237086985062406 -0.1076186700847838 0.9864655998883461
vn 0.1237086985062406 -0.1076186700847838 0.9864655998883461
vn 0.006371714451777466 -0.1384168971330519 0.9903535549706495
vn 0.006371714451777466 -0.1384168971330519 0.9903535549706495
vn 0.1237086985062406 -0.1076186700847838 0.9864655998883461
vn 0.0045323943679127865 -0.01571205969750653 0.9998662853508743
vn 0.1237086985062406 -0.1076186700847838 0.9864655998883461
vn 0.1237086985062406 -0.1076186700847838 0.9864655998883461
vn 0.0045323943679127865 -0.01571205969750653 0.9998662853508743
vn 0.12395834080150013 -0.11056191387162773 -0.9861087125397392
vn 0.06732401059183755 -0.049716858633559895 -0.9964917017042544
vn 0.12395834080150013 -0.11056191387162773 -0.9861087125397392
vn 0.06732401059183755 -0.049716858633559895 -0.9964917017042544
vn 0.06732401059183755 -0.049716858633559895 -0.9964917017042544
vn 0.12395834080150013 -0.11056191387162773 -0.9861087125397392
vn 0.12395834080150013 -0.11056191387162773 -0.9861087125397392
vn 0.06732401059183755 -0.049716858633559895 -0.9964917017042544
vn 0.12395834080150013 -0.11056191387162773 -0.9861087125397392
vn 0.06732401059183755 -0.049716858633559895 -0.9964917017042544
vn 0.31151647023012635 -0.22657910460206762 -0.9228322697722963
vn 0.12395834080150013 -0.11056191387162773 -0.9861087125397392
vn 0.12395834080150013 -0.11056191387162773 -0.9861087125397392
vn 0.31151647023012635 -0.22657910460206762 -0.9228322697722963
vn 0.37797149474105024 -0.3350916456833063 -0.8630475874228892
vn 0.31151647023012635 -0.22657910460206762 -0.9228322697722963
vn 0.31151647023012635 -0.22657910460206762 -0.9228322697722963
vn 0.37797149474105024 -0.3350916456833063 -0.8630475874228892
vn 0.37797149474105024 -0.3350916456833063 -0.8630475874228892
vn 0.31151647023012635 -0.22657910460206762 -0.9228322697722963
vn 0.37797149474105024 -0.3350916456833063 -0.8630475874228892
vn 0.31151647023012635 -0.22657910460206762 -0.9228322697722963
vn 0.31151647023012635 -0.22657910460206762 -0.9228322697722963
vn 0.37797149474105024 -0.3350916456833063 -0.8630475874228892
vn 0.37797149474105024 -0.3350916456833063 -0.8630475874228892
vn 0.31151647023012635 -0.22657910460206762 -0.9228322697722963
vn 0.37797149474105024 -0.3350916456833063 -0.8630475874228892
vn 0.31151647023012635 -0.22657910460206762 -0.9228322697722963
vn 0.48655620584306114 -0.3529944744508512 -0.7991607845501254
vn 0.37797149474105024 -0.3350916456833063 -0.8630475874228892
vn 0.37797149474105024 -0.3350916456833063 -0.8630475874228892
vn 0.48655620584306114 -0.3529944744508512 -0.7991607845501254
vn 0.5213111707762714 -0.46211791647860057 -0.7174131964867598
vn 0.48655620584306114 -0.3529944744508512 -0.7991607845501254
vn 0.5911998286784445 -0.4285186328300773 -0.6832675492718933
vn 0.5213111707762714 -0.46211791647860057 -0.7174131964867598
vn 0.5213111707762714 -0.46211791647860057 -0.7174131964867598
vn 0.5911998286784445 -0.4285186328300773 -0.6832675492718933
vn 0.5780892858355189 -0.512538602151925 -0.6349149225733558
vn 0.5911998286784445 -0.4285186328300773 -0.6832675492718933
vn 0.5911998286784445 -0.4285186328300773 -0.6832675492718933
vn 0.5780892858355189 -0.512538602151925 -0.6349149225733558
vn 0.5780892858355189 -0.512538602151925 -0.6349149225733558
vn 0.5911998286784445 -0.4285186328300773 -0.6832675492718933
vn 0.6641588313232842 -0.5890717597030672 -0.4603124033693001
vn 0.5911998286784445 -0.4285186328300773 -0.6832675492718933
vn 0.6740127267137797 -0.4882514521173643 -0.5543621232850785
vn 0.6641588313232842 -0.5890717597030672 -0.4603124033693001
vn 0.6641588313232842 -0.5890717597030672 -0.4603124033693001
vn 0.6740127267137797 -0.4882514521173643 -0.5543621232850785
vn 0.6641588313232842 -0.5890717597030672 -0.4603124033693001
vn 0.6740127267137797 -0.4882514521173643 -0.5543621232850785
vn 0.7352604873363106 -0.5323993568963483 -0.41945552867774416
vn 0.6641588313232842 -0.5890717597030672 -0.4603124033693001
vn 0.6641588313232842 -0.5890717597030672 -0.4603124033693001
vn 0.7352604873363106 -0.5323993568963483 -0.41945552867774416
vn 0.6641588313232842 -0.5890717597030672 -0.4603124033693001
vn 0.7352604873363106 -0.5323993568963483 -0.41945552867774416
vn 0.7352604873363106 -0.5323993568963483 -0.41945552867774416
vn 0.6641588313232842 -0.5890717597030672 -0.4603124033693001
vn 0.6641588313232842 -0.5890717597030672 -0.4603124033693001
vn 0.7352604873363106 -0.5323993568963483 -0.41945552867774416
vn 0.727750694595858 -0.6456491734269835 -0.2313354088078593
vn 0.7352604873363106 -0.5323993568963483 -0.41945552867774416
vn 0.7875523560192704 -0.5700334901506368 -0.23414334633975867
vn 0.727750694595858 -0.6456491734269835 -0.2313354088078593
vn 0.727750694595858 -0.6456491734269835 -0.2313354088078593
vn 0.7875523560192704 -0.5700334901506368 -0.23414334633975867
vn 0.727750694595858 -0.6456491734269835 -0.2313354088078593
vn 0.7875523560192704 -0.5700334901506368 -0.23414334633975867
vn 0.7875523560192704 -0.5700334901506368 -0.23414334633975867
vn 0.727750694595858 -0.6456491734269835 -0.2313354088078593
vn 0.727750694595858 -0.6456491734269835 -0.2313354088078593
vn 0.7875523560192704 -0.5700334901506368 -0.23414334633975867
vn 0.7467993330800499 -0.6624979824648314 -0.05819947887413536
vn 0.7875523560192704 -0.5700334901506368 -0.23414334633975867
vn 0.8065761280269848 -0.5836597646692323 -0.09368152861292092
vn 0.7467993330800499 -0.6624979824648314 -0.05819947887413536
vn 0.7467993330800499 -0.6624979824648314 -0.05819947887413536
vn 0.8065761280269848 -0.5836597646692323 -0.09368152861292092
vn 0.7467993330800499 -0.6624979824648314 -0.05819947887413536
vn 0.8065761280269848 -0.5836597646692323 -0.09368152861292092
vn 0.8099538718988031 -0.586026194250781 -0.02340993481587592
vn 0.7467993330800499 -0.6624979824648314 -0.05819947887413536
vn 0.7467993330800499 -0.6624979824648314 -0.05819947887413536
vn 0.8099538718988031 -0.586026194250781 -0.02340993481587592
vn 0.7469123212185621 -0.6624641601448643 0.0571246088429412
vn 0.8099538718988031 -0.586026194250781 -0.02340993481587592
vn 0.8099643692626797 -0.5860117153477439 0.02340918623328265
vn 0.7469123212185621 -0.6624641601448643 0.0571246088429412
vn 0.7469123212185621 -0.6624641601448643 0.0571246088429412
vn 0.8099643692626797 -0.5860117153477439 0.02340918623328265
vn 0.7469123212185621 -0.6624641601448643 0.0571246088429412
vn 0.8099643692626797 -0.5860117153477439 0.02340918623328265
vn 0.8066600235997717 -0.5835434990398507 0.09368346201087871
vn 0.7469123212185621 -0.6624641601448643 0.0571246088429412
vn 0.7469123212185621 -0.6624641601448643 0.0571246088429412
vn 0.8066600235997717 -0.5835434990398507 0.09368346201087871
vn 0.728274470916743 -0.6455250438349335 0.23002980848760715
vn 0.8066600235997717 -0.5835434990398507 0.09368346201087871
vn 0.7877673539118758 -0.5697366022641421 0.23414269185945596
vn 0.728274470916743 -0.6455250438349335 0.23002980848760715
vn 0.728274470916743 -0.6455250438349335 0.23002980848760715
vn 0.7877673539118758 -0.5697366022641421 0.23414269185945596
vn 0.728274470916743 -0.6455250438349335 0.23002980848760715
vn 0.7877673539118758 -0.5697366022641421 0.23414269185945596
vn 0.7877673539118758 -0.5697366022641421 0.23414269185945596
vn 0.728274470916743 -0.6455250438349335 0.23002980848760715
vn 0.728274470916743 -0.6455250438349335 0.23002980848760715
vn 0.7877673539118758 -0.5697366022641421 0.23414269185945596
vn 0.6650971837224142 -0.5886822998166003 0.4594549880969312
vn 0.7877673539118758 -0.5697366022641421 0.23414269185945596
vn 0.7356653193367242 -0.5318399653184438 0.41945534829737496
vn 0.6650971837224142 -0.5886822998166003 0.4594549880969312
vn 0.6650971837224142 -0.5886822998166003 0.4594549880969312
vn 0.7356653193367242 -0.5318399653184438 0.41945534829737496
vn 0.6650971837224142 -0.5886822998166003 0.4594549880969312
vn 0.7356653193367242 -0.5318399653184438 0.41945534829737496
vn 0.7356653193367242 -0.5318399653184438 0.41945534829737496
vn 0.6650971837224142 -0.5886822998166003 0.4594549880969312
vn 0.6650971837224142 -0.5886822998166003 0.4594549880969312
vn 0.7356653193367242 -0.5318399653184438 0.41945534829737496
vn 0.6650971837224142 -0.5886822998166003 0.4594549880969312
vn 0.7356653193367242 -0.5318399653184438 0.41945534829737496
vn 0.6745745389462667 -0.4874739538369378 0.5543629999702493
vn 0.6650971837224142 -0.5886822998166003 0.4594549880969312
vn 0.6650971837224142 -0.5886822998166003 0.4594549880969312
vn 0.6745745389462667 -0.4874739538369378 0.5543629999702493
vn 0.579164562463241 -0.5117364506830889 0.6345819211331482
vn 0.6745745389462667 -0.4874739538369378 0.5543629999702493
vn 0.5919364653788619 -0.4275002452837352 0.6832677083231181
vn 0.579164562463241 -0.5117364506830889 0.6345819211331482
vn 0.579164562463241 -0.5117364506830889 0.6345819211331482
vn 0.5919364653788619 -0.4275002452837352 0.6832677083231181
vn 0.5223313698410458 -0.46099061906954053 0.7173963961505928
vn 0.5919364653788619 -0.4275002452837352 0.6832677083231181
vn 0.5919364653788619 -0.4275002452837352 0.6832677083231181
vn 0.5223313698410458 -0.46099061906954053 0.7173963961505928
vn 0.5223313698410458 -0.46099061906954053 0.7173963961505928
vn 0.5919364653788619 -0.4275002452837352 0.6832677083231181
vn 0.37858456238737986 -0.3330912280171923 0.8635531037174001
vn 0.5919364653788619 -0.4275002452837352 0.6832677083231181
vn 0.487471792759751 -0.3517310347581586 0.7991598904171487
vn 0.37858456238737986 -0.3330912280171923 0.8635531037174001
vn 0.37858456238737986 -0.3330912280171923 0.8635531037174001
vn 0.487471792759751 -0.3517310347581586 0.7991598904171487
vn 0.37858456238737986 -0.3330912280171923 0.8635531037174001
vn 0.487471792759751 -0.3517310347581586 0.7991598904171487
vn 0.31264823603464914 -0.22501444764993192 0.9228323676883133
vn 0.37858456238737986 -0.3330912280171923 0.8635531037174001
vn 0.37858456238737986 -0.3330912280171923 0.8635531037174001
vn 0.31264823603464914 -0.22501444764993192 0.9228323676883133
vn 0.37858456238737986 -0.3330912280171923 0.8635531037174001
vn 0.31264823603464914 -0.22501444764993192 0.9228323676883133
vn 0.31264823603464914 -0.22501444764993192 0.9228323676883133
vn 0.37858456238737986 -0.3330912280171923 0.8635531037174001
vn 0.37858456238737986 -0.3330912280171923 0.8635531037174001
vn 0.31264823603464914 -0.22501444764993192 0.9228323676883133
vn 0.1237086985062406 -0.1076186700847838 0.9864655998883461
vn 0.31264823603464914 -0.22501444764993192 0.9228323676883133
vn 0.31264823603464914 -0.22501444764993192 0.9228323676883133
vn 0.1237086985062406 -0.1076186700847838 0.9864655998883461
vn 0.1237086985062406 -0.1076186700847838 0.9864655998883461
vn 0.31264823603464914 -0.22501444764993192 0.9228323676883133
vn 0.1237086985062406 -0.1076186700847838 0.9864655998883461
vn 0.31264823603464914 -0.22501444764993192 0.9228323676883133
vn 0.0682799671516092 -0.04839488522574361 0.9964917366289407
vn 0.1237086985062406 -0.1076186700847838 0.9864655998883461
vn 0.1237086985062406 -0.1076186700847838 0.9864655998883461
vn 0.0682799671516092 -0.04839488522574361 0.9964917366289407
vn 0.1237086985062406 -0.1076186700847838 0.9864655998883461
vn 0.0682799671516092 -0.04839488522574361 0.9964917366289407
vn 0.0682799671516092 -0.04839488522574361 0.9964917366289407
vn 0.1237086985062406 -0.1076186700847838 0.9864655998883461
o logo_1
usemtl clay
s 1
f 1//1 2//2 3//3
f 4//4 5//5 6//6
f 7//7 8//8 9//9
f 10//10 11//11 12//12
f 13//13 14//14 15//15
f 16//16 17//17 18//18
f 19//19 20//20 21//21
f 22//22 23//23 24//24
f 25//25 26//26 27//27
f 28//28 29//29 30//30
f 31//31 32//32 33//33
f 34//34 35//35 36//36
f 37//37 38//38 39//39
f 40//40 41//41 42//42
f 43//43 44//44 45//45
f 46//46 47//47 48//48
f 49//49 50//50 51//51
f 52//52 53//53 54//54
f 55//55 56//56 57//57
f 58//58 59//59 60//60
f 61//61 62//62 63//63
f 64//64 65//65 66//66
f 67//67 68//68 69//69
f 70//70 71//71 72//72
f 73//73 74//74 75//75
f 76//76 77//77 78//78
f 79//79 80//80 81//81
f 82//82 83//83 84//84
f 85//85 86//86 87//87
f 88//88 89//89 90//90
f 91//91 92//92 93//93
f 94//94 95//95 96//96
f 97//97 98//98 99//99
f 100//100 101//101 102//102
f 103//103 104//104 105//105
f 106//106 107//107 108//108
f 109//109 110//110 111//111
f 112//112 113//113 114//114
f 115//115 116//116 117//117
f 118//118 119//119 120//120
f 121//121 122//122 123//123
f 124//124 125//125 126//126
f 127//127 128//128 129//129
f 130//130 131//131 132//132
f 133//133 134//134 135//135
f 136//136 137//137 138//138
f 139//139 140//140 141//141
f 142//142 143//143 144//144
f 145//145 146//146 147//147
f 148//148 149//149 150//150
f 151//151 152//152 153//153
f 154//154 155//155 156//156
f 157//157 158//158 159//159
f 160//160 161//161 162//162
f 163//163 164//164 165//165
f 166//166 167//167 168//168
f 169//169 170//170 171//171
f 172//172 173//173 174//174
f 175//175 176//176 177//177
f 178//178 179//179 180//180
f 181//181 182//182 183//183
f 184//184 185//185 186//186
f 187//187 188//188 189//189
f 190//190 191//191 192//192
f 193//193 194//194 195//195
f 196//196 197//197 198//198
f 199//199 200//200 201//201
f 202//202 203//203 204//204
f 205//205 206//206 207//207
f 208//208 209//209 210//210
f 211//211 212//212 213//213
f 214//214 215//215 216//216
f 217//217 218//218 219//219
f 220//220 221//221 222//222
f 223//223 224//224 225//225
f 226//226 227//227 228//228
f 229//229 230//230 231//231
f 232//232 233//233 234//234
f 235//235 236//236 237//237
f 238//238 239//239 240//240
f 241//241 242//242 243//243
f 244//244 245//245 246//246
f 247//247 248//248 249//249
f 250//250 251//251 252//252
f 253//253 254//254 255//255
f 256//256 257//257 258//258
f 259//259 260//260 261//261
f 262//262 263//263 264//264
f 265//265 266//266 267//267
f 268//268 269//269 270//270
f 271//271 272//272 273//273
f 274//274 275//275 276//276
f 277//277 278//278 279//279
f 280//280 281//281 282//282
f 283//283 284//284 285//285
f 286//286 287//287 288//288
f 289//289 290//290 291//291
f 292//292 293//293 294//294
f 295//295 296//296 297//297
f 298//298 299//299 300//300
f 301//301 302//302 303//303
f 304//304 305//305 306//306
f 307//307 308//308 309//309
f 310//310 311//311 312//312
f 313//313 314//314 315//315
f 316//316 317//317 318//318
f 319//319 320//320 321//321
f 322//322 323//323 324//324
f 325//325 326//326 327//327
f 328//328 329//329 330//330
f 331//331 332//332 333//333
f 334//334 335//335 336//336
f 337//337 338//338 339//339
f 340//340 341//341 342//342
f 343//343 344//344 345//345
f 346//346 347//347 348//348
f 349//349 350//350 351//351
f 352//352 353//353 354//354
f 355//355 356//356 357//357
f 358//358 359//359 360//360
f 361//361 362//362 363//363
f 364//364 365//365 366//366
f 367//367 368//368 369//369
f 370//370 371//371 372//372
f 373//373 374//374 375//375
f 376//376 377//377 378//378
f 379//379 380//380 381//381
f 382//382 383//383 384//384
f 385//385 386//386 387//387
f 388//388 389//389 390//390
f 391//391 392//392 393//393
f 394//394 395//395 396//396
f 397//397 398//398 399//399
f 400//400 401//401 402//402
f 403//403 404//404 405//405
f 406//406 407//407 408//408
f 409//409 410//410 411//411
f 412//412 413//413 414//414
f 415//415 416//416 417//417
f 418//418 419//419 420//420
f 421//421 422//422 423//423
f 424//424 425//425 426//426
f 427//427 428//428 429//429
f 430//430 431//431 432//432
f 433//433 434//434 435//435
f 436//436 437//437 438//438
f 439//439 440//440 441//441
f 442//442 443//443 444//444
f 445//445 446//446 447//447
f 448//448 449//449 450//450
f 451//451 452//452 453//453
f 454//454 455//455 456//456
f 457//457 458//458 459//459
f 460//460 461//461 462//462
f 463//463 464//464 465//465
f 466//466 467//467 468//468
f 469//469 470//470 471//471
f 472//472 473//473 474//474
f 475//475 476//476 477//477
f 478//478 479//479 480//480
f 481//481 482//482 483//483
f 484//484 485//485 486//486
f 487//487 488//488 489//489
f 490//490 491//491 492//492
f 493//493 494//494 495//495
f 496//496 497//497 498//498
f 499//499 500//500 501//501
f 502//502 503//503 504//504
f 505//505 506//506 507//507
f 508//508 509//509 510//510
f 511//511 512//512 513//513
f 514//514 515//515 516//516
f 517//517 518//518 519//519
f 520//520 521//521 522//522
f 523//523 524//524 525//525
f 526//526 527//527 528//528
f 529//529 530//530 531//531
f 532//532 533//533 534//534
f 535//535 536//536 537//537
f 538//538 539//539 540//540
f 541//541 542//542 543//543
f 544//544 545//545 546//546
f 547//547 548//548 549//549
f 550//550 551//551 552//552
f 553//553 554//554 555//555
f 556//556 557//557 558//558
f 559//559 560//560 561//561
f 562//562 563//563 564//564
f 565//565 566//566 567//567
f 568//568 569//569 570//570
f 571//571 572//572 573//573
f 574//574 575//575 576//576
f 577//577 578//578 579//579
f 580//580 581//581 582//582
f 583//583 584//584 585//585
f 586//586 587//587 588//588
f 589//589 590//590 591//591
f 592//592 593//593 594//594
f 595//595 596//596 597//597
f 598//598 599//599 600//600
f 601//601 602//602 603//603
f 604//604 605//605 606//606
f 607//607 608//608 609//609
f 610//610 611//611 612//612
f 613//613 614//614 615//615
f 616//616 617//617 618//618
f 619//619 620//620 621//621
f 622//622 623//623 624//624
f 625//625 626//626 627//627
f 628//628 629//629 630//630
f 631//631 632//632 633//633
f 634//634 635//635 636//636
f 637//637 638//638 639//639
f 640//640 641//641 642//642
f 643//643 644//644 645//645
f 646//646 647//647 648//648
f 649//649 650//650 651//651
f 652//652 653//653 654//654
f 655//655 656//656 657//657
f 658//658 659//659 660//660
f 661//661 662//662 663//663
f 664//664 665//665 666//666
f 667//667 668//668 669//669
f 670//670 671//671 672//672
f 673//673 674//674 675//675
f 676//676 677//677 678//678
f 679//679 680//680 681//681
f 682//682 683//683 684//684
f 685//685 686//686 687//687
f 688//688 689//689 690//690
f 691//691 692//692 693//693
f 694//694 695//695 696//696
f 697//697 698//698 699//699
f 700//700 701//701 702//702
f 703//703 704//704 705//705
f 706//706 707//707 708//708
f 709//709 710//710 711//711
f 712//712 713//713 714//714
f 715//715 716//716 717//717
f 718//718 719//719 720//720
f 721//721 722//722 723//723
f 724//724 725//725 726//726
f 727//727 728//728 729//729
f 730//730 731//731 732//732
f 733//733 734//734 735//735
f 736//736 737//737 738//738
f 739//739 740//740 741//741
f 742//742 743//743 744//744
f 745//745 746//746 747//747
f 748//748 749//749 750//750
f 751//751 752//752 753//753
f 754//754 755//755 756//756
f 757//757 758//758 759//759
f 760//760 761//761 762//762
f 763//763 764//764 765//765
f 766//766 767//767 768//768
f 769//769 770//770 771//771
f 772//772 773//773 774//774
f 775//775 776//776 777//777
f 778//778 779//779 780//780
f 781//781 782//782 783//783
f 784//784 785//785 786//786
f 787//787 788//788 789//789
f 790//790 791//791 792//792
f 793//793 794//794 795//795
f 796//796 797//797 798//798
f 799//799 800//800 801//801
f 802//802 803//803 804//804
f 805//805 806//806 807//807
f 808//808 809//809 810//810
f 811//811 812//812 813//813
f 814//814 815//815 816//816
f 817//817 818//818 819//819
f 820//820 821//821 822//822
f 823//823 824//824 825//825
f 826//826 827//827 828//828
f 829//829 830//830 831//831
f 832//832 833//833 834//834
f 835//835 836//836 837//837
f 838//838 839//839 840//840
f 841//841 842//842 843//843
f 844//844 845//845 846//846
f 847//847 848//848 849//849
f 850//850 851//851 852//852
f 853//853 854//854 855//855
f 856//856 857//857 858//858
f 859//859 860//860 861//861
f 862//862 863//863 864//864
f 865//865 866//866 867//867
f 868//868 869//869 870//870
f 871//871 872//872 873//873
f 874//874 875//875 876//876
f 877//877 878//878 879//879
f 880//880 881//881 882//882
f 883//883 884//884 885//885
f 886//886 887//887 888//888
f 889//889 890//890 891//891
f 892//892 893//893 894//894
f 895//895 896//896 897//897
f 898//898 899//899 900//900
f 901//901 902//902 903//903
f 904//904 905//905 906//906
f 907//907 908//908 909//909
f 910//910 911//911 912//912
f 913//913 914//914 915//915
f 916//916 917//917 918//918
f 919//919 920//920 921//921
f 922//922 923//923 924//924
f 925//925 926//926 927//927
f 928//928 929//929 930//930
f 931//931 932//932 933//933
f 934//934 935//935 936//936
f 937//937 938//938 939//939
f 940//940 941//941 942//942
f 943//943 944//944 945//945
f 946//946 947//947 948//948
f 949//949 950//950 951//951
f 952//952 953//953 954//954
f 955//955 956//956 957//957
f 958//958 959//959 960//960
f 961//961 962//962 963//963
f 964//964 965//965 966//966
f 967//967 968//968 969//969
f 970//970 971//971 972//972
f 973//973 974//974 975//975
f 976//976 977//977 978//978
f 979//979 980//980 981//981
f 982//982 983//983 984//984
f 985//985 986//986 987//987
f 988//988 989//989 990//990
f 991//991 992//992 993//993
f 994//994 995//995 996//996
f 997//997 998//998 999//999
f 1000//1000 1001//1001 1002//1002
f 1003//1003 1004//1004 1005//1005
f 1006//1006 1007//1007 1008//1008
f 1009//1009 1010//1010 1011//1011
f 1012//1012 1013//1013 1014//1014
f 1015//1015 1016//1016 1017//1017
f 1018//1018 1019//1019 1020//1020
f 1021//1021 1022//1022 1023//1023
f 1024//1024 1025//1025 1026//1026
f 1027//1027 1028//1028 1029//1029
f 1030//1030 1031//1031 1032//1032
f 1033//1033 1034//1034 1035//1035
f 1036//1036 1037//1037 1038//1038
f 1039//1039 1040//1040 1041//1041
f 1042//1042 1043//1043 1044//1044
f 1045//1045 1046//1046 1047//1047
f 1048//1048 1049//1049 1050//1050
f 1051//1051 1052//1052 1053//1053
f 1054//1054 1055//1055 1056//1056
f 1057//1057 1058//1058 1059//1059
f 1060//1060 1061//1061 1062//1062
f 1063//1063 1064//1064 1065//1065
f 1066//1066 1067//1067 1068//1068
f 1069//1069 1070//1070 1071//1071
f 1072//1072 1073//1073 1074//1074
f 1075//1075 1076//1076 1077//1077
f 1078//1078 1079//1079 1080//1080
f 1081//1081 1082//1082 1083//1083
f 1084//1084 1085//1085 1086//1086
f 1087//1087 1088//1088 1089//1089
f 1090//1090 1091//1091 1092//1092
f 1093//1093 1094//1094 1095//1095
f 1096//1096 1097//1097 1098//1098
f 1099//1099 1100//1100 1101//1101
f 1102//1102 1103//1103 1104//1104
f 1105//1105 1106//1106 1107//1107
f 1108//1108 1109//1109 1110//1110
f 1111//1111 1112//1112 1113//1113
f 1114//1114 1115//1115 1116//1116
f 1117//1117 1118//1118 1119//1119
f 1120//1120 1121//1121 1122//1122
f 1123//1123 1124//1124 1125//1125
f 1126//1126 1127//1127 1128//1128
f 1129//1129 1130//1130 1131//1131
f 1132//1132 1133//1133 1134//1134
f 1135//1135 1136//1136 1137//1137
f 1138//1138 1139//1139 1140//1140
f 1141//1141 1142//1142 1143//1143
f 1144//1144 1145//1145 1146//1146
f 1147//1147 1148//1148 1149//1149
f 1150//1150 1151//1151 1152//1152
f 1153//1153 1154//1154 1155//1155
f 1156//1156 1157//1157 1158//1158
f 1159//1159 1160//1160 1161//1161
f 1162//1162 1163//1163 1164//1164
f 1165//1165 1166//1166 1167//1167
f 1168//1168 1169//1169 1170//1170
f 1171//1171 1172//1172 1173//1173
f 1174//1174 1175//1175 1176//1176
f 1177//1177 1178//1178 1179//1179
f 1180//1180 1181//1181 1182//1182
f 1183//1183 1184//1184 1185//1185
f 1186//1186 1187//1187 1188//1188
f 1189//1189 1190//1190 1191//1191
f 1192//1192 1193//1193 1194//1194
f 1195//1195 1196//1196 1197//1197
f 1198//1198 1199//1199 1200//1200
f 1201//1201 1202//1202 1203//1203
f 1204//1204 1205//1205 1206//1206
f 1207//1207 1208//1208 1209//1209
f 1210//1210 1211//1211 1212//1212
f 1213//1213 1214//1214 1215//1215
f 1216//1216 1217//1217 1218//1218
f 1219//1219 1220//1220 1221//1221
f 1222//1222 1223//1223 1224//1224
f 1225//1225 1226//1226 1227//1227
f 1228//1228 1229//1229 1230//1230
f 1231//1231 1232//1232 1233//1233
f 1234//1234 1235//1235 1236//1236
f 1237//1237 1238//1238 1239//1239
f 1240//1240 1241//1241 1242//1242
f 1243//1243 1244//1244 1245//1245
f 1246//1246 1247//1247 1248//1248
f 1249//1249 1250//1250 1251//1251
f 1252//1252 1253//1253 1254//1254
f 1255//1255 1256//1256 1257//1257
f 1258//1258 1259//1259 1260//1260
f 1261//1261 1262//1262 1263//1263
f 1264//1264 1265//1265 1266//1266
f 1267//1267 1268//1268 1269//1269
f 1270//1270 1271//1271 1272//1272
f 1273//1273 1274//1274 1275//1275
f 1276//1276 1277//1277 1278//1278
f 1279//1279 1280//1280 1281//1281
f 1282//1282 1283//1283 1284//1284
f 1285//1285 1286//1286 1287//1287
f 1288//1288 1289//1289 1290//1290
f 1291//1291 1292//1292 1293//1293
f 1294//1294 1295//1295 1296//1296
f 1297//1297 1298//1298 1299//1299
f 1300//1300 1301//1301 1302//1302
f 1303//1303 1304//1304 1305//1305
f 1306//1306 1307//1307 1308//1308
f 1309//1309 1310//1310 1311//1311
f 1312//1312 1313//1313 1314//1314
f 1315//1315 1316//1316 1317//1317
f 1318//1318 1319//1319 1320//1320
f 1321//1321 1322//1322 1323//1323
f 1324//1324 1325//1325 1326//1326
f 1327//1327 1328//1328 1329//1329
f 1330//1330 1331//1331 1332//1332
f 1333//1333 1334//1334 1335//1335
f 1336//1336 1337//1337 1338//1338
f 1339//1339 1340//1340 1341//1341
f 1342//1342 1343//1343 1344//1344
f 1345//1345 1346//1346 1347//1347
f 1348//1348 1349//1349 1350//1350
f 1351//1351 1352//1352 1353//1353
f 1354//1354 1355//1355 1356//1356
f 1357//1357 1358//1358 1359//1359
f 1360//1360 1361//1361 1362//1362
f 1363//1363 1364//1364 1365//1365
f 1366//1366 1367//1367 1368//1368
f 1369//1369 1370//1370 1371//1371
f 1372//1372 1373//1373 1374//1374
f 1375//1375 1376//1376 1377//1377
f 1378//1378 1379//1379 1380//1380
f 1381//1381 1382//1382 1383//1383
f 1384//1384 1385//1385 1386//1386
f 1387//1387 1388//1388 1389//1389
f 1390//1390 1391//1391 1392//1392
f 1393//1393 1394//1394 1395//1395
f 1396//1396 1397//1397 1398//1398
f 1399//1399 1400//1400 1401//1401
f 1402//1402 1403//1403 1404//1404
f 1405//1405 1406//1406 1407//1407
f 1408//1408 1409//1409 1410//1410
f 1411//1411 1412//1412 1413//1413
f 1414//1414 1415//1415 1416//1416
f 1417//1417 1418//1418 1419//1419
f 1420//1420 1421//1421 1422//1422
f 1423//1423 1424//1424 1425//1425
f 1426//1426 1427//1427 1428//1428
f 1429//1429 1430//1430 1431//1431
f 1432//1432 1433//1433 1434//1434
f 1435//1435 1436//1436 1437//1437
f 1438//1438 1439//1439 1440//1440
f 1441//1441 1442//1442 1443//1443
f 1444//1444 1445//1445 1446//1446
f 1447//1447 1448//1448 1449//1449
f 1450//1450 1451//1451 1452//1452
f 1453//1453 1454//1454 1455//1455
f 1456//1456 1457//1457 1458//1458
f 1459//1459 1460//1460 1461//1461
f 1462//1462 1463//1463 1464//1464
f 1465//1465 1466//1466 1467//1467
f 1468//1468 1469//1469 1470//1470
f 1471//1471 1472//1472 1473//1473
f 1474//1474 1475//1475 1476//1476
f 1477//1477 1478//1478 1479//1479
f 1480//1480 1481//1481 1482//1482
f 1483//1483 1484//1484 1485//1485
f 1486//1486 1487//1487 1488//1488
f 1489//1489 1490//1490 1491//1491
f 1492//1492 1493//1493 1494//1494
f 1495//1495 1496//1496 1497//1497
f 1498//1498 1499//1499 1500//1500
f 1501//1501 1502//1502 1503//1503
f 1504//1504 1505//1505 1506//1506
f 1507//1507 1508//1508 1509//1509
f 1510//1510 1511//1511 1512//1512
f 1513//1513 1514//1514 1515//1515
f 1516//1516 1517//1517 1518//1518
f 1519//1519 1520//1520 1521//1521
f 1522//1522 1523//1523 1524//1524
f 1525//1525 1526//1526 1527//1527
f 1528//1528 1529//1529 1530//1530
f 1531//1531 1532//1532 1533//1533
f 1534//1534 1535//1535 1536//1536
f 1537//1537 1538//1538 1539//1539
f 1540//1540 1541//1541 1542//1542
f 1543//1543 1544//1544 1545//1545
f 1546//1546 1547//1547 1548//1548
f 1549//1549 1550//1550 1551//1551
f 1552//1552 1553//1553 1554//1554
f 1555//1555 1556//1556 1557//1557
f 1558//1558 1559//1559 1560//1560
f 1561//1561 1562//1562 1563//1563
f 1564//1564 1565//1565 1566//1566
f 1567//1567 1568//1568 1569//1569
f 1570//1570 1571//1571 1572//1572
f 1573//1573 1574//1574 1575//1575
f 1576//1576 1577//1577 1578//1578
f 1579//1579 1580//1580 1581//1581
f 1582//1582 1583//1583 1584//1584
f 1585//1585 1586//1586 1587//1587
f 1588//1588 1589//1589 1590//1590
f 1591//1591 1592//1592 1593//1593
f 1594//1594 1595//1595 1596//1596
f 1597//1597 1598//1598 1599//1599
f 1600//1600 1601//1601 1602//1602
f 1603//1603 1604//1604 1605//1605
f 1606//1606 1607//1607 1608//1608
f 1609//1609 1610//1610 1611//1611
f 1612//1612 1613//1613 1614//1614
f 1615//1615 1616//1616 1617//1617
f 1618//1618 1619//1619 1620//1620
f 1621//1621 1622//1622 1623//1623
f 1624//1624 1625//1625 1626//1626
f 1627//1627 1628//1628 1629//1629
f 1630//1630 1631//1631 1632//1632
f 1633//1633 1634//1634 1635//1635
f 1636//1636 1637//1637 1638//1638
f 1639//1639 1640//1640 1641//1641
f 1642//1642 1643//1643 1644//1644
f 1645//1645 1646//1646 1647//1647
f 1648//1648 1649//1649 1650//1650
f 1651//1651 1652//1652 1653//1653
f 1654//1654 1655//1655 1656//1656
f 1657//1657 1658//1658 1659//1659
f 1660//1660 1661//1661 1662//1662
f 1663//1663 1664//1664 1665//1665
f 1666//1666 1667//1667 1668//1668
f 1669//1669 1670//1670 1671//1671
f 1672//1672 1673//1673 1674//1674
f 1675//1675 1676//1676 1677//1677
f 1678//1678 1679//1679 1680//1680
f 1681//1681 1682//1682 1683//1683
f 1684//1684 1685//1685 1686//1686
f 1687//1687 1688//1688 1689//1689
f 1690//1690 1691//1691 1692//1692
f 1693//1693 1694//1694 1695//1695
f 1696//1696 1697//1697 1698//1698
f 1699//1699 1700//1700 1701//1701
f 1702//1702 1703//1703 1704//1704
f 1705//1705 1706//1706 1707//1707
f 1708//1708 1709//1709 1710//1710
f 1711//1711 1712//1712 1713//1713
f 1714//1714 1715//1715 1716//1716
f 1717//1717 1718//1718 1719//1719
f 1720//1720 1721//1721 1722//1722
f 1723//1723 1724//1724 1725//1725
f 1726//1726 1727//1727 1728//1728
f 1729//1729 1730//1730 1731//1731
f 1732//1732 1733//1733 1734//1734
f 1735//1735 1736//1736 1737//1737
f 1738//1738 1739//1739 1740//1740
f 1741//1741 1742//1742 1743//1743
f 1744//1744 1745//1745 1746//1746
f 1747//1747 1748//1748 1749//1749
f 1750//1750 1751//1751 1752//1752
f 1753//1753 1754//1754 1755//1755
f 1756//1756 1757//1757 1758//1758
f 1759//1759 1760//1760 1761//1761
f 1762//1762 1763//1763 1764//1764
f 1765//1765 1766//1766 1767//1767
f 1768//1768 1769//1769 1770//1770
f 1771//1771 1772//1772 1773//1773
f 1774//1774 1775//1775 1776//1776
f 1777//1777 1778//1778 1779//1779
f 1780//1780 1781//1781 1782//1782
f 1783//1783 1784//1784 1785//1785
f 1786//1786 1787//1787 1788//1788
f 1789//1789 1790//1790 1791//1791
f 1792//1792 1793//1793 1794//1794
f 1795//1795 1796//1796 1797//1797
f 1798//1798 1799//1799 1800//1800
f 1801//1801 1802//1802 1803//1803
f 1804//1804 1805//1805 1806//1806
f 1807//1807 1808//1808 1809//1809
f 1810//1810 1811//1811 1812//1812
f 1813//1813 1814//1814 1815//1815
f 1816//1816 1817//1817 1818//1818
f 1819//1819 1820//1820 1821//1821
f 1822//1822 1823//1823 1824//1824
f 1825//1825 1826//1826 1827//1827
f 1828//1828 1829//1829 1830//1830
f 1831//1831 1832//1832 1833//1833
f 1834//1834 1835//1835 1836//1836
f 1837//1837 1838//1838 1839//1839
f 1840//1840 1841//1841 1842//1842
f 1843//1843 1844//1844 1845//1845
f 1846//1846 1847//1847 1848//1848
f 1849//1849 1850//1850 1851//1851
f 1852//1852 1853//1853 1854//1854
f 1855//1855 1856//1856 1857//1857
f 1858//1858 1859//1859 1860//1860
f 1861//1861 1862//1862 1863//1863
f 1864//1864 1865//1865 1866//1866
f 1867//1867 1868//1868 1869//1869
f 1870//1870 1871//1871 1872//1872
f 1873//1873 1874//1874 1875//1875
f 1876//1876 1877//1877 1878//1878
f 1879//1879 1880//1880 1881//1881
f 1882//1882 1883//1883 1884//1884
f 1885//1885 1886//1886 1887//1887
f 1888//1888 1889//1889 1890//1890
f 1891//1891 1892//1892 1893//1893
f 1894//1894 1895//1895 1896//1896
f 1897//1897 1898//1898 1899//1899
f 1900//1900 1901//1901 1902//1902
f 1903//1903 1904//1904 1905//1905
f 1906//1906 1907//1907 1908//1908
f 1909//1909 1910//1910 1911//1911
f 1912//1912 1913//1913 1914//1914
f 1915//1915 1916//1916 1917//1917
f 1918//1918 1919//1919 1920//1920
f 1921//1921 1922//1922 1923//1923
f 1924//1924 1925//1925 1926//1926
f 1927//1927 1928//1928 1929//1929
f 1930//1930 1931//1931 1932//1932
f 1933//1933 1934//1934 1935//1935
f 1936//1936 1937//1937 1938//1938
f 1939//1939 1940//1940 1941//1941
f 1942//1942 1943//1943 1944//1944
f 1945//1945 1946//1946 1947//1947
f 1948//1948 1949//1949 1950//1950
f 1951//1951 1952//1952 1953//1953
f 1954//1954 1955//1955 1956//1956
f 1957//1957 1958//1958 1959//1959
f 1960//1960 1961//1961 1962//1962
f 1963//1963 1964//1964 1965//1965
f 1966//1966 1967//1967 1968//1968
f 1969//1969 1970//1970 1971//1971
f 1972//1972 1973//1973 1974//1974
f 1975//1975 1976//1976 1977//1977
f 1978//1978 1979//1979 1980//1980
f 1981//1981 1982//1982 1983//1983
f 1984//1984 1985//1985 1986//1986
f 1987//1987 1988//1988 1989//1989
f 1990//1990 1991//1991 1992//1992
f 1993//1993 1994//1994 1995//1995
f 1996//1996 1997//1997 1998//1998
f 1999//1999 2000//2000 2001//2001
f 2002//2002 2003//2003 2004//2004
f 2005//2005 2006//2006 2007//2007
f 2008//2008 2009//2009 2010//2010
f 2011//2011 2012//2012 2013//2013
f 2014//2014 2015//2015 2016//2016
f 2017//2017 2018//2018 2019//2019
f 2020//2020 2021//2021 2022//2022
f 2023//2023 2024//2024 2025//2025
f 2026//2026 2027//2027 2028//2028
f 2029//2029 2030//2030 2031//2031
f 2032//2032 2033//2033 2034//2034
f 2035//2035 2036//2036 2037//2037
f 2038//2038 2039//2039 2040//2040
f 2041//2041 2042//2042 2043//2043
f 2044//2044 2045//2045 2046//2046
f 2047//2047 2048//2048 2049//2049
f 2050//2050 2051//2051 2052//2052
f 2053//2053 2054//2054 2055//2055
f 2056//2056 2057//2057 2058//2058
f 2059//2059 2060//2060 2061//2061
f 2062//2062 2063//2063 2064//2064
f 2065//2065 2066//2066 2067//2067
f 2068//2068 2069//2069 2070//2070
f 2071//2071 2072//2072 2073//2073
f 2074//2074 2075//2075 2076//2076
f 2077//2077 2078//2078 2079//2079
f 2080//2080 2081//2081 2082//2082
f 2083//2083 2084//2084 2085//2085
f 2086//2086 2087//2087 2088//2088
f 2089//2089 2090//2090 2091//2091
f 2092//2092 2093//2093 2094//2094
f 2095//2095 2096//2096 2097//2097
f 2098//2098 2099//2099 2100//2100
f 2101//2101 2102//2102 2103//2103
f 2104//2104 2105//2105 2106//2106
f 2107//2107 2108//2108 2109//2109
f 2110//2110 2111//2111 2112//2112
f 2113//2113 2114//2114 2115//2115
f 2116//2116 2117//2117 2118//2118
f 2119//2119 2120//2120 2121//2121
f 2122//2122 2123//2123 2124//2124
f 2125//2125 2126//2126 2127//2127
f 2128//2128 2129//2129 2130//2130
f 2131//2131 2132//2132 2133//2133
f 2134//2134 2135//2135 2136//2136
f 2137//2137 2138//2138 2139//2139
f 2140//2140 2141//2141 2142//2142
f 2143//2143 2144//2144 2145//2145
f 2146//2146 2147//2147 2148//2148
f 2149//2149 2150//2150 2151//2151
f 2152//2152 2153//2153 2154//2154
f 2155//2155 2156//2156 2157//2157
f 2158//2158 2159//2159 2160//2160
f 2161//2161 2162//2162 2163//2163
f 2164//2164 2165//2165 2166//2166
f 2167//2167 2168//2168 2169//2169
f 2170//2170 2171//2171 2172//2172
f 2173//2173 2174//2174 2175//2175
f 2176//2176 2177//2177 2178//2178
f 2179//2179 2180//2180 2181//2181
f 2182//2182 2183//2183 2184//2184
f 2185//2185 2186//2186 2187//2187
f 2188//2188 2189//2189 2190//2190
f 2191//2191 2192//2192 2193//2193
f 2194//2194 2195//2195 2196//2196
f 2197//2197 2198//2198 2199//2199
f 2200//2200 2201//2201 2202//2202
f 2203//2203 2204//2204 2205//2205
f 2206//2206 2207//2207 2208//2208
f 2209//2209 2210//2210 2211//2211
f 2212//2212 2213//2213 2214//2214
f 2215//2215 2216//2216 2217//2217
f 2218//2218 2219//2219 2220//2220
f 2221//2221 2222//2222 2223//2223
f 2224//2224 2225//2225 2226//2226
f 2227//2227 2228//2228 2229//2229
f 2230//2230 2231//2231 2232//2232
f 2233//2233 2234//2234 2235//2235
f 2236//2236 2237//2237 2238//2238
f 2239//2239 2240//2240 2241//2241
f 2242//2242 2243//2243 2244//2244
f 2245//2245 2246//2246 2247//2247
f 2248//2248 2249//2249 2250//2250
f 2251//2251 2252//2252 2253//2253
f 2254//2254 2255//2255 2256//2256
f 2257//2257 2258//2258 2259//2259
f 2260//2260 2261//2261 2262//2262
f 2263//2263 2264//2264 2265//2265
f 2266//2266 2267//2267 2268//2268
f 2269//2269 2270//2270 2271//2271
f 2272//2272 2273//2273 2274//2274
f 2275//2275 2276//2276 2277//2277
f 2278//2278 2279//2279 2280//2280
f 2281//2281 2282//2282 2283//2283
f 2284//2284 2285//2285 2286//2286
f 2287//2287 2288//2288 2289//2289
f 2290//2290 2291//2291 2292//2292
f 2293//2293 2294//2294 2295//2295
f 2296//2296 2297//2297 2298//2298
f 2299//2299 2300//2300 2301//2301
f 2302//2302 2303//2303 2304//2304
f 2305//2305 2306//2306 2307//2307
f 2308//2308 2309//2309 2310//2310
f 2311//2311 2312//2312 2313//2313
f 2314//2314 2315//2315 2316//2316
f 2317//2317 2318//2318 2319//2319
f 2320//2320 2321//2321 2322//2322
f 2323//2323 2324//2324 2325//2325
f 2326//2326 2327//2327 2328//2328
f 2329//2329 2330//2330 2331//2331
f 2332//2332 2333//2333 2334//2334
f 2335//2335 2336//2336 2337//2337
f 2338//2338 2339//2339 2340//2340
f 2341//2341 2342//2342 2343//2343
f 2344//2344 2345//2345 2346//2346
f 2347//2347 2348//2348 2349//2349
f 2350//2350 2351//2351 2352//2352
f 2353//2353 2354//2354 2355//2355
f 2356//2356 2357//2357 2358//2358
f 2359//2359 2360//2360 2361//2361
f 2362//2362 2363//2363 2364//2364
f 2365//2365 2366//2366 2367//2367
f 2368//2368 2369//2369 2370//2370
f 2371//2371 2372//2372 2373//2373
f 2374//2374 2375//2375 2376//2376
f 2377//2377 2378//2378 2379//2379
f 2380//2380 2381//2381 2382//2382
f 2383//2383 2384//2384 2385//2385
f 2386//2386 2387//2387 2388//2388
f 2389//2389 2390//2390 2391//2391
f 2392//2392 2393//2393 2394//2394
f 2395//2395 2396//2396 2397//2397
f 2398//2398 2399//2399 2400//2400
f 2401//2401 2402//2402 2403//2403
f 2404//2404 2405//2405 2406//2406
f 2407//2407 2408//2408 2409//2409
f 2410//2410 2411//2411 2412//2412
f 2413//2413 2414//2414 2415//2415
f 2416//2416 2417//2417 2418//2418
f 2419//2419 2420//2420 2421//2421
f 2422//2422 2423//2423 2424//2424
f 2425//2425 2426//2426 2427//2427
f 2428//2428 2429//2429 2430//2430
f 2431//2431 2432//2432 2433//2433
f 2434//2434 2435//2435 2436//2436
f 2437//2437 2438//2438 2439//2439
f 2440//2440 2441//2441 2442//2442
f 2443//2443 2444//2444 2445//2445
f 2446//2446 2447//2447 2448//2448
f 2449//2449 2450//2450 2451//2451
f 2452//2452 2453//2453 2454//2454
f 2455//2455 2456//2456 2457//2457
f 2458//2458 2459//2459 2460//2460
f 2461//2461 2462//2462 2463//2463
f 2464//2464 2465//2465 2466//2466
f 2467//2467 2468//2468 2469//2469
f 2470//2470 2471//2471 2472//2472
f 2473//2473 2474//2474 2475//2475
f 2476//2476 2477//2477 2478//2478
f 2479//2479 2480//2480 2481//2481
f 2482//2482 2483//2483 2484//2484
f 2485//2485 2486//2486 2487//2487
f 2488//2488 2489//2489 2490//2490
f 2491//2491 2492//2492 2493//2493
f 2494//2494 2495//2495 2496//2496
f 2497//2497 2498//2498 2499//2499
f 2500//2500 2501//2501 2502//2502
f 2503//2503 2504//2504 2505//2505
f 2506//2506 2507//2507 2508//2508
f 2509//2509 2510//2510 2511//2511
f 2512//2512 2513//2513 2514//2514
f 2515//2515 2516//2516 2517//2517
f 2518//2518 2519//2519 2520//2520
f 2521//2521 2522//2522 2523//2523
f 2524//2524 2525//2525 2526//2526
f 2527//2527 2528//2528 2529//2529
f 2530//2530 2531//2531 2532//2532
f 2533//2533 2534//2534 2535//2535
f 2536//2536 2537//2537 2538//2538
f 2539//2539 2540//2540 2541//2541
f 2542//2542 2543//2543 2544//2544
f 2545//2545 2546//2546 2547//2547
f 2548//2548 2549//2549 2550//2550
f 2551//2551 2552//2552 2553//2553
f 2554//2554 2555//2555 2556//2556
f 2557//2557 2558//2558 2559//2559
f 2560//2560 2561//2561 2562//2562
f 2563//2563 2564//2564 2565//2565
f 2566//2566 2567//2567 2568//2568
f 2569//2569 2570//2570 2571//2571
f 2572//2572 2573//2573 2574//2574
f 2575//2575 2576//2576 2577//2577
f 2578//2578 2579//2579 2580//2580
f 2581//2581 2582//2582 2583//2583
f 2584//2584 2585//2585 2586//2586
f 2587//2587 2588//2588 2589//2589
f 2590//2590 2591//2591 2592//2592
f 2593//2593 2594//2594 2595//2595
f 2596//2596 2597//2597 2598//2598
f 2599//2599 2600//2600 2601//2601
f 2602//2602 2603//2603 2604//2604
f 2605//2605 2606//2606 2607//2607
f 2608//2608 2609//2609 2610//2610
f 2611//2611 2612//2612 2613//2613
f 2614//2614 2615//2615 2616//2616
f 2617//2617 2618//2618 2619//2619
f 2620//2620 2621//2621 2622//2622
f 2623//2623 2624//2624 2625//2625
f 2626//2626 2627//2627 2628//2628
f 2629//2629 2630//2630 2631//2631
f 2632//2632 2633//2633 2634//2634
f 2635//2635 2636//2636 2637//2637
f 2638//2638 2639//2639 2640//2640
f 2641//2641 2642//2642 2643//2643
f 2644//2644 2645//2645 2646//2646
f 2647//2647 2648//2648 2649//2649
f 2650//2650 2651//2651 2652//2652
f 2653//2653 2654//2654 2655//2655
f 2656//2656 2657//2657 2658//2658
f 2659//2659 2660//2660 2661//2661
f 2662//2662 2663//2663 2664//2664
f 2665//2665 2666//2666 2667//2667
f 2668//2668 2669//2669 2670//2670
f 2671//2671 2672//2672 2673//2673
f 2674//2674 2675//2675 2676//2676
f 2677//2677 2678//2678 2679//2679
f 2680//2680 2681//2681 2682//2682
f 2683//2683 2684//2684 2685//2685
f 2686//2686 2687//2687 2688//2688
f 2689//2689 2690//2690 2691//2691
f 2692//2692 2693//2693 2694//2694
f 2695//2695 2696//2696 2697//2697
f 2698//2698 2699//2699 2700//2700
f 2701//2701 2702//2702 2703//2703
f 2704//2704 2705//2705 2706//2706
f 2707//2707 2708//2708 2709//2709
f 2710//2710 2711//2711 2712//2712
f 2713//2713 2714//2714 2715//2715
f 2716//2716 2717//2717 2718//2718
f 2719//2719 2720//2720 2721//2721
f 2722//2722 2723//2723 2724//2724
f 2725//2725 2726//2726 2727//2727
f 2728//2728 2729//2729 2730//2730
f 2731//2731 2732//2732 2733//2733
f 2734//2734 2735//2735 2736//2736
f 2737//2737 2738//2738 2739//2739
f 2740//2740 2741//2741 2742//2742
f 2743//2743 2744//2744 2745//2745
f 2746//2746 2747//2747 2748//2748
f 2749//2749 2750//2750 2751//2751
f 2752//2752 2753//2753 2754//2754
f 2755//2755 2756//2756 2757//2757
f 2758//2758 2759//2759 2760//2760
f 2761//2761 2762//2762 2763//2763
f 2764//2764 2765//2765 2766//2766
f 2767//2767 2768//2768 2769//2769
f 2770//2770 2771//2771 2772//2772
f 2773//2773 2774//2774 2775//2775
f 2776//2776 2777//2777 2778//2778
f 2779//2779 2780//2780 2781//2781
f 2782//2782 2783//2783 2784//2784
f 2785//2785 2786//2786 2787//2787
f 2788//2788 2789//2789 2790//2790
f 2791//2791 2792//2792 2793//2793
f 2794//2794 2795//2795 2796//2796
f 2797//2797 2798//2798 2799//2799
f 2800//2800 2801//2801 2802//2802
f 2803//2803 2804//2804 2805//2805
f 2806//2806 2807//2807 2808//2808
f 2809//2809 2810//2810 2811//2811
f 2812//2812 2813//2813 2814//2814
f 2815//2815 2816//2816 2817//2817
f 2818//2818 2819//2819 2820//2820
f 2821//2821 2822//2822 2823//2823
f 2824//2824 2825//2825 2826//2826
f 2827//2827 2828//2828 2829//2829
f 2830//2830 2831//2831 2832//2832
f 2833//2833 2834//2834 2835//2835
f 2836//2836 2837//2837 2838//2838
f 2839//2839 2840//2840 2841//2841
f 2842//2842 2843//2843 2844//2844
f 2845//2845 2846//2846 2847//2847
f 2848//2848 2849//2849 2850//2850
f 2851//2851 2852//2852 2853//2853
f 2854//2854 2855//2855 2856//2856
f 2857//2857 2858//2858 2859//2859
f 2860//2860 2861//2861 2862//2862
f 2863//2863 2864//2864 2865//2865
f 2866//2866 2867//2867 2868//2868
f 2869//2869 2870//2870 2871//2871
f 2872//2872 2873//2873 2874//2874
f 2875//2875 2876//2876 2877//2877
f 2878//2878 2879//2879 2880//2880
f 2881//2881 2882//2882 2883//2883
f 2884//2884 2885//2885 2886//2886
f 2887//2887 2888//2888 2889//2889
f 2890//2890 2891//2891 2892//2892
f 2893//2893 2894//2894 2895//2895
f 2896//2896 2897//2897 2898//2898
f 2899//2899 2900//2900 2901//2901
f 2902//2902 2903//2903 2904//2904
f 2905//2905 2906//2906 2907//2907
f 2908//2908 2909//2909 2910//2910
f 2911//2911 2912//2912 2913//2913
f 2914//2914 2915//2915 2916//2916
f 2917//2917 2918//2918 2919//2919
f 2920//2920 2921//2921 2922//2922
f 2923//2923 2924//2924 2925//2925
f 2926//2926 2927//2927 2928//2928
f 2929//2929 2930//2930 2931//2931
f 2932//2932 2933//2933 2934//2934
f 2935//2935 2936//2936 2937//2937
f 2938//2938 2939//2939 2940//2940
f 2941//2941 2942//2942 2943//2943
f 2944//2944 2945//2945 2946//2946
f 2947//2947 2948//2948 2949//2949
f 2950//2950 2951//2951 2952//2952
f 2953//2953 2954//2954 2955//2955
f 2956//2956 2957//2957 2958//2958
f 2959//2959 2960//2960 2961//2961
f 2962//2962 2963//2963 2964//2964
f 2965//2965 2966//2966 2967//2967
f 2968//2968 2969//2969 2970//2970
f 2971//2971 2972//2972 2973//2973
f 2974//2974 2975//2975 2976//2976
f 2977//2977 2978//2978 2979//2979
f 2980//2980 2981//2981 2982//2982
f 2983//2983 2984//2984 2985//2985
f 2986//2986 2987//2987 2988//2988
f 2989//2989 2990//2990 2991//2991
f 2992//2992 2993//2993 2994//2994
f 2995//2995 2996//2996 2997//2997
f 2998//2998 2999//2999 3000//3000
f 3001//3001 3002//3002 3003//3003
f 3004//3004 3005//3005 3006//3006
f 3007//3007 3008//3008 3009//3009
f 3010//3010 3011//3011 3012//3012
f 3013//3013 3014//3014 3015//3015
f 3016//3016 3017//3017 3018//3018
f 3019//3019 3020//3020 3021//3021
f 3022//3022 3023//3023 3024//3024
f 3025//3025 3026//3026 3027//3027
f 3028//3028 3029//3029 3030//3030
f 3031//3031 3032//3032 3033//3033
f 3034//3034 3035//3035 3036//3036
f 3037//3037 3038//3038 3039//3039
f 3040//3040 3041//3041 3042//3042
f 3043//3043 3044//3044 3045//3045
f 3046//3046 3047//3047 3048//3048
f 3049//3049 3050//3050 3051//3051
f 3052//3052 3053//3053 3054//3054
f 3055//3055 3056//3056 3057//3057
f 3058//3058 3059//3059 3060//3060
f 3061//3061 3062//3062 3063//3063
f 3064//3064 3065//3065 3066//3066
f 3067//3067 3068//3068 3069//3069
f 3070//3070 3071//3071 3072//3072
f 3073//3073 3074//3074 3075//3075
f 3076//3076 3077//3077 3078//3078
f 3079//3079 3080//3080 3081//3081
f 3082//3082 3083//3083 3084//3084
f 3085//3085 3086//3086 3087//3087
f 3088//3088 3089//3089 3090//3090
f 3091//3091 3092//3092 3093//3093
f 3094//3094 3095//3095 3096//3096
f 3097//3097 3098//3098 3099//3099
f 3100//3100 3101//3101 3102//3102
f 3103//3103 3104//3104 3105//3105
f 3106//3106 3107//3107 3108//3108
f 3109//3109 3110//3110 3111//3111
f 3112//3112 3113//3113 3114//3114
f 3115//3115 3116//3116 3117//3117
f 3118//3118 3119//3119 3120//3120
f 3121//3121 3122//3122 3123//3123
f 3124//3124 3125//3125 3126//3126
f 3127//3127 3128//3128 3129//3129
f 3130//3130 3131//3131 3132//3132
f 3133//3133 3134//3134 3135//3135
f 3136//3136 3137//3137 3138//3138
f 3139//3139 3140//3140 3141//3141
f 3142//3142 3143//3143 3144//3144
f 3145//3145 3146//3146 3147//3147
f 3148//3148 3149//3149 3150//3150
f 3151//3151 3152//3152 3153//3153
f 3154//3154 3155//3155 3156//3156
f 3157//3157 3158//3158 3159//3159
f 3160//3160 3161//3161 3162//3162
f 3163//3163 3164//3164 3165//3165
f 3166//3166 3167//3167 3168//3168
f 3169//3169 3170//3170 3171//3171
f 3172//3172 3173//3173 3174//3174
f 3175//3175 3176//3176 3177//3177
f 3178//3178 3179//3179 3180//3180
f 3181//3181 3182//3182 3183//3183
f 3184//3184 3185//3185 3186//3186
f 3187//3187 3188//3188 3189//3189
f 3190//3190 3191//3191 3192//3192
f 3193//3193 3194//3194 3195//3195
f 3196//3196 3197//3197 3198//3198
f 3199//3199 3200//3200 3201//3201
f 3202//3202 3203//3203 3204//3204
f 3205//3205 3206//3206 3207//3207
f 3208//3208 3209//3209 3210//3210
f 3211//3211 3212//3212 3213//3213
f 3214//3214 3215//3215 3216//3216
f 3217//3217 3218//3218 3219//3219
f 3220//3220 3221//3221 3222//3222
f 3223//3223 3224//3224 3225//3225
f 3226//3226 3227//3227 3228//3228
f 3229//3229 3230//3230 3231//3231
f 3232//3232 3233//3233 3234//3234
f 3235//3235 3236//3236 3237//3237
f 3238//3238 3239//3239 3240//3240
f 3241//3241 3242//3242 3243//3243
f 3244//3244 3245//3245 3246//3246
f 3247//3247 3248//3248 3249//3249
f 3250//3250 3251//3251 3252//3252
f 3253//3253 3254//3254 3255//3255
f 3256//3256 3257//3257 3258//3258
f 3259//3259 3260//3260 3261//3261
f 3262//3262 3263//3263 3264//3264
f 3265//3265 3266//3266 3267//3267
f 3268//3268 3269//3269 3270//3270
f 3271//3271 3272//3272 3273//3273
f 3274//3274 3275//3275 3276//3276
f 3277//3277 3278//3278 3279//3279
f 3280//3280 3281//3281 3282//3282
f 3283//3283 3284//3284 3285//3285
f 3286//3286 3287//3287 3288//3288
f 3289//3289 3290//3290 3291//3291
f 3292//3292 3293//3293 3294//3294
f 3295//3295 3296//3296 3297//3297
f 3298//3298 3299//3299 3300//3300
f 3301//3301 3302//3302 3303//3303
f 3304//3304 3305//3305 3306//3306
f 3307//3307 3308//3308 3309//3309
f 3310//3310 3311//3311 3312//3312
f 3313//3313 3314//3314 3315//3315
f 3316//3316 3317//3317 3318//3318
f 3319//3319 3320//3320 3321//3321
f 3322//3322 3323//3323 3324//3324
f 3325//3325 3326//3326 3327//3327
f 3328//3328 3329//3329 3330//3330
f 3331//3331 3332//3332 3333//3333
f 3334//3334 3335//3335 3336//3336
f 3337//3337 3338//3338 3339//3339
f 3340//3340 3341//3341 3342//3342
f 3343//3343 3344//3344 3345//3345
f 3346//3346 3347//3347 3348//3348
f 3349//3349 3350//3350 3351//3351
f 3352//3352 3353//3353 3354//3354
f 3355//3355 3356//3356 3357//3357
f 3358//3358 3359//3359 3360//3360
f 3361//3361 3362//3362 3363//3363
f 3364//3364 3365//3365 3366//3366
f 3367//3367 3368//3368 3369//3369
f 3370//3370 3371//3371 3372//3372
f 3373//3373 3374//3374 3375//3375
f 3376//3376 3377//3377 3378//3378
f 3379//3379 3380//3380 3381//3381
f 3382//3382 3383//3383 3384//3384
f 3385//3385 3386//3386 3387//3387
f 3388//3388 3389//3389 3390//3390
f 3391//3391 3392//3392 3393//3393
f 3394//3394 3395//3395 3396//3396
f 3397//3397 3398//3398 3399//3399
f 3400//3400 3401//3401 3402//3402
f 3403//3403 3404//3404 3405//3405
f 3406//3406 3407//3407 3408//3408
f 3409//3409 3410//3410 3411//3411
f 3412//3412 3413//3413 3414//3414
f 3415//3415 3416//3416 3417//3417
f 3418//3418 3419//3419 3420//3420
f 3421//3421 3422//3422 3423//3423
f 3424//3424 3425//3425 3426//3426
f 3427//3427 3428//3428 3429//3429
f 3430//3430 3431//3431 3432//3432
f 3433//3433 3434//3434 3435//3435
f 3436//3436 3437//3437 3438//3438
f 3439//3439 3440//3440 3441//3441
f 3442//3442 3443//3443 3444//3444
f 3445//3445 3446//3446 3447//3447
f 3448//3448 3449//3449 3450//3450
f 3451//3451 3452//3452 3453//3453
f 3454//3454 3455//3455 3456//3456
f 3457//3457 3458//3458 3459//3459
f 3460//3460 3461//3461 3462//3462
f 3463//3463 3464//3464 3465//3465
f 3466//3466 3467//3467 3468//3468
f 3469//3469 3470//3470 3471//3471
f 3472//3472 3473//3473 3474//3474
f 3475//3475 3476//3476 3477//3477
f 3478//3478 3479//3479 3480//3480
f 3481//3481 3482//3482 3483//3483
f 3484//3484 3485//3485 3486//3486
f 3487//3487 3488//3488 3489//3489
f 3490//3490 3491//3491 3492//3492
f 3493//3493 3494//3494 3495//3495
f 3496//3496 3497//3497 3498//3498
f 3499//3499 3500//3500 3501//3501
f 3502//3502 3503//3503 3504//3504
f 3505//3505 3506//3506 3507//3507
f 3508//3508 3509//3509 3510//3510
f 3511//3511 3512//3512 3513//3513
f 3514//3514 3515//3515 3516//3516
f 3517//3517 3518//3518 3519//3519
f 3520//3520 3521//3521 3522//3522
f 3523//3523 3524//3524 3525//3525
f 3526//3526 3527//3527 3528//3528
f 3529//3529 3530//3530 3531//3531
f 3532//3532 3533//3533 3534//3534
f 3535//3535 3536//3536 3537//3537
f 3538//3538 3539//3539 3540//3540
f 3541//3541 3542//3542 3543//3543
f 3544//3544 3545//3545 3546//3546
f 3547//3547 3548//3548 3549//3549
f 3550//3550 3551//3551 3552//3552
f 3553//3553 3554//3554 3555//3555
f 3556//3556 3557//3557 3558//3558
f 3559//3559 3560//3560 3561//3561
f 3562//3562 3563//3563 3564//3564
f 3565//3565 3566//3566 3567//3567
f 3568//3568 3569//3569 3570//3570
f 3571//3571 3572//3572 3573//3573
f 3574//3574 3575//3575 3576//3576
f 3577//3577 3578//3578 3579//3579
f 3580//3580 3581//3581 3582//3582
f 3583//3583 3584//3584 3585//3585
f 3586//3586 3587//3587 3588//3588
f 3589//3589 3590//3590 3591//3591
f 3592//3592 3593//3593 3594//3594
f 3595//3595 3596//3596 3597//3597
f 3598//3598 3599//3599 3600//3600
f 3601//3601 3602//3602 3603//3603
f 3604//3604 3605//3605 3606//3606
f 3607//3607 3608//3608 3609//3609
f 3610//3610 3611//3611 3612//3612
f 3613//3613 3614//3614 3615//3615
f 3616//3616 3617//3617 3618//3618
f 3619//3619 3620//3620 3621//3621
f 3622//3622 3623//3623 3624//3624
f 3625//3625 3626//3626 3627//3627
f 3628//3628 3629//3629 3630//3630
f 3631//3631 3632//3632 3633//3633
f 3634//3634 3635//3635 3636//3636
f 3637//3637 3638//3638 3639//3639
f 3640//3640 3641//3641 3642//3642
f 3643//3643 3644//3644 3645//3645
f 3646//3646 3647//3647 3648//3648
f 3649//3649 3650//3650 3651//3651
f 3652//3652 3653//3653 3654//3654
f 3655//3655 3656//3656 3657//3657
f 3658//3658 3659//3659 3660//3660
f 3661//3661 3662//3662 3663//3663
f 3664//3664 3665//3665 3666//3666
f 3667//3667 3668//3668 3669//3669
f 3670//3670 3671//3671 3672//3672
f 3673//3673 3674//3674 3675//3675
f 3676//3676 3677//3677 3678//3678
f 3679//3679 3680//3680 3681//3681
f 3682//3682 3683//3683 3684//3684
f 3685//3685 3686//3686 3687//3687
f 3688//3688 3689//3689 3690//3690
f 3691//3691 3692//3692 3693//3693
f 3694//3694 3695//3695 3696//3696
f 3697//3697 3698//3698 3699//3699
f 3700//3700 3701//3701 3702//3702
f 3703//3703 3704//3704 3705//3705
f 3706//3706 3707//3707 3708//3708
f 3709//3709 3710//3710 3711//3711
f 3712//3712 3713//3713 3714//3714
f 3715//3715 3716//3716 3717//3717
f 3718//3718 3719//3719 3720//3720
f 3721//3721 3722//3722 3723//3723
f 3724//3724 3725//3725 3726//3726
f 3727//3727 3728//3728 3729//3729
f 3730//3730 3731//3731 3732//3732
f 3733//3733 3734//3734 3735//3735
f 3736//3736 3737//3737 3738//3738
f 3739//3739 3740//3740 3741//3741
f 3742//3742 3743//3743 3744//3744
f 3745//3745 3746//3746 3747//3747
f 3748//3748 3749//3749 3750//3750
f 3751//3751 3752//3752 3753//3753
f 3754//3754 3755//3755 3756//3756
f 3757//3757 3758//3758 3759//3759
f 3760//3760 3761//3761 3762//3762
f 3763//3763 3764//3764 3765//3765
f 3766//3766 3767//3767 3768//3768
f 3769//3769 3770//3770 3771//3771
f 3772//3772 3773//3773 3774//3774
f 3775//3775 3776//3776 3777//3777
f 3778//3778 3779//3779 3780//3780
f 3781//3781 3782//3782 3783//3783
f 3784//3784 3785//3785 3786//3786
f 3787//3787 3788//3788 3789//3789
f 3790//3790 3791//3791 3792//3792
f 3793//3793 3794//3794 3795//3795
f 3796//3796 3797//3797 3798//3798
f 3799//3799 3800//3800 3801//3801
f 3802//3802 3803//3803 3804//3804
f 3805//3805 3806//3806 3807//3807
f 3808//3808 3809//3809 3810//3810
f 3811//3811 3812//3812 3813//3813
f 3814//3814 3815//3815 3816//3816
f 3817//3817 3818//3818 3819//3819
f 3820//3820 3821//3821 3822//3822
f 3823//3823 3824//3824 3825//3825
f 3826//3826 3827//3827 3828//3828
f 3829//3829 3830//3830 3831//3831
f 3832//3832 3833//3833 3834//3834
f 3835//3835 3836//3836 3837//3837
f 3838//3838 3839//3839 3840//3840
f 3841//3841 3842//3842 3843//3843
f 3844//3844 3845//3845 3846//3846
f 3847//3847 3848//3848 3849//3849
f 3850//3850 3851//3851 3852//3852
f 3853//3853 3854//3854 3855//3855
f 3856//3856 3857//3857 3858//3858
f 3859//3859 3860//3860 3861//3861
f 3862//3862 3863//3863 3864//3864
f 3865//3865 3866//3866 3867//3867
f 3868//3868 3869//3869 3870//3870
f 3871//3871 3872//3872 3873//3873
f 3874//3874 3875//3875 3876//3876
f 3877//3877 3878//3878 3879//3879
f 3880//3880 3881//3881 3882//3882
f 3883//3883 3884//3884 3885//3885
f 3886//3886 3887//3887 3888//3888
f 3889//3889 3890//3890 3891//3891
f 3892//3892 3893//3893 3894//3894
f 3895//3895 3896//3896 3897//3897
f 3898//3898 3899//3899 3900//3900
f 3901//3901 3902//3902 3903//3903
f 3904//3904 3905//3905 3906//3906
f 3907//3907 3908//3908 3909//3909
f 3910//3910 3911//3911 3912//3912
f 3913//3913 3914//3914 3915//3915
f 3916//3916 3917//3917 3918//3918
f 3919//3919 3920//3920 3921//3921
f 3922//3922 3923//3923 3924//3924
f 3925//3925 3926//3926 3927//3927
f 3928//3928 3929//3929 3930//3930
f 3931//3931 3932//3932 3933//3933
f 3934//3934 3935//3935 3936//3936
f 3937//3937 3938//3938 3939//3939
f 3940//3940 3941//3941 3942//3942
f 3943//3943 3944//3944 3945//3945
f 3946//3946 3947//3947 3948//3948
f 3949//3949 3950//3950 3951//3951
f 3952//3952 3953//3953 3954//3954
f 3955//3955 3956//3956 3957//3957
f 3958//3958 3959//3959 3960//3960
f 3961//3961 3962//3962 3963//3963
f 3964//3964 3965//3965 3966//3966
f 3967//3967 3968//3968 3969//3969
f 3970//3970 3971//3971 3972//3972
f 3973//3973 3974//3974 3975//3975
f 3976//3976 3977//3977 3978//3978
f 3979//3979 3980//3980 3981//3981
f 3982//3982 3983//3983 3984//3984
f 3985//3985 3986//3986 3987//3987
f 3988//3988 3989//3989 3990//3990
f 3991//3991 3992//3992 3993//3993
f 3994//3994 3995//3995 3996//3996
f 3997//3997 3998//3998 3999//3999
f 4000//4000 4001//4001 4002//4002
f 4003//4003 4004//4004 4005//4005
f 4006//4006 4007//4007 4008//4008
f 4009//4009 4010//4010 4011//4011
f 4012//4012 4013//4013 4014//4014
f 4015//4015 4016//4016 4017//4017
f 4018//4018 4019//4019 4020//4020
f 4021//4021 4022//4022 4023//4023
f 4024//4024 4025//4025 4026//4026
f 4027//4027 4028//4028 4029//4029
f 4030//4030 4031//4031 4032//4032
f 4033//4033 4034//4034 4035//4035
f 4036//4036 4037//4037 4038//4038
f 4039//4039 4040//4040 4041//4041
f 4042//4042 4043//4043 4044//4044
f 4045//4045 4046//4046 4047//4047
f 4048//4048 4049//4049 4050//4050
f 4051//4051 4052//4052 4053//4053
f 4054//4054 4055//4055 4056//4056
f 4057//4057 4058//4058 4059//4059
f 4060//4060 4061//4061 4062//4062
f 4063//4063 4064//4064 4065//4065
f 4066//4066 4067//4067 4068//4068
f 4069//4069 4070//4070 4071//4071
f 4072//4072 4073//4073 4074//4074
f 4075//4075 4076//4076 4077//4077
f 4078//4078 4079//4079 4080//4080
f 4081//4081 4082//4082 4083//4083
f 4084//4084 4085//4085 4086//4086
f 4087//4087 4088//4088 4089//4089
f 4090//4090 4091//4091 4092//4092
f 4093//4093 4094//4094 4095//4095
f 4096//4096 4097//4097 4098//4098
f 4099//4099 4100//4100 4101//4101
f 4102//4102 4103//4103 4104//4104
f 4105//4105 4106//4106 4107//4107
f 4108//4108 4109//4109 4110//4110
f 4111//4111 4112//4112 4113//4113
f 4114//4114 4115//4115 4116//4116
f 4117//4117 4118//4118 4119//4119
f 4120//4120 4121//4121 4122//4122
f 4123//4123 4124//4124 4125//4125
f 4126//4126 4127//4127 4128//4128
f 4129//4129 4130//4130 4131//4131
f 4132//4132 4133//4133 4134//4134
f 4135//4135 4136//4136 4137//4137
f 4138//4138 4139//4139 4140//4140
f 4141//4141 4142//4142 4143//4143
f 4144//4144 4145//4145 4146//4146
f 4147//4147 4148//4148 4149//4149
f 4150//4150 4151//4151 4152//4152
f 4153//4153 4154//4154 4155//4155
f 4156//4156 4157//4157 4158//4158
f 4159//4159 4160//4160 4161//4161
f 4162//4162 4163//4163 4164//4164
f 4165//4165 4166//4166 4167//4167
f 4168//4168 4169//4169 4170//4170
f 4171//4171 4172//4172 4173//4173
f 4174//4174 4175//4175 4176//4176
f 4177//4177 4178//4178 4179//4179
f 4180//4180 4181//4181 4182//4182
f 4183//4183 4184//4184 4185//4185
f 4186//4186 4187//4187 4188//4188
f 4189//4189 4190//4190 4191//4191
f 4192//4192 4193//4193 4194//4194
f 4195//4195 4196//4196 4197//4197
f 4198//4198 4199//4199 4200//4200
f 4201//4201 4202//4202 4203//4203
f 4204//4204 4205//4205 4206//4206
f 4207//4207 4208//4208 4209//4209
f 4210//4210 4211//4211 4212//4212
f 4213//4213 4214//4214 4215//4215
f 4216//4216 4217//4217 4218//4218
f 4219//4219 4220//4220 4221//4221
f 4222//4222 4223//4223 4224//4224
f 4225//4225 4226//4226 4227//4227
f 4228//4228 4229//4229 4230//4230
f 4231//4231 4232//4232 4233//4233
f 4234//4234 4235//4235 4236//4236
f 4237//4237 4238//4238 4239//4239
f 4240//4240 4241//4241 4242//4242
f 4243//4243 4244//4244 4245//4245
f 4246//4246 4247//4247 4248//4248
f 4249//4249 4250//4250 4251//4251
f 4252//4252 4253//4253 4254//4254
f 4255//4255 4256//4256 4257//4257
f 4258//4258 4259//4259 4260//4260
f 4261//4261 4262//4262 4263//4263
f 4264//4264 4265//4265 4266//4266
f 4267//4267 4268//4268 4269//4269
f 4270//4270 4271//4271 4272//4272
f 4273//4273 4274//4274 4275//4275
f 4276//4276 4277//4277 4278//4278
f 4279//4279 4280//4280 4281//4281
f 4282//4282 4283//4283 4284//4284
f 4285//4285 4286//4286 4287//4287
f 4288//4288 4289//4289 4290//4290
f 4291//4291 4292//4292 4293//4293
f 4294//4294 4295//4295 4296//4296
f 4297//4297 4298//4298 4299//4299
f 4300//4300 4301//4301 4302//4302
f 4303//4303 4304//4304 4305//4305
f 4306//4306 4307//4307 4308//4308
f 4309//4309 4310//4310 4311//4311
f 4312//4312 4313//4313 4314//4314
f 4315//4315 4316//4316 4317//4317
f 4318//4318 4319//4319 4320//4320
f 4321//4321 4322//4322 4323//4323
f 4324//4324 4325//4325 4326//4326
f 4327//4327 4328//4328 4329//4329
f 4330//4330 4331//4331 4332//4332
f 4333//4333 4334//4334 4335//4335
f 4336//4336 4337//4337 4338//4338
f 4339//4339 4340//4340 4341//4341
f 4342//4342 4343//4343 4344//4344
f 4345//4345 4346//4346 4347//4347
f 4348//4348 4349//4349 4350//4350
f 4351//4351 4352//4352 4353//4353
f 4354//4354 4355//4355 4356//4356
f 4357//4357 4358//4358 4359//4359
f 4360//4360 4361//4361 4362//4362
f 4363//4363 4364//4364 4365//4365
f 4366//4366 4367//4367 4368//4368
f 4369//4369 4370//4370 4371//4371
f 4372//4372 4373//4373 4374//4374
f 4375//4375 4376//4376 4377//4377
f 4378//4378 4379//4379 4380//4380
f 4381//4381 4382//4382 4383//4383
f 4384//4384 4385//4385 4386//4386
f 4387//4387 4388//4388 4389//4389
f 4390//4390 4391//4391 4392//4392
f 4393//4393 4394//4394 4395//4395
f 4396//4396 4397//4397 4398//4398
f 4399//4399 4400//4400 4401//4401
f 4402//4402 4403//4403 4404//4404
f 4405//4405 4406//4406 4407//4407
f 4408//4408 4409//4409 4410//4410
f 4411//4411 4412//4412 4413//4413
f 4414//4414 4415//4415 4416//4416
f 4417//4417 4418//4418 4419//4419
f 4420//4420 4421//4421 4422//4422
f 4423//4423 4424//4424 4425//4425
f 4426//4426 4427//4427 4428//4428
f 4429//4429 4430//4430 4431//4431
f 4432//4432 4433//4433 4434//4434
f 4435//4435 4436//4436 4437//4437
f 4438//4438 4439//4439 4440//4440
f 4441//4441 4442//4442 4443//4443
f 4444//4444 4445//4445 4446//4446
f 4447//4447 4448//4448 4449//4449
f 4450//4450 4451//4451 4452//4452
f 4453//4453 4454//4454 4455//4455
f 4456//4456 4457//4457 4458//4458
f 4459//4459 4460//4460 4461//4461
f 4462//4462 4463//4463 4464//4464
f 4465//4465 4466//4466 4467//4467
f 4468//4468 4469//4469 4470//4470
f 4471//4471 4472//4472 4473//4473
f 4474//4474 4475//4475 4476//4476
f 4477//4477 4478//4478 4479//4479
f 4480//4480 4481//4481 4482//4482
f 4483//4483 4484//4484 4485//4485
f 4486//4486 4487//4487 4488//4488
f 4489//4489 4490//4490 4491//4491
f 4492//4492 4493//4493 4494//4494
f 4495//4495 4496//4496 4497//4497
f 4498//4498 4499//4499 4500//4500
f 4501//4501 4502//4502 4503//4503
f 4504//4504 4505//4505 4506//4506
f 4507//4507 4508//4508 4509//4509
f 4510//4510 4511//4511 4512//4512
f 4513//4513 4514//4514 4515//4515
f 4516//4516 4517//4517 4518//4518
f 4519//4519 4520//4520 4521//4521
f 4522//4522 4523//4523 4524//4524
f 4525//4525 4526//4526 4527//4527
f 4528//4528 4529//4529 4530//4530
f 4531//4531 4532//4532 4533//4533
f 4534//4534 4535//4535 4536//4536
f 4537//4537 4538//4538 4539//4539
f 4540//4540 4541//4541 4542//4542
f 4543//4543 4544//4544 4545//4545
f 4546//4546 4547//4547 4548//4548
f 4549//4549 4550//4550 4551//4551
f 4552//4552 4553//4553 4554//4554
f 4555//4555 4556//4556 4557//4557
f 4558//4558 4559//4559 4560//4560
f 4561//4561 4562//4562 4563//4563
f 4564//4564 4565//4565 4566//4566
f 4567//4567 4568//4568 4569//4569
f 4570//4570 4571//4571 4572//4572
f 4573//4573 4574//4574 4575//4575
f 4576//4576 4577//4577 4578//4578
f 4579//4579 4580//4580 4581//4581
f 4582//4582 4583//4583 4584//4584
f 4585//4585 4586//4586 4587//4587
f 4588//4588 4589//4589 4590//4590
f 4591//4591 4592//4592 4593//4593
f 4594//4594 4595//4595 4596//4596
f 4597//4597 4598//4598 4599//4599
f 4600//4600 4601//4601 4602//4602
f 4603//4603 4604//4604 4605//4605
f 4606//4606 4607//4607 4608//4608
f 4609//4609 4610//4610 4611//4611
f 4612//4612 4613//4613 4614//4614
f 4615//4615 4616//4616 4617//4617
f 4618//4618 4619//4619 4620//4620
f 4621//4621 4622//4622 4623//4623
f 4624//4624 4625//4625 4626//4626
f 4627//4627 4628//4628 4629//4629
f 4630//4630 4631//4631 4632//4632
f 4633//4633 4634//4634 4635//4635
f 4636//4636 4637//4637 4638//4638
f 4639//4639 4640//4640 4641//4641
f 4642//4642 4643//4643 4644//4644
f 4645//4645 4646//4646 4647//4647
f 4648//4648 4649//4649 4650//4650
f 4651//4651 4652//4652 4653//4653
f 4654//4654 4655//4655 4656//4656
f 4657//4657 4658//4658 4659//4659
f 4660//4660 4661//4661 4662//4662
f 4663//4663 4664//4664 4665//4665
f 4666//4666 4667//4667 4668//4668
f 4669//4669 4670//4670 4671//4671
f 4672//4672 4673//4673 4674//4674
f 4675//4675 4676//4676 4677//4677
f 4678//4678 4679//4679 4680//4680
f 4681//4681 4682//4682 4683//4683
f 4684//4684 4685//4685 4686//4686
f 4687//4687 4688//4688 4689//4689
f 4690//4690 4691//4691 4692//4692
f 4693//4693 4694//4694 4695//4695
f 4696//4696 4697//4697 4698//4698
f 4699//4699 4700//4700 4701//4701
f 4702//4702 4703//4703 4704//4704
f 4705//4705 4706//4706 4707//4707
f 4708//4708 4709//4709 4710//4710
f 4711//4711 4712//4712 4713//4713
f 4714//4714 4715//4715 4716//4716
f 4717//4717 4718//4718 4719//4719
f 4720//4720 4721//4721 4722//4722
f 4723//4723 4724//4724 4725//4725
f 4726//4726 4727//4727 4728//4728
f 4729//4729 4730//4730 4731//4731
f 4732//4732 4733//4733 4734//4734
f 4735//4735 4736//4736 4737//4737
f 4738//4738 4739//4739 4740//4740
f 4741//4741 4742//4742 4743//4743
f 4744//4744 4745//4745 4746//4746
f 4747//4747 4748//4748 4749//4749
f 4750//4750 4751//4751 4752//4752
f 4753//4753 4754//4754 4755//4755
f 4756//4756 4757//4757 4758//4758
f 4759//4759 4760//4760 4761//4761
f 4762//4762 4763//4763 4764//4764
f 4765//4765 4766//4766 4767//4767
f 4768//4768 4769//4769 4770//4770
f 4771//4771 4772//4772 4773//4773
f 4774//4774 4775//4775 4776//4776
f 4777//4777 4778//4778 4779//4779
f 4780//4780 4781//4781 4782//4782
f 4783//4783 4784//4784 4785//4785
f 4786//4786 4787//4787 4788//4788
f 4789//4789 4790//4790 4791//4791
f 4792//4792 4793//4793 4794//4794
f 4795//4795 4796//4796 4797//4797
f 4798//4798 4799//4799 4800//4800
f 4801//4801 4802//4802 4803//4803
f 4804//4804 4805//4805 4806//4806
f 4807//4807 4808//4808 4809//4809
f 4810//4810 4811//4811 4812//4812
f 4813//4813 4814//4814 4815//4815
f 4816//4816 4817//4817 4818//4818
f 4819//4819 4820//4820 4821//4821
f 4822//4822 4823//4823 4824//4824
f 4825//4825 4826//4826 4827//4827
f 4828//4828 4829//4829 4830//4830
f 4831//4831 4832//4832 4833//4833
f 4834//4834 4835//4835 4836//4836
f 4837//4837 4838//4838 4839//4839
f 4840//4840 4841//4841 4842//4842
f 4843//4843 4844//4844 4845//4845
f 4846//4846 4847//4847 4848//4848
f 4849//4849 4850//4850 4851//4851
f 4852//4852 4853//4853 4854//4854
f 4855//4855 4856//4856 4857//4857
f 4858//4858 4859//4859 4860//4860
f 4861//4861 4862//4862 4863//4863
f 4864//4864 4865//4865 4866//4866
f 4867//4867 4868//4868 4869//4869
f 4870//4870 4871//4871 4872//4872
f 4873//4873 4874//4874 4875//4875
f 4876//4876 4877//4877 4878//4878
f 4879//4879 4880//4880 4881//4881
f 4882//4882 4883//4883 4884//4884
f 4885//4885 4886//4886 4887//4887
f 4888//4888 4889//4889 4890//4890
f 4891//4891 4892//4892 4893//4893
f 4894//4894 4895//4895 4896//4896
f 4897//4897 4898//4898 4899//4899
f 4900//4900 4901//4901 4902//4902
f 4903//4903 4904//4904 4905//4905
f 4906//4906 4907//4907 4908//4908
f 4909//4909 4910//4910 4911//4911
f 4912//4912 4913//4913 4914//4914
f 4915//4915 4916//4916 4917//4917
f 4918//4918 4919//4919 4920//4920
f 4921//4921 4922//4922 4923//4923
f 4924//4924 4925//4925 4926//4926
f 4927//4927 4928//4928 4929//4929
f 4930//4930 4931//4931 4932//4932
f 4933//4933 4934//4934 4935//4935
f 4936//4936 4937//4937 4938//4938
f 4939//4939 4940//4940 4941//4941
f 4942//4942 4943//4943 4944//4944
f 4945//4945 4946//4946 4947//4947
f 4948//4948 4949//4949 4950//4950
f 4951//4951 4952//4952 4953//4953
f 4954//4954 4955//4955 4956//4956
f 4957//4957 4958//4958 4959//4959
f 4960//4960 4961//4961 4962//4962
f 4963//4963 4964//4964 4965//4965
f 4966//4966 4967//4967 4968//4968
f 4969//4969 4970//4970 4971//4971
f 4972//4972 4973//4973 4974//4974
f 4975//4975 4976//4976 4977//4977
f 4978//4978 4979//4979 4980//4980
f 4981//4981 4982//4982 4983//4983
f 4984//4984 4985//4985 4986//4986
f 4987//4987 4988//4988 4989//4989
f 4990//4990 4991//4991 4992//4992
f 4993//4993 4994//4994 4995//4995
f 4996//4996 4997//4997 4998//4998
f 4999//4999 5000//5000 5001//5001
f 5002//5002 5003//5003 5004//5004
f 5005//5005 5006//5006 5007//5007
f 5008//5008 5009//5009 5010//5010
f 5011//5011 5012//5012 5013//5013
f 5014//5014 5015//5015 5016//5016
f 5017//5017 5018//5018 5019//5019
f 5020//5020 5021//5021 5022//5022
f 5023//5023 5024//5024 5025//5025
f 5026//5026 5027//5027 5028//5028
f 5029//5029 5030//5030 5031//5031
f 5032//5032 5033//5033 5034//5034
f 5035//5035 5036//5036 5037//5037
f 5038//5038 5039//5039 5040//5040
f 5041//5041 5042//5042 5043//5043
f 5044//5044 5045//5045 5046//5046
f 5047//5047 5048//5048 5049//5049
f 5050//5050 5051//5051 5052//5052
f 5053//5053 5054//5054 5055//5055
f 5056//5056 5057//5057 5058//5058
f 5059//5059 5060//5060 5061//5061
f 5062//5062 5063//5063 5064//5064
f 5065//5065 5066//5066 5067//5067
f 5068//5068 5069//5069 5070//5070
f 5071//5071 5072//5072 5073//5073
f 5074//5074 5075//5075 5076//5076
f 5077//5077 5078//5078 5079//5079
f 5080//5080 5081//5081 5082//5082
f 5083//5083 5084//5084 5085//5085
f 5086//5086 5087//5087 5088//5088
f 5089//5089 5090//5090 5091//5091
f 5092//5092 5093//5093 5094//5094
f 5095//5095 5096//5096 5097//5097
f 5098//5098 5099//5099 5100//5100
f 5101//5101 5102//5102 5103//5103
f 5104//5104 5105//5105 5106//5106
f 5107//5107 5108//5108 5109//5109
f 5110//5110 5111//5111 5112//5112
f 5113//5113 5114//5114 5115//5115
f 5116//5116 5117//5117 5118//5118
f 5119//5119 5120//5120 5121//5121
f 5122//5122 5123//5123 5124//5124
f 5125//5125 5126//5126 5127//5127
f 5128//5128 5129//5129 5130//5130
f 5131//5131 5132//5132 5133//5133
f 5134//5134 5135//5135 5136//5136
f 5137//5137 5138//5138 5139//5139
f 5140//5140 5141//5141 5142//5142
f 5143//5143 5144//5144 5145//5145
f 5146//5146 5147//5147 5148//5148
f 5149//5149 5150//5150 5151//5151
f 5152//5152 5153//5153 5154//5154
f 5155//5155 5156//5156 5157//5157
f 5158//5158 5159//5159 5160//5160
f 5161//5161 5162//5162 5163//5163
f 5164//5164 5165//5165 5166//5166
f 5167//5167 5168//5168 5169//5169
f 5170//5170 5171//5171 5172//5172
f 5173//5173 5174//5174 5175//5175
f 5176//5176 5177//5177 5178//5178
f 5179//5179 5180//5180 5181//5181
f 5182//5182 5183//5183 5184//5184
f 5185//5185 5186//5186 5187//5187
f 5188//5188 5189//5189 5190//5190
f 5191//5191 5192//5192 5193//5193
f 5194//5194 5195//5195 5196//5196
f 5197//5197 5198//5198 5199//5199
f 5200//5200 5201//5201 5202//5202
f 5203//5203 5204//5204 5205//5205
f 5206//5206 5207//5207 5208//5208
f 5209//5209 5210//5210 5211//5211
f 5212//5212 5213//5213 5214//5214
f 5215//5215 5216//5216 5217//5217
f 5218//5218 5219//5219 5220//5220
f 5221//5221 5222//5222 5223//5223
f 5224//5224 5225//5225 5226//5226
f 5227//5227 5228//5228 5229//5229
f 5230//5230 5231//5231 5232//5232
f 5233//5233 5234//5234 5235//5235
f 5236//5236 5237//5237 5238//5238
f 5239//5239 5240//5240 5241//5241
f 5242//5242 5243//5243 5244//5244
f 5245//5245 5246//5246 5247//5247
f 5248//5248 5249//5249 5250//5250
f 5251//5251 5252//5252 5253//5253
f 5254//5254 5255//5255 5256//5256
f 5257//5257 5258//5258 5259//5259
f 5260//5260 5261//5261 5262//5262
f 5263//5263 5264//5264 5265//5265
f 5266//5266 5267//5267 5268//5268
f 5269//5269 5270//5270 5271//5271
f 5272//5272 5273//5273 5274//5274
f 5275//5275 5276//5276 5277//5277
f 5278//5278 5279//5279 5280//5280
f 5281//5281 5282//5282 5283//5283
f 5284//5284 5285//5285 5286//5286
f 5287//5287 5288//5288 5289//5289
f 5290//5290 5291//5291 5292//5292
f 5293//5293 5294//5294 5295//5295
f 5296//5296 5297//5297 5298//5298
f 5299//5299 5300//5300 5301//5301
f 5302//5302 5303//5303 5304//5304
f 5305//5305 5306//5306 5307//5307
f 5308//5308 5309//5309 5310//5310
f 5311//5311 5312//5312 5313//5313
f 5314//5314 5315//5315 5316//5316
f 5317//5317 5318//5318 5319//5319
f 5320//5320 5321//5321 5322//5322
f 5323//5323 5324//5324 5325//5325
f 5326//5326 5327//5327 5328//5328
f 5329//5329 5330//5330 5331//5331
f 5332//5332 5333//5333 5334//5334
f 5335//5335 5336//5336 5337//5337
f 5338//5338 5339//5339 5340//5340
f 5341//5341 5342//5342 5343//5343
f 5344//5344 5345//5345 5346//5346
f 5347//5347 5348//5348 5349//5349
f 5350//5350 5351//5351 5352//5352
f 5353//5353 5354//5354 5355//5355
f 5356//5356 5357//5357 5358//5358
f 5359//5359 5360//5360 5361//5361
f 5362//5362 5363//5363 5364//5364
f 5365//5365 5366//5366 5367//5367
f 5368//5368 5369//5369 5370//5370
f 5371//5371 5372//5372 5373//5373
f 5374//5374 5375//5375 5376//5376
f 5377//5377 5378//5378 5379//5379
f 5380//5380 5381//5381 5382//5382
f 5383//5383 5384//5384 5385//5385
f 5386//5386 5387//5387 5388//5388