# Clay logo mesh
mtllib orbit-bloom-clay-clay.mtl

v -0.2525172829627991 0.1232428252696991 -0.12333333119750023
v -0.2823610305786133 0.040742818266153336 -0.12333333119750023
v -0.6597048044204712 -0.004882180714048445 -0.12333333119750023
v -0.6597048044204712 -0.004882180714048445 -0.12333333119750023
v -0.2823610305786133 0.040742818266153336 -0.12333333119750023
v -0.27892352640628815 -0.05363218113780022 -0.12333333119750023
v -0.5248610377311707 -0.4547259211540222 -0.12333333119750023
v -0.6037672758102417 -0.25519469380378723 -0.12333333119750023
v -0.6597048044204712 -0.004882180714048445 -0.12333333119750023
v 0.21076396107673645 -0.5645696520805359 -0.12333333119750023
v -0.0223610308021307 -0.615507185459137 -0.12333333119750023
v -0.20564228296279907 -0.535038411617279 -0.12333333119750023
v 0.5307639837265015 -0.2656634449958801 -0.12333333119750023
v 0.42060771584510803 -0.46597594022750854 -0.12333333119750023
v 0.21076396107673645 -0.5645696520805359 -0.12333333119750023
v 0.6593577265739441 0.043086569756269455 -0.12333333119750023
v 0.6604514718055725 -0.07660093158483505 -0.12333333119750023
v 0.5307639837265015 -0.2656634449958801 -0.12333333119750023
v 0.20982646942138672 0.560274064540863 -0.12333333119750023
v 0.41092023253440857 0.481367826461792 -0.12333333119750023
v 0.447170227766037 0.329024076461792 -0.12333333119750023
v -0.29189229011535645 0.558711588382721 -0.12333333119750023
v -0.042048530536703765 0.6162115931510925 -0.12333333119750023
v 0.20982646942138672 0.560274064540863 -0.12333333119750023
v -0.6022047996520996 0.24652406573295593 -0.12333333119750023
v -0.5039235353469849 0.46011781692504883 -0.12333333119750023
v -0.29189229011535645 0.558711588382721 -0.12333333119750023
v -0.2525172829627991 0.1232428252696991 -0.12333333119750023
v -0.6597048044204712 -0.004882180714048445 -0.12333333119750023
v -0.6022047996520996 0.24652406573295593 -0.12333333119750023
v -0.6597048044204712 -0.004882180714048445 -0.12333333119750023
v -0.27892352640628815 -0.05363218113780022 -0.12333333119750023
v -0.24001727998256683 -0.14331968128681183 -0.12333333119750023
v -0.3722047805786133 -0.49066343903541565 -0.12333333119750023
v -0.5248610377311707 -0.4547259211540222 -0.12333333119750023
v -0.6597048044204712 -0.004882180714048445 -0.12333333119750023
v 0.21076396107673645 -0.5645696520805359 -0.12333333119750023
v -0.20564228296279907 -0.535038411617279 -0.12333333119750023
v -0.3722047805786133 -0.49066343903541565 -0.12333333119750023
v 0.6593577265739441 0.043086569756269455 -0.12333333119750023
v 0.5307639837265015 -0.2656634449958801 -0.12333333119750023
v 0.21076396107673645 -0.5645696520805359 -0.12333333119750023
v 0.20982646942138672 0.560274064540863 -0.12333333119750023
v 0.447170227766037 0.329024076461792 -0.12333333119750023
v 0.5076389908790588 0.17121157050132751 -0.12333333119750023
v -0.6022047996520996 0.24652406573295593 -0.12333333119750023
v -0.29189229011535645 0.558711588382721 -0.12333333119750023
v 0.20982646942138672 0.560274064540863 -0.12333333119750023
v -0.18782977759838104 0.19027407467365265 -0.12333333119750023
v -0.2525172829627991 0.1232428252696991 -0.12333333119750023
v -0.6022047996520996 0.24652406573295593 -0.12333333119750023
v -0.6597048044204712 -0.004882180714048445 -0.12333333119750023
v -0.24001727998256683 -0.14331968128681183 -0.12333333119750023
v -0.16814227402210236 -0.21113218367099762 -0.12333333119750023
v 0.21076396107673645 -0.5645696520805359 -0.12333333119750023
v -0.3722047805786133 -0.49066343903541565 -0.12333333119750023
v -0.6597048044204712 -0.004882180714048445 -0.12333333119750023
v 0.5076389908790588 0.17121157050132751 -0.12333333119750023
v 0.6593577265739441 0.043086569756269455 -0.12333333119750023
v 0.21076396107673645 -0.5645696520805359 -0.12333333119750023
v -0.18782977759838104 0.19027407467365265 -0.12333333119750023
v -0.6022047996520996 0.24652406573295593 -0.12333333119750023
v 0.20982646942138672 0.560274064540863 -0.12333333119750023
v 0.21076396107673645 -0.5645696520805359 -0.12333333119750023
v -0.6597048044204712 -0.004882180714048445 -0.12333333119750023
v -0.16814227402210236 -0.21113218367099762 -0.12333333119750023
v 0.20982646942138672 0.560274064540863 -0.12333333119750023
v 0.5076389908790588 0.17121157050132751 -0.12333333119750023
v 0.21076396107673645 -0.5645696520805359 -0.12333333119750023
v -0.09407978132367134 0.23214906454086304 -0.12333333119750023
v -0.18782977759838104 0.19027407467365265 -0.12333333119750023
v 0.20982646942138672 0.560274064540863 -0.12333333119750023
v 0.21076396107673645 -0.5645696520805359 -0.12333333119750023
v -0.16814227402210236 -0.21113218367099762 -0.12333333119750023
v -0.07720477879047394 -0.24581968784332275 -0.12333333119750023
v 0.005295220762491226 0.23730531334877014 -0.12333333119750023
v -0.09407978132367134 0.23214906454086304 -0.12333333119750023
v 0.20982646942138672 0.560274064540863 -0.12333333119750023
v 0.21076396107673645 -0.5645696520805359 -0.12333333119750023
v -0.07720477879047394 -0.24581968784332275 -0.12333333119750023
v 0.015138968825340271 -0.2441009283065796 -0.12333333119750023
v 0.09076397120952606 0.2065240740776062 -0.12333333119750023
v 0.005295220762491226 0.23730531334877014 -0.12333333119750023
v 0.20982646942138672 0.560274064540863 -0.12333333119750023
v 0.21076396107673645 -0.5645696520805359 -0.12333333119750023
v 0.015138968825340271 -0.2441009283065796 -0.12333333119750023
v 0.09888896346092224 -0.20706968009471893 -0.12333333119750023
v 0.15717022120952606 0.14324282109737396 -0.12333333119750023
v 0.09076397120952606 0.2065240740776062 -0.12333333119750023
v 0.20982646942138672 0.560274064540863 -0.12333333119750023
v 0.21076396107673645 -0.5645696520805359 -0.12333333119750023
v 0.09888896346092224 -0.20706968009471893 -0.12333333119750023
v 0.16513897478580475 -0.13660092651844025 -0.12333333119750023
v 0.19732646644115448 0.05464906990528107 -0.12333333119750023
v 0.15717022120952606 0.14324282109737396 -0.12333333119750023
v 0.20982646942138672 0.560274064540863 -0.12333333119750023
v 0.21076396107673645 -0.5645696520805359 -0.12333333119750023
v 0.16513897478580475 -0.13660092651844025 -0.12333333119750023
v 0.20076397061347961 -0.0434759296476841 -0.12333333119750023
v 0.20076397061347961 -0.0434759296476841 -0.12333333119750023
v 0.19732646644115448 0.05464906990528107 -0.12333333119750023
v 0.20982646942138672 0.560274064540863 -0.12333333119750023
v 0.20982646942138672 0.560274064540863 -0.12333333119750023
v 0.21076396107673645 -0.5645696520805359 -0.12333333119750023
v 0.20076397061347961 -0.0434759296476841 -0.12333333119750023
v -0.6597048044204712 -0.004882180714048445 0.12333333119750023
v -0.2823610305786133 0.040742818266153336 0.12333333119750023
v -0.2525172829627991 0.1232428252696991 0.12333333119750023
v -0.27892352640628815 -0.05363218113780022 0.12333333119750023
v -0.2823610305786133 0.040742818266153336 0.12333333119750023
v -0.6597048044204712 -0.004882180714048445 0.12333333119750023
v -0.6597048044204712 -0.004882180714048445 0.12333333119750023
v -0.6037672758102417 -0.25519469380378723 0.12333333119750023
v -0.5248610377311707 -0.4547259211540222 0.12333333119750023
v -0.20564228296279907 -0.535038411617279 0.12333333119750023
v -0.0223610308021307 -0.615507185459137 0.12333333119750023
v 0.21076396107673645 -0.5645696520805359 0.12333333119750023
v 0.21076396107673645 -0.5645696520805359 0.12333333119750023
v 0.42060771584510803 -0.46597594022750854 0.12333333119750023
v 0.5307639837265015 -0.2656634449958801 0.12333333119750023
v 0.5307639837265015 -0.2656634449958801 0.12333333119750023
v 0.6604514718055725 -0.07660093158483505 0.12333333119750023
v 0.6593577265739441 0.043086569756269455 0.12333333119750023
v 0.447170227766037 0.329024076461792 0.12333333119750023
v 0.41092023253440857 0.481367826461792 0.12333333119750023
v 0.20982646942138672 0.560274064540863 0.12333333119750023
v 0.20982646942138672 0.560274064540863 0.12333333119750023
v -0.042048530536703765 0.6162115931510925 0.12333333119750023
v -0.29189229011535645 0.558711588382721 0.12333333119750023
v -0.29189229011535645 0.558711588382721 0.12333333119750023
v -0.5039235353469849 0.46011781692504883 0.12333333119750023
v -0.6022047996520996 0.24652406573295593 0.12333333119750023
v -0.6022047996520996 0.24652406573295593 0.12333333119750023
v -0.6597048044204712 -0.004882180714048445 0.12333333119750023
v -0.2525172829627991 0.1232428252696991 0.12333333119750023
v -0.24001727998256683 -0.14331968128681183 0.12333333119750023
v -0.27892352640628815 -0.05363218113780022 0.12333333119750023
v -0.6597048044204712 -0.004882180714048445 0.12333333119750023
v -0.6597048044204712 -0.004882180714048445 0.12333333119750023
v -0.5248610377311707 -0.4547259211540222 0.12333333119750023
v -0.3722047805786133 -0.49066343903541565 0.12333333119750023
v -0.3722047805786133 -0.49066343903541565 0.12333333119750023
v -0.20564228296279907 -0.535038411617279 0.12333333119750023
v 0.21076396107673645 -0.5645696520805359 0.12333333119750023
v 0.21076396107673645 -0.5645696520805359 0.12333333119750023
v 0.5307639837265015 -0.2656634449958801 0.12333333119750023
v 0.6593577265739441 0.043086569756269455 0.12333333119750023
v 0.5076389908790588 0.17121157050132751 0.12333333119750023
v 0.447170227766037 0.329024076461792 0.12333333119750023
v 0.20982646942138672 0.560274064540863 0.12333333119750023
v 0.20982646942138672 0.560274064540863 0.12333333119750023
v -0.29189229011535645 0.558711588382721 0.12333333119750023
v -0.6022047996520996 0.24652406573295593 0.12333333119750023
v -0.6022047996520996 0.24652406573295593 0.12333333119750023
v -0.2525172829627991 0.1232428252696991 0.12333333119750023
v -0.18782977759838104 0.19027407467365265 0.12333333119750023
v -0.16814227402210236 -0.21113218367099762 0.12333333119750023
v -0.24001727998256683 -0.14331968128681183 0.12333333119750023
v -0.6597048044204712 -0.004882180714048445 0.12333333119750023
v -0.6597048044204712 -0.004882180714048445 0.12333333119750023
v -0.3722047805786133 -0.49066343903541565 0.12333333119750023
v 0.21076396107673645 -0.5645696520805359 0.12333333119750023
v 0.21076396107673645 -0.5645696520805359 0.12333333119750023
v 0.6593577265739441 0.043086569756269455 0.12333333119750023
v 0.5076389908790588 0.17121157050132751 0.12333333119750023
v 0.20982646942138672 0.560274064540863 0.12333333119750023
v -0.6022047996520996 0.24652406573295593 0.12333333119750023
v -0.18782977759838104 0.19027407467365265 0.12333333119750023
v -0.16814227402210236 -0.21113218367099762 0.12333333119750023
v -0.6597048044204712 -0.004882180714048445 0.12333333119750023
v 0.21076396107673645 -0.5645696520805359 0.12333333119750023
v 0.21076396107673645 -0.5645696520805359 0.12333333119750023
v 0.5076389908790588 0.17121157050132751 0.12333333119750023
v 0.20982646942138672 0.560274064540863 0.12333333119750023
v 0.20982646942138672 0.560274064540863 0.12333333119750023
v -0.18782977759838104 0.19027407467365265 0.12333333119750023
v -0.09407978132367134 0.23214906454086304 0.12333333119750023
v -0.07720477879047394 -0.24581968784332275 0.12333333119750023
v -0.16814227402210236 -0.21113218367099762 0.12333333119750023
v 0.21076396107673645 -0.5645696520805359 0.12333333119750023
v 0.20982646942138672 0.560274064540863 0.12333333119750023
v -0.09407978132367134 0.23214906454086304 0.12333333119750023
v 0.005295220762491226 0.23730531334877014 0.12333333119750023
v 0.015138968825340271 -0.2441009283065796 0.12333333119750023
v -0.07720477879047394 -0.24581968784332275 0.12333333119750023
v 0.21076396107673645 -0.5645696520805359 0.12333333119750023
v 0.20982646942138672 0.560274064540863 0.12333333119750023
v 0.005295220762491226 0.23730531334877014 0.12333333119750023
v 0.09076397120952606 0.2065240740776062 0.12333333119750023
v 0.09888896346092224 -0.20706968009471893 0.12333333119750023
v 0.015138968825340271 -0.2441009283065796 0.12333333119750023
v 0.21076396107673645 -0.5645696520805359 0.12333333119750023
v 0.20982646942138672 0.560274064540863 0.12333333119750023
v 0.09076397120952606 0.2065240740776062 0.12333333119750023
v 0.15717022120952606 0.14324282109737396 0.12333333119750023
v 0.16513897478580475 -0.13660092651844025 0.12333333119750023
v 0.09888896346092224 -0.20706968009471893 0.12333333119750023
v 0.21076396107673645 -0.5645696520805359 0.12333333119750023
v 0.20982646942138672 0.560274064540863 0.12333333119750023
v 0.15717022120952606 0.14324282109737396 0.12333333119750023
v 0.19732646644115448 0.05464906990528107 0.12333333119750023
v 0.20076397061347961 -0.0434759296476841 0.12333333119750023
v 0.16513897478580475 -0.13660092651844025 0.12333333119750023
v 0.21076396107673645 -0.5645696520805359 0.12333333119750023
v 0.20982646942138672 0.560274064540863 0.12333333119750023
v 0.19732646644115448 0.05464906990528107 0.12333333119750023
v 0.20076397061347961 -0.0434759296476841 0.12333333119750023
v 0.20076397061347961 -0.0434759296476841 0.12333333119750023
v 0.21076396107673645 -0.5645696520805359 0.12333333119750023
v 0.20982646942138672 0.560274064540863 0.12333333119750023
v 0.21076396107673645 -0.5645696520805359 -0.12333333119750023
v 0.42060771584510803 -0.46597594022750854 -0.12333333119750023
v 0.21197092533111572 -0.5681261420249939 -0.12308182194828987
v 0.42060771584510803 -0.46597594022750854 -0.12333333119750023
v 0.42329320311546326 -0.4688377380371094 -0.12308182194828987
v 0.21197092533111572 -0.5681261420249939 -0.12308182194828987
v 0.21197092533111572 -0.5681261420249939 -0.12308182194828987
v 0.42329320311546326 -0.4688377380371094 -0.12308182194828987
v 0.21316272020339966 -0.5716379284858704 -0.1223304495215416
v 0.42329320311546326 -0.4688377380371094 -0.12308182194828987
v 0.4259449243545532 -0.47166356444358826 -0.1223304495215416
v 0.21316272020339966 -0.5716379284858704 -0.1223304495215416
v 0.21316272020339966 -0.5716379284858704 -0.1223304495215416
v 0.4259449243545532 -0.47166356444358826 -0.1223304495215416
v 0.21432435512542725 -0.5750607848167419 -0.1210886649787426
v 0.4259449243545532 -0.47166356444358826 -0.1223304495215416
v 0.4285295009613037 -0.47441786527633667 -0.1210886649787426
v 0.21432435512542725 -0.5750607848167419 -0.1210886649787426
v 0.21432435512542725 -0.5750607848167419 -0.1210886649787426
v 0.4285295009613037 -0.47441786527633667 -0.1210886649787426
v 0.21544119715690613 -0.5783517360687256 -0.11937208846211433
v 0.4285295009613037 -0.47441786527633667 -0.1210886649787426
v 0.4310144782066345 -0.4770659804344177 -0.11937208846211433
v 0.21544119715690613 -0.5783517360687256 -0.11937208846211433
v 0.21544119715690613 -0.5783517360687256 -0.11937208846211433
v 0.4310144782066345 -0.4770659804344177 -0.11937208846211433
v 0.2164992392063141 -0.5814693570137024 -0.11720230057835579
v 0.4310144782066345 -0.4770659804344177 -0.11937208846211433
v 0.43336859345436096 -0.47957465052604675 -0.11720230057835579
v 0.2164992392063141 -0.5814693570137024 -0.11720230057835579
v 0.2164992392063141 -0.5814693570137024 -0.11720230057835579
v 0.43336859345436096 -0.47957465052604675 -0.11720230057835579
v 0.21748512983322144 -0.5843744277954102 -0.1146065928041935
v 0.43336859345436096 -0.47957465052604675 -0.11720230057835579
v 0.4355621933937073 -0.4819123148918152 -0.1146065928041935
v 0.21748512983322144 -0.5843744277954102 -0.1146065928041935
v 0.21748512983322144 -0.5843744277954102 -0.1146065928041935
v 0.4355621933937073 -0.4819123148918152 -0.1146065928041935
v 0.21838653087615967 -0.5870304703712463 -0.11161760240793228
v 0.4355621933937073 -0.4819123148918152 -0.1146065928041935
v 0.4375677704811096 -0.48404955863952637 -0.11161760240793228
v 0.21838653087615967 -0.5870304703712463 -0.11161760240793228
v 0.21838653087615967 -0.5870304703712463 -0.11161760240793228
v 0.4375677704811096 -0.48404955863952637 -0.11161760240793228
v 0.21919205784797668 -0.5894040465354919 -0.10827292501926422
v 0.4375677704811096 -0.48404955863952637 -0.11161760240793228
v 0.4393600523471832 -0.485959529876709 -0.10827292501926422
v 0.21919205784797668 -0.5894040465354919 -0.10827292501926422
v 0.21919205784797668 -0.5894040465354919 -0.10827292501926422
v 0.4393600523471832 -0.485959529876709 -0.10827292501926422
v 0.21989160776138306 -0.5914653539657593 -0.10461461544036865
v 0.4393600523471832 -0.485959529876709 -0.10827292501926422
v 0.440916508436203 -0.48761817812919617 -0.10461461544036865
v 0.21989160776138306 -0.5914653539657593 -0.10461461544036865
v 0.21989160776138306 -0.5914653539657593 -0.10461461544036865
v 0.440916508436203 -0.48761817812919617 -0.10461461544036865
v 0.22047635912895203 -0.5931883454322815 -0.10068868100643158
v 0.440916508436203 -0.48761817812919617 -0.10461461544036865
v 0.4422175884246826 -0.4890046715736389 -0.10068868100643158
v 0.22047635912895203 -0.5931883454322815 -0.10068868100643158
v 0.22047635912895203 -0.5931883454322815 -0.10068868100643158
v 0.4422175884246826 -0.4890046715736389 -0.10068868100643158
v 0.22093895077705383 -0.5945515036582947 -0.09654449485242367
v 0.4422175884246826 -0.4890046715736389 -0.10068868100643158
v 0.44324687123298645 -0.49010154604911804 -0.09654449485242367
v 0.22093895077705383 -0.5945515036582947 -0.09654449485242367
v 0.22093895077705383 -0.5945515036582947 -0.09654449485242367
v 0.44324687123298645 -0.49010154604911804 -0.09654449485242367
v 0.22127363085746765 -0.5955376625061035 -0.09223416913300753
v 0.44324687123298645 -0.49010154604911804 -0.09654449485242367
v 0.443991482257843 -0.4908950626850128 -0.09223416913300753
v 0.22127363085746765 -0.5955376625061035 -0.09223416913300753
v 0.22127363085746765 -0.5955376625061035 -0.09223416913300753
v 0.443991482257843 -0.4908950626850128 -0.09223416913300753
v 0.22147610783576965 -0.5961343050003052 -0.08781191101297736
v 0.443991482257843 -0.4908950626850128 -0.09223416913300753
v 0.4444420337677002 -0.4913751780986786 -0.08781191101297736
v 0.22147610783576965 -0.5961343050003052 -0.08781191101297736
v 0.22147610783576965 -0.5961343050003052 -0.08781191101297736
v 0.4444420337677002 -0.4913751780986786 -0.08781191101297736
v 0.22154390811920166 -0.5963340401649475 -0.0833333320915699
v 0.4444420337677002 -0.4913751780986786 -0.08781191101297736
v 0.4445928633213043 -0.49153590202331543 -0.0833333320915699
v 0.22154390811920166 -0.5963340401649475 -0.0833333320915699
v 0.22154390811920166 -0.5963340401649475 -0.0833333320915699
v 0.4445928633213043 -0.49153590202331543 -0.0833333320915699
v 0.22154390811920166 -0.5963340401649475 0.0833333395421505
v 0.4445928633213043 -0.49153590202331543 -0.0833333320915699
v 0.4445928633213043 -0.49153590202331543 0.0833333395421505
v 0.22154390811920166 -0.5963340401649475 0.0833333395421505
v 0.22154390811920166 -0.5963340401649475 0.0833333395421505
v 0.4445928633213043 -0.49153590202331543 0.0833333395421505
v 0.22147610783576965 -0.5961343050003052 0.0878119133412838
v 0.4445928633213043 -0.49153590202331543 0.0833333395421505
v 0.4444420337677002 -0.4913751780986786 0.0878119133412838
v 0.22147610783576965 -0.5961343050003052 0.0878119133412838
v 0.22147610783576965 -0.5961343050003052 0.0878119133412838
v 0.4444420337677002 -0.4913751780986786 0.0878119133412838
v 0.22127363085746765 -0.5955376625061035 0.09223417565226555
v 0.4444420337677002 -0.4913751780986786 0.0878119133412838
v 0.443991482257843 -0.4908950626850128 0.09223417565226555
v 0.22127363085746765 -0.5955376625061035 0.09223417565226555
v 0.22127363085746765 -0.5955376625061035 0.09223417565226555
v 0.443991482257843 -0.4908950626850128 0.09223417565226555
v 0.22093895077705383 -0.5945515036582947 0.09654450044035912
v 0.443991482257843 -0.4908950626850128 0.09223417565226555
v 0.44324687123298645 -0.49010154604911804 0.09654450044035912
v 0.22093895077705383 -0.5945515036582947 0.09654450044035912
v 0.22093895077705383 -0.5945515036582947 0.09654450044035912
v 0.44324687123298645 -0.49010154604911804 0.09654450044035912
v 0.22047635912895203 -0.5931883454322815 0.10068867728114128
v 0.44324687123298645 -0.49010154604911804 0.09654450044035912
v 0.4422175884246826 -0.4890046715736389 0.10068867728114128
v 0.22047635912895203 -0.5931883454322815 0.10068867728114128
v 0.22047635912895203 -0.5931883454322815 0.10068867728114128
v 0.4422175884246826 -0.4890046715736389 0.10068867728114128
v 0.21989160776138306 -0.5914653539657593 0.10461461171507835
v 0.4422175884246826 -0.4890046715736389 0.10068867728114128
v 0.440916508436203 -0.48761817812919617 0.10461461171507835
v 0.21989160776138306 -0.5914653539657593 0.10461461171507835
v 0.21989160776138306 -0.5914653539657593 0.10461461171507835
v 0.440916508436203 -0.48761817812919617 0.10461461171507835
v 0.21919205784797668 -0.5894040465354919 0.10827292129397392
v 0.440916508436203 -0.48761817812919617 0.10461461171507835
v 0.4393600523471832 -0.485959529876709 0.10827292129397392
v 0.21919205784797668 -0.5894040465354919 0.10827292129397392
v 0.21919205784797668 -0.5894040465354919 0.10827292129397392
v 0.4393600523471832 -0.485959529876709 0.10827292129397392
v 0.21838653087615967 -0.5870304703712463 0.11161760613322258
v 0.4393600523471832 -0.485959529876709 0.10827292129397392
v 0.4375677704811096 -0.48404955863952637 0.11161760613322258
v 0.21838653087615967 -0.5870304703712463 0.11161760613322258
v 0.21838653087615967 -0.5870304703712463 0.11161760613322258
v 0.4375677704811096 -0.48404955863952637 0.11161760613322258
v 0.21748512983322144 -0.5843744277954102 0.1146066002547741
v 0.4375677704811096 -0.48404955863952637 0.11161760613322258
v 0.4355621933937073 -0.4819123148918152 0.1146066002547741
v 0.21748512983322144 -0.5843744277954102 0.1146066002547741
v 0.21748512983322144 -0.5843744277954102 0.1146066002547741
v 0.4355621933937073 -0.4819123148918152 0.1146066002547741
v 0.2164992392063141 -0.5814693570137024 0.11720230802893639
v 0.4355621933937073 -0.4819123148918152 0.1146066002547741
v 0.43336859345436096 -0.47957465052604675 0.11720230802893639
v 0.2164992392063141 -0.5814693570137024 0.11720230802893639
v 0.2164992392063141 -0.5814693570137024 0.11720230802893639
v 0.43336859345436096 -0.47957465052604675 0.11720230802893639
v 0.21544119715690613 -0.5783517360687256 0.11937209591269493
v 0.43336859345436096 -0.47957465052604675 0.11720230802893639
v 0.4310144782066345 -0.4770659804344177 0.11937209591269493
v 0.21544119715690613 -0.5783517360687256 0.11937209591269493
v 0.21544119715690613 -0.5783517360687256 0.11937209591269493
v 0.4310144782066345 -0.4770659804344177 0.11937209591269493
v 0.21432435512542725 -0.5750607848167419 0.1210886649787426
v 0.4310144782066345 -0.4770659804344177 0.11937209591269493
v 0.4285295009613037 -0.47441786527633667 0.1210886649787426
v 0.21432435512542725 -0.5750607848167419 0.1210886649787426
v 0.21432435512542725 -0.5750607848167419 0.1210886649787426
v 0.4285295009613037 -0.47441786527633667 0.1210886649787426
v 0.21316272020339966 -0.5716379284858704 0.1223304532468319
v 0.4285295009613037 -0.47441786527633667 0.1210886649787426
v 0.4259449243545532 -0.47166356444358826 0.1223304532468319
v 0.21316272020339966 -0.5716379284858704 0.1223304532468319
v 0.21316272020339966 -0.5716379284858704 0.1223304532468319
v 0.4259449243545532 -0.47166356444358826 0.1223304532468319
v 0.21197092533111572 -0.5681261420249939 0.12308182939887047
v 0.4259449243545532 -0.47166356444358826 0.1223304532468319
v 0.42329320311546326 -0.4688377380371094 0.12308182939887047
v 0.21197092533111572 -0.5681261420249939 0.12308182939887047
v 0.21197092533111572 -0.5681261420249939 0.12308182939887047
v 0.42329320311546326 -0.4688377380371094 0.12308182939887047
v 0.21076396107673645 -0.5645696520805359 0.12333333119750023
v 0.42329320311546326 -0.4688377380371094 0.12308182939887047
v 0.42060771584510803 -0.46597594022750854 0.12333333119750023
v 0.21076396107673645 -0.5645696520805359 0.12333333119750023
v 0.42060771584510803 -0.46597594022750854 -0.12333333119750023
v 0.5307639837265015 -0.2656634449958801 -0.12333333119750023
v 0.42329320311546326 -0.4688377380371094 -0.12308182194828987
v 0.5307639837265015 -0.2656634449958801 -0.12333333119750023
v 0.533945620059967 -0.2676229476928711 -0.12308182194828987
v 0.42329320311546326 -0.4688377380371094 -0.12308182194828987
v 0.42329320311546326 -0.4688377380371094 -0.12308182194828987
v 0.533945620059967 -0.2676229476928711 -0.12308182194828987
v 0.4259449243545532 -0.47166356444358826 -0.1223304495215416
v 0.533945620059967 -0.2676229476928711 -0.12308182194828987
v 0.5370873212814331 -0.26955780386924744 -0.1223304495215416
v 0.4259449243545532 -0.47166356444358826 -0.1223304495215416
v 0.4259449243545532 -0.47166356444358826 -0.1223304495215416
v 0.5370873212814331 -0.26955780386924744 -0.1223304495215416
v 0.4285295009613037 -0.47441786527633667 -0.1210886649787426
v 0.5370873212814331 -0.26955780386924744 -0.1223304495215416
v 0.540149450302124 -0.2714436948299408 -0.1210886649787426
v 0.4285295009613037 -0.47441786527633667 -0.1210886649787426
v 0.4285295009613037 -0.47441786527633667 -0.1210886649787426
v 0.540149450302124 -0.2714436948299408 -0.1210886649787426
v 0.4310144782066345 -0.4770659804344177 -0.11937208846211433
v 0.540149450302124 -0.2714436948299408 -0.1210886649787426
v 0.5430935621261597 -0.27325689792633057 -0.11937208846211433
v 0.4310144782066345 -0.4770659804344177 -0.11937208846211433
v 0.4310144782066345 -0.4770659804344177 -0.11937208846211433
v 0.5430935621261597 -0.27325689792633057 -0.11937208846211433
v 0.43336859345436096 -0.47957465052604675 -0.11720230057835579
v 0.5430935621261597 -0.27325689792633057 -0.11937208846211433
v 0.5458826422691345 -0.27497461438179016 -0.11720230057835579
v 0.43336859345436096 -0.47957465052604675 -0.11720230057835579
v 0.43336859345436096 -0.47957465052604675 -0.11720230057835579
v 0.5458826422691345 -0.27497461438179016 -0.11720230057835579
v 0.4355621933937073 -0.4819123148918152 -0.1146065928041935
v 0.5458826422691345 -0.27497461438179016 -0.11720230057835579
v 0.5484815835952759 -0.2765752375125885 -0.1146065928041935
v 0.4355621933937073 -0.4819123148918152 -0.1146065928041935
v 0.4355621933937073 -0.4819123148918152 -0.1146065928041935
v 0.5484815835952759 -0.2765752375125885 -0.1146065928041935
v 0.4375677704811096 -0.48404955863952637 -0.11161760240793228
v 0.5484815835952759 -0.2765752375125885 -0.1146065928041935
v 0.5508577227592468 -0.2780386209487915 -0.11161760240793228
v 0.4375677704811096 -0.48404955863952637 -0.11161760240793228
v 0.4375677704811096 -0.48404955863952637 -0.11161760240793228
v 0.5508577227592468 -0.2780386209487915 -0.11161760240793228
v 0.4393600523471832 -0.485959529876709 -0.10827292501926422
v 0.5508577227592468 -0.2780386209487915 -0.11161760240793228
v 0.5529811382293701 -0.27934637665748596 -0.10827292501926422
v 0.4393600523471832 -0.485959529876709 -0.10827292501926422
v 0.4393600523471832 -0.485959529876709 -0.10827292501926422
v 0.5529811382293701 -0.27934637665748596 -0.10827292501926422
v 0.440916508436203 -0.48761817812919617 -0.10461461544036865
v 0.5529811382293701 -0.27934637665748596 -0.10827292501926422
v 0.5548251867294312 -0.28048208355903625 -0.10461461544036865
v 0.440916508436203 -0.48761817812919617 -0.10461461544036865
v 0.440916508436203 -0.48761817812919617 -0.10461461544036865
v 0.5548251867294312 -0.28048208355903625 -0.10461461544036865
v 0.4422175884246826 -0.4890046715736389 -0.10068868100643158
v 0.5548251867294312 -0.28048208355903625 -0.10461461544036865
v 0.5563666820526123 -0.2814314365386963 -0.10068868100643158
v 0.4422175884246826 -0.4890046715736389 -0.10068868100643158
v 0.4422175884246826 -0.4890046715736389 -0.10068868100643158
v 0.5563666820526123 -0.2814314365386963 -0.10068868100643158
v 0.44324687123298645 -0.49010154604911804 -0.09654449485242367
v 0.5563666820526123 -0.2814314365386963 -0.10068868100643158
v 0.557586133480072 -0.2821824848651886 -0.09654449485242367
v 0.44324687123298645 -0.49010154604911804 -0.09654449485242367
v 0.44324687123298645 -0.49010154604911804 -0.09654449485242367
v 0.557586133480072 -0.2821824848651886 -0.09654449485242367
v 0.443991482257843 -0.4908950626850128 -0.09223416913300753
v 0.557586133480072 -0.2821824848651886 -0.09654449485242367
v 0.5584683418273926 -0.28272581100463867 -0.09223416913300753
v 0.443991482257843 -0.4908950626850128 -0.09223416913300753
v 0.443991482257843 -0.4908950626850128 -0.09223416913300753
v 0.5584683418273926 -0.28272581100463867 -0.09223416913300753
v 0.4444420337677002 -0.4913751780986786 -0.08781191101297736
v 0.5584683418273926 -0.28272581100463867 -0.09223416913300753
v 0.559002161026001 -0.28305453062057495 -0.08781191101297736
v 0.4444420337677002 -0.4913751780986786 -0.08781191101297736
v 0.4444420337677002 -0.4913751780986786 -0.08781191101297736
v 0.559002161026001 -0.28305453062057495 -0.08781191101297736
v 0.4445928633213043 -0.49153590202331543 -0.0833333320915699
v 0.559002161026001 -0.28305453062057495 -0.08781191101297736
v 0.5591807961463928 -0.2831645905971527 -0.0833333320915699
v 0.4445928633213043 -0.49153590202331543 -0.0833333320915699
v 0.4445928633213043 -0.49153590202331543 -0.0833333320915699
v 0.5591807961463928 -0.2831645905971527 -0.0833333320915699
v 0.4445928633213043 -0.49153590202331543 0.0833333395421505
v 0.5591807961463928 -0.2831645905971527 -0.0833333320915699
v 0.5591807961463928 -0.2831645905971527 0.0833333395421505
v 0.4445928633213043 -0.49153590202331543 0.0833333395421505
v 0.4445928633213043 -0.49153590202331543 0.0833333395421505
v 0.5591807961463928 -0.2831645905971527 0.0833333395421505
v 0.4444420337677002 -0.4913751780986786 0.0878119133412838
v 0.5591807961463928 -0.2831645905971527 0.0833333395421505
v 0.559002161026001 -0.28305453062057495 0.0878119133412838
v 0.4444420337677002 -0.4913751780986786 0.0878119133412838
v 0.4444420337677002 -0.4913751780986786 0.0878119133412838
v 0.559002161026001 -0.28305453062057495 0.0878119133412838
v 0.443991482257843 -0.4908950626850128 0.09223417565226555
v 0.559002161026001 -0.28305453062057495 0.0878119133412838
v 0.5584683418273926 -0.28272581100463867 0.09223417565226555
v 0.443991482257843 -0.4908950626850128 0.09223417565226555
v 0.443991482257843 -0.4908950626850128 0.09223417565226555
v 0.5584683418273926 -0.28272581100463867 0.09223417565226555
v 0.44324687123298645 -0.49010154604911804 0.09654450044035912
v 0.5584683418273926 -0.28272581100463867 0.09223417565226555
v 0.557586133480072 -0.2821824848651886 0.09654450044035912
v 0.44324687123298645 -0.49010154604911804 0.09654450044035912
v 0.44324687123298645 -0.49010154604911804 0.09654450044035912
v 0.557586133480072 -0.2821824848651886 0.09654450044035912
v 0.4422175884246826 -0.4890046715736389 0.10068867728114128
v 0.557586133480072 -0.2821824848651886 0.09654450044035912
v 0.5563666820526123 -0.2814314365386963 0.10068867728114128
v 0.4422175884246826 -0.4890046715736389 0.10068867728114128
v 0.4422175884246826 -0.4890046715736389 0.10068867728114128
v 0.5563666820526123 -0.2814314365386963 0.10068867728114128
v 0.440916508436203 -0.48761817812919617 0.10461461171507835
v 0.5563666820526123 -0.2814314365386963 0.10068867728114128
v 0.5548251867294312 -0.28048208355903625 0.10461461171507835
v 0.440916508436203 -0.48761817812919617 0.10461461171507835
v 0.440916508436203 -0.48761817812919617 0.10461461171507835
v 0.5548251867294312 -0.28048208355903625 0.10461461171507835
v 0.4393600523471832 -0.485959529876709 0.10827292129397392
v 0.5548251867294312 -0.28048208355903625 0.10461461171507835
v 0.5529811382293701 -0.27934637665748596 0.10827292129397392
v 0.4393600523471832 -0.485959529876709 0.10827292129397392
v 0.4393600523471832 -0.485959529876709 0.10827292129397392
v 0.5529811382293701 -0.27934637665748596 0.10827292129397392
v 0.4375677704811096 -0.48404955863952637 0.11161760613322258
v 0.5529811382293701 -0.27934637665748596 0.10827292129397392
v 0.5508577227592468 -0.2780386209487915 0.11161760613322258
v 0.4375677704811096 -0.48404955863952637 0.11161760613322258
v 0.4375677704811096 -0.48404955863952637 0.11161760613322258
v 0.5508577227592468 -0.2780386209487915 0.11161760613322258
v 0.4355621933937073 -0.4819123148918152 0.1146066002547741
v 0.5508577227592468 -0.2780386209487915 0.11161760613322258
v 0.5484815835952759 -0.2765752375125885 0.1146066002547741
v 0.4355621933937073 -0.4819123148918152 0.1146066002547741
v 0.4355621933937073 -0.4819123148918152 0.1146066002547741
v 0.5484815835952759 -0.2765752375125885 0.1146066002547741
v 0.43336859345436096 -0.47957465052604675 0.11720230802893639
v 0.5484815835952759 -0.2765752375125885 0.1146066002547741
v 0.5458826422691345 -0.27497461438179016 0.11720230802893639
v 0.43336859345436096 -0.47957465052604675 0.11720230802893639
v 0.43336859345436096 -0.47957465052604675 0.11720230802893639
v 0.5458826422691345 -0.27497461438179016 0.11720230802893639
v 0.4310144782066345 -0.4770659804344177 0.11937209591269493
v 0.5458826422691345 -0.27497461438179016 0.11720230802893639
v 0.5430935621261597 -0.27325689792633057 0.11937209591269493
v 0.4310144782066345 -0.4770659804344177 0.11937209591269493
v 0.4310144782066345 -0.4770659804344177 0.11937209591269493
v 0.5430935621261597 -0.27325689792633057 0.11937209591269493
v 0.4285295009613037 -0.47441786527633667 0.1210886649787426
v 0.5430935621261597 -0.27325689792633057 0.11937209591269493
v 0.540149450302124 -0.2714436948299408 0.1210886649787426
v 0.4285295009613037 -0.47441786527633667 0.1210886649787426
v 0.4285295009613037 -0.47441786527633667 0.1210886649787426
v 0.540149450302124 -0.2714436948299408 0.1210886649787426
v 0.4259449243545532 -0.47166356444358826 0.1223304532468319
v 0.540149450302124 -0.2714436948299408 0.1210886649787426
v 0.5370873212814331 -0.26955780386924744 0.1223304532468319
v 0.4259449243545532 -0.47166356444358826 0.1223304532468319
v 0.4259449243545532 -0.47166356444358826 0.1223304532468319
v 0.5370873212814331 -0.26955780386924744 0.1223304532468319
v 0.42329320311546326 -0.4688377380371094 0.12308182939887047
v 0.5370873212814331 -0.26955780386924744 0.1223304532468319
v 0.533945620059967 -0.2676229476928711 0.12308182939887047
v 0.42329320311546326 -0.4688377380371094 0.12308182939887047
v 0.42329320311546326 -0.4688377380371094 0.12308182939887047
v 0.533945620059967 -0.2676229476928711 0.12308182939887047
v 0.42060771584510803 -0.46597594022750854 0.12333333119750023
v 0.533945620059967 -0.2676229476928711 0.12308182939887047
v 0.5307639837265015 -0.2656634449958801 0.12333333119750023
v 0.42060771584510803 -0.46597594022750854 0.12333333119750023
v 0.5307639837265015 -0.2656634449958801 -0.12333333119750023
v 0.6604514718055725 -0.07660093158483505 -0.12333333119750023
v 0.533945620059967 -0.2676229476928711 -0.12308182194828987
v 0.6604514718055725 -0.07660093158483505 -0.12333333119750023
v 0.6641942262649536 -0.07774250954389572 -0.12308182194828987
v 0.533945620059967 -0.2676229476928711 -0.12308182194828987
v 0.533945620059967 -0.2676229476928711 -0.12308182194828987
v 0.6641942262649536 -0.07774250954389572 -0.12308182194828987
v 0.5370873212814331 -0.26955780386924744 -0.1223304495215416
v 0.6641942262649536 -0.07774250954389572 -0.12308182194828987
v 0.6678898930549622 -0.07886973023414612 -0.1223304495215416
v 0.5370873212814331 -0.26955780386924744 -0.1223304495215416
v 0.5370873212814331 -0.26955780386924744 -0.1223304495215416
v 0.6678898930549622 -0.07886973023414612 -0.1223304495215416
v 0.540149450302124 -0.2714436948299408 -0.1210886649787426
v 0.6678898930549622 -0.07886973023414612 -0.1223304495215416
v 0.6714919805526733 -0.0799684226512909 -0.1210886649787426
v 0.540149450302124 -0.2714436948299408 -0.1210886649787426
v 0.540149450302124 -0.2714436948299408 -0.1210886649787426
v 0.6714919805526733 -0.0799684226512909 -0.1210886649787426
v 0.5430935621261597 -0.27325689792633057 -0.11937208846211433
v 0.6714919805526733 -0.0799684226512909 -0.1210886649787426
v 0.6749553084373474 -0.08102476596832275 -0.11937208846211433
v 0.5430935621261597 -0.27325689792633057 -0.11937208846211433
v 0.5430935621261597 -0.27325689792633057 -0.11937208846211433
v 0.6749553084373474 -0.08102476596832275 -0.11937208846211433
v 0.5458826422691345 -0.27497461438179016 -0.11720230057835579
v 0.6749553084373474 -0.08102476596832275 -0.11937208846211433
v 0.678236186504364 -0.08202547580003738 -0.11720230057835579
v 0.5458826422691345 -0.27497461438179016 -0.11720230057835579
v 0.5458826422691345 -0.27497461438179016 -0.11720230057835579
v 0.678236186504364 -0.08202547580003738 -0.11720230057835579
v 0.5484815835952759 -0.2765752375125885 -0.1146065928041935
v 0.678236186504364 -0.08202547580003738 -0.11720230057835579
v 0.6812934279441833 -0.08295796811580658 -0.1146065928041935
v 0.5484815835952759 -0.2765752375125885 -0.1146065928041935
v 0.5484815835952759 -0.2765752375125885 -0.1146065928041935
v 0.6812934279441833 -0.08295796811580658 -0.1146065928041935
v 0.5508577227592468 -0.2780386209487915 -0.11161760240793228
v 0.6812934279441833 -0.08295796811580658 -0.1146065928041935
v 0.6840885877609253 -0.08381051570177078 -0.11161760240793228
v 0.5508577227592468 -0.2780386209487915 -0.11161760240793228
v 0.5508577227592468 -0.2780386209487915 -0.11161760240793228
v 0.6840885877609253 -0.08381051570177078 -0.11161760240793228
v 0.5529811382293701 -0.27934637665748596 -0.10827292501926422
v 0.6840885877609253 -0.08381051570177078 -0.11161760240793228
v 0.6865864396095276 -0.08457239717245102 -0.10827292501926422
v 0.5529811382293701 -0.27934637665748596 -0.10827292501926422
v 0.5529811382293701 -0.27934637665748596 -0.10827292501926422
v 0.6865864396095276 -0.08457239717245102 -0.10827292501926422
v 0.5548251867294312 -0.28048208355903625 -0.10461461544036865
v 0.6865864396095276 -0.08457239717245102 -0.10827292501926422
v 0.6887556910514832 -0.08523403853178024 -0.10461461544036865
v 0.5548251867294312 -0.28048208355903625 -0.10461461544036865
v 0.5548251867294312 -0.28048208355903625 -0.10461461544036865
v 0.6887556910514832 -0.08523403853178024 -0.10461461544036865
v 0.5563666820526123 -0.2814314365386963 -0.10068868100643158
v 0.6887556910514832 -0.08523403853178024 -0.10461461544036865
v 0.6905689835548401 -0.08578711003065109 -0.10068868100643158
v 0.5563666820526123 -0.2814314365386963 -0.10068868100643158
v 0.5563666820526123 -0.2814314365386963 -0.10068868100643158
v 0.6905689835548401 -0.08578711003065109 -0.10068868100643158
v 0.557586133480072 -0.2821824848651886 -0.09654449485242367
v 0.6905689835548401 -0.08578711003065109 -0.10068868100643158
v 0.6920034885406494 -0.08622466027736664 -0.09654449485242367
v 0.557586133480072 -0.2821824848651886 -0.09654449485242367
v 0.557586133480072 -0.2821824848651886 -0.09654449485242367
v 0.6920034885406494 -0.08622466027736664 -0.09654449485242367
v 0.5584683418273926 -0.28272581100463867 -0.09223416913300753
v 0.6920034885406494 -0.08622466027736664 -0.09654449485242367
v 0.6930412650108337 -0.08654119074344635 -0.09223416913300753
v 0.5584683418273926 -0.28272581100463867 -0.09223416913300753
v 0.5584683418273926 -0.28272581100463867 -0.09223416913300753
v 0.6930412650108337 -0.08654119074344635 -0.09223416913300753
v 0.559002161026001 -0.28305453062057495 -0.08781191101297736
v 0.6930412650108337 -0.08654119074344635 -0.09223416913300753
v 0.6936691999435425 -0.08673271536827087 -0.08781191101297736
v 0.559002161026001 -0.28305453062057495 -0.08781191101297736
v 0.559002161026001 -0.28305453062057495 -0.08781191101297736
v 0.6936691999435425 -0.08673271536827087 -0.08781191101297736
v 0.5591807961463928 -0.2831645905971527 -0.0833333320915699
v 0.6936691999435425 -0.08673271536827087 -0.08781191101297736
v 0.6938793659210205 -0.0867968201637268 -0.0833333320915699
v 0.5591807961463928 -0.2831645905971527 -0.0833333320915699
v 0.5591807961463928 -0.2831645905971527 -0.0833333320915699
v 0.6938793659210205 -0.0867968201637268 -0.0833333320915699
v 0.5591807961463928 -0.2831645905971527 0.0833333395421505
v 0.6938793659210205 -0.0867968201637268 -0.0833333320915699
v 0.6938793659210205 -0.0867968201637268 0.0833333395421505
v 0.5591807961463928 -0.2831645905971527 0.0833333395421505
v 0.5591807961463928 -0.2831645905971527 0.0833333395421505
v 0.6938793659210205 -0.0867968201637268 0.0833333395421505
v 0.559002161026001 -0.28305453062057495 0.0878119133412838
v 0.6938793659210205 -0.0867968201637268 0.0833333395421505
v 0.6936691999435425 -0.08673271536827087 0.0878119133412838
v 0.559002161026001 -0.28305453062057495 0.0878119133412838
v 0.559002161026001 -0.28305453062057495 0.0878119133412838
v 0.6936691999435425 -0.08673271536827087 0.0878119133412838
v 0.5584683418273926 -0.28272581100463867 0.09223417565226555
v 0.6936691999435425 -0.08673271536827087 0.0878119133412838
v 0.6930412650108337 -0.08654119074344635 0.09223417565226555
v 0.5584683418273926 -0.28272581100463867 0.09223417565226555
v 0.5584683418273926 -0.28272581100463867 0.09223417565226555
v 0.6930412650108337 -0.08654119074344635 0.09223417565226555
v 0.557586133480072 -0.2821824848651886 0.09654450044035912
v 0.6930412650108337 -0.08654119074344635 0.09223417565226555
v 0.6920034885406494 -0.08622466027736664 0.09654450044035912
v 0.557586133480072 -0.2821824848651886 0.09654450044035912
v 0.557586133480072 -0.2821824848651886 0.09654450044035912
v 0.6920034885406494 -0.08622466027736664 0.09654450044035912
v 0.5563666820526123 -0.2814314365386963 0.10068867728114128
v 0.6920034885406494 -0.08622466027736664 0.09654450044035912
v 0.6905689835548401 -0.08578711003065109 0.10068867728114128
v 0.5563666820526123 -0.2814314365386963 0.10068867728114128
v 0.5563666820526123 -0.2814314365386963 0.10068867728114128
v 0.6905689835548401 -0.08578711003065109 0.10068867728114128
v 0.5548251867294312 -0.28048208355903625 0.10461461171507835
v 0.6905689835548401 -0.08578711003065109 0.10068867728114128
v 0.6887556910514832 -0.08523403853178024 0.10461461171507835
v 0.5548251867294312 -0.28048208355903625 0.10461461171507835
v 0.5548251867294312 -0.28048208355903625 0.10461461171507835
v 0.6887556910514832 -0.08523403853178024 0.10461461171507835
v 0.5529811382293701 -0.27934637665748596 0.10827292129397392
v 0.6887556910514832 -0.08523403853178024 0.10461461171507835
v 0.6865864396095276 -0.08457239717245102 0.10827292129397392
v 0.5529811382293701 -0.27934637665748596 0.10827292129397392
v 0.5529811382293701 -0.27934637665748596 0.10827292129397392
v 0.6865864396095276 -0.08457239717245102 0.10827292129397392
v 0.5508577227592468 -0.2780386209487915 0.11161760613322258
v 0.6865864396095276 -0.08457239717245102 0.10827292129397392
v 0.6840885877609253 -0.08381051570177078 0.11161760613322258
v 0.5508577227592468 -0.2780386209487915 0.11161760613322258
v 0.5508577227592468 -0.2780386209487915 0.11161760613322258
v 0.6840885877609253 -0.08381051570177078 0.11161760613322258
v 0.5484815835952759 -0.2765752375125885 0.1146066002547741
v 0.6840885877609253 -0.08381051570177078 0.11161760613322258
v 0.6812934279441833 -0.08295796811580658 0.1146066002547741
v 0.5484815835952759 -0.2765752375125885 0.1146066002547741
v 0.5484815835952759 -0.2765752375125885 0.1146066002547741
v 0.6812934279441833 -0.08295796811580658 0.1146066002547741
v 0.5458826422691345 -0.27497461438179016 0.11720230802893639
v 0.6812934279441833 -0.08295796811580658 0.1146066002547741
v 0.678236186504364 -0.08202547580003738 0.11720230802893639
v 0.5458826422691345 -0.27497461438179016 0.11720230802893639
v 0.5458826422691345 -0.27497461438179016 0.11720230802893639
v 0.678236186504364 -0.08202547580003738 0.11720230802893639
v 0.5430935621261597 -0.27325689792633057 0.11937209591269493
v 0.678236186504364 -0.08202547580003738 0.11720230802893639
v 0.6749553084373474 -0.08102476596832275 0.11937209591269493
v 0.5430935621261597 -0.27325689792633057 0.11937209591269493
v 0.5430935621261597 -0.27325689792633057 0.11937209591269493
v 0.6749553084373474 -0.08102476596832275 0.11937209591269493
v 0.540149450302124 -0.2714436948299408 0.1210886649787426
v 0.6749553084373474 -0.08102476596832275 0.11937209591269493
v 0.6714919805526733 -0.0799684226512909 0.1210886649787426
v 0.540149450302124 -0.2714436948299408 0.1210886649787426
v 0.540149450302124 -0.2714436948299408 0.1210886649787426
v 0.6714919805526733 -0.0799684226512909 0.1210886649787426
v 0.5370873212814331 -0.26955780386924744 0.1223304532468319
v 0.6714919805526733 -0.0799684226512909 0.1210886649787426
v 0.6678898930549622 -0.07886973023414612 0.1223304532468319
v 0.5370873212814331 -0.26955780386924744 0.1223304532468319
v 0.5370873212814331 -0.26955780386924744 0.1223304532468319
v 0.6678898930549622 -0.07886973023414612 0.1223304532468319
v 0.533945620059967 -0.2676229476928711 0.12308182939887047
v 0.6678898930549622 -0.07886973023414612 0.1223304532468319
v 0.6641942262649536 -0.07774250954389572 0.12308182939887047
v 0.533945620059967 -0.2676229476928711 0.12308182939887047
v 0.533945620059967 -0.2676229476928711 0.12308182939887047
v 0.6641942262649536 -0.07774250954389572 0.12308182939887047
v 0.5307639837265015 -0.2656634449958801 0.12333333119750023
v 0.6641942262649536 -0.07774250954389572 0.12308182939887047
v 0.6604514718055725 -0.07660093158483505 0.12333333119750023
v 0.5307639837265015 -0.2656634449958801 0.12333333119750023
v 0.6604514718055725 -0.07660093158483505 -0.12333333119750023
v 0.6593577265739441 0.043086569756269455 -0.12333333119750023
v 0.6641942262649536 -0.07774250954389572 -0.12308182194828987
v 0.6593577265739441 0.043086569756269455 -0.12333333119750023
v 0.6630740761756897 0.04483308270573616 -0.12308182194828987
v 0.6641942262649536 -0.07774250954389572 -0.12308182194828987
v 0.6641942262649536 -0.07774250954389572 -0.12308182194828987
v 0.6630740761756897 0.04483308270573616 -0.12308182194828987
v 0.6678898930549622 -0.07886973023414612 -0.1223304495215416
v 0.6630740761756897 0.04483308270573616 -0.12308182194828987
v 0.6667436957359314 0.04655763506889343 -0.1223304495215416
v 0.6678898930549622 -0.07886973023414612 -0.1223304495215416
v 0.6678898930549622 -0.07886973023414612 -0.1223304495215416
v 0.6667436957359314 0.04655763506889343 -0.1223304495215416
v 0.6714919805526733 -0.0799684226512909 -0.1210886649787426
v 0.6667436957359314 0.04655763506889343 -0.1223304495215416
v 0.6703203916549683 0.04823853448033333 -0.1210886649787426
v 0.6714919805526733 -0.0799684226512909 -0.1210886649787426
v 0.6714919805526733 -0.0799684226512909 -0.1210886649787426
v 0.6703203916549683 0.04823853448033333 -0.1210886649787426
v 0.6749553084373474 -0.08102476596832275 -0.11937208846211433
v 0.6703203916549683 0.04823853448033333 -0.1210886649787426
v 0.6737592816352844 0.04985464736819267 -0.11937208846211433
v 0.6749553084373474 -0.08102476596832275 -0.11937208846211433
v 0.6749553084373474 -0.08102476596832275 -0.11937208846211433
v 0.6737592816352844 0.04985464736819267 -0.11937208846211433
v 0.678236186504364 -0.08202547580003738 -0.11720230057835579
v 0.6737592816352844 0.04985464736819267 -0.11937208846211433
v 0.6770170331001282 0.05138564482331276 -0.11720230057835579
v 0.678236186504364 -0.08202547580003738 -0.11720230057835579
v 0.678236186504364 -0.08202547580003738 -0.11720230057835579
v 0.6770170331001282 0.05138564482331276 -0.11720230057835579
v 0.6812934279441833 -0.08295796811580658 -0.1146065928041935
v 0.6770170331001282 0.05138564482331276 -0.11720230057835579
v 0.6800526976585388 0.052812278270721436 -0.1146065928041935
v 0.6812934279441833 -0.08295796811580658 -0.1146065928041935
v 0.6812934279441833 -0.08295796811580658 -0.1146065928041935
v 0.6800526976585388 0.052812278270721436 -0.1146065928041935
v 0.6840885877609253 -0.08381051570177078 -0.11161760240793228
v 0.6800526976585388 0.052812278270721436 -0.1146065928041935
v 0.6828281283378601 0.05411660298705101 -0.11161760240793228
v 0.6840885877609253 -0.08381051570177078 -0.11161760240793228
v 0.6840885877609253 -0.08381051570177078 -0.11161760240793228
v 0.6828281283378601 0.05411660298705101 -0.11161760240793228
v 0.6865864396095276 -0.08457239717245102 -0.10827292501926422
v 0.6828281283378601 0.05411660298705101 -0.11161760240793228
v 0.6853083968162537 0.055282220244407654 -0.10827292501926422
v 0.6865864396095276 -0.08457239717245102 -0.10827292501926422
v 0.6865864396095276 -0.08457239717245102 -0.10827292501926422
v 0.6853083968162537 0.055282220244407654 -0.10827292501926422
v 0.6887556910514832 -0.08523403853178024 -0.10461461544036865
v 0.6853083968162537 0.055282220244407654 -0.10827292501926422
v 0.687462329864502 0.05629447102546692 -0.10461461544036865
v 0.6887556910514832 -0.08523403853178024 -0.10461461544036865
v 0.6887556910514832 -0.08523403853178024 -0.10461461544036865
v 0.687462329864502 0.05629447102546692 -0.10461461544036865
v 0.6905689835548401 -0.08578711003065109 -0.10068868100643158
v 0.687462329864502 0.05629447102546692 -0.10461461544036865
v 0.689262866973877 0.05714062601327896 -0.10068868100643158
v 0.6905689835548401 -0.08578711003065109 -0.10068868100643158
v 0.6905689835548401 -0.08578711003065109 -0.10068868100643158
v 0.689262866973877 0.05714062601327896 -0.10068868100643158
v 0.6920034885406494 -0.08622466027736664 -0.09654449485242367
v 0.689262866973877 0.05714062601327896 -0.10068868100643158
v 0.6906872391700745 0.057810038328170776 -0.09654449485242367
v 0.6920034885406494 -0.08622466027736664 -0.09654449485242367
v 0.6920034885406494 -0.08622466027736664 -0.09654449485242367
v 0.6906872391700745 0.057810038328170776 -0.09654449485242367
v 0.6930412650108337 -0.08654119074344635 -0.09223416913300753
v 0.6906872391700745 0.057810038328170776 -0.09654449485242367
v 0.6917176842689514 0.058294299989938736 -0.09223416913300753
v 0.6930412650108337 -0.08654119074344635 -0.09223416913300753
v 0.6930412650108337 -0.08654119074344635 -0.09223416913300753
v 0.6917176842689514 0.058294299989938736 -0.09223416913300753
v 0.6936691999435425 -0.08673271536827087 -0.08781191101297736
v 0.6917176842689514 0.058294299989938736 -0.09223416913300753
v 0.6923412084579468 0.05858731269836426 -0.08781191101297736
v 0.6936691999435425 -0.08673271536827087 -0.08781191101297736
v 0.6936691999435425 -0.08673271536827087 -0.08781191101297736
v 0.6923412084579468 0.05858731269836426 -0.08781191101297736
v 0.6938793659210205 -0.0867968201637268 -0.0833333320915699
v 0.6923412084579468 0.05858731269836426 -0.08781191101297736
v 0.6925498843193054 0.05868539214134216 -0.0833333320915699
v 0.6938793659210205 -0.0867968201637268 -0.0833333320915699
v 0.6938793659210205 -0.0867968201637268 -0.0833333320915699
v 0.6925498843193054 0.05868539214134216 -0.0833333320915699
v 0.6938793659210205 -0.0867968201637268 0.0833333395421505
v 0.6925498843193054 0.05868539214134216 -0.0833333320915699
v 0.6925498843193054 0.05868539214134216 0.0833333395421505
v 0.6938793659210205 -0.0867968201637268 0.0833333395421505
v 0.6938793659210205 -0.0867968201637268 0.0833333395421505
v 0.6925498843193054 0.05868539214134216 0.0833333395421505
v 0.6936691999435425 -0.08673271536827087 0.0878119133412838
v 0.6925498843193054 0.05868539214134216 0.0833333395421505
v 0.6923412084579468 0.05858731269836426 0.0878119133412838
v 0.6936691999435425 -0.08673271536827087 0.0878119133412838
v 0.6936691999435425 -0.08673271536827087 0.0878119133412838
v 0.6923412084579468 0.05858731269836426 0.0878119133412838
v 0.6930412650108337 -0.08654119074344635 0.09223417565226555
v 0.6923412084579468 0.05858731269836426 0.0878119133412838
v 0.6917176842689514 0.058294299989938736 0.09223417565226555
v 0.6930412650108337 -0.08654119074344635 0.09223417565226555
v 0.6930412650108337 -0.08654119074344635 0.09223417565226555
v 0.6917176842689514 0.058294299989938736 0.09223417565226555
v 0.6920034885406494 -0.08622466027736664 0.09654450044035912
v 0.6917176842689514 0.058294299989938736 0.09223417565226555
v 0.6906872391700745 0.057810038328170776 0.09654450044035912
v 0.6920034885406494 -0.08622466027736664 0.09654450044035912
v 0.6920034885406494 -0.08622466027736664 0.09654450044035912
v 0.6906872391700745 0.057810038328170776 0.09654450044035912
v 0.6905689835548401 -0.08578711003065109 0.10068867728114128
v 0.6906872391700745 0.057810038328170776 0.09654450044035912
v 0.689262866973877 0.05714062601327896 0.10068867728114128
v 0.6905689835548401 -0.08578711003065109 0.10068867728114128
v 0.6905689835548401 -0.08578711003065109 0.10068867728114128
v 0.689262866973877 0.05714062601327896 0.10068867728114128
v 0.6887556910514832 -0.08523403853178024 0.10461461171507835
v 0.689262866973877 0.05714062601327896 0.10068867728114128
v 0.687462329864502 0.05629447102546692 0.10461461171507835
v 0.6887556910514832 -0.08523403853178024 0.10461461171507835
v 0.6887556910514832 -0.08523403853178024 0.10461461171507835
v 0.687462329864502 0.05629447102546692 0.10461461171507835
v 0.6865864396095276 -0.08457239717245102 0.10827292129397392
v 0.687462329864502 0.05629447102546692 0.10461461171507835
v 0.6853083968162537 0.055282220244407654 0.10827292129397392
v 0.6865864396095276 -0.08457239717245102 0.10827292129397392
v 0.6865864396095276 -0.08457239717245102 0.10827292129397392
v 0.6853083968162537 0.055282220244407654 0.10827292129397392
v 0.6840885877609253 -0.08381051570177078 0.11161760613322258
v 0.6853083968162537 0.055282220244407654 0.10827292129397392
v 0.6828281283378601 0.05411660298705101 0.11161760613322258
v 0.6840885877609253 -0.08381051570177078 0.11161760613322258
v 0.6840885877609253 -0.08381051570177078 0.11161760613322258
v 0.6828281283378601 0.05411660298705101 0.11161760613322258
v 0.6812934279441833 -0.08295796811580658 0.1146066002547741
v 0.6828281283378601 0.05411660298705101 0.11161760613322258
v 0.6800526976585388 0.052812278270721436 0.1146066002547741
v 0.6812934279441833 -0.08295796811580658 0.1146066002547741
v 0.6812934279441833 -0.08295796811580658 0.1146066002547741
v 0.6800526976585388 0.052812278270721436 0.1146066002547741
v 0.678236186504364 -0.08202547580003738 0.11720230802893639
v 0.6800526976585388 0.052812278270721436 0.1146066002547741
v 0.6770170331001282 0.05138564482331276 0.11720230802893639
v 0.678236186504364 -0.08202547580003738 0.11720230802893639
v 0.678236186504364 -0.08202547580003738 0.11720230802893639
v 0.6770170331001282 0.05138564482331276 0.11720230802893639
v 0.6749553084373474 -0.08102476596832275 0.11937209591269493
v 0.6770170331001282 0.05138564482331276 0.11720230802893639
v 0.6737592816352844 0.04985464736819267 0.11937209591269493
v 0.6749553084373474 -0.08102476596832275 0.11937209591269493
v 0.6749553084373474 -0.08102476596832275 0.11937209591269493
v 0.6737592816352844 0.04985464736819267 0.11937209591269493
v 0.6714919805526733 -0.0799684226512909 0.1210886649787426
v 0.6737592816352844 0.04985464736819267 0.11937209591269493
v 0.6703203916549683 0.04823853448033333 0.1210886649787426
v 0.6714919805526733 -0.0799684226512909 0.1210886649787426
v 0.6714919805526733 -0.0799684226512909 0.1210886649787426
v 0.6703203916549683 0.04823853448033333 0.1210886649787426
v 0.6678898930549622 -0.07886973023414612 0.1223304532468319
v 0.6703203916549683 0.04823853448033333 0.1210886649787426
v 0.6667436957359314 0.04655763506889343 0.1223304532468319
v 0.6678898930549622 -0.07886973023414612 0.1223304532468319
v 0.6678898930549622 -0.07886973023414612 0.1223304532468319
v 0.6667436957359314 0.04655763506889343 0.1223304532468319
v 0.6641942262649536 -0.07774250954389572 0.12308182939887047
v 0.6667436957359314 0.04655763506889343 0.1223304532468319
v 0.6630740761756897 0.04483308270573616 0.12308182939887047
v 0.6641942262649536 -0.07774250954389572 0.12308182939887047
v 0.6641942262649536 -0.07774250954389572 0.12308182939887047
v 0.6630740761756897 0.04483308270573616 0.12308182939887047
v 0.6604514718055725 -0.07660093158483505 0.12333333119750023
v 0.6630740761756897 0.04483308270573616 0.12308182939887047
v 0.6593577265739441 0.043086569756269455 0.12333333119750023
v 0.6604514718055725 -0.07660093158483505 0.12333333119750023
v 0.6593577265739441 0.043086569756269455 -0.12333333119750023
v 0.5076389908790588 0.17121157050132751 -0.12333333119750023
v 0.6630740761756897 0.04483308270573616 -0.12308182194828987
v 0.5076389908790588 0.17121157050132751 -0.12333333119750023
v 0.5107805132865906 0.1734434962272644 -0.12308182194828987
v 0.6630740761756897 0.04483308270573616 -0.12308182194828987
v 0.6630740761756897 0.04483308270573616 -0.12308182194828987
v 0.5107805132865906 0.1734434962272644 -0.12308182194828987
v 0.6667436957359314 0.04655763506889343 -0.1223304495215416
v 0.5107805132865906 0.1734434962272644 -0.12308182194828987
v 0.5138825178146362 0.17564736306667328 -0.1223304495215416
v 0.6667436957359314 0.04655763506889343 -0.1223304495215416
v 0.6667436957359314 0.04655763506889343 -0.1223304495215416
v 0.5138825178146362 0.17564736306667328 -0.1223304495215416
v 0.6703203916549683 0.04823853448033333 -0.1210886649787426
v 0.5138825178146362 0.17564736306667328 -0.1223304495215416
v 0.5169060230255127 0.17779545485973358 -0.1210886649787426
v 0.6703203916549683 0.04823853448033333 -0.1210886649787426
v 0.6703203916549683 0.04823853448033333 -0.1210886649787426
v 0.5169060230255127 0.17779545485973358 -0.1210886649787426
v 0.6737592816352844 0.04985464736819267 -0.11937208846211433
v 0.5169060230255127 0.17779545485973358 -0.1210886649787426
v 0.5198130011558533 0.17986074090003967 -0.11937208846211433
v 0.6737592816352844 0.04985464736819267 -0.11937208846211433
v 0.6737592816352844 0.04985464736819267 -0.11937208846211433
v 0.5198130011558533 0.17986074090003967 -0.11937208846211433
v 0.6770170331001282 0.05138564482331276 -0.11720230057835579
v 0.5198130011558533 0.17986074090003967 -0.11937208846211433
v 0.5225669145584106 0.18181726336479187 -0.11720230057835579
v 0.6770170331001282 0.05138564482331276 -0.11720230057835579
v 0.6770170331001282 0.05138564482331276 -0.11720230057835579
v 0.5225669145584106 0.18181726336479187 -0.11720230057835579
v 0.6800526976585388 0.052812278270721436 -0.1146065928041935
v 0.5225669145584106 0.18181726336479187 -0.11720230057835579
v 0.5251330733299255 0.18364040553569794 -0.1146065928041935
v 0.6800526976585388 0.052812278270721436 -0.1146065928041935
v 0.6800526976585388 0.052812278270721436 -0.1146065928041935
v 0.5251330733299255 0.18364040553569794 -0.1146065928041935
v 0.6828281283378601 0.05411660298705101 -0.11161760240793228
v 0.5251330733299255 0.18364040553569794 -0.1146065928041935
v 0.5274792313575745 0.18530724942684174 -0.11161760240793228
v 0.6828281283378601 0.05411660298705101 -0.11161760240793228
v 0.6828281283378601 0.05411660298705101 -0.11161760240793228
v 0.5274792313575745 0.18530724942684174 -0.11161760240793228
v 0.6853083968162537 0.055282220244407654 -0.10827292501926422
v 0.5274792313575745 0.18530724942684174 -0.11161760240793228
v 0.5295758843421936 0.18679682910442352 -0.10827292501926422
v 0.6853083968162537 0.055282220244407654 -0.10827292501926422
v 0.6853083968162537 0.055282220244407654 -0.10827292501926422
v 0.5295758843421936 0.18679682910442352 -0.10827292501926422
v 0.687462329864502 0.05629447102546692 -0.10461461544036865
v 0.5295758843421936 0.18679682910442352 -0.10827292501926422
v 0.5313966274261475 0.18809042870998383 -0.10461461544036865
v 0.687462329864502 0.05629447102546692 -0.10461461544036865
v 0.687462329864502 0.05629447102546692 -0.10461461544036865
v 0.5313966274261475 0.18809042870998383 -0.10461461544036865
v 0.689262866973877 0.05714062601327896 -0.10068868100643158
v 0.5313966274261475 0.18809042870998383 -0.10461461544036865
v 0.5329186320304871 0.18917176127433777 -0.10068868100643158
v 0.689262866973877 0.05714062601327896 -0.10068868100643158
v 0.689262866973877 0.05714062601327896 -0.10068868100643158
v 0.5329186320304871 0.18917176127433777 -0.10068868100643158
v 0.6906872391700745 0.057810038328170776 -0.09654449485242367
v 0.5329186320304871 0.18917176127433777 -0.10068868100643158
v 0.5341227650642395 0.19002722203731537 -0.09654449485242367
v 0.6906872391700745 0.057810038328170776 -0.09654449485242367
v 0.6906872391700745 0.057810038328170776 -0.09654449485242367
v 0.5341227650642395 0.19002722203731537 -0.09654449485242367
v 0.6917176842689514 0.058294299989938736 -0.09223416913300753
v 0.5341227650642395 0.19002722203731537 -0.09654449485242367
v 0.5349938273429871 0.19064608216285706 -0.09223416913300753
v 0.6917176842689514 0.058294299989938736 -0.09223416913300753
v 0.6917176842689514 0.058294299989938736 -0.09223416913300753
v 0.5349938273429871 0.19064608216285706 -0.09223416913300753
v 0.6923412084579468 0.05858731269836426 -0.08781191101297736
v 0.5349938273429871 0.19064608216285706 -0.09223416913300753
v 0.5355208516120911 0.19102053344249725 -0.08781191101297736
v 0.6923412084579468 0.05858731269836426 -0.08781191101297736
v 0.6923412084579468 0.05858731269836426 -0.08781191101297736
v 0.5355208516120911 0.19102053344249725 -0.08781191101297736
v 0.6925498843193054 0.05868539214134216 -0.0833333320915699
v 0.5355208516120911 0.19102053344249725 -0.08781191101297736
v 0.5356972813606262 0.1911458671092987 -0.0833333320915699
v 0.6925498843193054 0.05868539214134216 -0.0833333320915699
v 0.6925498843193054 0.05868539214134216 -0.0833333320915699
v 0.5356972813606262 0.1911458671092987 -0.0833333320915699
v 0.6925498843193054 0.05868539214134216 0.0833333395421505
v 0.5356972813606262 0.1911458671092987 -0.0833333320915699
v 0.5356972813606262 0.1911458671092987 0.0833333395421505
v 0.6925498843193054 0.05868539214134216 0.0833333395421505
v 0.6925498843193054 0.05868539214134216 0.0833333395421505
v 0.5356972813606262 0.1911458671092987 0.0833333395421505
v 0.6923412084579468 0.05858731269836426 0.0878119133412838
v 0.5356972813606262 0.1911458671092987 0.0833333395421505
v 0.5355208516120911 0.19102053344249725 0.0878119133412838
v 0.6923412084579468 0.05858731269836426 0.0878119133412838
v 0.6923412084579468 0.05858731269836426 0.0878119133412838
v 0.5355208516120911 0.19102053344249725 0.0878119133412838
v 0.6917176842689514 0.058294299989938736 0.09223417565226555
v 0.5355208516120911 0.19102053344249725 0.0878119133412838
v 0.5349938273429871 0.19064608216285706 0.09223417565226555
v 0.6917176842689514 0.058294299989938736 0.09223417565226555
v 0.6917176842689514 0.058294299989938736 0.09223417565226555
v 0.5349938273429871 0.19064608216285706 0.09223417565226555
v 0.6906872391700745 0.057810038328170776 0.09654450044035912
v 0.5349938273429871 0.19064608216285706 0.09223417565226555
v 0.5341227650642395 0.19002722203731537 0.09654450044035912
v 0.6906872391700745 0.057810038328170776 0.09654450044035912
v 0.6906872391700745 0.057810038328170776 0.09654450044035912
v 0.5341227650642395 0.19002722203731537 0.09654450044035912
v 0.689262866973877 0.05714062601327896 0.10068867728114128
v 0.5341227650642395 0.19002722203731537 0.09654450044035912
v 0.5329186320304871 0.18917176127433777 0.10068867728114128
v 0.689262866973877 0.05714062601327896 0.10068867728114128
v 0.689262866973877 0.05714062601327896 0.10068867728114128
v 0.5329186320304871 0.18917176127433777 0.10068867728114128
v 0.687462329864502 0.05629447102546692 0.10461461171507835
v 0.5329186320304871 0.18917176127433777 0.10068867728114128
v 0.5313966274261475 0.18809042870998383 0.10461461171507835
v 0.687462329864502 0.05629447102546692 0.10461461171507835
v 0.687462329864502 0.05629447102546692 0.10461461171507835
v 0.5313966274261475 0.18809042870998383 0.10461461171507835
v 0.6853083968162537 0.055282220244407654 0.10827292129397392
v 0.5313966274261475 0.18809042870998383 0.10461461171507835
v 0.5295758843421936 0.18679682910442352 0.10827292129397392
v 0.6853083968162537 0.055282220244407654 0.10827292129397392
v 0.6853083968162537 0.055282220244407654 0.10827292129397392
v 0.5295758843421936 0.18679682910442352 0.10827292129397392
v 0.6828281283378601 0.05411660298705101 0.11161760613322258
v 0.5295758843421936 0.18679682910442352 0.10827292129397392
v 0.5274792313575745 0.18530724942684174 0.11161760613322258
v 0.6828281283378601 0.05411660298705101 0.11161760613322258
v 0.6828281283378601 0.05411660298705101 0.11161760613322258
v 0.5274792313575745 0.18530724942684174 0.11161760613322258
v 0.6800526976585388 0.052812278270721436 0.1146066002547741
v 0.5274792313575745 0.18530724942684174 0.11161760613322258
v 0.5251330733299255 0.18364040553569794 0.1146066002547741
v 0.6800526976585388 0.052812278270721436 0.1146066002547741
v 0.6800526976585388 0.052812278270721436 0.1146066002547741
v 0.5251330733299255 0.18364040553569794 0.1146066002547741
v 0.6770170331001282 0.05138564482331276 0.11720230802893639
v 0.5251330733299255 0.18364040553569794 0.1146066002547741
v 0.5225669145584106 0.18181726336479187 0.11720230802893639
v 0.6770170331001282 0.05138564482331276 0.11720230802893639
v 0.6770170331001282 0.05138564482331276 0.11720230802893639
v 0.5225669145584106 0.18181726336479187 0.11720230802893639
v 0.6737592816352844 0.04985464736819267 0.11937209591269493
v 0.5225669145584106 0.18181726336479187 0.11720230802893639
v 0.5198130011558533 0.17986074090003967 0.11937209591269493
v 0.6737592816352844 0.04985464736819267 0.11937209591269493
v 0.6737592816352844 0.04985464736819267 0.11937209591269493
v 0.5198130011558533 0.17986074090003967 0.11937209591269493
v 0.6703203916549683 0.04823853448033333 0.1210886649787426
v 0.5198130011558533 0.17986074090003967 0.11937209591269493
v 0.5169060230255127 0.17779545485973358 0.1210886649787426
v 0.6703203916549683 0.04823853448033333 0.1210886649787426
v 0.6703203916549683 0.04823853448033333 0.1210886649787426
v 0.5169060230255127 0.17779545485973358 0.1210886649787426
v 0.6667436957359314 0.04655763506889343 0.1223304532468319
v 0.5169060230255127 0.17779545485973358 0.1210886649787426
v 0.5138825178146362 0.17564736306667328 0.1223304532468319
v 0.6667436957359314 0.04655763506889343 0.1223304532468319
v 0.6667436957359314 0.04655763506889343 0.1223304532468319
v 0.5138825178146362 0.17564736306667328 0.1223304532468319
v 0.6630740761756897 0.04483308270573616 0.12308182939887047
v 0.5138825178146362 0.17564736306667328 0.1223304532468319
v 0.5107805132865906 0.1734434962272644 0.12308182939887047
v 0.6630740761756897 0.04483308270573616 0.12308182939887047
v 0.6630740761756897 0.04483308270573616 0.12308182939887047
v 0.5107805132865906 0.1734434962272644 0.12308182939887047
v 0.6593577265739441 0.043086569756269455 0.12333333119750023
v 0.5107805132865906 0.1734434962272644 0.12308182939887047
v 0.5076389908790588 0.17121157050132751 0.12333333119750023
v 0.6593577265739441 0.043086569756269455 0.12333333119750023
v 0.5076389908790588 0.17121157050132751 -0.12333333119750023
v 0.447170227766037 0.329024076461792 -0.12333333119750023
v 0.5107805132865906 0.1734434962272644 -0.12308182194828987
v 0.447170227766037 0.329024076461792 -0.12333333119750023
v 0.45074376463890076 0.33012855052948 -0.12308182194828987
v 0.5107805132865906 0.1734434962272644 -0.12308182194828987
v 0.5107805132865906 0.1734434962272644 -0.12308182194828987
v 0.45074376463890076 0.33012855052948 -0.12308182194828987
v 0.5138825178146362 0.17564736306667328 -0.1223304495215416
v 0.45074376463890076 0.33012855052948 -0.12308182194828987
v 0.4542723596096039 0.3312191367149353 -0.1223304495215416
v 0.5138825178146362 0.17564736306667328 -0.1223304495215416
v 0.5138825178146362 0.17564736306667328 -0.1223304495215416
v 0.4542723596096039 0.3312191367149353 -0.1223304495215416
v 0.5169060230255127 0.17779545485973358 -0.1210886649787426
v 0.4542723596096039 0.3312191367149353 -0.1223304495215416
v 0.4577116370201111 0.3322821259498596 -0.1210886649787426
v 0.5169060230255127 0.17779545485973358 -0.1210886649787426
v 0.5169060230255127 0.17779545485973358 -0.1210886649787426
v 0.4577116370201111 0.3322821259498596 -0.1210886649787426
v 0.5198130011558533 0.17986074090003967 -0.11937208846211433
v 0.4577116370201111 0.3322821259498596 -0.1210886649787426
v 0.4610183835029602 0.33330413699150085 -0.11937208846211433
v 0.5198130011558533 0.17986074090003967 -0.11937208846211433
v 0.5198130011558533 0.17986074090003967 -0.11937208846211433
v 0.4610183835029602 0.33330413699150085 -0.11937208846211433
v 0.5225669145584106 0.18181726336479187 -0.11720230057835579
v 0.4610183835029602 0.33330413699150085 -0.11937208846211433
v 0.46415096521377563 0.3342723250389099 -0.11720230057835579
v 0.5225669145584106 0.18181726336479187 -0.11720230057835579
v 0.5225669145584106 0.18181726336479187 -0.11720230057835579
v 0.46415096521377563 0.3342723250389099 -0.11720230057835579
v 0.5251330733299255 0.18364040553569794 -0.1146065928041935
v 0.46415096521377563 0.3342723250389099 -0.11720230057835579
v 0.46706998348236084 0.3351745307445526 -0.1146065928041935
v 0.5251330733299255 0.18364040553569794 -0.1146065928041935
v 0.5251330733299255 0.18364040553569794 -0.1146065928041935
v 0.46706998348236084 0.3351745307445526 -0.1146065928041935
v 0.5274792313575745 0.18530724942684174 -0.11161760240793228
v 0.46706998348236084 0.3351745307445526 -0.1146065928041935
v 0.46973878145217896 0.33599936962127686 -0.11161760240793228
v 0.5274792313575745 0.18530724942684174 -0.11161760240793228
v 0.5274792313575745 0.18530724942684174 -0.11161760240793228
v 0.46973878145217896 0.33599936962127686 -0.11161760240793228
v 0.5295758843421936 0.18679682910442352 -0.10827292501926422
v 0.46973878145217896 0.33599936962127686 -0.11161760240793228
v 0.47212374210357666 0.3367365002632141 -0.10827292501926422
v 0.5295758843421936 0.18679682910442352 -0.10827292501926422
v 0.5295758843421936 0.18679682910442352 -0.10827292501926422
v 0.47212374210357666 0.3367365002632141 -0.10827292501926422
v 0.5313966274261475 0.18809042870998383 -0.10461461544036865
v 0.47212374210357666 0.3367365002632141 -0.10827292501926422
v 0.47419488430023193 0.3373766243457794 -0.10461461544036865
v 0.5313966274261475 0.18809042870998383 -0.10461461544036865
v 0.5313966274261475 0.18809042870998383 -0.10461461544036865
v 0.47419488430023193 0.3373766243457794 -0.10461461544036865
v 0.5329186320304871 0.18917176127433777 -0.10068868100643158
v 0.47419488430023193 0.3373766243457794 -0.10461461544036865
v 0.4759262204170227 0.3379117250442505 -0.10068868100643158
v 0.5329186320304871 0.18917176127433777 -0.10068868100643158
v 0.5329186320304871 0.18917176127433777 -0.10068868100643158
v 0.4759262204170227 0.3379117250442505 -0.10068868100643158
v 0.5341227650642395 0.19002722203731537 -0.09654449485242367
v 0.4759262204170227 0.3379117250442505 -0.10068868100643158
v 0.4772958755493164 0.3383350670337677 -0.09654449485242367
v 0.5341227650642395 0.19002722203731537 -0.09654449485242367
v 0.5341227650642395 0.19002722203731537 -0.09654449485242367
v 0.4772958755493164 0.3383350670337677 -0.09654449485242367
v 0.5349938273429871 0.19064608216285706 -0.09223416913300753
v 0.4772958755493164 0.3383350670337677 -0.09654449485242367
v 0.4782867431640625 0.33864131569862366 -0.09223416913300753
v 0.5349938273429871 0.19064608216285706 -0.09223416913300753
v 0.5349938273429871 0.19064608216285706 -0.09223416913300753
v 0.4782867431640625 0.33864131569862366 -0.09223416913300753
v 0.5355208516120911 0.19102053344249725 -0.08781191101297736
v 0.4782867431640625 0.33864131569862366 -0.09223416913300753
v 0.4788862466812134 0.33882659673690796 -0.08781191101297736
v 0.5355208516120911 0.19102053344249725 -0.08781191101297736
v 0.5355208516120911 0.19102053344249725 -0.08781191101297736
v 0.4788862466812134 0.33882659673690796 -0.08781191101297736
v 0.5356972813606262 0.1911458671092987 -0.0833333320915699
v 0.4788862466812134 0.33882659673690796 -0.08781191101297736
v 0.4790869355201721 0.33888864517211914 -0.0833333320915699
v 0.5356972813606262 0.1911458671092987 -0.0833333320915699
v 0.5356972813606262 0.1911458671092987 -0.0833333320915699
v 0.4790869355201721 0.33888864517211914 -0.0833333320915699
v 0.5356972813606262 0.1911458671092987 0.0833333395421505
v 0.4790869355201721 0.33888864517211914 -0.0833333320915699
v 0.4790869355201721 0.33888864517211914 0.0833333395421505
v 0.5356972813606262 0.1911458671092987 0.0833333395421505
v 0.5356972813606262 0.1911458671092987 0.0833333395421505
v 0.4790869355201721 0.33888864517211914 0.0833333395421505
v 0.5355208516120911 0.19102053344249725 0.0878119133412838
v 0.4790869355201721 0.33888864517211914 0.0833333395421505
v 0.4788862466812134 0.33882659673690796 0.0878119133412838
v 0.5355208516120911 0.19102053344249725 0.0878119133412838
v 0.5355208516120911 0.19102053344249725 0.0878119133412838
v 0.4788862466812134 0.33882659673690796 0.0878119133412838
v 0.5349938273429871 0.19064608216285706 0.09223417565226555
v 0.4788862466812134 0.33882659673690796 0.0878119133412838
v 0.4782867431640625 0.33864131569862366 0.09223417565226555
v 0.5349938273429871 0.19064608216285706 0.09223417565226555
v 0.5349938273429871 0.19064608216285706 0.09223417565226555
v 0.4782867431640625 0.33864131569862366 0.09223417565226555
v 0.5341227650642395 0.19002722203731537 0.09654450044035912
v 0.4782867431640625 0.33864131569862366 0.09223417565226555
v 0.4772958755493164 0.3383350670337677 0.09654450044035912
v 0.5341227650642395 0.19002722203731537 0.09654450044035912
v 0.5341227650642395 0.19002722203731537 0.09654450044035912
v 0.4772958755493164 0.3383350670337677 0.09654450044035912
v 0.5329186320304871 0.18917176127433777 0.10068867728114128
v 0.4772958755493164 0.3383350670337677 0.09654450044035912
v 0.4759262204170227 0.3379117250442505 0.10068867728114128
v 0.5329186320304871 0.18917176127433777 0.10068867728114128
v 0.5329186320304871 0.18917176127433777 0.10068867728114128
v 0.4759262204170227 0.3379117250442505 0.10068867728114128
v 0.5313966274261475 0.18809042870998383 0.10461461171507835
v 0.4759262204170227 0.3379117250442505 0.10068867728114128
v 0.47419488430023193 0.3373766243457794 0.10461461171507835
v 0.5313966274261475 0.18809042870998383 0.10461461171507835
v 0.5313966274261475 0.18809042870998383 0.10461461171507835
v 0.47419488430023193 0.3373766243457794 0.10461461171507835
v 0.5295758843421936 0.18679682910442352 0.10827292129397392
v 0.47419488430023193 0.3373766243457794 0.10461461171507835
v 0.47212374210357666 0.3367365002632141 0.10827292129397392
v 0.5295758843421936 0.18679682910442352 0.10827292129397392
v 0.5295758843421936 0.18679682910442352 0.10827292129397392
v 0.47212374210357666 0.3367365002632141 0.10827292129397392
v 0.5274792313575745 0.18530724942684174 0.11161760613322258
v 0.47212374210357666 0.3367365002632141 0.10827292129397392
v 0.46973878145217896 0.33599936962127686 0.11161760613322258
v 0.5274792313575745 0.18530724942684174 0.11161760613322258
v 0.5274792313575745 0.18530724942684174 0.11161760613322258
v 0.46973878145217896 0.33599936962127686 0.11161760613322258
v 0.5251330733299255 0.18364040553569794 0.1146066002547741
v 0.46973878145217896 0.33599936962127686 0.11161760613322258
v 0.46706998348236084 0.3351745307445526 0.1146066002547741
v 0.5251330733299255 0.18364040553569794 0.1146066002547741
v 0.5251330733299255 0.18364040553569794 0.1146066002547741
v 0.46706998348236084 0.3351745307445526 0.1146066002547741
v 0.5225669145584106 0.18181726336479187 0.11720230802893639
v 0.46706998348236084 0.3351745307445526 0.1146066002547741
v 0.46415096521377563 0.3342723250389099 0.11720230802893639
v 0.5225669145584106 0.18181726336479187 0.11720230802893639
v 0.5225669145584106 0.18181726336479187 0.11720230802893639
v 0.46415096521377563 0.3342723250389099 0.11720230802893639
v 0.5198130011558533 0.17986074090003967 0.11937209591269493
v 0.46415096521377563 0.3342723250389099 0.11720230802893639
v 0.4610183835029602 0.33330413699150085 0.11937209591269493
v 0.5198130011558533 0.17986074090003967 0.11937209591269493
v 0.5198130011558533 0.17986074090003967 0.11937209591269493
v 0.4610183835029602 0.33330413699150085 0.11937209591269493
v 0.5169060230255127 0.17779545485973358 0.1210886649787426
v 0.4610183835029602 0.33330413699150085 0.11937209591269493
v 0.4577116370201111 0.3322821259498596 0.1210886649787426
v 0.5169060230255127 0.17779545485973358 0.1210886649787426
v 0.5169060230255127 0.17779545485973358 0.1210886649787426
v 0.4577116370201111 0.3322821259498596 0.1210886649787426
v 0.5138825178146362 0.17564736306667328 0.1223304532468319
v 0.4577116370201111 0.3322821259498596 0.1210886649787426
v 0.4542723596096039 0.3312191367149353 0.1223304532468319
v 0.5138825178146362 0.17564736306667328 0.1223304532468319
v 0.5138825178146362 0.17564736306667328 0.1223304532468319
v 0.4542723596096039 0.3312191367149353 0.1223304532468319
v 0.5107805132865906 0.1734434962272644 0.12308182939887047
v 0.4542723596096039 0.3312191367149353 0.1223304532468319
v 0.45074376463890076 0.33012855052948 0.12308182939887047
v 0.5107805132865906 0.1734434962272644 0.12308182939887047
v 0.5107805132865906 0.1734434962272644 0.12308182939887047
v 0.45074376463890076 0.33012855052948 0.12308182939887047
v 0.5076389908790588 0.17121157050132751 0.12333333119750023
v 0.45074376463890076 0.33012855052948 0.12308182939887047
v 0.447170227766037 0.329024076461792 0.12333333119750023
v 0.5076389908790588 0.17121157050132751 0.12333333119750023
v 0.447170227766037 0.329024076461792 -0.12333333119750023
v 0.41092023253440857 0.481367826461792 -0.12333333119750023
v 0.45074376463890076 0.33012855052948 -0.12308182194828987
v 0.41092023253440857 0.481367826461792 -0.12333333119750023
v 0.41409942507743835 0.48412951827049255 -0.12308182194828987
v 0.45074376463890076 0.33012855052948 -0.12308182194828987
v 0.45074376463890076 0.33012855052948 -0.12308182194828987
v 0.41409942507743835 0.48412951827049255 -0.12308182194828987
v 0.4542723596096039 0.3312191367149353 -0.1223304495215416
v 0.41409942507743835 0.48412951827049255 -0.12308182194828987
v 0.41723865270614624 0.48685649037361145 -0.1223304495215416
v 0.4542723596096039 0.3312191367149353 -0.1223304495215416
v 0.4542723596096039 0.3312191367149353 -0.1223304495215416
v 0.41723865270614624 0.48685649037361145 -0.1223304495215416
v 0.4577116370201111 0.3322821259498596 -0.1210886649787426
v 0.41723865270614624 0.48685649037361145 -0.1223304495215416
v 0.42029842734336853 0.48951444029808044 -0.1210886649787426
v 0.4577116370201111 0.3322821259498596 -0.1210886649787426
v 0.4577116370201111 0.3322821259498596 -0.1210886649787426
v 0.42029842734336853 0.48951444029808044 -0.1210886649787426
v 0.4610183835029602 0.33330413699150085 -0.11937208846211433
v 0.42029842734336853 0.48951444029808044 -0.1210886649787426
v 0.4232402443885803 0.49206995964050293 -0.11937208846211433
v 0.4610183835029602 0.33330413699150085 -0.11937208846211433
v 0.4610183835029602 0.33330413699150085 -0.11937208846211433
v 0.4232402443885803 0.49206995964050293 -0.11937208846211433
v 0.46415096521377563 0.3342723250389099 -0.11720230057835579
v 0.4232402443885803 0.49206995964050293 -0.11937208846211433
v 0.4260271489620209 0.4944908618927002 -0.11720230057835579
v 0.46415096521377563 0.3342723250389099 -0.11720230057835579
v 0.46415096521377563 0.3342723250389099 -0.11720230057835579
v 0.4260271489620209 0.4944908618927002 -0.11720230057835579
v 0.46706998348236084 0.3351745307445526 -0.1146065928041935
v 0.4260271489620209 0.4944908618927002 -0.11720230057835579
v 0.42862406373023987 0.4967467784881592 -0.1146065928041935
v 0.46706998348236084 0.3351745307445526 -0.1146065928041935
v 0.46706998348236084 0.3351745307445526 -0.1146065928041935
v 0.42862406373023987 0.4967467784881592 -0.1146065928041935
v 0.46973878145217896 0.33599936962127686 -0.11161760240793228
v 0.42862406373023987 0.4967467784881592 -0.1146065928041935
v 0.4309983551502228 0.498809278011322 -0.11161760240793228
v 0.46973878145217896 0.33599936962127686 -0.11161760240793228
v 0.46973878145217896 0.33599936962127686 -0.11161760240793228
v 0.4309983551502228 0.498809278011322 -0.11161760240793228
v 0.47212374210357666 0.3367365002632141 -0.10827292501926422
v 0.4309983551502228 0.498809278011322 -0.11161760240793228
v 0.43312016129493713 0.5006524324417114 -0.10827292501926422
v 0.47212374210357666 0.3367365002632141 -0.10827292501926422
v 0.47212374210357666 0.3367365002632141 -0.10827292501926422
v 0.43312016129493713 0.5006524324417114 -0.10827292501926422
v 0.47419488430023193 0.3373766243457794 -0.10461461544036865
v 0.43312016129493713 0.5006524324417114 -0.10827292501926422
v 0.43496277928352356 0.5022530555725098 -0.10461461544036865
v 0.47419488430023193 0.3373766243457794 -0.10461461544036865
v 0.47419488430023193 0.3373766243457794 -0.10461461544036865
v 0.43496277928352356 0.5022530555725098 -0.10461461544036865
v 0.4759262204170227 0.3379117250442505 -0.10068868100643158
v 0.43496277928352356 0.5022530555725098 -0.10461461544036865
v 0.43650302290916443 0.5035910606384277 -0.10068868100643158
v 0.4759262204170227 0.3379117250442505 -0.10068868100643158
v 0.4759262204170227 0.3379117250442505 -0.10068868100643158
v 0.43650302290916443 0.5035910606384277 -0.10068868100643158
v 0.4772958755493164 0.3383350670337677 -0.09654449485242367
v 0.43650302290916443 0.5035910606384277 -0.10068868100643158
v 0.4377215802669525 0.5046495795249939 -0.09654449485242367
v 0.4772958755493164 0.3383350670337677 -0.09654449485242367
v 0.4772958755493164 0.3383350670337677 -0.09654449485242367
v 0.4377215802669525 0.5046495795249939 -0.09654449485242367
v 0.4782867431640625 0.33864131569862366 -0.09223416913300753
v 0.4377215802669525 0.5046495795249939 -0.09654449485242367
v 0.43860307335853577 0.5054153203964233 -0.09223416913300753
v 0.4782867431640625 0.33864131569862366 -0.09223416913300753
v 0.4782867431640625 0.33864131569862366 -0.09223416913300753
v 0.43860307335853577 0.5054153203964233 -0.09223416913300753
v 0.4788862466812134 0.33882659673690796 -0.08781191101297736
v 0.43860307335853577 0.5054153203964233 -0.09223416913300753
v 0.43913644552230835 0.5058786273002625 -0.08781191101297736
v 0.4788862466812134 0.33882659673690796 -0.08781191101297736
v 0.4788862466812134 0.33882659673690796 -0.08781191101297736
v 0.43913644552230835 0.5058786273002625 -0.08781191101297736
v 0.4790869355201721 0.33888864517211914 -0.0833333320915699
v 0.43913644552230835 0.5058786273002625 -0.08781191101297736
v 0.43931499123573303 0.506033718585968 -0.0833333320915699
v 0.4790869355201721 0.33888864517211914 -0.0833333320915699
v 0.4790869355201721 0.33888864517211914 -0.0833333320915699
v 0.43931499123573303 0.506033718585968 -0.0833333320915699
v 0.4790869355201721 0.33888864517211914 0.0833333395421505
v 0.43931499123573303 0.506033718585968 -0.0833333320915699
v 0.43931499123573303 0.506033718585968 0.0833333395421505
v 0.4790869355201721 0.33888864517211914 0.0833333395421505
v 0.4790869355201721 0.33888864517211914 0.0833333395421505
v 0.43931499123573303 0.506033718585968 0.0833333395421505
v 0.4788862466812134 0.33882659673690796 0.0878119133412838
v 0.43931499123573303 0.506033718585968 0.0833333395421505
v 0.43913644552230835 0.5058786273002625 0.0878119133412838
v 0.4788862466812134 0.33882659673690796 0.0878119133412838
v 0.4788862466812134 0.33882659673690796 0.0878119133412838
v 0.43913644552230835 0.5058786273002625 0.0878119133412838
v 0.4782867431640625 0.33864131569862366 0.09223417565226555
v 0.43913644552230835 0.5058786273002625 0.0878119133412838
v 0.43860307335853577 0.5054153203964233 0.09223417565226555
v 0.4782867431640625 0.33864131569862366 0.09223417565226555
v 0.4782867431640625 0.33864131569862366 0.09223417565226555
v 0.43860307335853577 0.5054153203964233 0.09223417565226555
v 0.4772958755493164 0.3383350670337677 0.09654450044035912
v 0.43860307335853577 0.5054153203964233 0.09223417565226555
v 0.4377215802669525 0.5046495795249939 0.09654450044035912
v 0.4772958755493164 0.3383350670337677 0.09654450044035912
v 0.4772958755493164 0.3383350670337677 0.09654450044035912
v 0.4377215802669525 0.5046495795249939 0.09654450044035912
v 0.4759262204170227 0.3379117250442505 0.10068867728114128
v 0.4377215802669525 0.5046495795249939 0.09654450044035912
v 0.43650302290916443 0.5035910606384277 0.10068867728114128
v 0.4759262204170227 0.3379117250442505 0.10068867728114128
v 0.4759262204170227 0.3379117250442505 0.10068867728114128
v 0.43650302290916443 0.5035910606384277 0.10068867728114128
v 0.47419488430023193 0.3373766243457794 0.10461461171507835
v 0.43650302290916443 0.5035910606384277 0.10068867728114128
v 0.43496277928352356 0.5022530555725098 0.10461461171507835
v 0.47419488430023193 0.3373766243457794 0.10461461171507835
v 0.47419488430023193 0.3373766243457794 0.10461461171507835
v 0.43496277928352356 0.5022530555725098 0.10461461171507835
v 0.47212374210357666 0.3367365002632141 0.10827292129397392
v 0.43496277928352356 0.5022530555725098 0.10461461171507835
v 0.43312016129493713 0.5006524324417114 0.10827292129397392
v 0.47212374210357666 0.3367365002632141 0.10827292129397392
v 0.47212374210357666 0.3367365002632141 0.10827292129397392
v 0.43312016129493713 0.5006524324417114 0.10827292129397392
v 0.46973878145217896 0.33599936962127686 0.11161760613322258
v 0.43312016129493713 0.5006524324417114 0.10827292129397392
v 0.4309983551502228 0.498809278011322 0.11161760613322258
v 0.46973878145217896 0.33599936962127686 0.11161760613322258
v 0.46973878145217896 0.33599936962127686 0.11161760613322258
v 0.4309983551502228 0.498809278011322 0.11161760613322258
v 0.46706998348236084 0.3351745307445526 0.1146066002547741
v 0.4309983551502228 0.498809278011322 0.11161760613322258
v 0.42862406373023987 0.4967467784881592 0.1146066002547741
v 0.46706998348236084 0.3351745307445526 0.1146066002547741
v 0.46706998348236084 0.3351745307445526 0.1146066002547741
v 0.42862406373023987 0.4967467784881592 0.1146066002547741
v 0.46415096521377563 0.3342723250389099 0.11720230802893639
v 0.42862406373023987 0.4967467784881592 0.1146066002547741
v 0.4260271489620209 0.4944908618927002 0.11720230802893639
v 0.46415096521377563 0.3342723250389099 0.11720230802893639
v 0.46415096521377563 0.3342723250389099 0.11720230802893639
v 0.4260271489620209 0.4944908618927002 0.11720230802893639
v 0.4610183835029602 0.33330413699150085 0.11937209591269493
v 0.4260271489620209 0.4944908618927002 0.11720230802893639
v 0.4232402443885803 0.49206995964050293 0.11937209591269493
v 0.4610183835029602 0.33330413699150085 0.11937209591269493
v 0.4610183835029602 0.33330413699150085 0.11937209591269493
v 0.4232402443885803 0.49206995964050293 0.11937209591269493
v 0.4577116370201111 0.3322821259498596 0.1210886649787426
v 0.4232402443885803 0.49206995964050293 0.11937209591269493
v 0.42029842734336853 0.48951444029808044 0.1210886649787426
v 0.4577116370201111 0.3322821259498596 0.1210886649787426
v 0.4577116370201111 0.3322821259498596 0.1210886649787426
v 0.42029842734336853 0.48951444029808044 0.1210886649787426
v 0.4542723596096039 0.3312191367149353 0.1223304532468319
v 0.42029842734336853 0.48951444029808044 0.1210886649787426
v 0.41723865270614624 0.48685649037361145 0.1223304532468319
v 0.4542723596096039 0.3312191367149353 0.1223304532468319
v 0.4542723596096039 0.3312191367149353 0.1223304532468319
v 0.41723865270614624 0.48685649037361145 0.1223304532468319
v 0.45074376463890076 0.33012855052948 0.12308182939887047
v 0.41723865270614624 0.48685649037361145 0.1223304532468319
v 0.41409942507743835 0.48412951827049255 0.12308182939887047
v 0.45074376463890076 0.33012855052948 0.12308182939887047
v 0.45074376463890076 0.33012855052948 0.12308182939887047
v 0.41409942507743835 0.48412951827049255 0.12308182939887047
v 0.447170227766037 0.329024076461792 0.12333333119750023
v 0.41409942507743835 0.48412951827049255 0.12308182939887047
v 0.41092023253440857 0.481367826461792 0.12333333119750023
v 0.447170227766037 0.329024076461792 0.12333333119750023
v 0.41092023253440857 0.481367826461792 -0.12333333119750023
v 0.20982646942138672 0.560274064540863 -0.12333333119750023
v 0.41409942507743835 0.48412951827049255 -0.12308182194828987
v 0.20982646942138672 0.560274064540863 -0.12333333119750023
v 0.21091926097869873 0.563854455947876 -0.12308182194828987
v 0.41409942507743835 0.48412951827049255 -0.12308182194828987
v 0.41409942507743835 0.48412951827049255 -0.12308182194828987
v 0.21091926097869873 0.563854455947876 -0.12308182194828987
v 0.41723865270614624 0.48685649037361145 -0.1223304495215416
v 0.21091926097869873 0.563854455947876 -0.12308182194828987
v 0.21199828386306763 0.5673898458480835 -0.1223304495215416
v 0.41723865270614624 0.48685649037361145 -0.1223304495215416
v 0.41723865270614624 0.48685649037361145 -0.1223304495215416
v 0.21199828386306763 0.5673898458480835 -0.1223304495215416
v 0.42029842734336853 0.48951444029808044 -0.1210886649787426
v 0.21199828386306763 0.5673898458480835 -0.1223304495215416
v 0.2130500078201294 0.5708357095718384 -0.1210886649787426
v 0.42029842734336853 0.48951444029808044 -0.1210886649787426
v 0.42029842734336853 0.48951444029808044 -0.1210886649787426
v 0.2130500078201294 0.5708357095718384 -0.1210886649787426
v 0.4232402443885803 0.49206995964050293 -0.11937208846211433
v 0.2130500078201294 0.5708357095718384 -0.1210886649787426
v 0.2140612006187439 0.5741487741470337 -0.11937208846211433
v 0.4232402443885803 0.49206995964050293 -0.11937208846211433
v 0.4232402443885803 0.49206995964050293 -0.11937208846211433
v 0.2140612006187439 0.5741487741470337 -0.11937208846211433
v 0.4260271489620209 0.4944908618927002 -0.11720230057835579
v 0.2140612006187439 0.5741487741470337 -0.11937208846211433
v 0.2150191068649292 0.5772873163223267 -0.11720230057835579
v 0.4260271489620209 0.4944908618927002 -0.11720230057835579
v 0.4260271489620209 0.4944908618927002 -0.11720230057835579
v 0.2150191068649292 0.5772873163223267 -0.11720230057835579
v 0.42862406373023987 0.4967467784881592 -0.1146065928041935
v 0.2150191068649292 0.5772873163223267 -0.11720230057835579
v 0.21591174602508545 0.5802119970321655 -0.1146065928041935
v 0.42862406373023987 0.4967467784881592 -0.1146065928041935
v 0.42862406373023987 0.4967467784881592 -0.1146065928041935
v 0.21591174602508545 0.5802119970321655 -0.1146065928041935
v 0.4309983551502228 0.498809278011322 -0.11161760240793228
v 0.21591174602508545 0.5802119970321655 -0.1146065928041935
v 0.2167278528213501 0.5828858613967896 -0.11161760240793228
v 0.4309983551502228 0.498809278011322 -0.11161760240793228
v 0.4309983551502228 0.498809278011322 -0.11161760240793228
v 0.2167278528213501 0.5828858613967896 -0.11161760240793228
v 0.43312016129493713 0.5006524324417114 -0.10827292501926422
v 0.2167278528213501 0.5828858613967896 -0.11161760240793228
v 0.21745717525482178 0.585275411605835 -0.10827292501926422
v 0.43312016129493713 0.5006524324417114 -0.10827292501926422
v 0.43312016129493713 0.5006524324417114 -0.10827292501926422
v 0.21745717525482178 0.585275411605835 -0.10827292501926422
v 0.43496277928352356 0.5022530555725098 -0.10461461544036865
v 0.21745717525482178 0.585275411605835 -0.10827292501926422
v 0.21809053421020508 0.5873505473136902 -0.10461461544036865
v 0.43496277928352356 0.5022530555725098 -0.10461461544036865
v 0.43496277928352356 0.5022530555725098 -0.10461461544036865
v 0.21809053421020508 0.5873505473136902 -0.10461461544036865
v 0.43650302290916443 0.5035910606384277 -0.10068868100643158
v 0.21809053421020508 0.5873505473136902 -0.10461461544036865
v 0.2186199426651001 0.5890851616859436 -0.10068868100643158
v 0.43650302290916443 0.5035910606384277 -0.10068868100643158
v 0.43650302290916443 0.5035910606384277 -0.10068868100643158
v 0.2186199426651001 0.5890851616859436 -0.10068868100643158
v 0.4377215802669525 0.5046495795249939 -0.09654449485242367
v 0.2186199426651001 0.5890851616859436 -0.10068868100643158
v 0.21903881430625916 0.5904574990272522 -0.09654449485242367
v 0.4377215802669525 0.5046495795249939 -0.09654449485242367
v 0.4377215802669525 0.5046495795249939 -0.09654449485242367
v 0.21903881430625916 0.5904574990272522 -0.09654449485242367
v 0.43860307335853577 0.5054153203964233 -0.09223416913300753
v 0.21903881430625916 0.5904574990272522 -0.09654449485242367
v 0.21934178471565247 0.5914502143859863 -0.09223416913300753
v 0.43860307335853577 0.5054153203964233 -0.09223416913300753
v 0.43860307335853577 0.5054153203964233 -0.09223416913300753
v 0.21934178471565247 0.5914502143859863 -0.09223416913300753
v 0.43913644552230835 0.5058786273002625 -0.08781191101297736
v 0.21934178471565247 0.5914502143859863 -0.09223416913300753
v 0.21952512860298157 0.5920509099960327 -0.08781191101297736
v 0.43913644552230835 0.5058786273002625 -0.08781191101297736
v 0.43913644552230835 0.5058786273002625 -0.08781191101297736
v 0.21952512860298157 0.5920509099960327 -0.08781191101297736
v 0.43931499123573303 0.506033718585968 -0.0833333320915699
v 0.21952512860298157 0.5920509099960327 -0.08781191101297736
v 0.21958649158477783 0.5922519564628601 -0.0833333320915699
v 0.43931499123573303 0.506033718585968 -0.0833333320915699
v 0.43931499123573303 0.506033718585968 -0.0833333320915699
v 0.21958649158477783 0.5922519564628601 -0.0833333320915699
v 0.43931499123573303 0.506033718585968 0.0833333395421505
v 0.21958649158477783 0.5922519564628601 -0.0833333320915699
v 0.21958649158477783 0.5922519564628601 0.0833333395421505
v 0.43931499123573303 0.506033718585968 0.0833333395421505
v 0.43931499123573303 0.506033718585968 0.0833333395421505
v 0.21958649158477783 0.5922519564628601 0.0833333395421505
v 0.43913644552230835 0.5058786273002625 0.0878119133412838
v 0.21958649158477783 0.5922519564628601 0.0833333395421505
v 0.21952512860298157 0.5920509099960327 0.0878119133412838
v 0.43913644552230835 0.5058786273002625 0.0878119133412838
v 0.43913644552230835 0.5058786273002625 0.0878119133412838
v 0.21952512860298157 0.5920509099960327 0.0878119133412838
v 0.43860307335853577 0.5054153203964233 0.09223417565226555
v 0.21952512860298157 0.5920509099960327 0.0878119133412838
v 0.21934178471565247 0.5914502143859863 0.09223417565226555
v 0.43860307335853577 0.5054153203964233 0.09223417565226555
v 0.43860307335853577 0.5054153203964233 0.09223417565226555
v 0.21934178471565247 0.5914502143859863 0.09223417565226555
v 0.4377215802669525 0.5046495795249939 0.09654450044035912
v 0.21934178471565247 0.5914502143859863 0.09223417565226555
v 0.21903881430625916 0.5904574990272522 0.09654450044035912
v 0.4377215802669525 0.5046495795249939 0.09654450044035912
v 0.4377215802669525 0.5046495795249939 0.09654450044035912
v 0.21903881430625916 0.5904574990272522 0.09654450044035912
v 0.43650302290916443 0.5035910606384277 0.10068867728114128
v 0.21903881430625916 0.5904574990272522 0.09654450044035912
v 0.2186199426651001 0.5890851616859436 0.10068867728114128
v 0.43650302290916443 0.5035910606384277 0.10068867728114128
v 0.43650302290916443 0.5035910606384277 0.10068867728114128
v 0.2186199426651001 0.5890851616859436 0.10068867728114128
v 0.43496277928352356 0.5022530555725098 0.10461461171507835
v 0.2186199426651001 0.5890851616859436 0.10068867728114128
v 0.21809053421020508 0.5873505473136902 0.10461461171507835
v 0.43496277928352356 0.5022530555725098 0.10461461171507835
v 0.43496277928352356 0.5022530555725098 0.10461461171507835
v 0.21809053421020508 0.5873505473136902 0.10461461171507835
v 0.43312016129493713 0.5006524324417114 0.10827292129397392
v 0.21809053421020508 0.5873505473136902 0.10461461171507835
v 0.21745717525482178 0.585275411605835 0.10827292129397392
v 0.43312016129493713 0.5006524324417114 0.10827292129397392
v 0.43312016129493713 0.5006524324417114 0.10827292129397392
v 0.21745717525482178 0.585275411605835 0.10827292129397392
v 0.4309983551502228 0.498809278011322 0.11161760613322258
v 0.21745717525482178 0.585275411605835 0.10827292129397392
v 0.2167278528213501 0.5828858613967896 0.11161760613322258
v 0.4309983551502228 0.498809278011322 0.11161760613322258
v 0.4309983551502228 0.498809278011322 0.11161760613322258
v 0.2167278528213501 0.5828858613967896 0.11161760613322258
v 0.42862406373023987 0.4967467784881592 0.1146066002547741
v 0.2167278528213501 0.5828858613967896 0.11161760613322258
v 0.21591174602508545 0.5802119970321655 0.1146066002547741
v 0.42862406373023987 0.4967467784881592 0.1146066002547741
v 0.42862406373023987 0.4967467784881592 0.1146066002547741
v 0.21591174602508545 0.5802119970321655 0.1146066002547741
v 0.4260271489620209 0.4944908618927002 0.11720230802893639
v 0.21591174602508545 0.5802119970321655 0.1146066002547741
v 0.2150191068649292 0.5772873163223267 0.11720230802893639
v 0.4260271489620209 0.4944908618927002 0.11720230802893639
v 0.4260271489620209 0.4944908618927002 0.11720230802893639
v 0.2150191068649292 0.5772873163223267 0.11720230802893639
v 0.4232402443885803 0.49206995964050293 0.11937209591269493
v 0.2150191068649292 0.5772873163223267 0.11720230802893639
v 0.2140612006187439 0.5741487741470337 0.11937209591269493
v 0.4232402443885803 0.49206995964050293 0.11937209591269493
v 0.4232402443885803 0.49206995964050293 0.11937209591269493
v 0.2140612006187439 0.5741487741470337 0.11937209591269493
v 0.42029842734336853 0.48951444029808044 0.1210886649787426
v 0.2140612006187439 0.5741487741470337 0.11937209591269493
v 0.2130500078201294 0.5708357095718384 0.1210886649787426
v 0.42029842734336853 0.48951444029808044 0.1210886649787426
v 0.42029842734336853 0.48951444029808044 0.1210886649787426
v 0.2130500078201294 0.5708357095718384 0.1210886649787426
v 0.41723865270614624 0.48685649037361145 0.1223304532468319
v 0.2130500078201294 0.5708357095718384 0.1210886649787426
v 0.21199828386306763 0.5673898458480835 0.1223304532468319
v 0.41723865270614624 0.48685649037361145 0.1223304532468319
v 0.41723865270614624 0.48685649037361145 0.1223304532468319
v 0.21199828386306763 0.5673898458480835 0.1223304532468319
v 0.41409942507743835 0.48412951827049255 0.12308182939887047
v 0.21199828386306763 0.5673898458480835 0.1223304532468319
v 0.21091926097869873 0.563854455947876 0.12308182939887047
v 0.41409942507743835 0.48412951827049255 0.12308182939887047
v 0.41409942507743835 0.48412951827049255 0.12308182939887047
v 0.21091926097869873 0.563854455947876 0.12308182939887047
v 0.41092023253440857 0.481367826461792 0.12333333119750023
v 0.21091926097869873 0.563854455947876 0.12308182939887047
v 0.20982646942138672 0.560274064540863 0.12333333119750023
v 0.41092023253440857 0.481367826461792 0.12333333119750023
v 0.20982646942138672 0.560274064540863 -0.12333333119750023
v -0.042048530536703765 0.6162115931510925 -0.12333333119750023
v 0.21091926097869873 0.563854455947876 -0.12308182194828987
v -0.042048530536703765 0.6162115931510925 -0.12333333119750023
v -0.04206319968216121 0.6200379133224487 -0.12308182194828987
v 0.21091926097869873 0.563854455947876 -0.12308182194828987
v 0.21091926097869873 0.563854455947876 -0.12308182194828987
v -0.04206319968216121 0.6200379133224487 -0.12308182194828987
v 0.21199828386306763 0.5673898458480835 -0.1223304495215416
v -0.04206319968216121 0.6200379133224487 -0.12308182194828987
v -0.042077684425748885 0.6238161325454712 -0.1223304495215416
v 0.21199828386306763 0.5673898458480835 -0.1223304495215416
v 0.21199828386306763 0.5673898458480835 -0.1223304495215416
v -0.042077684425748885 0.6238161325454712 -0.1223304495215416
v 0.2130500078201294 0.5708357095718384 -0.1210886649787426
v -0.042077684425748885 0.6238161325454712 -0.1223304495215416
v -0.0420918024610728 0.6274986863136292 -0.1210886649787426
v 0.2130500078201294 0.5708357095718384 -0.1210886649787426
v 0.2130500078201294 0.5708357095718384 -0.1210886649787426
v -0.0420918024610728 0.6274986863136292 -0.1210886649787426
v 0.2140612006187439 0.5741487741470337 -0.11937208846211433
v -0.0420918024610728 0.6274986863136292 -0.1210886649787426
v -0.04210537625476718 0.6310393810272217 -0.11937208846211433
v 0.2140612006187439 0.5741487741470337 -0.11937208846211433
v 0.2140612006187439 0.5741487741470337 -0.11937208846211433
v -0.04210537625476718 0.6310393810272217 -0.11937208846211433
v 0.2150191068649292 0.5772873163223267 -0.11720230057835579
v -0.04210537625476718 0.6310393810272217 -0.11937208846211433
v -0.04211823525838554 0.6343935132026672 -0.11720230057835579
v 0.2150191068649292 0.5772873163223267 -0.11720230057835579
v 0.2150191068649292 0.5772873163223267 -0.11720230057835579
v -0.04211823525838554 0.6343935132026672 -0.11720230057835579
v 0.21591174602508545 0.5802119970321655 -0.1146065928041935
v -0.04211823525838554 0.6343935132026672 -0.11720230057835579
v -0.04213021765463054 0.6375190615653992 -0.1146065928041935
v 0.21591174602508545 0.5802119970321655 -0.1146065928041935
v 0.21591174602508545 0.5802119970321655 -0.1146065928041935
v -0.04213021765463054 0.6375190615653992 -0.1146065928041935
v 0.2167278528213501 0.5828858613967896 -0.11161760240793228
v -0.04213021765463054 0.6375190615653992 -0.1146065928041935
v -0.042141172802075744 0.640376627445221 -0.11161760240793228
v 0.2167278528213501 0.5828858613967896 -0.11161760240793228
v 0.2167278528213501 0.5828858613967896 -0.11161760240793228
v -0.042141172802075744 0.640376627445221 -0.11161760240793228
v 0.21745717525482178 0.585275411605835 -0.10827292501926422
v -0.042141172802075744 0.640376627445221 -0.11161760240793228
v -0.042150963097810745 0.6429303288459778 -0.10827292501926422
v 0.21745717525482178 0.585275411605835 -0.10827292501926422
v 0.21745717525482178 0.585275411605835 -0.10827292501926422
v -0.042150963097810745 0.6429303288459778 -0.10827292501926422
v 0.21809053421020508 0.5873505473136902 -0.10461461544036865
v -0.042150963097810745 0.6429303288459778 -0.10827292501926422
v -0.04215946514159441 0.645147979259491 -0.10461461544036865
v 0.21809053421020508 0.5873505473136902 -0.10461461544036865
v 0.21809053421020508 0.5873505473136902 -0.10461461544036865
v -0.04215946514159441 0.645147979259491 -0.10461461544036865
v 0.2186199426651001 0.5890851616859436 -0.10068868100643158
v -0.04215946514159441 0.645147979259491 -0.10461461544036865
v -0.0421665720641613 0.6470018029212952 -0.10068868100643158
v 0.2186199426651001 0.5890851616859436 -0.10068868100643158
v 0.2186199426651001 0.5890851616859436 -0.10068868100643158
v -0.0421665720641613 0.6470018029212952 -0.10068868100643158
v 0.21903881430625916 0.5904574990272522 -0.09654449485242367
v -0.0421665720641613 0.6470018029212952 -0.10068868100643158
v -0.042172194458544254 0.6484683752059937 -0.09654449485242367
v 0.21903881430625916 0.5904574990272522 -0.09654449485242367
v 0.21903881430625916 0.5904574990272522 -0.09654449485242367
v -0.042172194458544254 0.6484683752059937 -0.09654449485242367
v 0.21934178471565247 0.5914502143859863 -0.09223416913300753
v -0.042172194458544254 0.6484683752059937 -0.09654449485242367
v -0.042176261777058244 0.6495292782783508 -0.09223416913300753
v 0.21934178471565247 0.5914502143859863 -0.09223416913300753
v 0.21934178471565247 0.5914502143859863 -0.09223416913300753
v -0.042176261777058244 0.6495292782783508 -0.09223416913300753
v 0.21952512860298157 0.5920509099960327 -0.08781191101297736
v -0.042176261777058244 0.6495292782783508 -0.09223416913300753
v -0.042178722796961665 0.6501712203025818 -0.08781191101297736
v 0.21952512860298157 0.5920509099960327 -0.08781191101297736
v 0.21952512860298157 0.5920509099960327 -0.08781191101297736
v -0.042178722796961665 0.6501712203025818 -0.08781191101297736
v 0.21958649158477783 0.5922519564628601 -0.0833333320915699
v -0.042178722796961665 0.6501712203025818 -0.08781191101297736
v -0.04217954655177891 0.6503861546516418 -0.0833333320915699
v 0.21958649158477783 0.5922519564628601 -0.0833333320915699
v 0.21958649158477783 0.5922519564628601 -0.0833333320915699
v -0.04217954655177891 0.6503861546516418 -0.0833333320915699
v 0.21958649158477783 0.5922519564628601 0.0833333395421505
v -0.04217954655177891 0.6503861546516418 -0.0833333320915699
v -0.04217954655177891 0.6503861546516418 0.0833333395421505
v 0.21958649158477783 0.5922519564628601 0.0833333395421505
v 0.21958649158477783 0.5922519564628601 0.0833333395421505
v -0.04217954655177891 0.6503861546516418 0.0833333395421505
v 0.21952512860298157 0.5920509099960327 0.0878119133412838
v -0.04217954655177891 0.6503861546516418 0.0833333395421505
v -0.042178722796961665 0.6501712203025818 0.0878119133412838
v 0.21952512860298157 0.5920509099960327 0.0878119133412838
v 0.21952512860298157 0.5920509099960327 0.0878119133412838
v -0.042178722796961665 0.6501712203025818 0.0878119133412838
v 0.21934178471565247 0.5914502143859863 0.09223417565226555
v -0.042178722796961665 0.6501712203025818 0.0878119133412838
v -0.042176261777058244 0.6495292782783508 0.09223417565226555
v 0.21934178471565247 0.5914502143859863 0.09223417565226555
v 0.21934178471565247 0.5914502143859863 0.09223417565226555
v -0.042176261777058244 0.6495292782783508 0.09223417565226555
v 0.21903881430625916 0.5904574990272522 0.09654450044035912
v -0.042176261777058244 0.6495292782783508 0.09223417565226555
v -0.042172194458544254 0.6484683752059937 0.09654450044035912
v 0.21903881430625916 0.5904574990272522 0.09654450044035912
v 0.21903881430625916 0.5904574990272522 0.09654450044035912
v -0.042172194458544254 0.6484683752059937 0.09654450044035912
v 0.2186199426651001 0.5890851616859436 0.10068867728114128
v -0.042172194458544254 0.6484683752059937 0.09654450044035912
v -0.0421665720641613 0.6470018029212952 0.10068867728114128
v 0.2186199426651001 0.5890851616859436 0.10068867728114128
v 0.2186199426651001 0.5890851616859436 0.10068867728114128
v -0.0421665720641613 0.6470018029212952 0.10068867728114128
v 0.21809053421020508 0.5873505473136902 0.10461461171507835
v -0.0421665720641613 0.6470018029212952 0.10068867728114128
v -0.04215946514159441 0.645147979259491 0.10461461171507835
v 0.21809053421020508 0.5873505473136902 0.10461461171507835
v 0.21809053421020508 0.5873505473136902 0.10461461171507835
v -0.04215946514159441 0.645147979259491 0.10461461171507835
v 0.21745717525482178 0.585275411605835 0.10827292129397392
v -0.04215946514159441 0.645147979259491 0.10461461171507835
v -0.042150963097810745 0.6429303288459778 0.10827292129397392
v 0.21745717525482178 0.585275411605835 0.10827292129397392
v 0.21745717525482178 0.585275411605835 0.10827292129397392
v -0.042150963097810745 0.6429303288459778 0.10827292129397392
v 0.2167278528213501 0.5828858613967896 0.11161760613322258
v -0.042150963097810745 0.6429303288459778 0.10827292129397392
v -0.042141172802075744 0.640376627445221 0.11161760613322258
v 0.2167278528213501 0.5828858613967896 0.11161760613322258
v 0.2167278528213501 0.5828858613967896 0.11161760613322258
v -0.042141172802075744 0.640376627445221 0.11161760613322258
v 0.21591174602508545 0.5802119970321655 0.1146066002547741
v -0.042141172802075744 0.640376627445221 0.11161760613322258
v -0.04213021765463054 0.6375190615653992 0.1146066002547741
v 0.21591174602508545 0.5802119970321655 0.1146066002547741
v 0.21591174602508545 0.5802119970321655 0.1146066002547741
v -0.04213021765463054 0.6375190615653992 0.1146066002547741
v 0.2150191068649292 0.5772873163223267 0.11720230802893639
v -0.04213021765463054 0.6375190615653992 0.1146066002547741
v -0.04211823525838554 0.6343935132026672 0.11720230802893639
v 0.2150191068649292 0.5772873163223267 0.11720230802893639
v 0.2150191068649292 0.5772873163223267 0.11720230802893639
v -0.04211823525838554 0.6343935132026672 0.11720230802893639
v 0.2140612006187439 0.5741487741470337 0.11937209591269493
v -0.04211823525838554 0.6343935132026672 0.11720230802893639
v -0.04210537625476718 0.6310393810272217 0.11937209591269493
v 0.2140612006187439 0.5741487741470337 0.11937209591269493
v 0.2140612006187439 0.5741487741470337 0.11937209591269493
v -0.04210537625476718 0.6310393810272217 0.11937209591269493
v 0.2130500078201294 0.5708357095718384 0.1210886649787426
v -0.04210537625476718 0.6310393810272217 0.11937209591269493
v -0.0420918024610728 0.6274986863136292 0.1210886649787426
v 0.2130500078201294 0.5708357095718384 0.1210886649787426
v 0.2130500078201294 0.5708357095718384 0.1210886649787426
v -0.0420918024610728 0.6274986863136292 0.1210886649787426
v 0.21199828386306763 0.5673898458480835 0.1223304532468319
v -0.0420918024610728 0.6274986863136292 0.1210886649787426
v -0.042077684425748885 0.6238161325454712 0.1223304532468319
v 0.21199828386306763 0.5673898458480835 0.1223304532468319
v 0.21199828386306763 0.5673898458480835 0.1223304532468319
v -0.042077684425748885 0.6238161325454712 0.1223304532468319
v 0.21091926097869873 0.563854455947876 0.12308182939887047
v -0.042077684425748885 0.6238161325454712 0.1223304532468319
v -0.04206319968216121 0.6200379133224487 0.12308182939887047
v 0.21091926097869873 0.563854455947876 0.12308182939887047
v 0.21091926097869873 0.563854455947876 0.12308182939887047
v -0.04206319968216121 0.6200379133224487 0.12308182939887047
v 0.20982646942138672 0.560274064540863 0.12333333119750023
v -0.04206319968216121 0.6200379133224487 0.12308182939887047
v -0.042048530536703765 0.6162115931510925 0.12333333119750023
v 0.20982646942138672 0.560274064540863 0.12333333119750023
v -0.042048530536703765 0.6162115931510925 -0.12333333119750023
v -0.29189229011535645 0.558711588382721 -0.12333333119750023
v -0.04206319968216121 0.6200379133224487 -0.12308182194828987
v -0.29189229011535645 0.558711588382721 -0.12333333119750023
v -0.2931108772754669 0.5622608065605164 -0.12308182194828987
v -0.04206319968216121 0.6200379133224487 -0.12308182194828987
v -0.04206319968216121 0.6200379133224487 -0.12308182194828987
v -0.2931108772754669 0.5622608065605164 -0.12308182194828987
v -0.042077684425748885 0.6238161325454712 -0.1223304495215416
v -0.2931108772754669 0.5622608065605164 -0.12308182194828987
v -0.2943141758441925 0.5657654404640198 -0.1223304495215416
v -0.042077684425748885 0.6238161325454712 -0.1223304495215416
v -0.042077684425748885 0.6238161325454712 -0.1223304495215416
v -0.2943141758441925 0.5657654404640198 -0.1223304495215416
v -0.0420918024610728 0.6274986863136292 -0.1210886649787426
v -0.2943141758441925 0.5657654404640198 -0.1223304495215416
v -0.2954869866371155 0.5691813826560974 -0.1210886649787426
v -0.0420918024610728 0.6274986863136292 -0.1210886649787426
v -0.0420918024610728 0.6274986863136292 -0.1210886649787426
v -0.2954869866371155 0.5691813826560974 -0.1210886649787426
v -0.04210537625476718 0.6310393810272217 -0.11937208846211433
v -0.2954869866371155 0.5691813826560974 -0.1210886649787426
v -0.2966146171092987 0.5724655985832214 -0.11937208846211433
v -0.04210537625476718 0.6310393810272217 -0.11937208846211433
v -0.04210537625476718 0.6310393810272217 -0.11937208846211433
v -0.2966146171092987 0.5724655985832214 -0.11937208846211433
v -0.04211823525838554 0.6343935132026672 -0.11720230057835579
v -0.2966146171092987 0.5724655985832214 -0.11937208846211433
v -0.29768282175064087 0.575576901435852 -0.11720230057835579
v -0.04211823525838554 0.6343935132026672 -0.11720230057835579
v -0.04211823525838554 0.6343935132026672 -0.11720230057835579
v -0.29768282175064087 0.575576901435852 -0.11720230057835579
v -0.04213021765463054 0.6375190615653992 -0.1146065928041935
v -0.29768282175064087 0.575576901435852 -0.11720230057835579
v -0.2986782491207123 0.5784761309623718 -0.1146065928041935
v -0.04213021765463054 0.6375190615653992 -0.1146065928041935
v -0.04213021765463054 0.6375190615653992 -0.1146065928041935
v -0.2986782491207123 0.5784761309623718 -0.1146065928041935
v -0.042141172802075744 0.640376627445221 -0.11161760240793228
v -0.2986782491207123 0.5784761309623718 -0.1146065928041935
v -0.29958832263946533 0.5811267495155334 -0.11161760240793228
v -0.042141172802075744 0.640376627445221 -0.11161760240793228
v -0.042141172802075744 0.640376627445221 -0.11161760240793228
v -0.29958832263946533 0.5811267495155334 -0.11161760240793228
v -0.042150963097810745 0.6429303288459778 -0.10827292501926422
v -0.29958832263946533 0.5811267495155334 -0.11161760240793228
v -0.30040162801742554 0.5834954977035522 -0.10827292501926422
v -0.042150963097810745 0.6429303288459778 -0.10827292501926422
v -0.042150963097810745 0.6429303288459778 -0.10827292501926422
v -0.30040162801742554 0.5834954977035522 -0.10827292501926422
v -0.04215946514159441 0.645147979259491 -0.10461461544036865
v -0.30040162801742554 0.5834954977035522 -0.10827292501926422
v -0.30110788345336914 0.5855526328086853 -0.10461461544036865
v -0.04215946514159441 0.645147979259491 -0.10461461544036865
v -0.04215946514159441 0.645147979259491 -0.10461461544036865
v -0.30110788345336914 0.5855526328086853 -0.10461461544036865
v -0.0421665720641613 0.6470018029212952 -0.10068868100643158
v -0.30110788345336914 0.5855526328086853 -0.10461461544036865
v -0.3016982972621918 0.5872721672058105 -0.10068868100643158
v -0.0421665720641613 0.6470018029212952 -0.10068868100643158
v -0.0421665720641613 0.6470018029212952 -0.10068868100643158
v -0.3016982972621918 0.5872721672058105 -0.10068868100643158
v -0.042172194458544254 0.6484683752059937 -0.09654449485242367
v -0.3016982972621918 0.5872721672058105 -0.10068868100643158
v -0.30216535925865173 0.5886325240135193 -0.09654449485242367
v -0.042172194458544254 0.6484683752059937 -0.09654449485242367
v -0.042172194458544254 0.6484683752059937 -0.09654449485242367
v -0.30216535925865173 0.5886325240135193 -0.09654449485242367
v -0.042176261777058244 0.6495292782783508 -0.09223416913300753
v -0.30216535925865173 0.5886325240135193 -0.09654449485242367
v -0.3025032579898834 0.5896166563034058 -0.09223416913300753
v -0.042176261777058244 0.6495292782783508 -0.09223416913300753
v -0.042176261777058244 0.6495292782783508 -0.09223416913300753
v -0.3025032579898834 0.5896166563034058 -0.09223416913300753
v -0.042178722796961665 0.6501712203025818 -0.08781191101297736
v -0.3025032579898834 0.5896166563034058 -0.09223416913300753
v -0.302707701921463 0.5902121067047119 -0.08781191101297736
v -0.042178722796961665 0.6501712203025818 -0.08781191101297736
v -0.042178722796961665 0.6501712203025818 -0.08781191101297736
v -0.302707701921463 0.5902121067047119 -0.08781191101297736
v -0.04217954655177891 0.6503861546516418 -0.0833333320915699
v -0.302707701921463 0.5902121067047119 -0.08781191101297736
v -0.30277612805366516 0.5904114246368408 -0.0833333320915699
v -0.04217954655177891 0.6503861546516418 -0.0833333320915699
v -0.04217954655177891 0.6503861546516418 -0.0833333320915699
v -0.30277612805366516 0.5904114246368408 -0.0833333320915699
v -0.04217954655177891 0.6503861546516418 0.0833333395421505
v -0.30277612805366516 0.5904114246368408 -0.0833333320915699
v -0.30277612805366516 0.5904114246368408 0.0833333395421505
v -0.04217954655177891 0.6503861546516418 0.0833333395421505
v -0.04217954655177891 0.6503861546516418 0.0833333395421505
v -0.30277612805366516 0.5904114246368408 0.0833333395421505
v -0.042178722796961665 0.6501712203025818 0.0878119133412838
v -0.30277612805366516 0.5904114246368408 0.0833333395421505
v -0.302707701921463 0.5902121067047119 0.0878119133412838
v -0.042178722796961665 0.6501712203025818 0.0878119133412838
v -0.042178722796961665 0.6501712203025818 0.0878119133412838
v -0.302707701921463 0.5902121067047119 0.0878119133412838
v -0.042176261777058244 0.6495292782783508 0.09223417565226555
v -0.302707701921463 0.5902121067047119 0.0878119133412838
v -0.3025032579898834 0.5896166563034058 0.09223417565226555
v -0.042176261777058244 0.6495292782783508 0.09223417565226555
v -0.042176261777058244 0.6495292782783508 0.09223417565226555
v -0.3025032579898834 0.5896166563034058 0.09223417565226555
v -0.042172194458544254 0.6484683752059937 0.09654450044035912
v -0.3025032579898834 0.5896166563034058 0.09223417565226555
v -0.30216535925865173 0.5886325240135193 0.09654450044035912
v -0.042172194458544254 0.6484683752059937 0.09654450044035912
v -0.042172194458544254 0.6484683752059937 0.09654450044035912
v -0.30216535925865173 0.5886325240135193 0.09654450044035912
v -0.0421665720641613 0.6470018029212952 0.10068867728114128
v -0.30216535925865173 0.5886325240135193 0.09654450044035912
v -0.3016982972621918 0.5872721672058105 0.10068867728114128
v -0.0421665720641613 0.6470018029212952 0.10068867728114128
v -0.0421665720641613 0.6470018029212952 0.10068867728114128
v -0.3016982972621918 0.5872721672058105 0.10068867728114128
v -0.04215946514159441 0.645147979259491 0.10461461171507835
v -0.3016982972621918 0.5872721672058105 0.10068867728114128
v -0.30110788345336914 0.5855526328086853 0.10461461171507835
v -0.04215946514159441 0.645147979259491 0.10461461171507835
v -0.04215946514159441 0.645147979259491 0.10461461171507835
v -0.30110788345336914 0.5855526328086853 0.10461461171507835
v -0.042150963097810745 0.6429303288459778 0.10827292129397392
v -0.30110788345336914 0.5855526328086853 0.10461461171507835
v -0.30040162801742554 0.5834954977035522 0.10827292129397392
v -0.042150963097810745 0.6429303288459778 0.10827292129397392
v -0.042150963097810745 0.6429303288459778 0.10827292129397392
v -0.30040162801742554 0.5834954977035522 0.10827292129397392
v -0.042141172802075744 0.640376627445221 0.11161760613322258
v -0.30040162801742554 0.5834954977035522 0.10827292129397392
v -0.29958832263946533 0.5811267495155334 0.11161760613322258
v -0.042141172802075744 0.640376627445221 0.11161760613322258
v -0.042141172802075744 0.640376627445221 0.11161760613322258
v -0.29958832263946533 0.5811267495155334 0.11161760613322258
v -0.04213021765463054 0.6375190615653992 0.1146066002547741
v -0.29958832263946533 0.5811267495155334 0.11161760613322258
v -0.2986782491207123 0.5784761309623718 0.1146066002547741
v -0.04213021765463054 0.6375190615653992 0.1146066002547741
v -0.04213021765463054 0.6375190615653992 0.1146066002547741
v -0.2986782491207123 0.5784761309623718 0.1146066002547741
v -0.04211823525838554 0.6343935132026672 0.11720230802893639
v -0.2986782491207123 0.5784761309623718 0.1146066002547741
v -0.29768282175064087 0.575576901435852 0.11720230802893639
v -0.04211823525838554 0.6343935132026672 0.11720230802893639
v -0.04211823525838554 0.6343935132026672 0.11720230802893639
v -0.29768282175064087 0.575576901435852 0.11720230802893639
v -0.04210537625476718 0.6310393810272217 0.11937209591269493
v -0.29768282175064087 0.575576901435852 0.11720230802893639
v -0.2966146171092987 0.5724655985832214 0.11937209591269493
v -0.04210537625476718 0.6310393810272217 0.11937209591269493
v -0.04210537625476718 0.6310393810272217 0.11937209591269493
v -0.2966146171092987 0.5724655985832214 0.11937209591269493
v -0.0420918024610728 0.6274986863136292 0.1210886649787426
v -0.2966146171092987 0.5724655985832214 0.11937209591269493
v -0.2954869866371155 0.5691813826560974 0.1210886649787426
v -0.0420918024610728 0.6274986863136292 0.1210886649787426
v -0.0420918024610728 0.6274986863136292 0.1210886649787426
v -0.2954869866371155 0.5691813826560974 0.1210886649787426
v -0.042077684425748885 0.6238161325454712 0.1223304532468319
v -0.2954869866371155 0.5691813826560974 0.1210886649787426
v -0.2943141758441925 0.5657654404640198 0.1223304532468319
v -0.042077684425748885 0.6238161325454712 0.1223304532468319
v -0.042077684425748885 0.6238161325454712 0.1223304532468319
v -0.2943141758441925 0.5657654404640198 0.1223304532468319
v -0.04206319968216121 0.6200379133224487 0.12308182939887047
v -0.2943141758441925 0.5657654404640198 0.1223304532468319
v -0.2931108772754669 0.5622608065605164 0.12308182939887047
v -0.04206319968216121 0.6200379133224487 0.12308182939887047
v -0.04206319968216121 0.6200379133224487 0.12308182939887047
v -0.2931108772754669 0.5622608065605164 0.12308182939887047
v -0.042048530536703765 0.6162115931510925 0.12333333119750023
v -0.2931108772754669 0.5622608065605164 0.12308182939887047
v -0.29189229011535645 0.558711588382721 0.12333333119750023
v -0.042048530536703765 0.6162115931510925 0.12333333119750023
v -0.29189229011535645 0.558711588382721 -0.12333333119750023
v -0.5039235353469849 0.46011781692504883 -0.12333333119750023
v -0.2931108772754669 0.5622608065605164 -0.12308182194828987
v -0.5039235353469849 0.46011781692504883 -0.12333333119750023
v -0.5067407190799713 0.46292373538017273 -0.12308182194828987
v -0.2931108772754669 0.5622608065605164 -0.12308182194828987
v -0.2931108772754669 0.5622608065605164 -0.12308182194828987
v -0.5067407190799713 0.46292373538017273 -0.12308182194828987
v -0.2943141758441925 0.5657654404640198 -0.1223304495215416
v -0.5067407190799713 0.46292373538017273 -0.12308182194828987
v -0.5095224678516388 0.4656943678855896 -0.1223304495215416
v -0.2943141758441925 0.5657654404640198 -0.1223304495215416
v -0.2943141758441925 0.5657654404640198 -0.1223304495215416
v -0.5095224678516388 0.4656943678855896 -0.1223304495215416
v -0.2954869866371155 0.5691813826560974 -0.1210886649787426
v -0.5095224678516388 0.4656943678855896 -0.1223304495215416
v -0.5122338235378265 0.4683948755264282 -0.1210886649787426
v -0.2954869866371155 0.5691813826560974 -0.1210886649787426
v -0.2954869866371155 0.5691813826560974 -0.1210886649787426
v -0.5122338235378265 0.4683948755264282 -0.1210886649787426
v -0.2966146171092987 0.5724655985832214 -0.11937208846211433
v -0.5122338235378265 0.4683948755264282 -0.1210886649787426
v -0.5148406624794006 0.470991313457489 -0.11937208846211433
v -0.2966146171092987 0.5724655985832214 -0.11937208846211433
v -0.2966146171092987 0.5724655985832214 -0.11937208846211433
v -0.5148406624794006 0.470991313457489 -0.11937208846211433
v -0.29768282175064087 0.575576901435852 -0.11720230057835579
v -0.5148406624794006 0.470991313457489 -0.11937208846211433
v -0.517310231924057 0.47345098853111267 -0.11720230057835579
v -0.29768282175064087 0.575576901435852 -0.11720230057835579
v -0.29768282175064087 0.575576901435852 -0.11720230057835579
v -0.517310231924057 0.47345098853111267 -0.11720230057835579
v -0.2986782491207123 0.5784761309623718 -0.1146065928041935
v -0.517310231924057 0.47345098853111267 -0.11720230057835579
v -0.5196114480495453 0.47574299573898315 -0.1146065928041935
v -0.2986782491207123 0.5784761309623718 -0.1146065928041935
v -0.2986782491207123 0.5784761309623718 -0.1146065928041935
v -0.5196114480495453 0.47574299573898315 -0.1146065928041935
v -0.29958832263946533 0.5811267495155334 -0.11161760240793228
v -0.5196114480495453 0.47574299573898315 -0.1146065928041935
v -0.521715372800827 0.4778384864330292 -0.11161760240793228
v -0.29958832263946533 0.5811267495155334 -0.11161760240793228
v -0.29958832263946533 0.5811267495155334 -0.11161760240793228
v -0.521715372800827 0.4778384864330292 -0.11161760240793228
v -0.30040162801742554 0.5834954977035522 -0.10827292501926422
v -0.521715372800827 0.4778384864330292 -0.11161760240793228
v -0.523595541715622 0.4797111749649048 -0.10827292501926422
v -0.30040162801742554 0.5834954977035522 -0.10827292501926422
v -0.30040162801742554 0.5834954977035522 -0.10827292501926422
v -0.523595541715622 0.4797111749649048 -0.10827292501926422
v -0.30110788345336914 0.5855526328086853 -0.10461461544036865
v -0.523595541715622 0.4797111749649048 -0.10827292501926422
v -0.525228351354599 0.48133742809295654 -0.10461461544036865
v -0.30110788345336914 0.5855526328086853 -0.10461461544036865
v -0.30110788345336914 0.5855526328086853 -0.10461461544036865
v -0.525228351354599 0.48133742809295654 -0.10461461544036865
v -0.3016982972621918 0.5872721672058105 -0.10068868100643158
v -0.525228351354599 0.48133742809295654 -0.10461461544036865
v -0.5265932083129883 0.4826968312263489 -0.10068868100643158
v -0.3016982972621918 0.5872721672058105 -0.10068868100643158
v -0.3016982972621918 0.5872721672058105 -0.10068868100643158
v -0.5265932083129883 0.4826968312263489 -0.10068868100643158
v -0.30216535925865173 0.5886325240135193 -0.09654449485242367
v -0.5265932083129883 0.4826968312263489 -0.10068868100643158
v -0.5276730060577393 0.48377230763435364 -0.09654449485242367
v -0.30216535925865173 0.5886325240135193 -0.09654449485242367
v -0.30216535925865173 0.5886325240135193 -0.09654449485242367
v -0.5276730060577393 0.48377230763435364 -0.09654449485242367
v -0.3025032579898834 0.5896166563034058 -0.09223416913300753
v -0.5276730060577393 0.48377230763435364 -0.09654449485242367
v -0.5284541249275208 0.4845503270626068 -0.09223416913300753
v -0.3025032579898834 0.5896166563034058 -0.09223416913300753
v -0.3025032579898834 0.5896166563034058 -0.09223416913300753
v -0.5284541249275208 0.4845503270626068 -0.09223416913300753
v -0.302707701921463 0.5902121067047119 -0.08781191101297736
v -0.5284541249275208 0.4845503270626068 -0.09223416913300753
v -0.5289267897605896 0.48502108454704285 -0.08781191101297736
v -0.302707701921463 0.5902121067047119 -0.08781191101297736
v -0.302707701921463 0.5902121067047119 -0.08781191101297736
v -0.5289267897605896 0.48502108454704285 -0.08781191101297736
v -0.30277612805366516 0.5904114246368408 -0.0833333320915699
v -0.5289267897605896 0.48502108454704285 -0.08781191101297736
v -0.5290849804878235 0.4851786494255066 -0.0833333320915699
v -0.30277612805366516 0.5904114246368408 -0.0833333320915699
v -0.30277612805366516 0.5904114246368408 -0.0833333320915699
v -0.5290849804878235 0.4851786494255066 -0.0833333320915699
v -0.30277612805366516 0.5904114246368408 0.0833333395421505
v -0.5290849804878235 0.4851786494255066 -0.0833333320915699
v -0.5290849804878235 0.4851786494255066 0.0833333395421505
v -0.30277612805366516 0.5904114246368408 0.0833333395421505
v -0.30277612805366516 0.5904114246368408 0.0833333395421505
v -0.5290849804878235 0.4851786494255066 0.0833333395421505
v -0.302707701921463 0.5902121067047119 0.0878119133412838
v -0.5290849804878235 0.4851786494255066 0.0833333395421505
v -0.5289267897605896 0.48502108454704285 0.0878119133412838
v -0.302707701921463 0.5902121067047119 0.0878119133412838
v -0.302707701921463 0.5902121067047119 0.0878119133412838
v -0.5289267897605896 0.48502108454704285 0.0878119133412838
v -0.3025032579898834 0.5896166563034058 0.09223417565226555
v -0.5289267897605896 0.48502108454704285 0.0878119133412838
v -0.5284541249275208 0.4845503270626068 0.09223417565226555
v -0.3025032579898834 0.5896166563034058 0.09223417565226555
v -0.3025032579898834 0.5896166563034058 0.09223417565226555
v -0.5284541249275208 0.4845503270626068 0.09223417565226555
v -0.30216535925865173 0.5886325240135193 0.09654450044035912
v -0.5284541249275208 0.4845503270626068 0.09223417565226555
v -0.5276730060577393 0.48377230763435364 0.09654450044035912
v -0.30216535925865173 0.5886325240135193 0.09654450044035912
v -0.30216535925865173 0.5886325240135193 0.09654450044035912
v -0.5276730060577393 0.48377230763435364 0.09654450044035912
v -0.3016982972621918 0.5872721672058105 0.10068867728114128
v -0.5276730060577393 0.48377230763435364 0.09654450044035912
v -0.5265932083129883 0.4826968312263489 0.10068867728114128
v -0.3016982972621918 0.5872721672058105 0.10068867728114128
v -0.3016982972621918 0.5872721672058105 0.10068867728114128
v -0.5265932083129883 0.4826968312263489 0.10068867728114128
v -0.30110788345336914 0.5855526328086853 0.10461461171507835
v -0.5265932083129883 0.4826968312263489 0.10068867728114128
v -0.525228351354599 0.48133742809295654 0.10461461171507835
v -0.30110788345336914 0.5855526328086853 0.10461461171507835
v -0.30110788345336914 0.5855526328086853 0.10461461171507835
v -0.525228351354599 0.48133742809295654 0.10461461171507835
v -0.30040162801742554 0.5834954977035522 0.10827292129397392
v -0.525228351354599 0.48133742809295654 0.10461461171507835
v -0.523595541715622 0.4797111749649048 0.10827292129397392
v -0.30040162801742554 0.5834954977035522 0.10827292129397392
v -0.30040162801742554 0.5834954977035522 0.10827292129397392
v -0.523595541715622 0.4797111749649048 0.10827292129397392
v -0.29958832263946533 0.5811267495155334 0.11161760613322258
v -0.523595541715622 0.4797111749649048 0.10827292129397392
v -0.521715372800827 0.4778384864330292 0.11161760613322258
v -0.29958832263946533 0.5811267495155334 0.11161760613322258
v -0.29958832263946533 0.5811267495155334 0.11161760613322258
v -0.521715372800827 0.4778384864330292 0.11161760613322258
v -0.2986782491207123 0.5784761309623718 0.1146066002547741
v -0.521715372800827 0.4778384864330292 0.11161760613322258
v -0.5196114480495453 0.47574299573898315 0.1146066002547741
v -0.2986782491207123 0.5784761309623718 0.1146066002547741
v -0.2986782491207123 0.5784761309623718 0.1146066002547741
v -0.5196114480495453 0.47574299573898315 0.1146066002547741
v -0.29768282175064087 0.575576901435852 0.11720230802893639
v -0.5196114480495453 0.47574299573898315 0.1146066002547741
v -0.517310231924057 0.47345098853111267 0.11720230802893639
v -0.29768282175064087 0.575576901435852 0.11720230802893639
v -0.29768282175064087 0.575576901435852 0.11720230802893639
v -0.517310231924057 0.47345098853111267 0.11720230802893639
v -0.2966146171092987 0.5724655985832214 0.11937209591269493
v -0.517310231924057 0.47345098853111267 0.11720230802893639
v -0.5148406624794006 0.470991313457489 0.11937209591269493
v -0.2966146171092987 0.5724655985832214 0.11937209591269493
v -0.2966146171092987 0.5724655985832214 0.11937209591269493
v -0.5148406624794006 0.470991313457489 0.11937209591269493
v -0.2954869866371155 0.5691813826560974 0.1210886649787426
v -0.5148406624794006 0.470991313457489 0.11937209591269493
v -0.5122338235378265 0.4683948755264282 0.1210886649787426
v -0.2954869866371155 0.5691813826560974 0.1210886649787426
v -0.2954869866371155 0.5691813826560974 0.1210886649787426
v -0.5122338235378265 0.4683948755264282 0.1210886649787426
v -0.2943141758441925 0.5657654404640198 0.1223304532468319
v -0.5122338235378265 0.4683948755264282 0.1210886649787426
v -0.5095224678516388 0.4656943678855896 0.1223304532468319
v -0.2943141758441925 0.5657654404640198 0.1223304532468319
v -0.2943141758441925 0.5657654404640198 0.1223304532468319
v -0.5095224678516388 0.4656943678855896 0.1223304532468319
v -0.2931108772754669 0.5622608065605164 0.12308182939887047
v -0.5095224678516388 0.4656943678855896 0.1223304532468319
v -0.5067407190799713 0.46292373538017273 0.12308182939887047
v -0.2931108772754669 0.5622608065605164 0.12308182939887047
v -0.2931108772754669 0.5622608065605164 0.12308182939887047
v -0.5067407190799713 0.46292373538017273 0.12308182939887047
v -0.29189229011535645 0.558711588382721 0.12333333119750023
v -0.5067407190799713 0.46292373538017273 0.12308182939887047
v -0.5039235353469849 0.46011781692504883 0.12333333119750023
v -0.29189229011535645 0.558711588382721 0.12333333119750023
v -0.5039235353469849 0.46011781692504883 -0.12333333119750023
v -0.6022047996520996 0.24652406573295593 -0.12333333119750023
v -0.5067407190799713 0.46292373538017273 -0.12308182194828987
v -0.6022047996520996 0.24652406573295593 -0.12333333119750023
v -0.6057568192481995 0.2477329671382904 -0.12308182194828987
v -0.5067407190799713 0.46292373538017273 -0.12308182194828987
v -0.5067407190799713 0.46292373538017273 -0.12308182194828987
v -0.6057568192481995 0.2477329671382904 -0.12308182194828987
v -0.5095224678516388 0.4656943678855896 -0.1223304495215416
v -0.6057568192481995 0.2477329671382904 -0.12308182194828987
v -0.6092641353607178 0.24892669916152954 -0.1223304495215416
v -0.5095224678516388 0.4656943678855896 -0.1223304495215416
v -0.5095224678516388 0.4656943678855896 -0.1223304495215416
v -0.6092641353607178 0.24892669916152954 -0.1223304495215416
v -0.5122338235378265 0.4683948755264282 -0.1210886649787426
v -0.6092641353607178 0.24892669916152954 -0.1223304495215416
v -0.6126827597618103 0.25009018182754517 -0.1210886649787426
v -0.5122338235378265 0.4683948755264282 -0.1210886649787426
v -0.5122338235378265 0.4683948755264282 -0.1210886649787426
v -0.6126827597618103 0.25009018182754517 -0.1210886649787426
v -0.5148406624794006 0.470991313457489 -0.11937208846211433
v -0.6126827597618103 0.25009018182754517 -0.1210886649787426
v -0.6159695386886597 0.2512088418006897 -0.11937208846211433
v -0.5148406624794006 0.470991313457489 -0.11937208846211433
v -0.5148406624794006 0.470991313457489 -0.11937208846211433
v -0.6159695386886597 0.2512088418006897 -0.11937208846211433
v -0.517310231924057 0.47345098853111267 -0.11720230057835579
v -0.6159695386886597 0.2512088418006897 -0.11937208846211433
v -0.6190832853317261 0.25226855278015137 -0.11720230057835579
v -0.517310231924057 0.47345098853111267 -0.11720230057835579
v -0.517310231924057 0.47345098853111267 -0.11720230057835579
v -0.6190832853317261 0.25226855278015137 -0.11720230057835579
v -0.5196114480495453 0.47574299573898315 -0.1146065928041935
v -0.6190832853317261 0.25226855278015137 -0.11720230057835579
v -0.6219847202301025 0.25325605273246765 -0.1146065928041935
v -0.5196114480495453 0.47574299573898315 -0.1146065928041935
v -0.5196114480495453 0.47574299573898315 -0.1146065928041935
v -0.6219847202301025 0.25325605273246765 -0.1146065928041935
v -0.521715372800827 0.4778384864330292 -0.11161760240793228
v -0.6219847202301025 0.25325605273246765 -0.1146065928041935
v -0.6246374249458313 0.2541588842868805 -0.11161760240793228
v -0.521715372800827 0.4778384864330292 -0.11161760240793228
v -0.521715372800827 0.4778384864330292 -0.11161760240793228
v -0.6246374249458313 0.2541588842868805 -0.11161760240793228
v -0.523595541715622 0.4797111749649048 -0.10827292501926422
v -0.6246374249458313 0.2541588842868805 -0.11161760240793228
v -0.6270080208778381 0.25496572256088257 -0.10827292501926422
v -0.523595541715622 0.4797111749649048 -0.10827292501926422
v -0.523595541715622 0.4797111749649048 -0.10827292501926422
v -0.6270080208778381 0.25496572256088257 -0.10827292501926422
v -0.525228351354599 0.48133742809295654 -0.10461461544036865
v -0.6270080208778381 0.25496572256088257 -0.10827292501926422
v -0.6290667653083801 0.2556663751602173 -0.10461461544036865
v -0.525228351354599 0.48133742809295654 -0.10461461544036865
v -0.525228351354599 0.48133742809295654 -0.10461461544036865
v -0.6290667653083801 0.2556663751602173 -0.10461461544036865
v -0.5265932083129883 0.4826968312263489 -0.10068868100643158
v -0.6290667653083801 0.2556663751602173 -0.10461461544036865
v -0.6307876110076904 0.25625208020210266 -0.10068868100643158
v -0.5265932083129883 0.4826968312263489 -0.10068868100643158
v -0.5265932083129883 0.4826968312263489 -0.10068868100643158
v -0.6307876110076904 0.25625208020210266 -0.10068868100643158
v -0.5276730060577393 0.48377230763435364 -0.09654449485242367
v -0.6307876110076904 0.25625208020210266 -0.10068868100643158
v -0.6321491003036499 0.25671541690826416 -0.09654449485242367
v -0.5276730060577393 0.48377230763435364 -0.09654449485242367
v -0.5276730060577393 0.48377230763435364 -0.09654449485242367
v -0.6321491003036499 0.25671541690826416 -0.09654449485242367
v -0.5284541249275208 0.4845503270626068 -0.09223416913300753
v -0.6321491003036499 0.25671541690826416 -0.09654449485242367
v -0.6331339478492737 0.25705063343048096 -0.09223416913300753
v -0.5284541249275208 0.4845503270626068 -0.09223416913300753
v -0.5284541249275208 0.4845503270626068 -0.09223416913300753
v -0.6331339478492737 0.25705063343048096 -0.09223416913300753
v -0.5289267897605896 0.48502108454704285 -0.08781191101297736
v -0.6331339478492737 0.25705063343048096 -0.09223416913300753
v -0.633729875087738 0.2572534382343292 -0.08781191101297736
v -0.5289267897605896 0.48502108454704285 -0.08781191101297736
v -0.5289267897605896 0.48502108454704285 -0.08781191101297736
v -0.633729875087738 0.2572534382343292 -0.08781191101297736
v -0.5290849804878235 0.4851786494255066 -0.0833333320915699
v -0.633729875087738 0.2572534382343292 -0.08781191101297736
v -0.6339293718338013 0.2573213279247284 -0.0833333320915699
v -0.5290849804878235 0.4851786494255066 -0.0833333320915699
v -0.5290849804878235 0.4851786494255066 -0.0833333320915699
v -0.6339293718338013 0.2573213279247284 -0.0833333320915699
v -0.5290849804878235 0.4851786494255066 0.0833333395421505
v -0.6339293718338013 0.2573213279247284 -0.0833333320915699
v -0.6339293718338013 0.2573213279247284 0.0833333395421505
v -0.5290849804878235 0.4851786494255066 0.0833333395421505
v -0.5290849804878235 0.4851786494255066 0.0833333395421505
v -0.6339293718338013 0.2573213279247284 0.0833333395421505
v -0.5289267897605896 0.48502108454704285 0.0878119133412838
v -0.6339293718338013 0.2573213279247284 0.0833333395421505
v -0.633729875087738 0.2572534382343292 0.0878119133412838
v -0.5289267897605896 0.48502108454704285 0.0878119133412838
v -0.5289267897605896 0.48502108454704285 0.0878119133412838
v -0.633729875087738 0.2572534382343292 0.0878119133412838
v -0.5284541249275208 0.4845503270626068 0.09223417565226555
v -0.633729875087738 0.2572534382343292 0.0878119133412838
v -0.6331339478492737 0.25705063343048096 0.09223417565226555
v -0.5284541249275208 0.4845503270626068 0.09223417565226555
v -0.5284541249275208 0.4845503270626068 0.09223417565226555
v -0.6331339478492737 0.25705063343048096 0.09223417565226555
v -0.5276730060577393 0.48377230763435364 0.09654450044035912
v -0.6331339478492737 0.25705063343048096 0.09223417565226555
v -0.6321491003036499 0.25671541690826416 0.09654450044035912
v -0.5276730060577393 0.48377230763435364 0.09654450044035912
v -0.5276730060577393 0.48377230763435364 0.09654450044035912
v -0.6321491003036499 0.25671541690826416 0.09654450044035912
v -0.5265932083129883 0.4826968312263489 0.10068867728114128
v -0.6321491003036499 0.25671541690826416 0.09654450044035912
v -0.6307876110076904 0.25625208020210266 0.10068867728114128
v -0.5265932083129883 0.4826968312263489 0.10068867728114128
v -0.5265932083129883 0.4826968312263489 0.10068867728114128
v -0.6307876110076904 0.25625208020210266 0.10068867728114128
v -0.525228351354599 0.48133742809295654 0.10461461171507835
v -0.6307876110076904 0.25625208020210266 0.10068867728114128
v -0.6290667653083801 0.2556663751602173 0.10461461171507835
v -0.525228351354599 0.48133742809295654 0.10461461171507835
v -0.525228351354599 0.48133742809295654 0.10461461171507835
v -0.6290667653083801 0.2556663751602173 0.10461461171507835
v -0.523595541715622 0.4797111749649048 0.10827292129397392
v -0.6290667653083801 0.2556663751602173 0.10461461171507835
v -0.6270080208778381 0.25496572256088257 0.10827292129397392
v -0.523595541715622 0.4797111749649048 0.10827292129397392
v -0.523595541715622 0.4797111749649048 0.10827292129397392
v -0.6270080208778381 0.25496572256088257 0.10827292129397392
v -0.521715372800827 0.4778384864330292 0.11161760613322258
v -0.6270080208778381 0.25496572256088257 0.10827292129397392
v -0.6246374249458313 0.2541588842868805 0.11161760613322258
v -0.521715372800827 0.4778384864330292 0.11161760613322258
v -0.521715372800827 0.4778384864330292 0.11161760613322258
v -0.6246374249458313 0.2541588842868805 0.11161760613322258
v -0.5196114480495453 0.47574299573898315 0.1146066002547741
v -0.6246374249458313 0.2541588842868805 0.11161760613322258
v -0.6219847202301025 0.25325605273246765 0.1146066002547741
v -0.5196114480495453 0.47574299573898315 0.1146066002547741
v -0.5196114480495453 0.47574299573898315 0.1146066002547741
v -0.6219847202301025 0.25325605273246765 0.1146066002547741
v -0.517310231924057 0.47345098853111267 0.11720230802893639
v -0.6219847202301025 0.25325605273246765 0.1146066002547741
v -0.6190832853317261 0.25226855278015137 0.11720230802893639
v -0.517310231924057 0.47345098853111267 0.11720230802893639
v -0.517310231924057 0.47345098853111267 0.11720230802893639
v -0.6190832853317261 0.25226855278015137 0.11720230802893639
v -0.5148406624794006 0.470991313457489 0.11937209591269493
v -0.6190832853317261 0.25226855278015137 0.11720230802893639
v -0.6159695386886597 0.2512088418006897 0.11937209591269493
v -0.5148406624794006 0.470991313457489 0.11937209591269493
v -0.5148406624794006 0.470991313457489 0.11937209591269493
v -0.6159695386886597 0.2512088418006897 0.11937209591269493
v -0.5122338235378265 0.4683948755264282 0.1210886649787426
v -0.6159695386886597 0.2512088418006897 0.11937209591269493
v -0.6126827597618103 0.25009018182754517 0.1210886649787426
v -0.5122338235378265 0.4683948755264282 0.1210886649787426
v -0.5122338235378265 0.4683948755264282 0.1210886649787426
v -0.6126827597618103 0.25009018182754517 0.1210886649787426
v -0.5095224678516388 0.4656943678855896 0.1223304532468319
v -0.6126827597618103 0.25009018182754517 0.1210886649787426
v -0.6092641353607178 0.24892669916152954 0.1223304532468319
v -0.5095224678516388 0.4656943678855896 0.1223304532468319
v -0.5095224678516388 0.4656943678855896 0.1223304532468319
v -0.6092641353607178 0.24892669916152954 0.1223304532468319
v -0.5067407190799713 0.46292373538017273 0.12308182939887047
v -0.6092641353607178 0.24892669916152954 0.1223304532468319
v -0.6057568192481995 0.2477329671382904 0.12308182939887047
v -0.5067407190799713 0.46292373538017273 0.12308182939887047
v -0.5067407190799713 0.46292373538017273 0.12308182939887047
v -0.6057568192481995 0.2477329671382904 0.12308182939887047
v -0.5039235353469849 0.46011781692504883 0.12333333119750023
v -0.6057568192481995 0.2477329671382904 0.12308182939887047
v -0.6022047996520996 0.24652406573295593 0.12333333119750023
v -0.5039235353469849 0.46011781692504883 0.12333333119750023
v -0.6022047996520996 0.24652406573295593 -0.12333333119750023
v -0.6597048044204712 -0.004882180714048445 -0.12333333119750023
v -0.6057568192481995 0.2477329671382904 -0.12308182194828987
v -0.6597048044204712 -0.004882180714048445 -0.12333333119750023
v -0.6635311245918274 -0.0048726380337029696 -0.12308182194828987
v -0.6057568192481995 0.2477329671382904 -0.12308182194828987
v -0.6057568192481995 0.2477329671382904 -0.12308182194828987
v -0.6635311245918274 -0.0048726380337029696 -0.12308182194828987
v -0.6092641353607178 0.24892669916152954 -0.1223304495215416
v -0.6635311245918274 -0.0048726380337029696 -0.12308182194828987
v -0.6673093438148499 -0.004863215493969619 -0.1223304495215416
v -0.6092641353607178 0.24892669916152954 -0.1223304495215416
v -0.6092641353607178 0.24892669916152954 -0.1223304495215416
v -0.6673093438148499 -0.004863215493969619 -0.1223304495215416
v -0.6126827597618103 0.25009018182754517 -0.1210886649787426
v -0.6673093438148499 -0.004863215493969619 -0.1223304495215416
v -0.6709918975830078 -0.0048540313728153706 -0.1210886649787426
v -0.6126827597618103 0.25009018182754517 -0.1210886649787426
v -0.6126827597618103 0.25009018182754517 -0.1210886649787426
v -0.6709918975830078 -0.0048540313728153706 -0.1210886649787426
v -0.6159695386886597 0.2512088418006897 -0.11937208846211433
v -0.6709918975830078 -0.0048540313728153706 -0.1210886649787426
v -0.6745325922966003 -0.0048452012706547976 -0.11937208846211433
v -0.6159695386886597 0.2512088418006897 -0.11937208846211433
v -0.6159695386886597 0.2512088418006897 -0.11937208846211433
v -0.6745325922966003 -0.0048452012706547976 -0.11937208846211433
v -0.6190832853317261 0.25226855278015137 -0.11720230057835579
v -0.6745325922966003 -0.0048452012706547976 -0.11937208846211433
v -0.6778867244720459 -0.004836836131289601 -0.11720230057835579
v -0.6190832853317261 0.25226855278015137 -0.11720230057835579
v -0.6190832853317261 0.25226855278015137 -0.11720230057835579
v -0.6778867244720459 -0.004836836131289601 -0.11720230057835579
v -0.6219847202301025 0.25325605273246765 -0.1146065928041935
v -0.6778867244720459 -0.004836836131289601 -0.11720230057835579
v -0.6810122728347778 -0.004829041310586035 -0.1146065928041935
v -0.6219847202301025 0.25325605273246765 -0.1146065928041935
v -0.6219847202301025 0.25325605273246765 -0.1146065928041935
v -0.6810122728347778 -0.004829041310586035 -0.1146065928041935
v -0.6246374249458313 0.2541588842868805 -0.11161760240793228
v -0.6810122728347778 -0.004829041310586035 -0.1146065928041935
v -0.6838698387145996 -0.004821914713829756 -0.11161760240793228
v -0.6246374249458313 0.2541588842868805 -0.11161760240793228
v -0.6246374249458313 0.2541588842868805 -0.11161760240793228
v -0.6838698387145996 -0.004821914713829756 -0.11161760240793228
v -0.6270080208778381 0.25496572256088257 -0.10827292501926422
v -0.6838698387145996 -0.004821914713829756 -0.11161760240793228
v -0.6864235401153564 -0.00481554598081857 -0.10827292501926422
v -0.6270080208778381 0.25496572256088257 -0.10827292501926422
v -0.6270080208778381 0.25496572256088257 -0.10827292501926422
v -0.6864235401153564 -0.00481554598081857 -0.10827292501926422
v -0.6290667653083801 0.2556663751602173 -0.10461461544036865
v -0.6864235401153564 -0.00481554598081857 -0.10827292501926422
v -0.6886411905288696 -0.004810015321709216 -0.10461461544036865
v -0.6290667653083801 0.2556663751602173 -0.10461461544036865
v -0.6290667653083801 0.2556663751602173 -0.10461461544036865
v -0.6886411905288696 -0.004810015321709216 -0.10461461544036865
v -0.6307876110076904 0.25625208020210266 -0.10068868100643158
v -0.6886411905288696 -0.004810015321709216 -0.10461461544036865
v -0.6904950141906738 -0.004805392120033503 -0.10068868100643158
v -0.6307876110076904 0.25625208020210266 -0.10068868100643158
v -0.6307876110076904 0.25625208020210266 -0.10068868100643158
v -0.6904950141906738 -0.004805392120033503 -0.10068868100643158
v -0.6321491003036499 0.25671541690826416 -0.09654449485242367
v -0.6904950141906738 -0.004805392120033503 -0.10068868100643158
v -0.6919615864753723 -0.004801734467037022 -0.09654449485242367
v -0.6321491003036499 0.25671541690826416 -0.09654449485242367
v -0.6321491003036499 0.25671541690826416 -0.09654449485242367
v -0.6919615864753723 -0.004801734467037022 -0.09654449485242367
v -0.6331339478492737 0.25705063343048096 -0.09223416913300753
v -0.6919615864753723 -0.004801734467037022 -0.09654449485242367
v -0.6930224895477295 -0.0047990885796025395 -0.09223416913300753
v -0.6331339478492737 0.25705063343048096 -0.09223416913300753
v -0.6331339478492737 0.25705063343048096 -0.09223416913300753
v -0.6930224895477295 -0.0047990885796025395 -0.09223416913300753
v -0.633729875087738 0.2572534382343292 -0.08781191101297736
v -0.6930224895477295 -0.0047990885796025395 -0.09223416913300753
v -0.6936644315719604 -0.0047974876360967755 -0.08781191101297736
v -0.633729875087738 0.2572534382343292 -0.08781191101297736
v -0.633729875087738 0.2572534382343292 -0.08781191101297736
v -0.6936644315719604 -0.0047974876360967755 -0.08781191101297736
v -0.6339293718338013 0.2573213279247284 -0.0833333320915699
v -0.6936644315719604 -0.0047974876360967755 -0.08781191101297736
v -0.6938793659210205 -0.004796951776370406 -0.0833333320915699
v -0.6339293718338013 0.2573213279247284 -0.0833333320915699
v -0.6339293718338013 0.2573213279247284 -0.0833333320915699
v -0.6938793659210205 -0.004796951776370406 -0.0833333320915699
v -0.6339293718338013 0.2573213279247284 0.0833333395421505
v -0.6938793659210205 -0.004796951776370406 -0.0833333320915699
v -0.6938793659210205 -0.004796951776370406 0.0833333395421505
v -0.6339293718338013 0.2573213279247284 0.0833333395421505
v -0.6339293718338013 0.2573213279247284 0.0833333395421505
v -0.6938793659210205 -0.004796951776370406 0.0833333395421505
v -0.633729875087738 0.2572534382343292 0.0878119133412838
v -0.6938793659210205 -0.004796951776370406 0.0833333395421505
v -0.6936644315719604 -0.0047974876360967755 0.0878119133412838
v -0.633729875087738 0.2572534382343292 0.0878119133412838
v -0.633729875087738 0.2572534382343292 0.0878119133412838
v -0.6936644315719604 -0.0047974876360967755 0.0878119133412838
v -0.6331339478492737 0.25705063343048096 0.09223417565226555
v -0.6936644315719604 -0.0047974876360967755 0.0878119133412838
v -0.6930224895477295 -0.0047990885796025395 0.09223417565226555
v -0.6331339478492737 0.25705063343048096 0.09223417565226555
v -0.6331339478492737 0.25705063343048096 0.09223417565226555
v -0.6930224895477295 -0.0047990885796025395 0.09223417565226555
v -0.6321491003036499 0.25671541690826416 0.09654450044035912
v -0.6930224895477295 -0.0047990885796025395 0.09223417565226555
v -0.6919615864753723 -0.004801734467037022 0.09654450044035912
v -0.6321491003036499 0.25671541690826416 0.09654450044035912
v -0.6321491003036499 0.25671541690826416 0.09654450044035912
v -0.6919615864753723 -0.004801734467037022 0.09654450044035912
v -0.6307876110076904 0.25625208020210266 0.10068867728114128
v -0.6919615864753723 -0.004801734467037022 0.09654450044035912
v -0.6904950141906738 -0.004805392120033503 0.10068867728114128
v -0.6307876110076904 0.25625208020210266 0.10068867728114128
v -0.6307876110076904 0.25625208020210266 0.10068867728114128
v -0.6904950141906738 -0.004805392120033503 0.10068867728114128
v -0.6290667653083801 0.2556663751602173 0.10461461171507835
v -0.6904950141906738 -0.004805392120033503 0.10068867728114128
v -0.6886411905288696 -0.004810015321709216 0.10461461171507835
v -0.6290667653083801 0.2556663751602173 0.10461461171507835
v -0.6290667653083801 0.2556663751602173 0.10461461171507835
v -0.6886411905288696 -0.004810015321709216 0.10461461171507835
v -0.6270080208778381 0.25496572256088257 0.10827292129397392
v -0.6886411905288696 -0.004810015321709216 0.10461461171507835
v -0.6864235401153564 -0.00481554598081857 0.10827292129397392
v -0.6270080208778381 0.25496572256088257 0.10827292129397392
v -0.6270080208778381 0.25496572256088257 0.10827292129397392
v -0.6864235401153564 -0.00481554598081857 0.10827292129397392
v -0.6246374249458313 0.2541588842868805 0.11161760613322258
v -0.6864235401153564 -0.00481554598081857 0.10827292129397392
v -0.6838698387145996 -0.004821914713829756 0.11161760613322258
v -0.6246374249458313 0.2541588842868805 0.11161760613322258
v -0.6246374249458313 0.2541588842868805 0.11161760613322258
v -0.6838698387145996 -0.004821914713829756 0.11161760613322258
v -0.6219847202301025 0.25325605273246765 0.1146066002547741
v -0.6838698387145996 -0.004821914713829756 0.11161760613322258
v -0.6810122728347778 -0.004829041310586035 0.1146066002547741
v -0.6219847202301025 0.25325605273246765 0.1146066002547741
v -0.6219847202301025 0.25325605273246765 0.1146066002547741
v -0.6810122728347778 -0.004829041310586035 0.1146066002547741
v -0.6190832853317261 0.25226855278015137 0.11720230802893639
v -0.6810122728347778 -0.004829041310586035 0.1146066002547741
v -0.6778867244720459 -0.004836836131289601 0.11720230802893639
v -0.6190832853317261 0.25226855278015137 0.11720230802893639
v -0.6190832853317261 0.25226855278015137 0.11720230802893639
v -0.6778867244720459 -0.004836836131289601 0.11720230802893639
v -0.6159695386886597 0.2512088418006897 0.11937209591269493
v -0.6778867244720459 -0.004836836131289601 0.11720230802893639
v -0.6745325922966003 -0.0048452012706547976 0.11937209591269493
v -0.6159695386886597 0.2512088418006897 0.11937209591269493
v -0.6159695386886597 0.2512088418006897 0.11937209591269493
v -0.6745325922966003 -0.0048452012706547976 0.11937209591269493
v -0.6126827597618103 0.25009018182754517 0.1210886649787426
v -0.6745325922966003 -0.0048452012706547976 0.11937209591269493
v -0.6709918975830078 -0.0048540313728153706 0.1210886649787426
v -0.6126827597618103 0.25009018182754517 0.1210886649787426
v -0.6126827597618103 0.25009018182754517 0.1210886649787426
v -0.6709918975830078 -0.0048540313728153706 0.1210886649787426
v -0.6092641353607178 0.24892669916152954 0.1223304532468319
v -0.6709918975830078 -0.0048540313728153706 0.1210886649787426
v -0.6673093438148499 -0.004863215493969619 0.1223304532468319
v -0.6092641353607178 0.24892669916152954 0.1223304532468319
v -0.6092641353607178 0.24892669916152954 0.1223304532468319
v -0.6673093438148499 -0.004863215493969619 0.1223304532468319
v -0.6057568192481995 0.2477329671382904 0.12308182939887047
v -0.6673093438148499 -0.004863215493969619 0.1223304532468319
v -0.6635311245918274 -0.0048726380337029696 0.12308182939887047
v -0.6057568192481995 0.2477329671382904 0.12308182939887047
v -0.6057568192481995 0.2477329671382904 0.12308182939887047
v -0.6635311245918274 -0.0048726380337029696 0.12308182939887047
v -0.6022047996520996 0.24652406573295593 0.12333333119750023
v -0.6635311245918274 -0.0048726380337029696 0.12308182939887047
v -0.6597048044204712 -0.004882180714048445 0.12333333119750023
v -0.6022047996520996 0.24652406573295593 0.12333333119750023
v -0.6597048044204712 -0.004882180714048445 -0.12333333119750023
v -0.6037672758102417 -0.25519469380378723 -0.12333333119750023
v -0.6635311245918274 -0.0048726380337029696 -0.12308182194828987
v -0.6037672758102417 -0.25519469380378723 -0.12333333119750023
v -0.607345700263977 -0.2562946379184723 -0.12308182194828987
v -0.6635311245918274 -0.0048726380337029696 -0.12308182194828987
v -0.6635311245918274 -0.0048726380337029696 -0.12308182194828987
v -0.607345700263977 -0.2562946379184723 -0.12308182194828987
v -0.6673093438148499 -0.004863215493969619 -0.1223304495215416
v -0.607345700263977 -0.2562946379184723 -0.12308182194828987
v -0.6108790636062622 -0.25738075375556946 -0.1223304495215416
v -0.6673093438148499 -0.004863215493969619 -0.1223304495215416
v -0.6673093438148499 -0.004863215493969619 -0.1223304495215416
v -0.6108790636062622 -0.25738075375556946 -0.1223304495215416
v -0.6709918975830078 -0.0048540313728153706 -0.1210886649787426
v -0.6108790636062622 -0.25738075375556946 -0.1223304495215416
v -0.6143230199813843 -0.25843939185142517 -0.1210886649787426
v -0.6709918975830078 -0.0048540313728153706 -0.1210886649787426
v -0.6709918975830078 -0.0048540313728153706 -0.1210886649787426
v -0.6143230199813843 -0.25843939185142517 -0.1210886649787426
v -0.6745325922966003 -0.0048452012706547976 -0.11937208846211433
v -0.6143230199813843 -0.25843939185142517 -0.1210886649787426
v -0.6176342368125916 -0.25945723056793213 -0.11937208846211433
v -0.6745325922966003 -0.0048452012706547976 -0.11937208846211433
v -0.6745325922966003 -0.0048452012706547976 -0.11937208846211433
v -0.6176342368125916 -0.25945723056793213 -0.11937208846211433
v -0.6778867244720459 -0.004836836131289601 -0.11720230057835579
v -0.6176342368125916 -0.25945723056793213 -0.11937208846211433
v -0.620771050453186 -0.2604214549064636 -0.11720230057835579
v -0.6778867244720459 -0.004836836131289601 -0.11720230057835579
v -0.6778867244720459 -0.004836836131289601 -0.11720230057835579
v -0.620771050453186 -0.2604214549064636 -0.11720230057835579
v -0.6810122728347778 -0.004829041310586035 -0.1146065928041935
v -0.620771050453186 -0.2604214549064636 -0.11720230057835579
v -0.6236940622329712 -0.26131996512413025 -0.1146065928041935
v -0.6810122728347778 -0.004829041310586035 -0.1146065928041935
v -0.6810122728347778 -0.004829041310586035 -0.1146065928041935
v -0.6236940622329712 -0.26131996512413025 -0.1146065928041935
v -0.6838698387145996 -0.004821914713829756 -0.11161760240793228
v -0.6236940622329712 -0.26131996512413025 -0.1146065928041935
v -0.6263664960861206 -0.2621414065361023 -0.11161760240793228
v -0.6838698387145996 -0.004821914713829756 -0.11161760240793228
v -0.6838698387145996 -0.004821914713829756 -0.11161760240793228
v -0.6263664960861206 -0.2621414065361023 -0.11161760240793228
v -0.6864235401153564 -0.00481554598081857 -0.10827292501926422
v -0.6263664960861206 -0.2621414065361023 -0.11161760240793228
v -0.6287546753883362 -0.2628755271434784 -0.10827292501926422
v -0.6864235401153564 -0.00481554598081857 -0.10827292501926422
v -0.6864235401153564 -0.00481554598081857 -0.10827292501926422
v -0.6287546753883362 -0.2628755271434784 -0.10827292501926422
v -0.6886411905288696 -0.004810015321709216 -0.10461461544036865
v -0.6287546753883362 -0.2628755271434784 -0.10827292501926422
v -0.6308286786079407 -0.26351305842399597 -0.10461461544036865
v -0.6886411905288696 -0.004810015321709216 -0.10461461544036865
v -0.6886411905288696 -0.004810015321709216 -0.10461461544036865
v -0.6308286786079407 -0.26351305842399597 -0.10461461544036865
v -0.6904950141906738 -0.004805392120033503 -0.10068868100643158
v -0.6308286786079407 -0.26351305842399597 -0.10461461544036865
v -0.6325623393058777 -0.26404595375061035 -0.10068868100643158
v -0.6904950141906738 -0.004805392120033503 -0.10068868100643158
v -0.6904950141906738 -0.004805392120033503 -0.10068868100643158
v -0.6325623393058777 -0.26404595375061035 -0.10068868100643158
v -0.6919615864753723 -0.004801734467037022 -0.09654449485242367
v -0.6325623393058777 -0.26404595375061035 -0.10068868100643158
v -0.6339339017868042 -0.2644675672054291 -0.09654449485242367
v -0.6919615864753723 -0.004801734467037022 -0.09654449485242367
v -0.6919615864753723 -0.004801734467037022 -0.09654449485242367
v -0.6339339017868042 -0.2644675672054291 -0.09654449485242367
v -0.6930224895477295 -0.0047990885796025395 -0.09223416913300753
v -0.6339339017868042 -0.2644675672054291 -0.09654449485242367
v -0.6349260807037354 -0.26477253437042236 -0.09223416913300753
v -0.6930224895477295 -0.0047990885796025395 -0.09223416913300753
v -0.6930224895477295 -0.0047990885796025395 -0.09223416913300753
v -0.6349260807037354 -0.26477253437042236 -0.09223416913300753
v -0.6936644315719604 -0.0047974876360967755 -0.08781191101297736
v -0.6349260807037354 -0.26477253437042236 -0.09223416913300753
v -0.6355264186859131 -0.264957070350647 -0.08781191101297736
v -0.6936644315719604 -0.0047974876360967755 -0.08781191101297736
v -0.6936644315719604 -0.0047974876360967755 -0.08781191101297736
v -0.6355264186859131 -0.264957070350647 -0.08781191101297736
v -0.6938793659210205 -0.004796951776370406 -0.0833333320915699
v -0.6355264186859131 -0.264957070350647 -0.08781191101297736
v -0.6357274055480957 -0.26501885056495667 -0.0833333320915699
v -0.6938793659210205 -0.004796951776370406 -0.0833333320915699
v -0.6938793659210205 -0.004796951776370406 -0.0833333320915699
v -0.6357274055480957 -0.26501885056495667 -0.0833333320915699
v -0.6938793659210205 -0.004796951776370406 0.0833333395421505
v -0.6357274055480957 -0.26501885056495667 -0.0833333320915699
v -0.6357274055480957 -0.26501885056495667 0.0833333395421505
v -0.6938793659210205 -0.004796951776370406 0.0833333395421505
v -0.6938793659210205 -0.004796951776370406 0.0833333395421505
v -0.6357274055480957 -0.26501885056495667 0.0833333395421505
v -0.6936644315719604 -0.0047974876360967755 0.0878119133412838
v -0.6357274055480957 -0.26501885056495667 0.0833333395421505
v -0.6355264186859131 -0.264957070350647 0.0878119133412838
v -0.6936644315719604 -0.0047974876360967755 0.0878119133412838
v -0.6936644315719604 -0.0047974876360967755 0.0878119133412838
v -0.6355264186859131 -0.264957070350647 0.0878119133412838
v -0.6930224895477295 -0.0047990885796025395 0.09223417565226555
v -0.6355264186859131 -0.264957070350647 0.0878119133412838
v -0.6349260807037354 -0.26477253437042236 0.09223417565226555
v -0.6930224895477295 -0.0047990885796025395 0.09223417565226555
v -0.6930224895477295 -0.0047990885796025395 0.09223417565226555
v -0.6349260807037354 -0.26477253437042236 0.09223417565226555
v -0.6919615864753723 -0.004801734467037022 0.09654450044035912
v -0.6349260807037354 -0.26477253437042236 0.09223417565226555
v -0.6339339017868042 -0.2644675672054291 0.09654450044035912
v -0.6919615864753723 -0.004801734467037022 0.09654450044035912
v -0.6919615864753723 -0.004801734467037022 0.09654450044035912
v -0.6339339017868042 -0.2644675672054291 0.09654450044035912
v -0.6904950141906738 -0.004805392120033503 0.10068867728114128
v -0.6339339017868042 -0.2644675672054291 0.09654450044035912
v -0.6325623393058777 -0.26404595375061035 0.10068867728114128
v -0.6904950141906738 -0.004805392120033503 0.10068867728114128
v -0.6904950141906738 -0.004805392120033503 0.10068867728114128
v -0.6325623393058777 -0.26404595375061035 0.10068867728114128
v -0.6886411905288696 -0.004810015321709216 0.10461461171507835
v -0.6325623393058777 -0.26404595375061035 0.10068867728114128
v -0.6308286786079407 -0.26351305842399597 0.10461461171507835
v -0.6886411905288696 -0.004810015321709216 0.10461461171507835
v -0.6886411905288696 -0.004810015321709216 0.10461461171507835
v -0.6308286786079407 -0.26351305842399597 0.10461461171507835
v -0.6864235401153564 -0.00481554598081857 0.10827292129397392
v -0.6308286786079407 -0.26351305842399597 0.10461461171507835
v -0.6287546753883362 -0.2628755271434784 0.10827292129397392
v -0.6864235401153564 -0.00481554598081857 0.10827292129397392
v -0.6864235401153564 -0.00481554598081857 0.10827292129397392
v -0.6287546753883362 -0.2628755271434784 0.10827292129397392
v -0.6838698387145996 -0.004821914713829756 0.11161760613322258
v -0.6287546753883362 -0.2628755271434784 0.10827292129397392
v -0.6263664960861206 -0.2621414065361023 0.11161760613322258
v -0.6838698387145996 -0.004821914713829756 0.11161760613322258
v -0.6838698387145996 -0.004821914713829756 0.11161760613322258
v -0.6263664960861206 -0.2621414065361023 0.11161760613322258
v -0.6810122728347778 -0.004829041310586035 0.1146066002547741
v -0.6263664960861206 -0.2621414065361023 0.11161760613322258
v -0.6236940622329712 -0.26131996512413025 0.1146066002547741
v -0.6810122728347778 -0.004829041310586035 0.1146066002547741
v -0.6810122728347778 -0.004829041310586035 0.1146066002547741
v -0.6236940622329712 -0.26131996512413025 0.1146066002547741
v -0.6778867244720459 -0.004836836131289601 0.11720230802893639
v -0.6236940622329712 -0.26131996512413025 0.1146066002547741
v -0.620771050453186 -0.2604214549064636 0.11720230802893639
v -0.6778867244720459 -0.004836836131289601 0.11720230802893639
v -0.6778867244720459 -0.004836836131289601 0.11720230802893639
v -0.620771050453186 -0.2604214549064636 0.11720230802893639
v -0.6745325922966003 -0.0048452012706547976 0.11937209591269493
v -0.620771050453186 -0.2604214549064636 0.11720230802893639
v -0.6176342368125916 -0.25945723056793213 0.11937209591269493
v -0.6745325922966003 -0.0048452012706547976 0.11937209591269493
v -0.6745325922966003 -0.0048452012706547976 0.11937209591269493
v -0.6176342368125916 -0.25945723056793213 0.11937209591269493
v -0.6709918975830078 -0.0048540313728153706 0.1210886649787426
v -0.6176342368125916 -0.25945723056793213 0.11937209591269493
v -0.6143230199813843 -0.25843939185142517 0.1210886649787426
v -0.6709918975830078 -0.0048540313728153706 0.1210886649787426
v -0.6709918975830078 -0.0048540313728153706 0.1210886649787426
v -0.6143230199813843 -0.25843939185142517 0.1210886649787426
v -0.6673093438148499 -0.004863215493969619 0.1223304532468319
v -0.6143230199813843 -0.25843939185142517 0.1210886649787426
v -0.6108790636062622 -0.25738075375556946 0.1223304532468319
v -0.6673093438148499 -0.004863215493969619 0.1223304532468319
v -0.6673093438148499 -0.004863215493969619 0.1223304532468319
v -0.6108790636062622 -0.25738075375556946 0.1223304532468319
v -0.6635311245918274 -0.0048726380337029696 0.12308182939887047
v -0.6108790636062622 -0.25738075375556946 0.1223304532468319
v -0.607345700263977 -0.2562946379184723 0.12308182939887047
v -0.6635311245918274 -0.0048726380337029696 0.12308182939887047
v -0.6635311245918274 -0.0048726380337029696 0.12308182939887047
v -0.607345700263977 -0.2562946379184723 0.12308182939887047
v -0.6597048044204712 -0.004882180714048445 0.12333333119750023
v -0.607345700263977 -0.2562946379184723 0.12308182939887047
v -0.6037672758102417 -0.25519469380378723 0.12333333119750023
v -0.6597048044204712 -0.004882180714048445 0.12333333119750023
v -0.6037672758102417 -0.25519469380378723 -0.12333333119750023
v -0.5248610377311707 -0.4547259211540222 -0.12333333119750023
v -0.607345700263977 -0.2562946379184723 -0.12308182194828987
v -0.5248610377311707 -0.4547259211540222 -0.12333333119750023
v -0.5276145040988922 -0.4579119086265564 -0.12308182194828987
v -0.607345700263977 -0.2562946379184723 -0.12308182194828987
v -0.607345700263977 -0.2562946379184723 -0.12308182194828987
v -0.5276145040988922 -0.4579119086265564 -0.12308182194828987
v -0.6108790636062622 -0.25738075375556946 -0.1223304495215416
v -0.5276145040988922 -0.4579119086265564 -0.12308182194828987
v -0.5303333401679993 -0.4610578119754791 -0.1223304495215416
v -0.6108790636062622 -0.25738075375556946 -0.1223304495215416
v -0.6108790636062622 -0.25738075375556946 -0.1223304495215416
v -0.5303333401679993 -0.4610578119754791 -0.1223304495215416
v -0.6143230199813843 -0.25843939185142517 -0.1210886649787426
v -0.5303333401679993 -0.4610578119754791 -0.1223304495215416
v -0.5329833626747131 -0.46412408351898193 -0.1210886649787426
v -0.6143230199813843 -0.25843939185142517 -0.1210886649787426
v -0.6143230199813843 -0.25843939185142517 -0.1210886649787426
v -0.5329833626747131 -0.46412408351898193 -0.1210886649787426
v -0.6176342368125916 -0.25945723056793213 -0.11937208846211433
v -0.5329833626747131 -0.46412408351898193 -0.1210886649787426
v -0.5355312526226044 -0.46707215905189514 -0.11937208846211433
v -0.6176342368125916 -0.25945723056793213 -0.11937208846211433
v -0.6176342368125916 -0.25945723056793213 -0.11937208846211433
v -0.5355312526226044 -0.46707215905189514 -0.11937208846211433
v -0.620771050453186 -0.2604214549064636 -0.11720230057835579
v -0.5355312526226044 -0.46707215905189514 -0.11937208846211433
v -0.5379449427127838 -0.46986499428749084 -0.11720230057835579
v -0.620771050453186 -0.2604214549064636 -0.11720230057835579
v -0.620771050453186 -0.2604214549064636 -0.11720230057835579
v -0.5379449427127838 -0.46986499428749084 -0.11720230057835579
v -0.6236940622329712 -0.26131996512413025 -0.1146065928041935
v -0.5379449427127838 -0.46986499428749084 -0.11720230057835579
v -0.5401940941810608 -0.47246742248535156 -0.1146065928041935
v -0.6236940622329712 -0.26131996512413025 -0.1146065928041935
v -0.6236940622329712 -0.26131996512413025 -0.1146065928041935
v -0.5401940941810608 -0.47246742248535156 -0.1146065928041935
v -0.6263664960861206 -0.2621414065361023 -0.11161760240793228
v -0.5401940941810608 -0.47246742248535156 -0.1146065928041935
v -0.5422504544258118 -0.474846750497818 -0.11161760240793228
v -0.6263664960861206 -0.2621414065361023 -0.11161760240793228
v -0.6263664960861206 -0.2621414065361023 -0.11161760240793228
v -0.5422504544258118 -0.474846750497818 -0.11161760240793228
v -0.6287546753883362 -0.2628755271434784 -0.10827292501926422
v -0.5422504544258118 -0.474846750497818 -0.11161760240793228
v -0.5440880656242371 -0.4769730567932129 -0.10827292501926422
v -0.6287546753883362 -0.2628755271434784 -0.10827292501926422
v -0.6287546753883362 -0.2628755271434784 -0.10827292501926422
v -0.5440880656242371 -0.4769730567932129 -0.10827292501926422
v -0.6308286786079407 -0.26351305842399597 -0.10461461544036865
v -0.5440880656242371 -0.4769730567932129 -0.10827292501926422
v -0.5456839203834534 -0.4788196086883545 -0.10461461544036865
v -0.6308286786079407 -0.26351305842399597 -0.10461461544036865
v -0.6308286786079407 -0.26351305842399597 -0.10461461544036865
v -0.5456839203834534 -0.4788196086883545 -0.10461461544036865
v -0.6325623393058777 -0.26404595375061035 -0.10068868100643158
v -0.5456839203834534 -0.4788196086883545 -0.10461461544036865
v -0.5470179319381714 -0.480363130569458 -0.10068868100643158
v -0.6325623393058777 -0.26404595375061035 -0.10068868100643158
v -0.6325623393058777 -0.26404595375061035 -0.10068868100643158
v -0.5470179319381714 -0.480363130569458 -0.10068868100643158
v -0.6339339017868042 -0.2644675672054291 -0.09654449485242367
v -0.5470179319381714 -0.480363130569458 -0.10068868100643158
v -0.5480732917785645 -0.4815842807292938 -0.09654449485242367
v -0.6339339017868042 -0.2644675672054291 -0.09654449485242367
v -0.6339339017868042 -0.2644675672054291 -0.09654449485242367
v -0.5480732917785645 -0.4815842807292938 -0.09654449485242367
v -0.6349260807037354 -0.26477253437042236 -0.09223416913300753
v -0.5480732917785645 -0.4815842807292938 -0.09654449485242367
v -0.5488367676734924 -0.4824676513671875 -0.09223416913300753
v -0.6349260807037354 -0.26477253437042236 -0.09223416913300753
v -0.6349260807037354 -0.26477253437042236 -0.09223416913300753
v -0.5488367676734924 -0.4824676513671875 -0.09223416913300753
v -0.6355264186859131 -0.264957070350647 -0.08781191101297736
v -0.5488367676734924 -0.4824676513671875 -0.09223416913300753
v -0.5492987036705017 -0.4830021560192108 -0.08781191101297736
v -0.6355264186859131 -0.264957070350647 -0.08781191101297736
v -0.6355264186859131 -0.264957070350647 -0.08781191101297736
v -0.5492987036705017 -0.4830021560192108 -0.08781191101297736
v -0.6357274055480957 -0.26501885056495667 -0.0833333320915699
v -0.5492987036705017 -0.4830021560192108 -0.08781191101297736
v -0.5494533777236938 -0.48318108916282654 -0.0833333320915699
v -0.6357274055480957 -0.26501885056495667 -0.0833333320915699
v -0.6357274055480957 -0.26501885056495667 -0.0833333320915699
v -0.5494533777236938 -0.48318108916282654 -0.0833333320915699
v -0.6357274055480957 -0.26501885056495667 0.0833333395421505
v -0.5494533777236938 -0.48318108916282654 -0.0833333320915699
v -0.5494533777236938 -0.48318108916282654 0.0833333395421505
v -0.6357274055480957 -0.26501885056495667 0.0833333395421505
v -0.6357274055480957 -0.26501885056495667 0.0833333395421505
v -0.5494533777236938 -0.48318108916282654 0.0833333395421505
v -0.6355264186859131 -0.264957070350647 0.0878119133412838
v -0.5494533777236938 -0.48318108916282654 0.0833333395421505
v -0.5492987036705017 -0.4830021560192108 0.0878119133412838
v -0.6355264186859131 -0.264957070350647 0.0878119133412838
v -0.6355264186859131 -0.264957070350647 0.0878119133412838
v -0.5492987036705017 -0.4830021560192108 0.0878119133412838
v -0.6349260807037354 -0.26477253437042236 0.09223417565226555
v -0.5492987036705017 -0.4830021560192108 0.0878119133412838
v -0.5488367676734924 -0.4824676513671875 0.09223417565226555
v -0.6349260807037354 -0.26477253437042236 0.09223417565226555
v -0.6349260807037354 -0.26477253437042236 0.09223417565226555
v -0.5488367676734924 -0.4824676513671875 0.09223417565226555
v -0.6339339017868042 -0.2644675672054291 0.09654450044035912
v -0.5488367676734924 -0.4824676513671875 0.09223417565226555
v -0.5480732917785645 -0.4815842807292938 0.09654450044035912
v -0.6339339017868042 -0.2644675672054291 0.09654450044035912
v -0.6339339017868042 -0.2644675672054291 0.09654450044035912
v -0.5480732917785645 -0.4815842807292938 0.09654450044035912
v -0.6325623393058777 -0.26404595375061035 0.10068867728114128
v -0.5480732917785645 -0.4815842807292938 0.09654450044035912
v -0.5470179319381714 -0.480363130569458 0.10068867728114128
v -0.6325623393058777 -0.26404595375061035 0.10068867728114128
v -0.6325623393058777 -0.26404595375061035 0.10068867728114128
v -0.5470179319381714 -0.480363130569458 0.10068867728114128
v -0.6308286786079407 -0.26351305842399597 0.10461461171507835
v -0.5470179319381714 -0.480363130569458 0.10068867728114128
v -0.5456839203834534 -0.4788196086883545 0.10461461171507835
v -0.6308286786079407 -0.26351305842399597 0.10461461171507835
v -0.6308286786079407 -0.26351305842399597 0.10461461171507835
v -0.5456839203834534 -0.4788196086883545 0.10461461171507835
v -0.6287546753883362 -0.2628755271434784 0.10827292129397392
v -0.5456839203834534 -0.4788196086883545 0.10461461171507835
v -0.5440880656242371 -0.4769730567932129 0.10827292129397392
v -0.6287546753883362 -0.2628755271434784 0.10827292129397392
v -0.6287546753883362 -0.2628755271434784 0.10827292129397392
v -0.5440880656242371 -0.4769730567932129 0.10827292129397392
v -0.6263664960861206 -0.2621414065361023 0.11161760613322258
v -0.5440880656242371 -0.4769730567932129 0.10827292129397392
v -0.5422504544258118 -0.474846750497818 0.11161760613322258
v -0.6263664960861206 -0.2621414065361023 0.11161760613322258
v -0.6263664960861206 -0.2621414065361023 0.11161760613322258
v -0.5422504544258118 -0.474846750497818 0.11161760613322258
v -0.6236940622329712 -0.26131996512413025 0.1146066002547741
v -0.5422504544258118 -0.474846750497818 0.11161760613322258
v -0.5401940941810608 -0.47246742248535156 0.1146066002547741
v -0.6236940622329712 -0.26131996512413025 0.1146066002547741
v -0.6236940622329712 -0.26131996512413025 0.1146066002547741
v -0.5401940941810608 -0.47246742248535156 0.1146066002547741
v -0.620771050453186 -0.2604214549064636 0.11720230802893639
v -0.5401940941810608 -0.47246742248535156 0.1146066002547741
v -0.5379449427127838 -0.46986499428749084 0.11720230802893639
v -0.620771050453186 -0.2604214549064636 0.11720230802893639
v -0.620771050453186 -0.2604214549064636 0.11720230802893639
v -0.5379449427127838 -0.46986499428749084 0.11720230802893639
v -0.6176342368125916 -0.25945723056793213 0.11937209591269493
v -0.5379449427127838 -0.46986499428749084 0.11720230802893639
v -0.5355312526226044 -0.46707215905189514 0.11937209591269493
v -0.6176342368125916 -0.25945723056793213 0.11937209591269493
v -0.6176342368125916 -0.25945723056793213 0.11937209591269493
v -0.5355312526226044 -0.46707215905189514 0.11937209591269493
v -0.6143230199813843 -0.25843939185142517 0.1210886649787426
v -0.5355312526226044 -0.46707215905189514 0.11937209591269493
v -0.5329833626747131 -0.46412408351898193 0.1210886649787426
v -0.6143230199813843 -0.25843939185142517 0.1210886649787426
v -0.6143230199813843 -0.25843939185142517 0.1210886649787426
v -0.5329833626747131 -0.46412408351898193 0.1210886649787426
v -0.6108790636062622 -0.25738075375556946 0.1223304532468319
v -0.5329833626747131 -0.46412408351898193 0.1210886649787426
v -0.5303333401679993 -0.4610578119754791 0.1223304532468319
v -0.6108790636062622 -0.25738075375556946 0.1223304532468319
v -0.6108790636062622 -0.25738075375556946 0.1223304532468319
v -0.5303333401679993 -0.4610578119754791 0.1223304532468319
v -0.607345700263977 -0.2562946379184723 0.12308182939887047
v -0.5303333401679993 -0.4610578119754791 0.1223304532468319
v -0.5276145040988922 -0.4579119086265564 0.12308182939887047
v -0.607345700263977 -0.2562946379184723 0.12308182939887047
v -0.607345700263977 -0.2562946379184723 0.12308182939887047
v -0.5276145040988922 -0.4579119086265564 0.12308182939887047
v -0.6037672758102417 -0.25519469380378723 0.12333333119750023
v -0.5276145040988922 -0.4579119086265564 0.12308182939887047
v -0.5248610377311707 -0.4547259211540222 0.12333333119750023
v -0.6037672758102417 -0.25519469380378723 0.12333333119750023
v -0.5248610377311707 -0.4547259211540222 -0.12333333119750023
v -0.3722047805786133 -0.49066343903541565 -0.12333333119750023
v -0.5276145040988922 -0.4579119086265564 -0.12308182194828987
v -0.3722047805786133 -0.49066343903541565 -0.12333333119750023
v -0.3731129765510559 -0.4942837953567505 -0.12308182194828987
v -0.5276145040988922 -0.4579119086265564 -0.12308182194828987
v -0.5276145040988922 -0.4579119086265564 -0.12308182194828987
v -0.3731129765510559 -0.4942837953567505 -0.12308182194828987
v -0.5303333401679993 -0.4610578119754791 -0.1223304495215416
v -0.3731129765510559 -0.4942837953567505 -0.12308182194828987
v -0.37400975823402405 -0.4978586435317993 -0.1223304495215416
v -0.5303333401679993 -0.4610578119754791 -0.1223304495215416
v -0.5303333401679993 -0.4610578119754791 -0.1223304495215416
v -0.37400975823402405 -0.4978586435317993 -0.1223304495215416
v -0.5329833626747131 -0.46412408351898193 -0.1210886649787426
v -0.37400975823402405 -0.4978586435317993 -0.1223304495215416
v -0.37488383054733276 -0.5013429820537567 -0.1210886649787426
v -0.5329833626747131 -0.46412408351898193 -0.1210886649787426
v -0.5329833626747131 -0.46412408351898193 -0.1210886649787426
v -0.37488383054733276 -0.5013429820537567 -0.1210886649787426
v -0.5355312526226044 -0.46707215905189514 -0.11937208846211433
v -0.37488383054733276 -0.5013429820537567 -0.1210886649787426
v -0.3757242262363434 -0.5046930313110352 -0.11937208846211433
v -0.5355312526226044 -0.46707215905189514 -0.11937208846211433
v -0.5355312526226044 -0.46707215905189514 -0.11937208846211433
v -0.3757242262363434 -0.5046930313110352 -0.11937208846211433
v -0.5379449427127838 -0.46986499428749084 -0.11720230057835579
v -0.3757242262363434 -0.5046930313110352 -0.11937208846211433
v -0.3765203654766083 -0.5078666806221008 -0.11720230057835579
v -0.5379449427127838 -0.46986499428749084 -0.11720230057835579
v -0.5379449427127838 -0.46986499428749084 -0.11720230057835579
v -0.3765203654766083 -0.5078666806221008 -0.11720230057835579
v -0.5401940941810608 -0.47246742248535156 -0.1146065928041935
v -0.3765203654766083 -0.5078666806221008 -0.11720230057835579
v -0.3772622346878052 -0.5108239650726318 -0.1146065928041935
v -0.5401940941810608 -0.47246742248535156 -0.1146065928041935
v -0.5401940941810608 -0.47246742248535156 -0.1146065928041935
v -0.3772622346878052 -0.5108239650726318 -0.1146065928041935
v -0.5422504544258118 -0.474846750497818 -0.11161760240793228
v -0.3772622346878052 -0.5108239650726318 -0.1146065928041935
v -0.37794047594070435 -0.5135276913642883 -0.11161760240793228
v -0.5422504544258118 -0.474846750497818 -0.11161760240793228
v -0.5422504544258118 -0.474846750497818 -0.11161760240793228
v -0.37794047594070435 -0.5135276913642883 -0.11161760240793228
v -0.5440880656242371 -0.4769730567932129 -0.10827292501926422
v -0.37794047594070435 -0.5135276913642883 -0.11161760240793228
v -0.3785466253757477 -0.5159439444541931 -0.10827292501926422
v -0.5440880656242371 -0.4769730567932129 -0.10827292501926422
v -0.5440880656242371 -0.4769730567932129 -0.10827292501926422
v -0.3785466253757477 -0.5159439444541931 -0.10827292501926422
v -0.5456839203834534 -0.4788196086883545 -0.10461461544036865
v -0.3785466253757477 -0.5159439444541931 -0.10827292501926422
v -0.37907299399375916 -0.518042266368866 -0.10461461544036865
v -0.5456839203834534 -0.4788196086883545 -0.10461461544036865
v -0.5456839203834534 -0.4788196086883545 -0.10461461544036865
v -0.37907299399375916 -0.518042266368866 -0.10461461544036865
v -0.5470179319381714 -0.480363130569458 -0.10068868100643158
v -0.37907299399375916 -0.518042266368866 -0.10461461544036865
v -0.3795129954814911 -0.5197962522506714 -0.10068868100643158
v -0.5470179319381714 -0.480363130569458 -0.10068868100643158
v -0.5470179319381714 -0.480363130569458 -0.10068868100643158
v -0.3795129954814911 -0.5197962522506714 -0.10068868100643158
v -0.5480732917785645 -0.4815842807292938 -0.09654449485242367
v -0.3795129954814911 -0.5197962522506714 -0.10068868100643158
v -0.37986111640930176 -0.5211838483810425 -0.09654449485242367
v -0.5480732917785645 -0.4815842807292938 -0.09654449485242367
v -0.5480732917785645 -0.4815842807292938 -0.09654449485242367
v -0.37986111640930176 -0.5211838483810425 -0.09654449485242367
v -0.5488367676734924 -0.4824676513671875 -0.09223416913300753
v -0.37986111640930176 -0.5211838483810425 -0.09654449485242367
v -0.3801129162311554 -0.5221877098083496 -0.09223416913300753
v -0.5488367676734924 -0.4824676513671875 -0.09223416913300753
v -0.5488367676734924 -0.4824676513671875 -0.09223416913300753
v -0.3801129162311554 -0.5221877098083496 -0.09223416913300753
v -0.5492987036705017 -0.4830021560192108 -0.08781191101297736
v -0.3801129162311554 -0.5221877098083496 -0.09223416913300753
v -0.3802652955055237 -0.5227950811386108 -0.08781191101297736
v -0.5492987036705017 -0.4830021560192108 -0.08781191101297736
v -0.5492987036705017 -0.4830021560192108 -0.08781191101297736
v -0.3802652955055237 -0.5227950811386108 -0.08781191101297736
v -0.5494533777236938 -0.48318108916282654 -0.0833333320915699
v -0.3802652955055237 -0.5227950811386108 -0.08781191101297736
v -0.38031628727912903 -0.5229983925819397 -0.0833333320915699
v -0.5494533777236938 -0.48318108916282654 -0.0833333320915699
v -0.5494533777236938 -0.48318108916282654 -0.0833333320915699
v -0.38031628727912903 -0.5229983925819397 -0.0833333320915699
v -0.5494533777236938 -0.48318108916282654 0.0833333395421505
v -0.38031628727912903 -0.5229983925819397 -0.0833333320915699
v -0.38031628727912903 -0.5229983925819397 0.0833333395421505
v -0.5494533777236938 -0.48318108916282654 0.0833333395421505
v -0.5494533777236938 -0.48318108916282654 0.0833333395421505
v -0.38031628727912903 -0.5229983925819397 0.0833333395421505
v -0.5492987036705017 -0.4830021560192108 0.0878119133412838
v -0.38031628727912903 -0.5229983925819397 0.0833333395421505
v -0.3802652955055237 -0.5227950811386108 0.0878119133412838
v -0.5492987036705017 -0.4830021560192108 0.0878119133412838
v -0.5492987036705017 -0.4830021560192108 0.0878119133412838
v -0.3802652955055237 -0.5227950811386108 0.0878119133412838
v -0.5488367676734924 -0.4824676513671875 0.09223417565226555
v -0.3802652955055237 -0.5227950811386108 0.0878119133412838
v -0.3801129162311554 -0.5221877098083496 0.09223417565226555
v -0.5488367676734924 -0.4824676513671875 0.09223417565226555
v -0.5488367676734924 -0.4824676513671875 0.09223417565226555
v -0.3801129162311554 -0.5221877098083496 0.09223417565226555
v -0.5480732917785645 -0.4815842807292938 0.09654450044035912
v -0.3801129162311554 -0.5221877098083496 0.09223417565226555
v -0.37986111640930176 -0.5211838483810425 0.09654450044035912
v -0.5480732917785645 -0.4815842807292938 0.09654450044035912
v -0.5480732917785645 -0.4815842807292938 0.09654450044035912
v -0.37986111640930176 -0.5211838483810425 0.09654450044035912
v -0.5470179319381714 -0.480363130569458 0.10068867728114128
v -0.37986111640930176 -0.5211838483810425 0.09654450044035912
v -0.3795129954814911 -0.5197962522506714 0.10068867728114128
v -0.5470179319381714 -0.480363130569458 0.10068867728114128
v -0.5470179319381714 -0.480363130569458 0.10068867728114128
v -0.3795129954814911 -0.5197962522506714 0.10068867728114128
v -0.5456839203834534 -0.4788196086883545 0.10461461171507835
v -0.3795129954814911 -0.5197962522506714 0.10068867728114128
v -0.37907299399375916 -0.518042266368866 0.10461461171507835
v -0.5456839203834534 -0.4788196086883545 0.10461461171507835
v -0.5456839203834534 -0.4788196086883545 0.10461461171507835
v -0.37907299399375916 -0.518042266368866 0.10461461171507835
v -0.5440880656242371 -0.4769730567932129 0.10827292129397392
v -0.37907299399375916 -0.518042266368866 0.10461461171507835
v -0.3785466253757477 -0.5159439444541931 0.10827292129397392
v -0.5440880656242371 -0.4769730567932129 0.10827292129397392
v -0.5440880656242371 -0.4769730567932129 0.10827292129397392
v -0.3785466253757477 -0.5159439444541931 0.10827292129397392
v -0.5422504544258118 -0.474846750497818 0.11161760613322258
v -0.3785466253757477 -0.5159439444541931 0.10827292129397392
v -0.37794047594070435 -0.5135276913642883 0.11161760613322258
v -0.5422504544258118 -0.474846750497818 0.11161760613322258
v -0.5422504544258118 -0.474846750497818 0.11161760613322258
v -0.37794047594070435 -0.5135276913642883 0.11161760613322258
v -0.5401940941810608 -0.47246742248535156 0.1146066002547741
v -0.37794047594070435 -0.5135276913642883 0.11161760613322258
v -0.3772622346878052 -0.5108239650726318 0.1146066002547741
v -0.5401940941810608 -0.47246742248535156 0.1146066002547741
v -0.5401940941810608 -0.47246742248535156 0.1146066002547741
v -0.3772622346878052 -0.5108239650726318 0.1146066002547741
v -0.5379449427127838 -0.46986499428749084 0.11720230802893639
v -0.3772622346878052 -0.5108239650726318 0.1146066002547741
v -0.3765203654766083 -0.5078666806221008 0.11720230802893639
v -0.5379449427127838 -0.46986499428749084 0.11720230802893639
v -0.5379449427127838 -0.46986499428749084 0.11720230802893639
v -0.3765203654766083 -0.5078666806221008 0.11720230802893639
v -0.5355312526226044 -0.46707215905189514 0.11937209591269493
v -0.3765203654766083 -0.5078666806221008 0.11720230802893639
v -0.3757242262363434 -0.5046930313110352 0.11937209591269493
v -0.5355312526226044 -0.46707215905189514 0.11937209591269493
v -0.5355312526226044 -0.46707215905189514 0.11937209591269493
v -0.3757242262363434 -0.5046930313110352 0.11937209591269493
v -0.5329833626747131 -0.46412408351898193 0.1210886649787426
v -0.3757242262363434 -0.5046930313110352 0.11937209591269493
v -0.37488383054733276 -0.5013429820537567 0.1210886649787426
v -0.5329833626747131 -0.46412408351898193 0.1210886649787426
v -0.5329833626747131 -0.46412408351898193 0.1210886649787426
v -0.37488383054733276 -0.5013429820537567 0.1210886649787426
v -0.5303333401679993 -0.4610578119754791 0.1223304532468319
v -0.37488383054733276 -0.5013429820537567 0.1210886649787426
v -0.37400975823402405 -0.4978586435317993 0.1223304532468319
v -0.5303333401679993 -0.4610578119754791 0.1223304532468319
v -0.5303333401679993 -0.4610578119754791 0.1223304532468319
v -0.37400975823402405 -0.4978586435317993 0.1223304532468319
v -0.5276145040988922 -0.4579119086265564 0.12308182939887047
v -0.37400975823402405 -0.4978586435317993 0.1223304532468319
v -0.3731129765510559 -0.4942837953567505 0.12308182939887047
v -0.5276145040988922 -0.4579119086265564 0.12308182939887047
v -0.5276145040988922 -0.4579119086265564 0.12308182939887047
v -0.3731129765510559 -0.4942837953567505 0.12308182939887047
v -0.5248610377311707 -0.4547259211540222 0.12333333119750023
v -0.3731129765510559 -0.4942837953567505 0.12308182939887047
v -0.3722047805786133 -0.49066343903541565 0.12333333119750023
v -0.5248610377311707 -0.4547259211540222 0.12333333119750023
v -0.3722047805786133 -0.49066343903541565 -0.12333333119750023
v -0.20564228296279907 -0.535038411617279 -0.12333333119750023
v -0.3731129765510559 -0.4942837953567505 -0.12308182194828987
v -0.20564228296279907 -0.535038411617279 -0.12333333119750023
v -0.2068801075220108 -0.5385710000991821 -0.12308182194828987
v -0.3731129765510559 -0.4942837953567505 -0.12308182194828987
v -0.3731129765510559 -0.4942837953567505 -0.12308182194828987
v -0.2068801075220108 -0.5385710000991821 -0.12308182194828987
v -0.37400975823402405 -0.4978586435317993 -0.1223304495215416
v -0.2068801075220108 -0.5385710000991821 -0.12308182194828987
v -0.20810237526893616 -0.5420591235160828 -0.1223304495215416
v -0.37400975823402405 -0.4978586435317993 -0.1223304495215416
v -0.37400975823402405 -0.4978586435317993 -0.1223304495215416
v -0.20810237526893616 -0.5420591235160828 -0.1223304495215416
v -0.37488383054733276 -0.5013429820537567 -0.1210886649787426
v -0.20810237526893616 -0.5420591235160828 -0.1223304495215416
v -0.20929370820522308 -0.545458972454071 -0.1210886649787426
v -0.37488383054733276 -0.5013429820537567 -0.1210886649787426
v -0.37488383054733276 -0.5013429820537567 -0.1210886649787426
v -0.20929370820522308 -0.545458972454071 -0.1210886649787426
v -0.3757242262363434 -0.5046930313110352 -0.11937208846211433
v -0.20929370820522308 -0.545458972454071 -0.1210886649787426
v -0.21043911576271057 -0.5487277507781982 -0.11937208846211433
v -0.3757242262363434 -0.5046930313110352 -0.11937208846211433
v -0.3757242262363434 -0.5046930313110352 -0.11937208846211433
v -0.21043911576271057 -0.5487277507781982 -0.11937208846211433
v -0.3765203654766083 -0.5078666806221008 -0.11720230057835579
v -0.21043911576271057 -0.5487277507781982 -0.11937208846211433
v -0.21152420341968536 -0.5518243908882141 -0.11720230057835579
v -0.3765203654766083 -0.5078666806221008 -0.11720230057835579
v -0.3765203654766083 -0.5078666806221008 -0.11720230057835579
v -0.21152420341968536 -0.5518243908882141 -0.11720230057835579
v -0.3772622346878052 -0.5108239650726318 -0.1146065928041935
v -0.21152420341968536 -0.5518243908882141 -0.11720230057835579
v -0.2125353217124939 -0.5547099113464355 -0.1146065928041935
v -0.3772622346878052 -0.5108239650726318 -0.1146065928041935
v -0.3772622346878052 -0.5108239650726318 -0.1146065928041935
v -0.2125353217124939 -0.5547099113464355 -0.1146065928041935
v -0.37794047594070435 -0.5135276913642883 -0.11161760240793228
v -0.2125353217124939 -0.5547099113464355 -0.1146065928041935
v -0.21345975995063782 -0.5573480725288391 -0.11161760240793228
v -0.37794047594070435 -0.5135276913642883 -0.11161760240793228
v -0.37794047594070435 -0.5135276913642883 -0.11161760240793228
v -0.21345975995063782 -0.5573480725288391 -0.11161760240793228
v -0.3785466253757477 -0.5159439444541931 -0.10827292501926422
v -0.21345975995063782 -0.5573480725288391 -0.11161760240793228
v -0.21428588032722473 -0.5597057342529297 -0.10827292501926422
v -0.3785466253757477 -0.5159439444541931 -0.10827292501926422
v -0.3785466253757477 -0.5159439444541931 -0.10827292501926422
v -0.21428588032722473 -0.5597057342529297 -0.10827292501926422
v -0.37907299399375916 -0.518042266368866 -0.10461461544036865
v -0.21428588032722473 -0.5597057342529297 -0.10827292501926422
v -0.21500329673290253 -0.5617530941963196 -0.10461461544036865
v -0.37907299399375916 -0.518042266368866 -0.10461461544036865
v -0.37907299399375916 -0.518042266368866 -0.10461461544036865
v -0.21500329673290253 -0.5617530941963196 -0.10461461544036865
v -0.3795129954814911 -0.5197962522506714 -0.10068868100643158
v -0.21500329673290253 -0.5617530941963196 -0.10461461544036865
v -0.21560300886631012 -0.5634645819664001 -0.10068868100643158
v -0.3795129954814911 -0.5197962522506714 -0.10068868100643158
v -0.3795129954814911 -0.5197962522506714 -0.10068868100643158
v -0.21560300886631012 -0.5634645819664001 -0.10068868100643158
v -0.37986111640930176 -0.5211838483810425 -0.09654449485242367
v -0.21560300886631012 -0.5634645819664001 -0.10068868100643158
v -0.21607744693756104 -0.5648185610771179 -0.09654449485242367
v -0.37986111640930176 -0.5211838483810425 -0.09654449485242367
v -0.37986111640930176 -0.5211838483810425 -0.09654449485242367
v -0.21607744693756104 -0.5648185610771179 -0.09654449485242367
v -0.3801129162311554 -0.5221877098083496 -0.09223416913300753
v -0.21607744693756104 -0.5648185610771179 -0.09654449485242367
v -0.21642066538333893 -0.5657980442047119 -0.09223416913300753
v -0.3801129162311554 -0.5221877098083496 -0.09223416913300753
v -0.3801129162311554 -0.5221877098083496 -0.09223416913300753
v -0.21642066538333893 -0.5657980442047119 -0.09223416913300753
v -0.3802652955055237 -0.5227950811386108 -0.08781191101297736
v -0.21642066538333893 -0.5657980442047119 -0.09223416913300753
v -0.21662834286689758 -0.5663906931877136 -0.08781191101297736
v -0.3802652955055237 -0.5227950811386108 -0.08781191101297736
v -0.3802652955055237 -0.5227950811386108 -0.08781191101297736
v -0.21662834286689758 -0.5663906931877136 -0.08781191101297736
v -0.38031628727912903 -0.5229983925819397 -0.0833333320915699
v -0.21662834286689758 -0.5663906931877136 -0.08781191101297736
v -0.21669785678386688 -0.5665890574455261 -0.0833333320915699
v -0.38031628727912903 -0.5229983925819397 -0.0833333320915699
v -0.38031628727912903 -0.5229983925819397 -0.0833333320915699
v -0.21669785678386688 -0.5665890574455261 -0.0833333320915699
v -0.38031628727912903 -0.5229983925819397 0.0833333395421505
v -0.21669785678386688 -0.5665890574455261 -0.0833333320915699
v -0.21669785678386688 -0.5665890574455261 0.0833333395421505
v -0.38031628727912903 -0.5229983925819397 0.0833333395421505
v -0.38031628727912903 -0.5229983925819397 0.0833333395421505
v -0.21669785678386688 -0.5665890574455261 0.0833333395421505
v -0.3802652955055237 -0.5227950811386108 0.0878119133412838
v -0.21669785678386688 -0.5665890574455261 0.0833333395421505
v -0.21662834286689758 -0.5663906931877136 0.0878119133412838
v -0.3802652955055237 -0.5227950811386108 0.0878119133412838
v -0.3802652955055237 -0.5227950811386108 0.0878119133412838
v -0.21662834286689758 -0.5663906931877136 0.0878119133412838
v -0.3801129162311554 -0.5221877098083496 0.09223417565226555
v -0.21662834286689758 -0.5663906931877136 0.0878119133412838
v -0.21642066538333893 -0.5657980442047119 0.09223417565226555
v -0.3801129162311554 -0.5221877098083496 0.09223417565226555
v -0.3801129162311554 -0.5221877098083496 0.09223417565226555
v -0.21642066538333893 -0.5657980442047119 0.09223417565226555
v -0.37986111640930176 -0.5211838483810425 0.09654450044035912
v -0.21642066538333893 -0.5657980442047119 0.09223417565226555
v -0.21607744693756104 -0.5648185610771179 0.09654450044035912
v -0.37986111640930176 -0.5211838483810425 0.09654450044035912
v -0.37986111640930176 -0.5211838483810425 0.09654450044035912
v -0.21607744693756104 -0.5648185610771179 0.09654450044035912
v -0.3795129954814911 -0.5197962522506714 0.10068867728114128
v -0.21607744693756104 -0.5648185610771179 0.09654450044035912
v -0.21560300886631012 -0.5634645819664001 0.10068867728114128
v -0.3795129954814911 -0.5197962522506714 0.10068867728114128
v -0.3795129954814911 -0.5197962522506714 0.10068867728114128
v -0.21560300886631012 -0.5634645819664001 0.10068867728114128
v -0.37907299399375916 -0.518042266368866 0.10461461171507835
v -0.21560300886631012 -0.5634645819664001 0.10068867728114128
v -0.21500329673290253 -0.5617530941963196 0.10461461171507835
v -0.37907299399375916 -0.518042266368866 0.10461461171507835
v -0.37907299399375916 -0.518042266368866 0.10461461171507835
v -0.21500329673290253 -0.5617530941963196 0.10461461171507835
v -0.3785466253757477 -0.5159439444541931 0.10827292129397392
v -0.21500329673290253 -0.5617530941963196 0.10461461171507835
v -0.21428588032722473 -0.5597057342529297 0.10827292129397392
v -0.3785466253757477 -0.5159439444541931 0.10827292129397392
v -0.3785466253757477 -0.5159439444541931 0.10827292129397392
v -0.21428588032722473 -0.5597057342529297 0.10827292129397392
v -0.37794047594070435 -0.5135276913642883 0.11161760613322258
v -0.21428588032722473 -0.5597057342529297 0.10827292129397392
v -0.21345975995063782 -0.5573480725288391 0.11161760613322258
v -0.37794047594070435 -0.5135276913642883 0.11161760613322258
v -0.37794047594070435 -0.5135276913642883 0.11161760613322258
v -0.21345975995063782 -0.5573480725288391 0.11161760613322258
v -0.3772622346878052 -0.5108239650726318 0.1146066002547741
v -0.21345975995063782 -0.5573480725288391 0.11161760613322258
v -0.2125353217124939 -0.5547099113464355 0.1146066002547741
v -0.3772622346878052 -0.5108239650726318 0.1146066002547741
v -0.3772622346878052 -0.5108239650726318 0.1146066002547741
v -0.2125353217124939 -0.5547099113464355 0.1146066002547741
v -0.3765203654766083 -0.5078666806221008 0.11720230802893639
v -0.2125353217124939 -0.5547099113464355 0.1146066002547741
v -0.21152420341968536 -0.5518243908882141 0.11720230802893639
v -0.3765203654766083 -0.5078666806221008 0.11720230802893639
v -0.3765203654766083 -0.5078666806221008 0.11720230802893639
v -0.21152420341968536 -0.5518243908882141 0.11720230802893639
v -0.3757242262363434 -0.5046930313110352 0.11937209591269493
v -0.21152420341968536 -0.5518243908882141 0.11720230802893639
v -0.21043911576271057 -0.5487277507781982 0.11937209591269493
v -0.3757242262363434 -0.5046930313110352 0.11937209591269493
v -0.3757242262363434 -0.5046930313110352 0.11937209591269493
v -0.21043911576271057 -0.5487277507781982 0.11937209591269493
v -0.37488383054733276 -0.5013429820537567 0.1210886649787426
v -0.21043911576271057 -0.5487277507781982 0.11937209591269493
v -0.20929370820522308 -0.545458972454071 0.1210886649787426
v -0.37488383054733276 -0.5013429820537567 0.1210886649787426
v -0.37488383054733276 -0.5013429820537567 0.1210886649787426
v -0.20929370820522308 -0.545458972454071 0.1210886649787426
v -0.37400975823402405 -0.4978586435317993 0.1223304532468319
v -0.20929370820522308 -0.545458972454071 0.1210886649787426
v -0.20810237526893616 -0.5420591235160828 0.1223304532468319
v -0.37400975823402405 -0.4978586435317993 0.1223304532468319
v -0.37400975823402405 -0.4978586435317993 0.1223304532468319
v -0.20810237526893616 -0.5420591235160828 0.1223304532468319
v -0.3731129765510559 -0.4942837953567505 0.12308182939887047
v -0.20810237526893616 -0.5420591235160828 0.1223304532468319
v -0.2068801075220108 -0.5385710000991821 0.12308182939887047
v -0.3731129765510559 -0.4942837953567505 0.12308182939887047
v -0.3731129765510559 -0.4942837953567505 0.12308182939887047
v -0.2068801075220108 -0.5385710000991821 0.12308182939887047
v -0.3722047805786133 -0.49066343903541565 0.12333333119750023
v -0.2068801075220108 -0.5385710000991821 0.12308182939887047
v -0.20564228296279907 -0.535038411617279 0.12333333119750023
v -0.3722047805786133 -0.49066343903541565 0.12333333119750023
v -0.20564228296279907 -0.535038411617279 -0.12333333119750023
v -0.0223610308021307 -0.615507185459137 -0.12333333119750023
v -0.2068801075220108 -0.5385710000991821 -0.12308182194828987
v -0.0223610308021307 -0.615507185459137 -0.12333333119750023
v -0.02275007590651512 -0.619412362575531 -0.12308182194828987
v -0.2068801075220108 -0.5385710000991821 -0.12308182194828987
v -0.2068801075220108 -0.5385710000991821 -0.12308182194828987
v -0.02275007590651512 -0.619412362575531 -0.12308182194828987
v -0.20810237526893616 -0.5420591235160828 -0.1223304495215416
v -0.02275007590651512 -0.619412362575531 -0.12308182194828987
v -0.023134227842092514 -0.6232684850692749 -0.1223304495215416
v -0.20810237526893616 -0.5420591235160828 -0.1223304495215416
v -0.20810237526893616 -0.5420591235160828 -0.1223304495215416
v -0.023134227842092514 -0.6232684850692749 -0.1223304495215416
v -0.20929370820522308 -0.545458972454071 -0.1210886649787426
v -0.023134227842092514 -0.6232684850692749 -0.1223304495215416
v -0.023508654907345772 -0.6270269751548767 -0.1210886649787426
v -0.20929370820522308 -0.545458972454071 -0.1210886649787426
v -0.20929370820522308 -0.545458972454071 -0.1210886649787426
v -0.023508654907345772 -0.6270269751548767 -0.1210886649787426
v -0.21043911576271057 -0.5487277507781982 -0.11937208846211433
v -0.023508654907345772 -0.6270269751548767 -0.1210886649787426
v -0.023868652060627937 -0.6306406259536743 -0.11937208846211433
v -0.21043911576271057 -0.5487277507781982 -0.11937208846211433
v -0.21043911576271057 -0.5487277507781982 -0.11937208846211433
v -0.023868652060627937 -0.6306406259536743 -0.11937208846211433
v -0.21152420341968536 -0.5518243908882141 -0.11720230057835579
v -0.023868652060627937 -0.6306406259536743 -0.11937208846211433
v -0.02420968934893608 -0.6340638995170593 -0.11720230057835579
v -0.21152420341968536 -0.5518243908882141 -0.11720230057835579
v -0.21152420341968536 -0.5518243908882141 -0.11720230057835579
v -0.02420968934893608 -0.6340638995170593 -0.11720230057835579
v -0.2125353217124939 -0.5547099113464355 -0.1146065928041935
v -0.02420968934893608 -0.6340638995170593 -0.11720230057835579
v -0.024527478963136673 -0.6372538805007935 -0.1146065928041935
v -0.2125353217124939 -0.5547099113464355 -0.1146065928041935
v -0.2125353217124939 -0.5547099113464355 -0.1146065928041935
v -0.024527478963136673 -0.6372538805007935 -0.1146065928041935
v -0.21345975995063782 -0.5573480725288391 -0.11161760240793228
v -0.024527478963136673 -0.6372538805007935 -0.1146065928041935
v -0.02481802459806204 -0.6401703357696533 -0.11161760240793228
v -0.21345975995063782 -0.5573480725288391 -0.11161760240793228
v -0.21345975995063782 -0.5573480725288391 -0.11161760240793228
v -0.02481802459806204 -0.6401703357696533 -0.11161760240793228
v -0.21428588032722473 -0.5597057342529297 -0.10827292501926422
v -0.02481802459806204 -0.6401703357696533 -0.11161760240793228
v -0.025077671743929386 -0.6427766680717468 -0.10827292501926422
v -0.21428588032722473 -0.5597057342529297 -0.10827292501926422
v -0.21428588032722473 -0.5597057342529297 -0.10827292501926422
v -0.025077671743929386 -0.6427766680717468 -0.10827292501926422
v -0.21500329673290253 -0.5617530941963196 -0.10461461544036865
v -0.025077671743929386 -0.6427766680717468 -0.10827292501926422
v -0.025303155183792114 -0.6450400352478027 -0.10461461544036865
v -0.21500329673290253 -0.5617530941963196 -0.10461461544036865
v -0.21500329673290253 -0.5617530941963196 -0.10461461544036865
v -0.025303155183792114 -0.6450400352478027 -0.10461461544036865
v -0.21560300886631012 -0.5634645819664001 -0.10068868100643158
v -0.025303155183792114 -0.6450400352478027 -0.10461461544036865
v -0.025491639971733093 -0.646932065486908 -0.10068868100643158
v -0.21560300886631012 -0.5634645819664001 -0.10068868100643158
v -0.21560300886631012 -0.5634645819664001 -0.10068868100643158
v -0.025491639971733093 -0.646932065486908 -0.10068868100643158
v -0.21607744693756104 -0.5648185610771179 -0.09654449485242367
v -0.025491639971733093 -0.646932065486908 -0.10068868100643158
v -0.025640754960477352 -0.6484288573265076 -0.09654449485242367
v -0.21607744693756104 -0.5648185610771179 -0.09654449485242367
v -0.21607744693756104 -0.5648185610771179 -0.09654449485242367
v -0.025640754960477352 -0.6484288573265076 -0.09654449485242367
v -0.21642066538333893 -0.5657980442047119 -0.09223416913300753
v -0.025640754960477352 -0.6484288573265076 -0.09654449485242367
v -0.025748626329004765 -0.6495116353034973 -0.09223416913300753
v -0.21642066538333893 -0.5657980442047119 -0.09223416913300753
v -0.21642066538333893 -0.5657980442047119 -0.09223416913300753
v -0.025748626329004765 -0.6495116353034973 -0.09223416913300753
v -0.21662834286689758 -0.5663906931877136 -0.08781191101297736
v -0.025748626329004765 -0.6495116353034973 -0.09223416913300753
v -0.02581389620900154 -0.6501668691635132 -0.08781191101297736
v -0.21662834286689758 -0.5663906931877136 -0.08781191101297736
v -0.21662834286689758 -0.5663906931877136 -0.08781191101297736
v -0.02581389620900154 -0.6501668691635132 -0.08781191101297736
v -0.21669785678386688 -0.5665890574455261 -0.0833333320915699
v -0.02581389620900154 -0.6501668691635132 -0.08781191101297736
v -0.025835744105279446 -0.6503861546516418 -0.0833333320915699
v -0.21669785678386688 -0.5665890574455261 -0.0833333320915699
v -0.21669785678386688 -0.5665890574455261 -0.0833333320915699
v -0.025835744105279446 -0.6503861546516418 -0.0833333320915699
v -0.21669785678386688 -0.5665890574455261 0.0833333395421505
v -0.025835744105279446 -0.6503861546516418 -0.0833333320915699
v -0.025835744105279446 -0.6503861546516418 0.0833333395421505
v -0.21669785678386688 -0.5665890574455261 0.0833333395421505
v -0.21669785678386688 -0.5665890574455261 0.0833333395421505
v -0.025835744105279446 -0.6503861546516418 0.0833333395421505
v -0.21662834286689758 -0.5663906931877136 0.0878119133412838
v -0.025835744105279446 -0.6503861546516418 0.0833333395421505
v -0.02581389620900154 -0.6501668691635132 0.0878119133412838
v -0.21662834286689758 -0.5663906931877136 0.0878119133412838
v -0.21662834286689758 -0.5663906931877136 0.0878119133412838
v -0.02581389620900154 -0.6501668691635132 0.0878119133412838
v -0.21642066538333893 -0.5657980442047119 0.09223417565226555
v -0.02581389620900154 -0.6501668691635132 0.0878119133412838
v -0.025748626329004765 -0.6495116353034973 0.09223417565226555
v -0.21642066538333893 -0.5657980442047119 0.09223417565226555
v -0.21642066538333893 -0.5657980442047119 0.09223417565226555
v -0.025748626329004765 -0.6495116353034973 0.09223417565226555
v -0.21607744693756104 -0.5648185610771179 0.09654450044035912
v -0.025748626329004765 -0.6495116353034973 0.09223417565226555
v -0.025640754960477352 -0.6484288573265076 0.09654450044035912
v -0.21607744693756104 -0.5648185610771179 0.09654450044035912
v -0.21607744693756104 -0.5648185610771179 0.09654450044035912
v -0.025640754960477352 -0.6484288573265076 0.09654450044035912
v -0.21560300886631012 -0.5634645819664001 0.10068867728114128
v -0.025640754960477352 -0.6484288573265076 0.09654450044035912
v -0.025491639971733093 -0.646932065486908 0.10068867728114128
v -0.21560300886631012 -0.5634645819664001 0.10068867728114128
v -0.21560300886631012 -0.5634645819664001 0.10068867728114128
v -0.025491639971733093 -0.646932065486908 0.10068867728114128
v -0.21500329673290253 -0.5617530941963196 0.10461461171507835
v -0.025491639971733093 -0.646932065486908 0.10068867728114128
v -0.025303155183792114 -0.6450400352478027 0.10461461171507835
v -0.21500329673290253 -0.5617530941963196 0.10461461171507835
v -0.21500329673290253 -0.5617530941963196 0.10461461171507835
v -0.025303155183792114 -0.6450400352478027 0.10461461171507835
v -0.21428588032722473 -0.5597057342529297 0.10827292129397392
v -0.025303155183792114 -0.6450400352478027 0.10461461171507835
v -0.025077671743929386 -0.6427766680717468 0.10827292129397392
v -0.21428588032722473 -0.5597057342529297 0.10827292129397392
v -0.21428588032722473 -0.5597057342529297 0.10827292129397392
v -0.025077671743929386 -0.6427766680717468 0.10827292129397392
v -0.21345975995063782 -0.5573480725288391 0.11161760613322258
v -0.025077671743929386 -0.6427766680717468 0.10827292129397392
v -0.02481802459806204 -0.6401703357696533 0.11161760613322258
v -0.21345975995063782 -0.5573480725288391 0.11161760613322258
v -0.21345975995063782 -0.5573480725288391 0.11161760613322258
v -0.02481802459806204 -0.6401703357696533 0.11161760613322258
v -0.2125353217124939 -0.5547099113464355 0.1146066002547741
v -0.02481802459806204 -0.6401703357696533 0.11161760613322258
v -0.024527478963136673 -0.6372538805007935 0.1146066002547741
v -0.2125353217124939 -0.5547099113464355 0.1146066002547741
v -0.2125353217124939 -0.5547099113464355 0.1146066002547741
v -0.024527478963136673 -0.6372538805007935 0.1146066002547741
v -0.21152420341968536 -0.5518243908882141 0.11720230802893639
v -0.024527478963136673 -0.6372538805007935 0.1146066002547741
v -0.02420968934893608 -0.6340638995170593 0.11720230802893639
v -0.21152420341968536 -0.5518243908882141 0.11720230802893639
v -0.21152420341968536 -0.5518243908882141 0.11720230802893639
v -0.02420968934893608 -0.6340638995170593 0.11720230802893639
v -0.21043911576271057 -0.5487277507781982 0.11937209591269493
v -0.02420968934893608 -0.6340638995170593 0.11720230802893639
v -0.023868652060627937 -0.6306406259536743 0.11937209591269493
v -0.21043911576271057 -0.5487277507781982 0.11937209591269493
v -0.21043911576271057 -0.5487277507781982 0.11937209591269493
v -0.023868652060627937 -0.6306406259536743 0.11937209591269493
v -0.20929370820522308 -0.545458972454071 0.1210886649787426
v -0.023868652060627937 -0.6306406259536743 0.11937209591269493
v -0.023508654907345772 -0.6270269751548767 0.1210886649787426
v -0.20929370820522308 -0.545458972454071 0.1210886649787426
v -0.20929370820522308 -0.545458972454071 0.1210886649787426
v -0.023508654907345772 -0.6270269751548767 0.1210886649787426
v -0.20810237526893616 -0.5420591235160828 0.1223304532468319
v -0.023508654907345772 -0.6270269751548767 0.1210886649787426
v -0.023134227842092514 -0.6232684850692749 0.1223304532468319
v -0.20810237526893616 -0.5420591235160828 0.1223304532468319
v -0.20810237526893616 -0.5420591235160828 0.1223304532468319
v -0.023134227842092514 -0.6232684850692749 0.1223304532468319
v -0.2068801075220108 -0.5385710000991821 0.12308182939887047
v -0.023134227842092514 -0.6232684850692749 0.1223304532468319
v -0.02275007590651512 -0.619412362575531 0.12308182939887047
v -0.2068801075220108 -0.5385710000991821 0.12308182939887047
v -0.2068801075220108 -0.5385710000991821 0.12308182939887047
v -0.02275007590651512 -0.619412362575531 0.12308182939887047
v -0.20564228296279907 -0.535038411617279 0.12333333119750023
v -0.02275007590651512 -0.619412362575531 0.12308182939887047
v -0.0223610308021307 -0.615507185459137 0.12333333119750023
v -0.20564228296279907 -0.535038411617279 0.12333333119750023
v -0.0223610308021307 -0.615507185459137 -0.12333333119750023
v 0.21076396107673645 -0.5645696520805359 -0.12333333119750023
v -0.02275007590651512 -0.619412362575531 -0.12308182194828987
v 0.21076396107673645 -0.5645696520805359 -0.12333333119750023
v 0.21197092533111572 -0.5681261420249939 -0.12308182194828987
v -0.02275007590651512 -0.619412362575531 -0.12308182194828987
v -0.02275007590651512 -0.619412362575531 -0.12308182194828987
v 0.21197092533111572 -0.5681261420249939 -0.12308182194828987
v -0.023134227842092514 -0.6232684850692749 -0.1223304495215416
v 0.21197092533111572 -0.5681261420249939 -0.12308182194828987
v 0.21316272020339966 -0.5716379284858704 -0.1223304495215416
v -0.023134227842092514 -0.6232684850692749 -0.1223304495215416
v -0.023134227842092514 -0.6232684850692749 -0.1223304495215416
v 0.21316272020339966 -0.5716379284858704 -0.1223304495215416
v -0.023508654907345772 -0.6270269751548767 -0.1210886649787426
v 0.21316272020339966 -0.5716379284858704 -0.1223304495215416
v 0.21432435512542725 -0.5750607848167419 -0.1210886649787426
v -0.023508654907345772 -0.6270269751548767 -0.1210886649787426
v -0.023508654907345772 -0.6270269751548767 -0.1210886649787426
v 0.21432435512542725 -0.5750607848167419 -0.1210886649787426
v -0.023868652060627937 -0.6306406259536743 -0.11937208846211433
v 0.21432435512542725 -0.5750607848167419 -0.1210886649787426
v 0.21544119715690613 -0.5783517360687256 -0.11937208846211433
v -0.023868652060627937 -0.6306406259536743 -0.11937208846211433
v -0.023868652060627937 -0.6306406259536743 -0.11937208846211433
v 0.21544119715690613 -0.5783517360687256 -0.11937208846211433
v -0.02420968934893608 -0.6340638995170593 -0.11720230057835579
v 0.21544119715690613 -0.5783517360687256 -0.11937208846211433
v 0.2164992392063141 -0.5814693570137024 -0.11720230057835579
v -0.02420968934893608 -0.6340638995170593 -0.11720230057835579
v -0.02420968934893608 -0.6340638995170593 -0.11720230057835579
v 0.2164992392063141 -0.5814693570137024 -0.11720230057835579
v -0.024527478963136673 -0.6372538805007935 -0.1146065928041935
v 0.2164992392063141 -0.5814693570137024 -0.11720230057835579
v 0.21748512983322144 -0.5843744277954102 -0.1146065928041935
v -0.024527478963136673 -0.6372538805007935 -0.1146065928041935
v -0.024527478963136673 -0.6372538805007935 -0.1146065928041935
v 0.21748512983322144 -0.5843744277954102 -0.1146065928041935
v -0.02481802459806204 -0.6401703357696533 -0.11161760240793228
v 0.21748512983322144 -0.5843744277954102 -0.1146065928041935
v 0.21838653087615967 -0.5870304703712463 -0.11161760240793228
v -0.02481802459806204 -0.6401703357696533 -0.11161760240793228
v -0.02481802459806204 -0.6401703357696533 -0.11161760240793228
v 0.21838653087615967 -0.5870304703712463 -0.11161760240793228
v -0.025077671743929386 -0.6427766680717468 -0.10827292501926422
v 0.21838653087615967 -0.5870304703712463 -0.11161760240793228
v 0.21919205784797668 -0.5894040465354919 -0.10827292501926422
v -0.025077671743929386 -0.6427766680717468 -0.10827292501926422
v -0.025077671743929386 -0.6427766680717468 -0.10827292501926422
v 0.21919205784797668 -0.5894040465354919 -0.10827292501926422
v -0.025303155183792114 -0.6450400352478027 -0.10461461544036865
v 0.21919205784797668 -0.5894040465354919 -0.10827292501926422
v 0.21989160776138306 -0.5914653539657593 -0.10461461544036865
v -0.025303155183792114 -0.6450400352478027 -0.10461461544036865
v -0.025303155183792114 -0.6450400352478027 -0.10461461544036865
v 0.21989160776138306 -0.5914653539657593 -0.10461461544036865
v -0.025491639971733093 -0.646932065486908 -0.10068868100643158
v 0.21989160776138306 -0.5914653539657593 -0.10461461544036865
v 0.22047635912895203 -0.5931883454322815 -0.10068868100643158
v -0.025491639971733093 -0.646932065486908 -0.10068868100643158
v -0.025491639971733093 -0.646932065486908 -0.10068868100643158
v 0.22047635912895203 -0.5931883454322815 -0.10068868100643158
v -0.025640754960477352 -0.6484288573265076 -0.09654449485242367
v 0.22047635912895203 -0.5931883454322815 -0.10068868100643158
v 0.22093895077705383 -0.5945515036582947 -0.09654449485242367
v -0.025640754960477352 -0.6484288573265076 -0.09654449485242367
v -0.025640754960477352 -0.6484288573265076 -0.09654449485242367
v 0.22093895077705383 -0.5945515036582947 -0.09654449485242367
v -0.025748626329004765 -0.6495116353034973 -0.09223416913300753
v 0.22093895077705383 -0.5945515036582947 -0.09654449485242367
v 0.22127363085746765 -0.5955376625061035 -0.09223416913300753
v -0.025748626329004765 -0.6495116353034973 -0.09223416913300753
v -0.025748626329004765 -0.6495116353034973 -0.09223416913300753
v 0.22127363085746765 -0.5955376625061035 -0.09223416913300753
v -0.02581389620900154 -0.6501668691635132 -0.08781191101297736
v 0.22127363085746765 -0.5955376625061035 -0.09223416913300753
v 0.22147610783576965 -0.5961343050003052 -0.08781191101297736
v -0.02581389620900154 -0.6501668691635132 -0.08781191101297736
v -0.02581389620900154 -0.6501668691635132 -0.08781191101297736
v 0.22147610783576965 -0.5961343050003052 -0.08781191101297736
v -0.025835744105279446 -0.6503861546516418 -0.0833333320915699
v 0.22147610783576965 -0.5961343050003052 -0.08781191101297736
v 0.22154390811920166 -0.5963340401649475 -0.0833333320915699
v -0.025835744105279446 -0.6503861546516418 -0.0833333320915699
v -0.025835744105279446 -0.6503861546516418 -0.0833333320915699
v 0.22154390811920166 -0.5963340401649475 -0.0833333320915699
v -0.025835744105279446 -0.6503861546516418 0.0833333395421505
v 0.22154390811920166 -0.5963340401649475 -0.0833333320915699
v 0.22154390811920166 -0.5963340401649475 0.0833333395421505
v -0.025835744105279446 -0.6503861546516418 0.0833333395421505
v -0.025835744105279446 -0.6503861546516418 0.0833333395421505
v 0.22154390811920166 -0.5963340401649475 0.0833333395421505
v -0.02581389620900154 -0.6501668691635132 0.0878119133412838
v 0.22154390811920166 -0.5963340401649475 0.0833333395421505
v 0.22147610783576965 -0.5961343050003052 0.0878119133412838
v -0.02581389620900154 -0.6501668691635132 0.0878119133412838
v -0.02581389620900154 -0.6501668691635132 0.0878119133412838
v 0.22147610783576965 -0.5961343050003052 0.0878119133412838
v -0.025748626329004765 -0.6495116353034973 0.09223417565226555
v 0.22147610783576965 -0.5961343050003052 0.0878119133412838
v 0.22127363085746765 -0.5955376625061035 0.09223417565226555
v -0.025748626329004765 -0.6495116353034973 0.09223417565226555
v -0.025748626329004765 -0.6495116353034973 0.09223417565226555
v 0.22127363085746765 -0.5955376625061035 0.09223417565226555
v -0.025640754960477352 -0.6484288573265076 0.09654450044035912
v 0.22127363085746765 -0.5955376625061035 0.09223417565226555
v 0.22093895077705383 -0.5945515036582947 0.09654450044035912
v -0.025640754960477352 -0.6484288573265076 0.09654450044035912
v -0.025640754960477352 -0.6484288573265076 0.09654450044035912
v 0.22093895077705383 -0.5945515036582947 0.09654450044035912
v -0.025491639971733093 -0.646932065486908 0.10068867728114128
v 0.22093895077705383 -0.5945515036582947 0.09654450044035912
v 0.22047635912895203 -0.5931883454322815 0.10068867728114128
v -0.025491639971733093 -0.646932065486908 0.10068867728114128
v -0.025491639971733093 -0.646932065486908 0.10068867728114128
v 0.22047635912895203 -0.5931883454322815 0.10068867728114128
v -0.025303155183792114 -0.6450400352478027 0.10461461171507835
v 0.22047635912895203 -0.5931883454322815 0.10068867728114128
v 0.21989160776138306 -0.5914653539657593 0.10461461171507835
v -0.025303155183792114 -0.6450400352478027 0.10461461171507835
v -0.025303155183792114 -0.6450400352478027 0.10461461171507835
v 0.21989160776138306 -0.5914653539657593 0.10461461171507835
v -0.025077671743929386 -0.6427766680717468 0.10827292129397392
v 0.21989160776138306 -0.5914653539657593 0.10461461171507835
v 0.21919205784797668 -0.5894040465354919 0.10827292129397392
v -0.025077671743929386 -0.6427766680717468 0.10827292129397392
v -0.025077671743929386 -0.6427766680717468 0.10827292129397392
v 0.21919205784797668 -0.5894040465354919 0.10827292129397392
v -0.02481802459806204 -0.6401703357696533 0.11161760613322258
v 0.21919205784797668 -0.5894040465354919 0.10827292129397392
v 0.21838653087615967 -0.5870304703712463 0.11161760613322258
v -0.02481802459806204 -0.6401703357696533 0.11161760613322258
v -0.02481802459806204 -0.6401703357696533 0.11161760613322258
v 0.21838653087615967 -0.5870304703712463 0.11161760613322258
v -0.024527478963136673 -0.6372538805007935 0.1146066002547741
v 0.21838653087615967 -0.5870304703712463 0.11161760613322258
v 0.21748512983322144 -0.5843744277954102 0.1146066002547741
v -0.024527478963136673 -0.6372538805007935 0.1146066002547741
v -0.024527478963136673 -0.6372538805007935 0.1146066002547741
v 0.21748512983322144 -0.5843744277954102 0.1146066002547741
v -0.02420968934893608 -0.6340638995170593 0.11720230802893639
v 0.21748512983322144 -0.5843744277954102 0.1146066002547741
v 0.2164992392063141 -0.5814693570137024 0.11720230802893639
v -0.02420968934893608 -0.6340638995170593 0.11720230802893639
v -0.02420968934893608 -0.6340638995170593 0.11720230802893639
v 0.2164992392063141 -0.5814693570137024 0.11720230802893639
v -0.023868652060627937 -0.6306406259536743 0.11937209591269493
v 0.2164992392063141 -0.5814693570137024 0.11720230802893639
v 0.21544119715690613 -0.5783517360687256 0.11937209591269493
v -0.023868652060627937 -0.6306406259536743 0.11937209591269493
v -0.023868652060627937 -0.6306406259536743 0.11937209591269493
v 0.21544119715690613 -0.5783517360687256 0.11937209591269493
v -0.023508654907345772 -0.6270269751548767 0.1210886649787426
v 0.21544119715690613 -0.5783517360687256 0.11937209591269493
v 0.21432435512542725 -0.5750607848167419 0.1210886649787426
v -0.023508654907345772 -0.6270269751548767 0.1210886649787426
v -0.023508654907345772 -0.6270269751548767 0.1210886649787426
v 0.21432435512542725 -0.5750607848167419 0.1210886649787426
v -0.023134227842092514 -0.6232684850692749 0.1223304532468319
v 0.21432435512542725 -0.5750607848167419 0.1210886649787426
v 0.21316272020339966 -0.5716379284858704 0.1223304532468319
v -0.023134227842092514 -0.6232684850692749 0.1223304532468319
v -0.023134227842092514 -0.6232684850692749 0.1223304532468319
v 0.21316272020339966 -0.5716379284858704 0.1223304532468319
v -0.02275007590651512 -0.619412362575531 0.12308182939887047
v 0.21316272020339966 -0.5716379284858704 0.1223304532468319
v 0.21197092533111572 -0.5681261420249939 0.12308182939887047
v -0.02275007590651512 -0.619412362575531 0.12308182939887047
v -0.02275007590651512 -0.619412362575531 0.12308182939887047
v 0.21197092533111572 -0.5681261420249939 0.12308182939887047
v -0.0223610308021307 -0.615507185459137 0.12333333119750023
v 0.21197092533111572 -0.5681261420249939 0.12308182939887047
v 0.21076396107673645 -0.5645696520805359 0.12333333119750023
v -0.0223610308021307 -0.615507185459137 0.12333333119750023
v -0.07720477879047394 -0.24581968784332275 -0.12333333119750023
v -0.16814227402210236 -0.21113218367099762 -0.12333333119750023
v -0.07655075192451477 -0.24207471311092377 -0.12308182194828987
v -0.16814227402210236 -0.21113218367099762 -0.12333333119750023
v -0.16611994802951813 -0.20790913701057434 -0.12308182194828987
v -0.07655075192451477 -0.24207471311092377 -0.12308182194828987
v -0.07655075192451477 -0.24207471311092377 -0.12308182194828987
v -0.16611994802951813 -0.20790913701057434 -0.12308182194828987
v -0.07590494677424431 -0.23837684094905853 -0.1223304495215416
v -0.16611994802951813 -0.20790913701057434 -0.12308182194828987
v -0.1641230583190918 -0.20472663640975952 -0.1223304495215416
v -0.07590494677424431 -0.23837684094905853 -0.1223304495215416
v -0.07590494677424431 -0.23837684094905853 -0.1223304495215416
v -0.1641230583190918 -0.20472663640975952 -0.1223304495215416
v -0.0752754844725132 -0.23477256298065186 -0.1210886649787426
v -0.1641230583190918 -0.20472663640975952 -0.1223304495215416
v -0.162176713347435 -0.20162467658519745 -0.1210886649787426
v -0.0752754844725132 -0.23477256298065186 -0.1210886649787426
v -0.0752754844725132 -0.23477256298065186 -0.1210886649787426
v -0.162176713347435 -0.20162467658519745 -0.1210886649787426
v -0.07467028871178627 -0.23130720853805542 -0.11937208846211433
v -0.162176713347435 -0.20162467658519745 -0.1210886649787426
v -0.16030538082122803 -0.1986422836780548 -0.11937208846211433
v -0.07467028871178627 -0.23130720853805542 -0.11937208846211433
v -0.07467028871178627 -0.23130720853805542 -0.11937208846211433
v -0.16030538082122803 -0.1986422836780548 -0.11937208846211433
v -0.07409696280956268 -0.22802436351776123 -0.11720230057835579
v -0.16030538082122803 -0.1986422836780548 -0.11937208846211433
v -0.15853260457515717 -0.19581694900989532 -0.11720230057835579
v -0.07409696280956268 -0.22802436351776123 -0.11720230057835579
v -0.07409696280956268 -0.22802436351776123 -0.11720230057835579
v -0.15853260457515717 -0.19581694900989532 -0.11720230057835579
v -0.07356272265315056 -0.22496530413627625 -0.1146065928041935
v -0.15853260457515717 -0.19581694900989532 -0.11720230057835579
v -0.1568806767463684 -0.19318422675132751 -0.1146065928041935
v -0.07356272265315056 -0.22496530413627625 -0.1146065928041935
v -0.07356272265315056 -0.22496530413627625 -0.1146065928041935
v -0.1568806767463684 -0.19318422675132751 -0.1146065928041935
v -0.07307428121566772 -0.22216849029064178 -0.11161760240793228
v -0.1568806767463684 -0.19318422675132751 -0.1146065928041935
v -0.15537036955356598 -0.19077719748020172 -0.11161760240793228
v -0.07307428121566772 -0.22216849029064178 -0.11161760240793228
v -0.07307428121566772 -0.22216849029064178 -0.11161760240793228
v -0.15537036955356598 -0.19077719748020172 -0.11161760240793228
v -0.07263778522610664 -0.21966911852359772 -0.10827292501926422
v -0.15537036955356598 -0.19077719748020172 -0.11161760240793228
v -0.15402067452669144 -0.18862615525722504 -0.10827292501926422
v -0.07263778522610664 -0.21966911852359772 -0.10827292501926422
v -0.07263778522610664 -0.21966911852359772 -0.10827292501926422
v -0.15402067452669144 -0.18862615525722504 -0.10827292501926422
v -0.07225871831178665 -0.21749860048294067 -0.10461461544036865
v -0.15402067452669144 -0.18862615525722504 -0.10827292501926422
v -0.15284857153892517 -0.1867581307888031 -0.10461461544036865
v -0.07225871831178665 -0.21749860048294067 -0.10461461544036865
v -0.07225871831178665 -0.21749860048294067 -0.10461461544036865
v -0.15284857153892517 -0.1867581307888031 -0.10461461544036865
v -0.07194185629487038 -0.2156842201948166 -0.10068868100643158
v -0.15284857153892517 -0.1867581307888031 -0.10461461544036865
v -0.1518687903881073 -0.1851966381072998 -0.10068868100643158
v -0.07194185629487038 -0.2156842201948166 -0.10068868100643158
v -0.07194185629487038 -0.2156842201948166 -0.10068868100643158
v -0.1518687903881073 -0.1851966381072998 -0.10068868100643158
v -0.07169117406010628 -0.21424883604049683 -0.09654449485242367
v -0.1518687903881073 -0.1851966381072998 -0.10068868100643158
v -0.15109366178512573 -0.18396128714084625 -0.09654449485242367
v -0.07169117406010628 -0.21424883604049683 -0.09654449485242367
v -0.07169117406010628 -0.21424883604049683 -0.09654449485242367
v -0.15109366178512573 -0.18396128714084625 -0.09654449485242367
v -0.07150983065366745 -0.21321046352386475 -0.09223416913300753
v -0.15109366178512573 -0.18396128714084625 -0.09654449485242367
v -0.15053292363882065 -0.18306763470172882 -0.09223416913300753
v -0.07150983065366745 -0.21321046352386475 -0.09223416913300753
v -0.07150983065366745 -0.21321046352386475 -0.09223416913300753
v -0.15053292363882065 -0.18306763470172882 -0.09223416913300753
v -0.07140010222792625 -0.21258217096328735 -0.08781191101297736
v -0.15053292363882065 -0.18306763470172882 -0.09223416913300753
v -0.15019363909959793 -0.18252690136432648 -0.08781191101297736
v -0.07140010222792625 -0.21258217096328735 -0.08781191101297736
v -0.07140010222792625 -0.21258217096328735 -0.08781191101297736
v -0.15019363909959793 -0.18252690136432648 -0.08781191101297736
v -0.07136337272822857 -0.2123718559741974 -0.0833333320915699
v -0.15019363909959793 -0.18252690136432648 -0.08781191101297736
v -0.15008006989955902 -0.1823458969593048 -0.0833333320915699
v -0.07136337272822857 -0.2123718559741974 -0.0833333320915699
v -0.07136337272822857 -0.2123718559741974 -0.0833333320915699
v -0.15008006989955902 -0.1823458969593048 -0.0833333320915699
v -0.07136337272822857 -0.2123718559741974 0.0833333395421505
v -0.15008006989955902 -0.1823458969593048 -0.0833333320915699
v -0.15008006989955902 -0.1823458969593048 0.0833333395421505
v -0.07136337272822857 -0.2123718559741974 0.0833333395421505
v -0.07136337272822857 -0.2123718559741974 0.0833333395421505
v -0.15008006989955902 -0.1823458969593048 0.0833333395421505
v -0.07140010222792625 -0.21258217096328735 0.0878119133412838
v -0.15008006989955902 -0.1823458969593048 0.0833333395421505
v -0.15019363909959793 -0.18252690136432648 0.0878119133412838
v -0.07140010222792625 -0.21258217096328735 0.0878119133412838
v -0.07140010222792625 -0.21258217096328735 0.0878119133412838
v -0.15019363909959793 -0.18252690136432648 0.0878119133412838
v -0.07150983065366745 -0.21321046352386475 0.09223417565226555
v -0.15019363909959793 -0.18252690136432648 0.0878119133412838
v -0.15053292363882065 -0.18306763470172882 0.09223417565226555
v -0.07150983065366745 -0.21321046352386475 0.09223417565226555
v -0.07150983065366745 -0.21321046352386475 0.09223417565226555
v -0.15053292363882065 -0.18306763470172882 0.09223417565226555
v -0.07169117406010628 -0.21424883604049683 0.09654450044035912
v -0.15053292363882065 -0.18306763470172882 0.09223417565226555
v -0.15109366178512573 -0.18396128714084625 0.09654450044035912
v -0.07169117406010628 -0.21424883604049683 0.09654450044035912
v -0.07169117406010628 -0.21424883604049683 0.09654450044035912
v -0.15109366178512573 -0.18396128714084625 0.09654450044035912
v -0.07194185629487038 -0.2156842201948166 0.10068867728114128
v -0.15109366178512573 -0.18396128714084625 0.09654450044035912
v -0.1518687903881073 -0.1851966381072998 0.10068867728114128
v -0.07194185629487038 -0.2156842201948166 0.10068867728114128
v -0.07194185629487038 -0.2156842201948166 0.10068867728114128
v -0.1518687903881073 -0.1851966381072998 0.10068867728114128
v -0.07225871831178665 -0.21749860048294067 0.10461461171507835
v -0.1518687903881073 -0.1851966381072998 0.10068867728114128
v -0.15284857153892517 -0.1867581307888031 0.10461461171507835
v -0.07225871831178665 -0.21749860048294067 0.10461461171507835
v -0.07225871831178665 -0.21749860048294067 0.10461461171507835
v -0.15284857153892517 -0.1867581307888031 0.10461461171507835
v -0.07263778522610664 -0.21966911852359772 0.10827292129397392
v -0.15284857153892517 -0.1867581307888031 0.10461461171507835
v -0.15402067452669144 -0.18862615525722504 0.10827292129397392
v -0.07263778522610664 -0.21966911852359772 0.10827292129397392
v -0.07263778522610664 -0.21966911852359772 0.10827292129397392
v -0.15402067452669144 -0.18862615525722504 0.10827292129397392
v -0.07307428121566772 -0.22216849029064178 0.11161760613322258
v -0.15402067452669144 -0.18862615525722504 0.10827292129397392
v -0.15537036955356598 -0.19077719748020172 0.11161760613322258
v -0.07307428121566772 -0.22216849029064178 0.11161760613322258
v -0.07307428121566772 -0.22216849029064178 0.11161760613322258
v -0.15537036955356598 -0.19077719748020172 0.11161760613322258
v -0.07356272265315056 -0.22496530413627625 0.1146066002547741
v -0.15537036955356598 -0.19077719748020172 0.11161760613322258
v -0.1568806767463684 -0.19318422675132751 0.1146066002547741
v -0.07356272265315056 -0.22496530413627625 0.1146066002547741
v -0.07356272265315056 -0.22496530413627625 0.1146066002547741
v -0.1568806767463684 -0.19318422675132751 0.1146066002547741
v -0.07409696280956268 -0.22802436351776123 0.11720230802893639
v -0.1568806767463684 -0.19318422675132751 0.1146066002547741
v -0.15853260457515717 -0.19581694900989532 0.11720230802893639
v -0.07409696280956268 -0.22802436351776123 0.11720230802893639
v -0.07409696280956268 -0.22802436351776123 0.11720230802893639
v -0.15853260457515717 -0.19581694900989532 0.11720230802893639
v -0.07467028871178627 -0.23130720853805542 0.11937209591269493
v -0.15853260457515717 -0.19581694900989532 0.11720230802893639
v -0.16030538082122803 -0.1986422836780548 0.11937209591269493
v -0.07467028871178627 -0.23130720853805542 0.11937209591269493
v -0.07467028871178627 -0.23130720853805542 0.11937209591269493
v -0.16030538082122803 -0.1986422836780548 0.11937209591269493
v -0.0752754844725132 -0.23477256298065186 0.1210886649787426
v -0.16030538082122803 -0.1986422836780548 0.11937209591269493
v -0.162176713347435 -0.20162467658519745 0.1210886649787426
v -0.0752754844725132 -0.23477256298065186 0.1210886649787426
v -0.0752754844725132 -0.23477256298065186 0.1210886649787426
v -0.162176713347435 -0.20162467658519745 0.1210886649787426
v -0.07590494677424431 -0.23837684094905853 0.1223304532468319
v -0.162176713347435 -0.20162467658519745 0.1210886649787426
v -0.1641230583190918 -0.20472663640975952 0.1223304532468319
v -0.07590494677424431 -0.23837684094905853 0.1223304532468319
v -0.07590494677424431 -0.23837684094905853 0.1223304532468319
v -0.1641230583190918 -0.20472663640975952 0.1223304532468319
v -0.07655075192451477 -0.24207471311092377 0.12308182939887047
v -0.1641230583190918 -0.20472663640975952 0.1223304532468319
v -0.16611994802951813 -0.20790913701057434 0.12308182939887047
v -0.07655075192451477 -0.24207471311092377 0.12308182939887047
v -0.07655075192451477 -0.24207471311092377 0.12308182939887047
v -0.16611994802951813 -0.20790913701057434 0.12308182939887047
v -0.07720477879047394 -0.24581968784332275 0.12333333119750023
v -0.16611994802951813 -0.20790913701057434 0.12308182939887047
v -0.16814227402210236 -0.21113218367099762 0.12333333119750023
v -0.07720477879047394 -0.24581968784332275 0.12333333119750023
v -0.16814227402210236 -0.21113218367099762 -0.12333333119750023
v -0.24001727998256683 -0.14331968128681183 -0.12333333119750023
v -0.16611994802951813 -0.20790913701057434 -0.12308182194828987
v -0.24001727998256683 -0.14331968128681183 -0.12333333119750023
v -0.2368984818458557 -0.14113113284111023 -0.12308182194828987
v -0.16611994802951813 -0.20790913701057434 -0.12308182194828987
v -0.16611994802951813 -0.20790913701057434 -0.12308182194828987
v -0.2368984818458557 -0.14113113284111023 -0.12308182194828987
v -0.1641230583190918 -0.20472663640975952 -0.1223304495215416
v -0.2368984818458557 -0.14113113284111023 -0.12308182194828987
v -0.233818918466568 -0.13897010684013367 -0.1223304495215416
v -0.1641230583190918 -0.20472663640975952 -0.1223304495215416
v -0.1641230583190918 -0.20472663640975952 -0.1223304495215416
v -0.233818918466568 -0.13897010684013367 -0.1223304495215416
v -0.162176713347435 -0.20162467658519745 -0.1210886649787426
v -0.233818918466568 -0.13897010684013367 -0.1223304495215416
v -0.2308172881603241 -0.13686378300189972 -0.1210886649787426
v -0.162176713347435 -0.20162467658519745 -0.1210886649787426
v -0.162176713347435 -0.20162467658519745 -0.1210886649787426
v -0.2308172881603241 -0.13686378300189972 -0.1210886649787426
v -0.16030538082122803 -0.1986422836780548 -0.11937208846211433
v -0.2308172881603241 -0.13686378300189972 -0.1210886649787426
v -0.22793136537075043 -0.13483864068984985 -0.11937208846211433
v -0.16030538082122803 -0.1986422836780548 -0.11937208846211433
v -0.16030538082122803 -0.1986422836780548 -0.11937208846211433
v -0.22793136537075043 -0.13483864068984985 -0.11937208846211433
v -0.15853260457515717 -0.19581694900989532 -0.11720230057835579
v -0.22793136537075043 -0.13483864068984985 -0.11937208846211433
v -0.2251974195241928 -0.13292014598846436 -0.11720230057835579
v -0.15853260457515717 -0.19581694900989532 -0.11720230057835579
v -0.15853260457515717 -0.19581694900989532 -0.11720230057835579
v -0.2251974195241928 -0.13292014598846436 -0.11720230057835579
v -0.1568806767463684 -0.19318422675132751 -0.1146065928041935
v -0.2251974195241928 -0.13292014598846436 -0.11720230057835579
v -0.22264984250068665 -0.13113243877887726 -0.1146065928041935
v -0.1568806767463684 -0.19318422675132751 -0.1146065928041935
v -0.1568806767463684 -0.19318422675132751 -0.1146065928041935
v -0.22264984250068665 -0.13113243877887726 -0.1146065928041935
v -0.15537036955356598 -0.19077719748020172 -0.11161760240793228
v -0.22264984250068665 -0.13113243877887726 -0.1146065928041935
v -0.2203206866979599 -0.12949799001216888 -0.11161760240793228
v -0.15537036955356598 -0.19077719748020172 -0.11161760240793228
v -0.15537036955356598 -0.19077719748020172 -0.11161760240793228
v -0.2203206866979599 -0.12949799001216888 -0.11161760240793228
v -0.15402067452669144 -0.18862615525722504 -0.10827292501926422
v -0.2203206866979599 -0.12949799001216888 -0.11161760240793228
v -0.2182392030954361 -0.12803736329078674 -0.10827292501926422
v -0.15402067452669144 -0.18862615525722504 -0.10827292501926422
v -0.15402067452669144 -0.18862615525722504 -0.10827292501926422
v -0.2182392030954361 -0.12803736329078674 -0.10827292501926422
v -0.15284857153892517 -0.1867581307888031 -0.10461461544036865
v -0.2182392030954361 -0.12803736329078674 -0.10827292501926422
v -0.2164316177368164 -0.12676891684532166 -0.10461461544036865
v -0.15284857153892517 -0.1867581307888031 -0.10461461544036865
v -0.15284857153892517 -0.1867581307888031 -0.10461461544036865
v -0.2164316177368164 -0.12676891684532166 -0.10461461544036865
v -0.1518687903881073 -0.1851966381072998 -0.10068868100643158
v -0.2164316177368164 -0.12676891684532166 -0.10461461544036865
v -0.21492061018943787 -0.12570860981941223 -0.10068868100643158
v -0.1518687903881073 -0.1851966381072998 -0.10068868100643158
v -0.1518687903881073 -0.1851966381072998 -0.10068868100643158
v -0.21492061018943787 -0.12570860981941223 -0.10068868100643158
v -0.15109366178512573 -0.18396128714084625 -0.09654449485242367
v -0.21492061018943787 -0.12570860981941223 -0.10068868100643158
v -0.2137252241373062 -0.12486976385116577 -0.09654449485242367
v -0.15109366178512573 -0.18396128714084625 -0.09654449485242367
v -0.15109366178512573 -0.18396128714084625 -0.09654449485242367
v -0.2137252241373062 -0.12486976385116577 -0.09654449485242367
v -0.15053292363882065 -0.18306763470172882 -0.09223416913300753
v -0.2137252241373062 -0.12486976385116577 -0.09654449485242367
v -0.21286046504974365 -0.12426294386386871 -0.09223416913300753
v -0.15053292363882065 -0.18306763470172882 -0.09223416913300753
v -0.15053292363882065 -0.18306763470172882 -0.09223416913300753
v -0.21286046504974365 -0.12426294386386871 -0.09223416913300753
v -0.15019363909959793 -0.18252690136432648 -0.08781191101297736
v -0.21286046504974365 -0.12426294386386871 -0.09223416913300753
v -0.21233722567558289 -0.12389577180147171 -0.08781191101297736
v -0.15019363909959793 -0.18252690136432648 -0.08781191101297736
v -0.15019363909959793 -0.18252690136432648 -0.08781191101297736
v -0.21233722567558289 -0.12389577180147171 -0.08781191101297736
v -0.15008006989955902 -0.1823458969593048 -0.0833333320915699
v -0.21233722567558289 -0.12389577180147171 -0.08781191101297736
v -0.2121620774269104 -0.12377286702394485 -0.0833333320915699
v -0.15008006989955902 -0.1823458969593048 -0.0833333320915699
v -0.15008006989955902 -0.1823458969593048 -0.0833333320915699
v -0.2121620774269104 -0.12377286702394485 -0.0833333320915699
v -0.15008006989955902 -0.1823458969593048 0.0833333395421505
v -0.2121620774269104 -0.12377286702394485 -0.0833333320915699
v -0.2121620774269104 -0.12377286702394485 0.0833333395421505
v -0.15008006989955902 -0.1823458969593048 0.0833333395421505
v -0.15008006989955902 -0.1823458969593048 0.0833333395421505
v -0.2121620774269104 -0.12377286702394485 0.0833333395421505
v -0.15019363909959793 -0.18252690136432648 0.0878119133412838
v -0.2121620774269104 -0.12377286702394485 0.0833333395421505
v -0.21233722567558289 -0.12389577180147171 0.0878119133412838
v -0.15019363909959793 -0.18252690136432648 0.0878119133412838
v -0.15019363909959793 -0.18252690136432648 0.0878119133412838
v -0.21233722567558289 -0.12389577180147171 0.0878119133412838
v -0.15053292363882065 -0.18306763470172882 0.09223417565226555
v -0.21233722567558289 -0.12389577180147171 0.0878119133412838
v -0.21286046504974365 -0.12426294386386871 0.09223417565226555
v -0.15053292363882065 -0.18306763470172882 0.09223417565226555
v -0.15053292363882065 -0.18306763470172882 0.09223417565226555
v -0.21286046504974365 -0.12426294386386871 0.09223417565226555
v -0.15109366178512573 -0.18396128714084625 0.09654450044035912
v -0.21286046504974365 -0.12426294386386871 0.09223417565226555
v -0.2137252241373062 -0.12486976385116577 0.09654450044035912
v -0.15109366178512573 -0.18396128714084625 0.09654450044035912
v -0.15109366178512573 -0.18396128714084625 0.09654450044035912
v -0.2137252241373062 -0.12486976385116577 0.09654450044035912
v -0.1518687903881073 -0.1851966381072998 0.10068867728114128
v -0.2137252241373062 -0.12486976385116577 0.09654450044035912
v -0.21492061018943787 -0.12570860981941223 0.10068867728114128
v -0.1518687903881073 -0.1851966381072998 0.10068867728114128
v -0.1518687903881073 -0.1851966381072998 0.10068867728114128
v -0.21492061018943787 -0.12570860981941223 0.10068867728114128
v -0.15284857153892517 -0.1867581307888031 0.10461461171507835
v -0.21492061018943787 -0.12570860981941223 0.10068867728114128
v -0.2164316177368164 -0.12676891684532166 0.10461461171507835
v -0.15284857153892517 -0.1867581307888031 0.10461461171507835
v -0.15284857153892517 -0.1867581307888031 0.10461461171507835
v -0.2164316177368164 -0.12676891684532166 0.10461461171507835
v -0.15402067452669144 -0.18862615525722504 0.10827292129397392
v -0.2164316177368164 -0.12676891684532166 0.10461461171507835
v -0.2182392030954361 -0.12803736329078674 0.10827292129397392
v -0.15402067452669144 -0.18862615525722504 0.10827292129397392
v -0.15402067452669144 -0.18862615525722504 0.10827292129397392
v -0.2182392030954361 -0.12803736329078674 0.10827292129397392
v -0.15537036955356598 -0.19077719748020172 0.11161760613322258
v -0.2182392030954361 -0.12803736329078674 0.10827292129397392
v -0.2203206866979599 -0.12949799001216888 0.11161760613322258
v -0.15537036955356598 -0.19077719748020172 0.11161760613322258
v -0.15537036955356598 -0.19077719748020172 0.11161760613322258
v -0.2203206866979599 -0.12949799001216888 0.11161760613322258
v -0.1568806767463684 -0.19318422675132751 0.1146066002547741
v -0.2203206866979599 -0.12949799001216888 0.11161760613322258
v -0.22264984250068665 -0.13113243877887726 0.1146066002547741
v -0.1568806767463684 -0.19318422675132751 0.1146066002547741
v -0.1568806767463684 -0.19318422675132751 0.1146066002547741
v -0.22264984250068665 -0.13113243877887726 0.1146066002547741
v -0.15853260457515717 -0.19581694900989532 0.11720230802893639
v -0.22264984250068665 -0.13113243877887726 0.1146066002547741
v -0.2251974195241928 -0.13292014598846436 0.11720230802893639
v -0.15853260457515717 -0.19581694900989532 0.11720230802893639
v -0.15853260457515717 -0.19581694900989532 0.11720230802893639
v -0.2251974195241928 -0.13292014598846436 0.11720230802893639
v -0.16030538082122803 -0.1986422836780548 0.11937209591269493
v -0.2251974195241928 -0.13292014598846436 0.11720230802893639
v -0.22793136537075043 -0.13483864068984985 0.11937209591269493
v -0.16030538082122803 -0.1986422836780548 0.11937209591269493
v -0.16030538082122803 -0.1986422836780548 0.11937209591269493
v -0.22793136537075043 -0.13483864068984985 0.11937209591269493
v -0.162176713347435 -0.20162467658519745 0.1210886649787426
v -0.22793136537075043 -0.13483864068984985 0.11937209591269493
v -0.2308172881603241 -0.13686378300189972 0.1210886649787426
v -0.162176713347435 -0.20162467658519745 0.1210886649787426
v -0.162176713347435 -0.20162467658519745 0.1210886649787426
v -0.2308172881603241 -0.13686378300189972 0.1210886649787426
v -0.1641230583190918 -0.20472663640975952 0.1223304532468319
v -0.2308172881603241 -0.13686378300189972 0.1210886649787426
v -0.233818918466568 -0.13897010684013367 0.1223304532468319
v -0.1641230583190918 -0.20472663640975952 0.1223304532468319
v -0.1641230583190918 -0.20472663640975952 0.1223304532468319
v -0.233818918466568 -0.13897010684013367 0.1223304532468319
v -0.16611994802951813 -0.20790913701057434 0.12308182939887047
v -0.233818918466568 -0.13897010684013367 0.1223304532468319
v -0.2368984818458557 -0.14113113284111023 0.12308182939887047
v -0.16611994802951813 -0.20790913701057434 0.12308182939887047
v -0.16611994802951813 -0.20790913701057434 0.12308182939887047
v -0.2368984818458557 -0.14113113284111023 0.12308182939887047
v -0.16814227402210236 -0.21113218367099762 0.12333333119750023
v -0.2368984818458557 -0.14113113284111023 0.12308182939887047
v -0.24001727998256683 -0.14331968128681183 0.12333333119750023
v -0.16814227402210236 -0.21113218367099762 0.12333333119750023
v -0.24001727998256683 -0.14331968128681183 -0.12333333119750023
v -0.27892352640628815 -0.05363218113780022 -0.12333333119750023
v -0.2368984818458557 -0.14113113284111023 -0.12308182194828987
v -0.27892352640628815 -0.05363218113780022 -0.12333333119750023
v -0.27521948516368866 -0.052792780101299286 -0.12308182194828987
v -0.2368984818458557 -0.14113113284111023 -0.12308182194828987
v -0.2368984818458557 -0.14113113284111023 -0.12308182194828987
v -0.27521948516368866 -0.052792780101299286 -0.12308182194828987
v -0.233818918466568 -0.13897010684013367 -0.1223304495215416
v -0.27521948516368866 -0.052792780101299286 -0.12308182194828987
v -0.27156201004981995 -0.0519639328122139 -0.1223304495215416
v -0.233818918466568 -0.13897010684013367 -0.1223304495215416
v -0.233818918466568 -0.13897010684013367 -0.1223304495215416
v -0.27156201004981995 -0.0519639328122139 -0.1223304495215416
v -0.2308172881603241 -0.13686378300189972 -0.1210886649787426
v -0.27156201004981995 -0.0519639328122139 -0.1223304495215416
v -0.2679971158504486 -0.05115606635808945 -0.1210886649787426
v -0.2308172881603241 -0.13686378300189972 -0.1210886649787426
v -0.2308172881603241 -0.13686378300189972 -0.1210886649787426
v -0.2679971158504486 -0.05115606635808945 -0.1210886649787426
v -0.22793136537075043 -0.13483864068984985 -0.11937208846211433
v -0.2679971158504486 -0.05115606635808945 -0.1210886649787426
v -0.26456962525844574 -0.05037933960556984 -0.11937208846211433
v -0.22793136537075043 -0.13483864068984985 -0.11937208846211433
v -0.22793136537075043 -0.13483864068984985 -0.11937208846211433
v -0.26456962525844574 -0.05037933960556984 -0.11937208846211433
v -0.2251974195241928 -0.13292014598846436 -0.11720230057835579
v -0.26456962525844574 -0.05037933960556984 -0.11937208846211433
v -0.26132264733314514 -0.049643516540527344 -0.11720230057835579
v -0.2251974195241928 -0.13292014598846436 -0.11720230057835579
v -0.2251974195241928 -0.13292014598846436 -0.11720230057835579
v -0.26132264733314514 -0.049643516540527344 -0.11720230057835579
v -0.22264984250068665 -0.13113243877887726 -0.1146065928041935
v -0.26132264733314514 -0.049643516540527344 -0.11720230057835579
v -0.25829701125621796 -0.04895785450935364 -0.1146065928041935
v -0.22264984250068665 -0.13113243877887726 -0.1146065928041935
v -0.22264984250068665 -0.13113243877887726 -0.1146065928041935
v -0.25829701125621796 -0.04895785450935364 -0.1146065928041935
v -0.2203206866979599 -0.12949799001216888 -0.11161760240793228
v -0.25829701125621796 -0.04895785450935364 -0.1146065928041935
v -0.2555307596921921 -0.04833097383379936 -0.11161760240793228
v -0.2203206866979599 -0.12949799001216888 -0.11161760240793228
v -0.2203206866979599 -0.12949799001216888 -0.11161760240793228
v -0.2555307596921921 -0.04833097383379936 -0.11161760240793228
v -0.2182392030954361 -0.12803736329078674 -0.10827292501926422
v -0.2555307596921921 -0.04833097383379936 -0.11161760240793228
v -0.25305870175361633 -0.04777076095342636 -0.10827292501926422
v -0.2182392030954361 -0.12803736329078674 -0.10827292501926422
v -0.2182392030954361 -0.12803736329078674 -0.10827292501926422
v -0.25305870175361633 -0.04777076095342636 -0.10827292501926422
v -0.2164316177368164 -0.12676891684532166 -0.10461461544036865
v -0.25305870175361633 -0.04777076095342636 -0.10827292501926422
v -0.2509118914604187 -0.04728425666689873 -0.10461461544036865
v -0.2164316177368164 -0.12676891684532166 -0.10461461544036865
v -0.2164316177368164 -0.12676891684532166 -0.10461461544036865
v -0.2509118914604187 -0.04728425666689873 -0.10461461544036865
v -0.21492061018943787 -0.12570860981941223 -0.10068868100643158
v -0.2509118914604187 -0.04728425666689873 -0.10461461544036865
v -0.24911734461784363 -0.046877581626176834 -0.10068868100643158
v -0.21492061018943787 -0.12570860981941223 -0.10068868100643158
v -0.21492061018943787 -0.12570860981941223 -0.10068868100643158
v -0.24911734461784363 -0.046877581626176834 -0.10068868100643158
v -0.2137252241373062 -0.12486976385116577 -0.09654449485242367
v -0.24911734461784363 -0.046877581626176834 -0.10068868100643158
v -0.2476976364850998 -0.04655585065484047 -0.09654449485242367
v -0.2137252241373062 -0.12486976385116577 -0.09654449485242367
v -0.2137252241373062 -0.12486976385116577 -0.09654449485242367
v -0.2476976364850998 -0.04655585065484047 -0.09654449485242367
v -0.21286046504974365 -0.12426294386386871 -0.09223416913300753
v -0.2476976364850998 -0.04655585065484047 -0.09654449485242367
v -0.24667060375213623 -0.04632310941815376 -0.09223416913300753
v -0.21286046504974365 -0.12426294386386871 -0.09223416913300753
v -0.21286046504974365 -0.12426294386386871 -0.09223416913300753
v -0.24667060375213623 -0.04632310941815376 -0.09223416913300753
v -0.21233722567558289 -0.12389577180147171 -0.08781191101297736
v -0.24667060375213623 -0.04632310941815376 -0.09223416913300753
v -0.2460491806268692 -0.04618228226900101 -0.08781191101297736
v -0.21233722567558289 -0.12389577180147171 -0.08781191101297736
v -0.21233722567558289 -0.12389577180147171 -0.08781191101297736
v -0.2460491806268692 -0.04618228226900101 -0.08781191101297736
v -0.2121620774269104 -0.12377286702394485 -0.0833333320915699
v -0.2460491806268692 -0.04618228226900101 -0.08781191101297736
v -0.2458411604166031 -0.04613514244556427 -0.0833333320915699
v -0.2121620774269104 -0.12377286702394485 -0.0833333320915699
v -0.2121620774269104 -0.12377286702394485 -0.0833333320915699
v -0.2458411604166031 -0.04613514244556427 -0.0833333320915699
v -0.2121620774269104 -0.12377286702394485 0.0833333395421505
v -0.2458411604166031 -0.04613514244556427 -0.0833333320915699
v -0.2458411604166031 -0.04613514244556427 0.0833333395421505
v -0.2121620774269104 -0.12377286702394485 0.0833333395421505
v -0.2121620774269104 -0.12377286702394485 0.0833333395421505
v -0.2458411604166031 -0.04613514244556427 0.0833333395421505
v -0.21233722567558289 -0.12389577180147171 0.0878119133412838
v -0.2458411604166031 -0.04613514244556427 0.0833333395421505
v -0.2460491806268692 -0.04618228226900101 0.0878119133412838
v -0.21233722567558289 -0.12389577180147171 0.0878119133412838
v -0.21233722567558289 -0.12389577180147171 0.0878119133412838
v -0.2460491806268692 -0.04618228226900101 0.0878119133412838
v -0.21286046504974365 -0.12426294386386871 0.09223417565226555
v -0.2460491806268692 -0.04618228226900101 0.0878119133412838
v -0.24667060375213623 -0.04632310941815376 0.09223417565226555
v -0.21286046504974365 -0.12426294386386871 0.09223417565226555
v -0.21286046504974365 -0.12426294386386871 0.09223417565226555
v -0.24667060375213623 -0.04632310941815376 0.09223417565226555
v -0.2137252241373062 -0.12486976385116577 0.09654450044035912
v -0.24667060375213623 -0.04632310941815376 0.09223417565226555
v -0.2476976364850998 -0.04655585065484047 0.09654450044035912
v -0.2137252241373062 -0.12486976385116577 0.09654450044035912
v -0.2137252241373062 -0.12486976385116577 0.09654450044035912
v -0.2476976364850998 -0.04655585065484047 0.09654450044035912
v -0.21492061018943787 -0.12570860981941223 0.10068867728114128
v -0.2476976364850998 -0.04655585065484047 0.09654450044035912
v -0.24911734461784363 -0.046877581626176834 0.10068867728114128
v -0.21492061018943787 -0.12570860981941223 0.10068867728114128
v -0.21492061018943787 -0.12570860981941223 0.10068867728114128
v -0.24911734461784363 -0.046877581626176834 0.10068867728114128
v -0.2164316177368164 -0.12676891684532166 0.10461461171507835
v -0.24911734461784363 -0.046877581626176834 0.10068867728114128
v -0.2509118914604187 -0.04728425666689873 0.10461461171507835
v -0.2164316177368164 -0.12676891684532166 0.10461461171507835
v -0.2164316177368164 -0.12676891684532166 0.10461461171507835
v -0.2509118914604187 -0.04728425666689873 0.10461461171507835
v -0.2182392030954361 -0.12803736329078674 0.10827292129397392
v -0.2509118914604187 -0.04728425666689873 0.10461461171507835
v -0.25305870175361633 -0.04777076095342636 0.10827292129397392
v -0.2182392030954361 -0.12803736329078674 0.10827292129397392
v -0.2182392030954361 -0.12803736329078674 0.10827292129397392
v -0.25305870175361633 -0.04777076095342636 0.10827292129397392
v -0.2203206866979599 -0.12949799001216888 0.11161760613322258
v -0.25305870175361633 -0.04777076095342636 0.10827292129397392
v -0.2555307596921921 -0.04833097383379936 0.11161760613322258
v -0.2203206866979599 -0.12949799001216888 0.11161760613322258
v -0.2203206866979599 -0.12949799001216888 0.11161760613322258
v -0.2555307596921921 -0.04833097383379936 0.11161760613322258
v -0.22264984250068665 -0.13113243877887726 0.1146066002547741
v -0.2555307596921921 -0.04833097383379936 0.11161760613322258
v -0.25829701125621796 -0.04895785450935364 0.1146066002547741
v -0.22264984250068665 -0.13113243877887726 0.1146066002547741
v -0.22264984250068665 -0.13113243877887726 0.1146066002547741
v -0.25829701125621796 -0.04895785450935364 0.1146066002547741
v -0.2251974195241928 -0.13292014598846436 0.11720230802893639
v -0.25829701125621796 -0.04895785450935364 0.1146066002547741
v -0.26132264733314514 -0.049643516540527344 0.11720230802893639
v -0.2251974195241928 -0.13292014598846436 0.11720230802893639
v -0.2251974195241928 -0.13292014598846436 0.11720230802893639
v -0.26132264733314514 -0.049643516540527344 0.11720230802893639
v -0.22793136537075043 -0.13483864068984985 0.11937209591269493
v -0.26132264733314514 -0.049643516540527344 0.11720230802893639
v -0.26456962525844574 -0.05037933960556984 0.11937209591269493
v -0.22793136537075043 -0.13483864068984985 0.11937209591269493
v -0.22793136537075043 -0.13483864068984985 0.11937209591269493
v -0.26456962525844574 -0.05037933960556984 0.11937209591269493
v -0.2308172881603241 -0.13686378300189972 0.1210886649787426
v -0.26456962525844574 -0.05037933960556984 0.11937209591269493
v -0.2679971158504486 -0.05115606635808945 0.1210886649787426
v -0.2308172881603241 -0.13686378300189972 0.1210886649787426
v -0.2308172881603241 -0.13686378300189972 0.1210886649787426
v -0.2679971158504486 -0.05115606635808945 0.1210886649787426
v -0.233818918466568 -0.13897010684013367 0.1223304532468319
v -0.2679971158504486 -0.05115606635808945 0.1210886649787426
v -0.27156201004981995 -0.0519639328122139 0.1223304532468319
v -0.233818918466568 -0.13897010684013367 0.1223304532468319
v -0.233818918466568 -0.13897010684013367 0.1223304532468319
v -0.27156201004981995 -0.0519639328122139 0.1223304532468319
v -0.2368984818458557 -0.14113113284111023 0.12308182939887047
v -0.27156201004981995 -0.0519639328122139 0.1223304532468319
v -0.27521948516368866 -0.052792780101299286 0.12308182939887047
v -0.2368984818458557 -0.14113113284111023 0.12308182939887047
v -0.2368984818458557 -0.14113113284111023 0.12308182939887047
v -0.27521948516368866 -0.052792780101299286 0.12308182939887047
v -0.24001727998256683 -0.14331968128681183 0.12333333119750023
v -0.27521948516368866 -0.052792780101299286 0.12308182939887047
v -0.27892352640628815 -0.05363218113780022 0.12333333119750023
v -0.24001727998256683 -0.14331968128681183 0.12333333119750023
v -0.27892352640628815 -0.05363218113780022 -0.12333333119750023
v -0.2823610305786133 0.040742818266153336 -0.12333333119750023
v -0.27521948516368866 -0.052792780101299286 -0.12308182194828987
v -0.2823610305786133 0.040742818266153336 -0.12333333119750023
v -0.27860498428344727 0.0401545986533165 -0.12308182194828987
v -0.27521948516368866 -0.052792780101299286 -0.12308182194828987
v -0.27521948516368866 -0.052792780101299286 -0.12308182194828987
v -0.27860498428344727 0.0401545986533165 -0.12308182194828987
v -0.27156201004981995 -0.0519639328122139 -0.1223304495215416
v -0.27860498428344727 0.0401545986533165 -0.12308182194828987
v -0.27489615976810455 0.03957377374172211 -0.1223304495215416
v -0.27156201004981995 -0.0519639328122139 -0.1223304495215416
v -0.27156201004981995 -0.0519639328122139 -0.1223304495215416
v -0.27489615976810455 0.03957377374172211 -0.1223304495215416
v -0.2679971158504486 -0.05115606635808945 -0.1210886649787426
v -0.27489615976810455 0.03957377374172211 -0.1223304495215416
v -0.2712812274694443 0.03900764882564545 -0.1210886649787426
v -0.2679971158504486 -0.05115606635808945 -0.1210886649787426
v -0.2679971158504486 -0.05115606635808945 -0.1210886649787426
v -0.2712812274694443 0.03900764882564545 -0.1210886649787426
v -0.26456962525844574 -0.05037933960556984 -0.11937208846211433
v -0.2712812274694443 0.03900764882564545 -0.1210886649787426
v -0.26780562102794647 0.038463346660137177 -0.11937208846211433
v -0.26456962525844574 -0.05037933960556984 -0.11937208846211433
v -0.26456962525844574 -0.05037933960556984 -0.11937208846211433
v -0.26780562102794647 0.038463346660137177 -0.11937208846211433
v -0.26132264733314514 -0.049643516540527344 -0.11720230057835579
v -0.26780562102794647 0.038463346660137177 -0.11937208846211433
v -0.2645130604505539 0.03794771060347557 -0.11720230057835579
v -0.26132264733314514 -0.049643516540527344 -0.11720230057835579
v -0.26132264733314514 -0.049643516540527344 -0.11720230057835579
v -0.2645130604505539 0.03794771060347557 -0.11720230057835579
v -0.25829701125621796 -0.04895785450935364 -0.1146065928041935
v -0.2645130604505539 0.03794771060347557 -0.11720230057835579
v -0.26144494116306305 0.03746722266077995 -0.1146065928041935
v -0.25829701125621796 -0.04895785450935364 -0.1146065928041935
v -0.25829701125621796 -0.04895785450935364 -0.1146065928041935
v -0.26144494116306305 0.03746722266077995 -0.1146065928041935
v -0.2555307596921921 -0.04833097383379936 -0.11161760240793228
v -0.26144494116306305 0.03746722266077995 -0.1146065928041935
v -0.258639857172966 0.03702792897820473 -0.11161760240793228
v -0.2555307596921921 -0.04833097383379936 -0.11161760240793228
v -0.2555307596921921 -0.04833097383379936 -0.11161760240793228
v -0.258639857172966 0.03702792897820473 -0.11161760240793228
v -0.25305870175361633 -0.04777076095342636 -0.10827292501926422
v -0.258639857172966 0.03702792897820473 -0.11161760240793228
v -0.2561330944299698 0.03663535416126251 -0.10827292501926422
v -0.25305870175361633 -0.04777076095342636 -0.10827292501926422
v -0.25305870175361633 -0.04777076095342636 -0.10827292501926422
v -0.2561330944299698 0.03663535416126251 -0.10827292501926422
v -0.2509118914604187 -0.04728425666689873 -0.10461461544036865
v -0.2561330944299698 0.03663535416126251 -0.10827292501926422
v -0.2539561539888382 0.03629443049430847 -0.10461461544036865
v -0.2509118914604187 -0.04728425666689873 -0.10461461544036865
v -0.2509118914604187 -0.04728425666689873 -0.10461461544036865
v -0.2539561539888382 0.03629443049430847 -0.10461461544036865
v -0.24911734461784363 -0.046877581626176834 -0.10068868100643158
v -0.2539561539888382 0.03629443049430847 -0.10461461544036865
v -0.2521364092826843 0.036009445786476135 -0.10068868100643158
v -0.24911734461784363 -0.046877581626176834 -0.10068868100643158
v -0.24911734461784363 -0.046877581626176834 -0.10068868100643158
v -0.2521364092826843 0.036009445786476135 -0.10068868100643158
v -0.2476976364850998 -0.04655585065484047 -0.09654449485242367
v -0.2521364092826843 0.036009445786476135 -0.10068868100643158
v -0.2506967633962631 0.03578399121761322 -0.09654449485242367
v -0.2476976364850998 -0.04655585065484047 -0.09654449485242367
v -0.2476976364850998 -0.04655585065484047 -0.09654449485242367
v -0.2506967633962631 0.03578399121761322 -0.09654449485242367
v -0.24667060375213623 -0.04632310941815376 -0.09223416913300753
v -0.2506967633962631 0.03578399121761322 -0.09654449485242367
v -0.2496553212404251 0.03562089055776596 -0.09223416913300753
v -0.24667060375213623 -0.04632310941815376 -0.09223416913300753
v -0.24667060375213623 -0.04632310941815376 -0.09223416913300753
v -0.2496553212404251 0.03562089055776596 -0.09223416913300753
v -0.2460491806268692 -0.04618228226900101 -0.08781191101297736
v -0.2496553212404251 0.03562089055776596 -0.09223416913300753
v -0.2490251660346985 0.035522207617759705 -0.08781191101297736
v -0.2460491806268692 -0.04618228226900101 -0.08781191101297736
v -0.2460491806268692 -0.04618228226900101 -0.08781191101297736
v -0.2490251660346985 0.035522207617759705 -0.08781191101297736
v -0.2458411604166031 -0.04613514244556427 -0.0833333320915699
v -0.2490251660346985 0.035522207617759705 -0.08781191101297736
v -0.24881424009799957 0.035489171743392944 -0.0833333320915699
v -0.2458411604166031 -0.04613514244556427 -0.0833333320915699
v -0.2458411604166031 -0.04613514244556427 -0.0833333320915699
v -0.24881424009799957 0.035489171743392944 -0.0833333320915699
v -0.2458411604166031 -0.04613514244556427 0.0833333395421505
v -0.24881424009799957 0.035489171743392944 -0.0833333320915699
v -0.24881424009799957 0.035489171743392944 0.0833333395421505
v -0.2458411604166031 -0.04613514244556427 0.0833333395421505
v -0.2458411604166031 -0.04613514244556427 0.0833333395421505
v -0.24881424009799957 0.035489171743392944 0.0833333395421505
v -0.2460491806268692 -0.04618228226900101 0.0878119133412838
v -0.24881424009799957 0.035489171743392944 0.0833333395421505
v -0.2490251660346985 0.035522207617759705 0.0878119133412838
v -0.2460491806268692 -0.04618228226900101 0.0878119133412838
v -0.2460491806268692 -0.04618228226900101 0.0878119133412838
v -0.2490251660346985 0.035522207617759705 0.0878119133412838
v -0.24667060375213623 -0.04632310941815376 0.09223417565226555
v -0.2490251660346985 0.035522207617759705 0.0878119133412838
v -0.2496553212404251 0.03562089055776596 0.09223417565226555
v -0.24667060375213623 -0.04632310941815376 0.09223417565226555
v -0.24667060375213623 -0.04632310941815376 0.09223417565226555
v -0.2496553212404251 0.03562089055776596 0.09223417565226555
v -0.2476976364850998 -0.04655585065484047 0.09654450044035912
v -0.2496553212404251 0.03562089055776596 0.09223417565226555
v -0.2506967633962631 0.03578399121761322 0.09654450044035912
v -0.2476976364850998 -0.04655585065484047 0.09654450044035912
v -0.2476976364850998 -0.04655585065484047 0.09654450044035912
v -0.2506967633962631 0.03578399121761322 0.09654450044035912
v -0.24911734461784363 -0.046877581626176834 0.10068867728114128
v -0.2506967633962631 0.03578399121761322 0.09654450044035912
v -0.2521364092826843 0.036009445786476135 0.10068867728114128
v -0.24911734461784363 -0.046877581626176834 0.10068867728114128
v -0.24911734461784363 -0.046877581626176834 0.10068867728114128
v -0.2521364092826843 0.036009445786476135 0.10068867728114128
v -0.2509118914604187 -0.04728425666689873 0.10461461171507835
v -0.2521364092826843 0.036009445786476135 0.10068867728114128
v -0.2539561539888382 0.03629443049430847 0.10461461171507835
v -0.2509118914604187 -0.04728425666689873 0.10461461171507835
v -0.2509118914604187 -0.04728425666689873 0.10461461171507835
v -0.2539561539888382 0.03629443049430847 0.10461461171507835
v -0.25305870175361633 -0.04777076095342636 0.10827292129397392
v -0.2539561539888382 0.03629443049430847 0.10461461171507835
v -0.2561330944299698 0.03663535416126251 0.10827292129397392
v -0.25305870175361633 -0.04777076095342636 0.10827292129397392
v -0.25305870175361633 -0.04777076095342636 0.10827292129397392
v -0.2561330944299698 0.03663535416126251 0.10827292129397392
v -0.2555307596921921 -0.04833097383379936 0.11161760613322258
v -0.2561330944299698 0.03663535416126251 0.10827292129397392
v -0.258639857172966 0.03702792897820473 0.11161760613322258
v -0.2555307596921921 -0.04833097383379936 0.11161760613322258
v -0.2555307596921921 -0.04833097383379936 0.11161760613322258
v -0.258639857172966 0.03702792897820473 0.11161760613322258
v -0.25829701125621796 -0.04895785450935364 0.1146066002547741
v -0.258639857172966 0.03702792897820473 0.11161760613322258
v -0.26144494116306305 0.03746722266077995 0.1146066002547741
v -0.25829701125621796 -0.04895785450935364 0.1146066002547741
v -0.25829701125621796 -0.04895785450935364 0.1146066002547741
v -0.26144494116306305 0.03746722266077995 0.1146066002547741
v -0.26132264733314514 -0.049643516540527344 0.11720230802893639
v -0.26144494116306305 0.03746722266077995 0.1146066002547741
v -0.2645130604505539 0.03794771060347557 0.11720230802893639
v -0.26132264733314514 -0.049643516540527344 0.11720230802893639
v -0.26132264733314514 -0.049643516540527344 0.11720230802893639
v -0.2645130604505539 0.03794771060347557 0.11720230802893639
v -0.26456962525844574 -0.05037933960556984 0.11937209591269493
v -0.2645130604505539 0.03794771060347557 0.11720230802893639
v -0.26780562102794647 0.038463346660137177 0.11937209591269493
v -0.26456962525844574 -0.05037933960556984 0.11937209591269493
v -0.26456962525844574 -0.05037933960556984 0.11937209591269493
v -0.26780562102794647 0.038463346660137177 0.11937209591269493
v -0.2679971158504486 -0.05115606635808945 0.1210886649787426
v -0.26780562102794647 0.038463346660137177 0.11937209591269493
v -0.2712812274694443 0.03900764882564545 0.1210886649787426
v -0.2679971158504486 -0.05115606635808945 0.1210886649787426
v -0.2679971158504486 -0.05115606635808945 0.1210886649787426
v -0.2712812274694443 0.03900764882564545 0.1210886649787426
v -0.27156201004981995 -0.0519639328122139 0.1223304532468319
v -0.2712812274694443 0.03900764882564545 0.1210886649787426
v -0.27489615976810455 0.03957377374172211 0.1223304532468319
v -0.27156201004981995 -0.0519639328122139 0.1223304532468319
v -0.27156201004981995 -0.0519639328122139 0.1223304532468319
v -0.27489615976810455 0.03957377374172211 0.1223304532468319
v -0.27521948516368866 -0.052792780101299286 0.12308182939887047
v -0.27489615976810455 0.03957377374172211 0.1223304532468319
v -0.27860498428344727 0.0401545986533165 0.12308182939887047
v -0.27521948516368866 -0.052792780101299286 0.12308182939887047
v -0.27521948516368866 -0.052792780101299286 0.12308182939887047
v -0.27860498428344727 0.0401545986533165 0.12308182939887047
v -0.27892352640628815 -0.05363218113780022 0.12333333119750023
v -0.27860498428344727 0.0401545986533165 0.12308182939887047
v -0.2823610305786133 0.040742818266153336 0.12333333119750023
v -0.27892352640628815 -0.05363218113780022 0.12333333119750023
v -0.2823610305786133 0.040742818266153336 -0.12333333119750023
v -0.2525172829627991 0.1232428252696991 -0.12333333119750023
v -0.27860498428344727 0.0401545986533165 -0.12308182194828987
v -0.2525172829627991 0.1232428252696991 -0.12333333119750023
v -0.24927863478660583 0.1212242841720581 -0.12308182194828987
v -0.27860498428344727 0.0401545986533165 -0.12308182194828987
v -0.27860498428344727 0.0401545986533165 -0.12308182194828987
v -0.24927863478660583 0.1212242841720581 -0.12308182194828987
v -0.27489615976810455 0.03957377374172211 -0.1223304495215416
v -0.24927863478660583 0.1212242841720581 -0.12308182194828987
v -0.24608072638511658 0.11923112720251083 -0.1223304495215416
v -0.27489615976810455 0.03957377374172211 -0.1223304495215416
v -0.27489615976810455 0.03957377374172211 -0.1223304495215416
v -0.24608072638511658 0.11923112720251083 -0.1223304495215416
v -0.2712812274694443 0.03900764882564545 -0.1210886649787426
v -0.24608072638511658 0.11923112720251083 -0.1223304495215416
v -0.2429637461900711 0.11728842556476593 -0.1210886649787426
v -0.2712812274694443 0.03900764882564545 -0.1210886649787426
v -0.2712812274694443 0.03900764882564545 -0.1210886649787426
v -0.2429637461900711 0.11728842556476593 -0.1210886649787426
v -0.26780562102794647 0.038463346660137177 -0.11937208846211433
v -0.2429637461900711 0.11728842556476593 -0.1210886649787426
v -0.23996691405773163 0.11542059481143951 -0.11937208846211433
v -0.26780562102794647 0.038463346660137177 -0.11937208846211433
v -0.26780562102794647 0.038463346660137177 -0.11937208846211433
v -0.23996691405773163 0.11542059481143951 -0.11937208846211433
v -0.2645130604505539 0.03794771060347557 -0.11720230057835579
v -0.23996691405773163 0.11542059481143951 -0.11937208846211433
v -0.23712791502475739 0.11365114152431488 -0.11720230057835579
v -0.2645130604505539 0.03794771060347557 -0.11720230057835579
v -0.2645130604505539 0.03794771060347557 -0.11720230057835579
v -0.23712791502475739 0.11365114152431488 -0.11720230057835579
v -0.26144494116306305 0.03746722266077995 -0.1146065928041935
v -0.23712791502475739 0.11365114152431488 -0.11720230057835579
v -0.23448243737220764 0.11200230568647385 -0.1146065928041935
v -0.26144494116306305 0.03746722266077995 -0.1146065928041935
v -0.26144494116306305 0.03746722266077995 -0.1146065928041935
v -0.23448243737220764 0.11200230568647385 -0.1146065928041935
v -0.258639857172966 0.03702792897820473 -0.11161760240793228
v -0.23448243737220764 0.11200230568647385 -0.1146065928041935
v -0.23206377029418945 0.11049482971429825 -0.11161760240793228
v -0.258639857172966 0.03702792897820473 -0.11161760240793228
v -0.258639857172966 0.03702792897820473 -0.11161760240793228
v -0.23206377029418945 0.11049482971429825 -0.11161760240793228
v -0.2561330944299698 0.03663535416126251 -0.10827292501926422
v -0.23206377029418945 0.11049482971429825 -0.11161760240793228
v -0.22990231215953827 0.10914766043424606 -0.10827292501926422
v -0.2561330944299698 0.03663535416126251 -0.10827292501926422
v -0.2561330944299698 0.03663535416126251 -0.10827292501926422
v -0.22990231215953827 0.10914766043424606 -0.10827292501926422
v -0.2539561539888382 0.03629443049430847 -0.10461461544036865
v -0.22990231215953827 0.10914766043424606 -0.10827292501926422
v -0.22802524268627167 0.10797775536775589 -0.10461461544036865
v -0.2539561539888382 0.03629443049430847 -0.10461461544036865
v -0.2539561539888382 0.03629443049430847 -0.10461461544036865
v -0.22802524268627167 0.10797775536775589 -0.10461461544036865
v -0.2521364092826843 0.036009445786476135 -0.10068868100643158
v -0.22802524268627167 0.10797775536775589 -0.10461461544036865
v -0.2264561802148819 0.10699980705976486 -0.10068868100643158
v -0.2521364092826843 0.036009445786476135 -0.10068868100643158
v -0.2521364092826843 0.036009445786476135 -0.10068868100643158
v -0.2264561802148819 0.10699980705976486 -0.10068868100643158
v -0.2506967633962631 0.03578399121761322 -0.09654449485242367
v -0.2264561802148819 0.10699980705976486 -0.10068868100643158
v -0.2252148538827896 0.1062261313199997 -0.09654449485242367
v -0.2506967633962631 0.03578399121761322 -0.09654449485242367
v -0.2506967633962631 0.03578399121761322 -0.09654449485242367
v -0.2252148538827896 0.1062261313199997 -0.09654449485242367
v -0.2496553212404251 0.03562089055776596 -0.09223416913300753
v -0.2252148538827896 0.1062261313199997 -0.09654449485242367
v -0.22431688010692596 0.10566645115613937 -0.09223416913300753
v -0.2496553212404251 0.03562089055776596 -0.09223416913300753
v -0.2496553212404251 0.03562089055776596 -0.09223416913300753
v -0.22431688010692596 0.10566645115613937 -0.09223416913300753
v -0.2490251660346985 0.035522207617759705 -0.08781191101297736
v -0.22431688010692596 0.10566645115613937 -0.09223416913300753
v -0.2237735241651535 0.1053277999162674 -0.08781191101297736
v -0.2490251660346985 0.035522207617759705 -0.08781191101297736
v -0.2490251660346985 0.035522207617759705 -0.08781191101297736
v -0.2237735241651535 0.1053277999162674 -0.08781191101297736
v -0.24881424009799957 0.035489171743392944 -0.0833333320915699
v -0.2237735241651535 0.1053277999162674 -0.08781191101297736
v -0.2235916405916214 0.1052144393324852 -0.0833333320915699
v -0.24881424009799957 0.035489171743392944 -0.0833333320915699
v -0.24881424009799957 0.035489171743392944 -0.0833333320915699
v -0.2235916405916214 0.1052144393324852 -0.0833333320915699
v -0.24881424009799957 0.035489171743392944 0.0833333395421505
v -0.2235916405916214 0.1052144393324852 -0.0833333320915699
v -0.2235916405916214 0.1052144393324852 0.0833333395421505
v -0.24881424009799957 0.035489171743392944 0.0833333395421505
v -0.24881424009799957 0.035489171743392944 0.0833333395421505
v -0.2235916405916214 0.1052144393324852 0.0833333395421505
v -0.2490251660346985 0.035522207617759705 0.0878119133412838
v -0.2235916405916214 0.1052144393324852 0.0833333395421505
v -0.2237735241651535 0.1053277999162674 0.0878119133412838
v -0.2490251660346985 0.035522207617759705 0.0878119133412838
v -0.2490251660346985 0.035522207617759705 0.0878119133412838
v -0.2237735241651535 0.1053277999162674 0.0878119133412838
v -0.2496553212404251 0.03562089055776596 0.09223417565226555
v -0.2237735241651535 0.1053277999162674 0.0878119133412838
v -0.22431688010692596 0.10566645115613937 0.09223417565226555
v -0.2496553212404251 0.03562089055776596 0.09223417565226555
v -0.2496553212404251 0.03562089055776596 0.09223417565226555
v -0.22431688010692596 0.10566645115613937 0.09223417565226555
v -0.2506967633962631 0.03578399121761322 0.09654450044035912
v -0.22431688010692596 0.10566645115613937 0.09223417565226555
v -0.2252148538827896 0.1062261313199997 0.09654450044035912
v -0.2506967633962631 0.03578399121761322 0.09654450044035912
v -0.2506967633962631 0.03578399121761322 0.09654450044035912
v -0.2252148538827896 0.1062261313199997 0.09654450044035912
v -0.2521364092826843 0.036009445786476135 0.10068867728114128
v -0.2252148538827896 0.1062261313199997 0.09654450044035912
v -0.2264561802148819 0.10699980705976486 0.10068867728114128
v -0.2521364092826843 0.036009445786476135 0.10068867728114128
v -0.2521364092826843 0.036009445786476135 0.10068867728114128
v -0.2264561802148819 0.10699980705976486 0.10068867728114128
v -0.2539561539888382 0.03629443049430847 0.10461461171507835
v -0.2264561802148819 0.10699980705976486 0.10068867728114128
v -0.22802524268627167 0.10797775536775589 0.10461461171507835
v -0.2539561539888382 0.03629443049430847 0.10461461171507835
v -0.2539561539888382 0.03629443049430847 0.10461461171507835
v -0.22802524268627167 0.10797775536775589 0.10461461171507835
v -0.2561330944299698 0.03663535416126251 0.10827292129397392
v -0.22802524268627167 0.10797775536775589 0.10461461171507835
v -0.22990231215953827 0.10914766043424606 0.10827292129397392
v -0.2561330944299698 0.03663535416126251 0.10827292129397392
v -0.2561330944299698 0.03663535416126251 0.10827292129397392
v -0.22990231215953827 0.10914766043424606 0.10827292129397392
v -0.258639857172966 0.03702792897820473 0.11161760613322258
v -0.22990231215953827 0.10914766043424606 0.10827292129397392
v -0.23206377029418945 0.11049482971429825 0.11161760613322258
v -0.258639857172966 0.03702792897820473 0.11161760613322258
v -0.258639857172966 0.03702792897820473 0.11161760613322258
v -0.23206377029418945 0.11049482971429825 0.11161760613322258
v -0.26144494116306305 0.03746722266077995 0.1146066002547741
v -0.23206377029418945 0.11049482971429825 0.11161760613322258
v -0.23448243737220764 0.11200230568647385 0.1146066002547741
v -0.26144494116306305 0.03746722266077995 0.1146066002547741
v -0.26144494116306305 0.03746722266077995 0.1146066002547741
v -0.23448243737220764 0.11200230568647385 0.1146066002547741
v -0.2645130604505539 0.03794771060347557 0.11720230802893639
v -0.23448243737220764 0.11200230568647385 0.1146066002547741
v -0.23712791502475739 0.11365114152431488 0.11720230802893639
v -0.2645130604505539 0.03794771060347557 0.11720230802893639
v -0.2645130604505539 0.03794771060347557 0.11720230802893639
v -0.23712791502475739 0.11365114152431488 0.11720230802893639
v -0.26780562102794647 0.038463346660137177 0.11937209591269493
v -0.23712791502475739 0.11365114152431488 0.11720230802893639
v -0.23996691405773163 0.11542059481143951 0.11937209591269493
v -0.26780562102794647 0.038463346660137177 0.11937209591269493
v -0.26780562102794647 0.038463346660137177 0.11937209591269493
v -0.23996691405773163 0.11542059481143951 0.11937209591269493
v -0.2712812274694443 0.03900764882564545 0.1210886649787426
v -0.23996691405773163 0.11542059481143951 0.11937209591269493
v -0.2429637461900711 0.11728842556476593 0.1210886649787426
v -0.2712812274694443 0.03900764882564545 0.1210886649787426
v -0.2712812274694443 0.03900764882564545 0.1210886649787426
v -0.2429637461900711 0.11728842556476593 0.1210886649787426
v -0.27489615976810455 0.03957377374172211 0.1223304532468319
v -0.2429637461900711 0.11728842556476593 0.1210886649787426
v -0.24608072638511658 0.11923112720251083 0.1223304532468319
v -0.27489615976810455 0.03957377374172211 0.1223304532468319
v -0.27489615976810455 0.03957377374172211 0.1223304532468319
v -0.24608072638511658 0.11923112720251083 0.1223304532468319
v -0.27860498428344727 0.0401545986533165 0.12308182939887047
v -0.24608072638511658 0.11923112720251083 0.1223304532468319
v -0.24927863478660583 0.1212242841720581 0.12308182939887047
v -0.27860498428344727 0.0401545986533165 0.12308182939887047
v -0.27860498428344727 0.0401545986533165 0.12308182939887047
v -0.24927863478660583 0.1212242841720581 0.12308182939887047
v -0.2823610305786133 0.040742818266153336 0.12333333119750023
v -0.24927863478660583 0.1212242841720581 0.12308182939887047
v -0.2525172829627991 0.1232428252696991 0.12333333119750023
v -0.2823610305786133 0.040742818266153336 0.12333333119750023
v -0.2525172829627991 0.1232428252696991 -0.12333333119750023
v -0.18782977759838104 0.19027407467365265 -0.12333333119750023
v -0.24927863478660583 0.1212242841720581 -0.12308182194828987
v -0.18782977759838104 0.19027407467365265 -0.12333333119750023
v -0.18564683198928833 0.18716159462928772 -0.12308182194828987
v -0.24927863478660583 0.1212242841720581 -0.12308182194828987
v -0.24927863478660583 0.1212242841720581 -0.12308182194828987
v -0.18564683198928833 0.18716159462928772 -0.12308182194828987
v -0.24608072638511658 0.11923112720251083 -0.1223304495215416
v -0.18564683198928833 0.18716159462928772 -0.12308182194828987
v -0.18349133431911469 0.18408824503421783 -0.1223304495215416
v -0.24608072638511658 0.11923112720251083 -0.1223304495215416
v -0.24608072638511658 0.11923112720251083 -0.1223304495215416
v -0.18349133431911469 0.18408824503421783 -0.1223304495215416
v -0.2429637461900711 0.11728842556476593 -0.1210886649787426
v -0.18349133431911469 0.18408824503421783 -0.1223304495215416
v -0.18139038980007172 0.18109269440174103 -0.1210886649787426
v -0.2429637461900711 0.11728842556476593 -0.1210886649787426
v -0.2429637461900711 0.11728842556476593 -0.1210886649787426
v -0.18139038980007172 0.18109269440174103 -0.1210886649787426
v -0.23996691405773163 0.11542059481143951 -0.11937208846211433
v -0.18139038980007172 0.18109269440174103 -0.1210886649787426
v -0.1793704330921173 0.17821261286735535 -0.11937208846211433
v -0.23996691405773163 0.11542059481143951 -0.11937208846211433
v -0.23996691405773163 0.11542059481143951 -0.11937208846211433
v -0.1793704330921173 0.17821261286735535 -0.11937208846211433
v -0.23712791502475739 0.11365114152431488 -0.11720230057835579
v -0.1793704330921173 0.17821261286735535 -0.11937208846211433
v -0.17745685577392578 0.17548421025276184 -0.11720230057835579
v -0.23712791502475739 0.11365114152431488 -0.11720230057835579
v -0.23712791502475739 0.11365114152431488 -0.11720230057835579
v -0.17745685577392578 0.17548421025276184 -0.11720230057835579
v -0.23448243737220764 0.11200230568647385 -0.1146065928041935
v -0.17745685577392578 0.17548421025276184 -0.11720230057835579
v -0.175673708319664 0.17294178903102875 -0.1146065928041935
v -0.23448243737220764 0.11200230568647385 -0.1146065928041935
v -0.23448243737220764 0.11200230568647385 -0.1146065928041935
v -0.175673708319664 0.17294178903102875 -0.1146065928041935
v -0.23206377029418945 0.11049482971429825 -0.11161760240793228
v -0.175673708319664 0.17294178903102875 -0.1146065928041935
v -0.1740434467792511 0.17061734199523926 -0.11161760240793228
v -0.23206377029418945 0.11049482971429825 -0.11161760240793228
v -0.23206377029418945 0.11049482971429825 -0.11161760240793228
v -0.1740434467792511 0.17061734199523926 -0.11161760240793228
v -0.22990231215953827 0.10914766043424606 -0.10827292501926422
v -0.1740434467792511 0.17061734199523926 -0.11161760240793228
v -0.1725865602493286 0.1685400754213333 -0.10827292501926422
v -0.22990231215953827 0.10914766043424606 -0.10827292501926422
v -0.22990231215953827 0.10914766043424606 -0.10827292501926422
v -0.1725865602493286 0.1685400754213333 -0.10827292501926422
v -0.22802524268627167 0.10797775536775589 -0.10461461544036865
v -0.1725865602493286 0.1685400754213333 -0.10827292501926422
v -0.1713213473558426 0.16673614084720612 -0.10461461544036865
v -0.22802524268627167 0.10797775536775589 -0.10461461544036865
v -0.22802524268627167 0.10797775536775589 -0.10461461544036865
v -0.1713213473558426 0.16673614084720612 -0.10461461544036865
v -0.2264561802148819 0.10699980705976486 -0.10068868100643158
v -0.1713213473558426 0.16673614084720612 -0.10461461544036865
v -0.17026375234127045 0.1652282029390335 -0.10068868100643158
v -0.2264561802148819 0.10699980705976486 -0.10068868100643158
v -0.2264561802148819 0.10699980705976486 -0.10068868100643158
v -0.17026375234127045 0.1652282029390335 -0.10068868100643158
v -0.2252148538827896 0.1062261313199997 -0.09654449485242367
v -0.17026375234127045 0.1652282029390335 -0.10068868100643158
v -0.1694270670413971 0.16403523087501526 -0.09654449485242367
v -0.2252148538827896 0.1062261313199997 -0.09654449485242367
v -0.2252148538827896 0.1062261313199997 -0.09654449485242367
v -0.1694270670413971 0.16403523087501526 -0.09654449485242367
v -0.22431688010692596 0.10566645115613937 -0.09223416913300753
v -0.1694270670413971 0.16403523087501526 -0.09654449485242367
v -0.1688217967748642 0.16317223012447357 -0.09223416913300753
v -0.22431688010692596 0.10566645115613937 -0.09223416913300753
v -0.22431688010692596 0.10566645115613937 -0.09223416913300753
v -0.1688217967748642 0.16317223012447357 -0.09223416913300753
v -0.2237735241651535 0.1053277999162674 -0.08781191101297736
v -0.1688217967748642 0.16317223012447357 -0.09223416913300753
v -0.1684555560350418 0.16265004873275757 -0.08781191101297736
v -0.2237735241651535 0.1053277999162674 -0.08781191101297736
v -0.2237735241651535 0.1053277999162674 -0.08781191101297736
v -0.1684555560350418 0.16265004873275757 -0.08781191101297736
v -0.2235916405916214 0.1052144393324852 -0.0833333320915699
v -0.1684555560350418 0.16265004873275757 -0.08781191101297736
v -0.16833296418190002 0.16247524321079254 -0.0833333320915699
v -0.2235916405916214 0.1052144393324852 -0.0833333320915699
v -0.2235916405916214 0.1052144393324852 -0.0833333320915699
v -0.16833296418190002 0.16247524321079254 -0.0833333320915699
v -0.2235916405916214 0.1052144393324852 0.0833333395421505
v -0.16833296418190002 0.16247524321079254 -0.0833333320915699
v -0.16833296418190002 0.16247524321079254 0.0833333395421505
v -0.2235916405916214 0.1052144393324852 0.0833333395421505
v -0.2235916405916214 0.1052144393324852 0.0833333395421505
v -0.16833296418190002 0.16247524321079254 0.0833333395421505
v -0.2237735241651535 0.1053277999162674 0.0878119133412838
v -0.16833296418190002 0.16247524321079254 0.0833333395421505
v -0.1684555560350418 0.16265004873275757 0.0878119133412838
v -0.2237735241651535 0.1053277999162674 0.0878119133412838
v -0.2237735241651535 0.1053277999162674 0.0878119133412838
v -0.1684555560350418 0.16265004873275757 0.0878119133412838
v -0.22431688010692596 0.10566645115613937 0.09223417565226555
v -0.1684555560350418 0.16265004873275757 0.0878119133412838
v -0.1688217967748642 0.16317223012447357 0.09223417565226555
v -0.22431688010692596 0.10566645115613937 0.09223417565226555
v -0.22431688010692596 0.10566645115613937 0.09223417565226555
v -0.1688217967748642 0.16317223012447357 0.09223417565226555
v -0.2252148538827896 0.1062261313199997 0.09654450044035912
v -0.1688217967748642 0.16317223012447357 0.09223417565226555
v -0.1694270670413971 0.16403523087501526 0.09654450044035912
v -0.2252148538827896 0.1062261313199997 0.09654450044035912
v -0.2252148538827896 0.1062261313199997 0.09654450044035912
v -0.1694270670413971 0.16403523087501526 0.09654450044035912
v -0.2264561802148819 0.10699980705976486 0.10068867728114128
v -0.1694270670413971 0.16403523087501526 0.09654450044035912
v -0.17026375234127045 0.1652282029390335 0.10068867728114128
v -0.2264561802148819 0.10699980705976486 0.10068867728114128
v -0.2264561802148819 0.10699980705976486 0.10068867728114128
v -0.17026375234127045 0.1652282029390335 0.10068867728114128
v -0.22802524268627167 0.10797775536775589 0.10461461171507835
v -0.17026375234127045 0.1652282029390335 0.10068867728114128
v -0.1713213473558426 0.16673614084720612 0.10461461171507835
v -0.22802524268627167 0.10797775536775589 0.10461461171507835
v -0.22802524268627167 0.10797775536775589 0.10461461171507835
v -0.1713213473558426 0.16673614084720612 0.10461461171507835
v -0.22990231215953827 0.10914766043424606 0.10827292129397392
v -0.1713213473558426 0.16673614084720612 0.10461461171507835
v -0.1725865602493286 0.1685400754213333 0.10827292129397392
v -0.22990231215953827 0.10914766043424606 0.10827292129397392
v -0.22990231215953827 0.10914766043424606 0.10827292129397392
v -0.1725865602493286 0.1685400754213333 0.10827292129397392
v -0.23206377029418945 0.11049482971429825 0.11161760613322258
v -0.1725865602493286 0.1685400754213333 0.10827292129397392
v -0.1740434467792511 0.17061734199523926 0.11161760613322258
v -0.23206377029418945 0.11049482971429825 0.11161760613322258
v -0.23206377029418945 0.11049482971429825 0.11161760613322258
v -0.1740434467792511 0.17061734199523926 0.11161760613322258
v -0.23448243737220764 0.11200230568647385 0.1146066002547741
v -0.1740434467792511 0.17061734199523926 0.11161760613322258
v -0.175673708319664 0.17294178903102875 0.1146066002547741
v -0.23448243737220764 0.11200230568647385 0.1146066002547741
v -0.23448243737220764 0.11200230568647385 0.1146066002547741
v -0.175673708319664 0.17294178903102875 0.1146066002547741
v -0.23712791502475739 0.11365114152431488 0.11720230802893639
v -0.175673708319664 0.17294178903102875 0.1146066002547741
v -0.17745685577392578 0.17548421025276184 0.11720230802893639
v -0.23712791502475739 0.11365114152431488 0.11720230802893639
v -0.23712791502475739 0.11365114152431488 0.11720230802893639
v -0.17745685577392578 0.17548421025276184 0.11720230802893639
v -0.23996691405773163 0.11542059481143951 0.11937209591269493
v -0.17745685577392578 0.17548421025276184 0.11720230802893639
v -0.1793704330921173 0.17821261286735535 0.11937209591269493
v -0.23996691405773163 0.11542059481143951 0.11937209591269493
v -0.23996691405773163 0.11542059481143951 0.11937209591269493
v -0.1793704330921173 0.17821261286735535 0.11937209591269493
v -0.2429637461900711 0.11728842556476593 0.1210886649787426
v -0.1793704330921173 0.17821261286735535 0.11937209591269493
v -0.18139038980007172 0.18109269440174103 0.1210886649787426
v -0.2429637461900711 0.11728842556476593 0.1210886649787426
v -0.2429637461900711 0.11728842556476593 0.1210886649787426
v -0.18139038980007172 0.18109269440174103 0.1210886649787426
v -0.24608072638511658 0.11923112720251083 0.1223304532468319
v -0.18139038980007172 0.18109269440174103 0.1210886649787426
v -0.18349133431911469 0.18408824503421783 0.1223304532468319
v -0.24608072638511658 0.11923112720251083 0.1223304532468319
v -0.24608072638511658 0.11923112720251083 0.1223304532468319
v -0.18349133431911469 0.18408824503421783 0.1223304532468319
v -0.24927863478660583 0.1212242841720581 0.12308182939887047
v -0.18349133431911469 0.18408824503421783 0.1223304532468319
v -0.18564683198928833 0.18716159462928772 0.12308182939887047
v -0.24927863478660583 0.1212242841720581 0.12308182939887047
v -0.24927863478660583 0.1212242841720581 0.12308182939887047
v -0.18564683198928833 0.18716159462928772 0.12308182939887047
v -0.2525172829627991 0.1232428252696991 0.12333333119750023
v -0.18564683198928833 0.18716159462928772 0.12308182939887047
v -0.18782977759838104 0.19027407467365265 0.12333333119750023
v -0.2525172829627991 0.1232428252696991 0.12333333119750023
v -0.18782977759838104 0.19027407467365265 -0.12333333119750023
v -0.09407978132367134 0.23214906454086304 -0.12333333119750023
v -0.18564683198928833 0.18716159462928772 -0.12308182194828987
v -0.09407978132367134 0.23214906454086304 -0.12333333119750023
v -0.09319229423999786 0.22845794260501862 -0.12308182194828987
v -0.18564683198928833 0.18716159462928772 -0.12308182194828987
v -0.18564683198928833 0.18716159462928772 -0.12308182194828987
v -0.09319229423999786 0.22845794260501862 -0.12308182194828987
v -0.18349133431911469 0.18408824503421783 -0.1223304495215416
v -0.09319229423999786 0.22845794260501862 -0.12308182194828987
v -0.09231596812605858 0.22481325268745422 -0.1223304495215416
v -0.18349133431911469 0.18408824503421783 -0.1223304495215416
v -0.18349133431911469 0.18408824503421783 -0.1223304495215416
v -0.09231596812605858 0.22481325268745422 -0.1223304495215416
v -0.18139038980007172 0.18109269440174103 -0.1210886649787426
v -0.09231596812605858 0.22481325268745422 -0.1223304495215416
v -0.09146182239055634 0.22126080095767975 -0.1210886649787426
v -0.18139038980007172 0.18109269440174103 -0.1210886649787426
v -0.18139038980007172 0.18109269440174103 -0.1210886649787426
v -0.09146182239055634 0.22126080095767975 -0.1210886649787426
v -0.1793704330921173 0.17821261286735535 -0.11937208846211433
v -0.09146182239055634 0.22126080095767975 -0.1210886649787426
v -0.0906406007707119 0.21784527599811554 -0.11937208846211433
v -0.1793704330921173 0.17821261286735535 -0.11937208846211433
v -0.1793704330921173 0.17821261286735535 -0.11937208846211433
v -0.0906406007707119 0.21784527599811554 -0.11937208846211433
v -0.17745685577392578 0.17548421025276184 -0.11720230057835579
v -0.0906406007707119 0.21784527599811554 -0.11937208846211433
v -0.0898626260459423 0.21460962295532227 -0.11720230057835579
v -0.17745685577392578 0.17548421025276184 -0.11720230057835579
v -0.17745685577392578 0.17548421025276184 -0.11720230057835579
v -0.0898626260459423 0.21460962295532227 -0.11720230057835579
v -0.175673708319664 0.17294178903102875 -0.1146065928041935
v -0.0898626260459423 0.21460962295532227 -0.11720230057835579
v -0.08913768455386162 0.21159455180168152 -0.1146065928041935
v -0.175673708319664 0.17294178903102875 -0.1146065928041935
v -0.175673708319664 0.17294178903102875 -0.1146065928041935
v -0.08913768455386162 0.21159455180168152 -0.1146065928041935
v -0.1740434467792511 0.17061734199523926 -0.11161760240793228
v -0.08913768455386162 0.21159455180168152 -0.1146065928041935
v -0.08847489580512047 0.20883795619010925 -0.11161760240793228
v -0.1740434467792511 0.17061734199523926 -0.11161760240793228
v -0.1740434467792511 0.17061734199523926 -0.11161760240793228
v -0.08847489580512047 0.20883795619010925 -0.11161760240793228
v -0.1725865602493286 0.1685400754213333 -0.10827292501926422
v -0.08847489580512047 0.20883795619010925 -0.11161760240793228
v -0.08788258954882622 0.20637451112270355 -0.10827292501926422
v -0.1725865602493286 0.1685400754213333 -0.10827292501926422
v -0.1725865602493286 0.1685400754213333 -0.10827292501926422
v -0.08788258954882622 0.20637451112270355 -0.10827292501926422
v -0.1713213473558426 0.16673614084720612 -0.10461461544036865
v -0.08788258954882622 0.20637451112270355 -0.10827292501926422
v -0.08736821636557579 0.20423519611358643 -0.10461461544036865
v -0.1713213473558426 0.16673614084720612 -0.10461461544036865
v -0.1713213473558426 0.16673614084720612 -0.10461461544036865
v -0.08736821636557579 0.20423519611358643 -0.10461461544036865
v -0.17026375234127045 0.1652282029390335 -0.10068868100643158
v -0.08736821636557579 0.20423519611358643 -0.10461461544036865
v -0.08693824708461761 0.20244692265987396 -0.10068868100643158
v -0.17026375234127045 0.1652282029390335 -0.10068868100643158
v -0.17026375234127045 0.1652282029390335 -0.10068868100643158
v -0.08693824708461761 0.20244692265987396 -0.10068868100643158
v -0.1694270670413971 0.16403523087501526 -0.09654449485242367
v -0.08693824708461761 0.20244692265987396 -0.10068868100643158
v -0.08659808710217476 0.20103216171264648 -0.09654449485242367
v -0.1694270670413971 0.16403523087501526 -0.09654449485242367
v -0.1694270670413971 0.16403523087501526 -0.09654449485242367
v -0.08659808710217476 0.20103216171264648 -0.09654449485242367
v -0.1688217967748642 0.16317223012447357 -0.09223416913300753
v -0.08659808710217476 0.20103216171264648 -0.09654449485242367
v -0.08635200932621956 0.20000872015953064 -0.09223416913300753
v -0.1688217967748642 0.16317223012447357 -0.09223416913300753
v -0.1688217967748642 0.16317223012447357 -0.09223416913300753
v -0.08635200932621956 0.20000872015953064 -0.09223416913300753
v -0.1684555560350418 0.16265004873275757 -0.08781191101297736
v -0.08635200932621956 0.20000872015953064 -0.09223416913300753
v -0.08620311692357063 0.1993894726037979 -0.08781191101297736
v -0.1684555560350418 0.16265004873275757 -0.08781191101297736
v -0.1684555560350418 0.16265004873275757 -0.08781191101297736
v -0.08620311692357063 0.1993894726037979 -0.08781191101297736
v -0.16833296418190002 0.16247524321079254 -0.0833333320915699
v -0.08620311692357063 0.1993894726037979 -0.08781191101297736
v -0.08615327626466751 0.1991821825504303 -0.0833333320915699
v -0.16833296418190002 0.16247524321079254 -0.0833333320915699
v -0.16833296418190002 0.16247524321079254 -0.0833333320915699
v -0.08615327626466751 0.1991821825504303 -0.0833333320915699
v -0.16833296418190002 0.16247524321079254 0.0833333395421505
v -0.08615327626466751 0.1991821825504303 -0.0833333320915699
v -0.08615327626466751 0.1991821825504303 0.0833333395421505
v -0.16833296418190002 0.16247524321079254 0.0833333395421505
v -0.16833296418190002 0.16247524321079254 0.0833333395421505
v -0.08615327626466751 0.1991821825504303 0.0833333395421505
v -0.1684555560350418 0.16265004873275757 0.0878119133412838
v -0.08615327626466751 0.1991821825504303 0.0833333395421505
v -0.08620311692357063 0.1993894726037979 0.0878119133412838
v -0.1684555560350418 0.16265004873275757 0.0878119133412838
v -0.1684555560350418 0.16265004873275757 0.0878119133412838
v -0.08620311692357063 0.1993894726037979 0.0878119133412838
v -0.1688217967748642 0.16317223012447357 0.09223417565226555
v -0.08620311692357063 0.1993894726037979 0.0878119133412838
v -0.08635200932621956 0.20000872015953064 0.09223417565226555
v -0.1688217967748642 0.16317223012447357 0.09223417565226555
v -0.1688217967748642 0.16317223012447357 0.09223417565226555
v -0.08635200932621956 0.20000872015953064 0.09223417565226555
v -0.1694270670413971 0.16403523087501526 0.09654450044035912
v -0.08635200932621956 0.20000872015953064 0.09223417565226555
v -0.08659808710217476 0.20103216171264648 0.09654450044035912
v -0.1694270670413971 0.16403523087501526 0.09654450044035912
v -0.1694270670413971 0.16403523087501526 0.09654450044035912
v -0.08659808710217476 0.20103216171264648 0.09654450044035912
v -0.17026375234127045 0.1652282029390335 0.10068867728114128
v -0.08659808710217476 0.20103216171264648 0.09654450044035912
v -0.08693824708461761 0.20244692265987396 0.10068867728114128
v -0.17026375234127045 0.1652282029390335 0.10068867728114128
v -0.17026375234127045 0.1652282029390335 0.10068867728114128
v -0.08693824708461761 0.20244692265987396 0.10068867728114128
v -0.1713213473558426 0.16673614084720612 0.10461461171507835
v -0.08693824708461761 0.20244692265987396 0.10068867728114128
v -0.08736821636557579 0.20423519611358643 0.10461461171507835
v -0.1713213473558426 0.16673614084720612 0.10461461171507835
v -0.1713213473558426 0.16673614084720612 0.10461461171507835
v -0.08736821636557579 0.20423519611358643 0.10461461171507835
v -0.1725865602493286 0.1685400754213333 0.10827292129397392
v -0.08736821636557579 0.20423519611358643 0.10461461171507835
v -0.08788258954882622 0.20637451112270355 0.10827292129397392
v -0.1725865602493286 0.1685400754213333 0.10827292129397392
v -0.1725865602493286 0.1685400754213333 0.10827292129397392
v -0.08788258954882622 0.20637451112270355 0.10827292129397392
v -0.1740434467792511 0.17061734199523926 0.11161760613322258
v -0.08788258954882622 0.20637451112270355 0.10827292129397392
v -0.08847489580512047 0.20883795619010925 0.11161760613322258
v -0.1740434467792511 0.17061734199523926 0.11161760613322258
v -0.1740434467792511 0.17061734199523926 0.11161760613322258
v -0.08847489580512047 0.20883795619010925 0.11161760613322258
v -0.175673708319664 0.17294178903102875 0.1146066002547741
v -0.08847489580512047 0.20883795619010925 0.11161760613322258
v -0.08913768455386162 0.21159455180168152 0.1146066002547741
v -0.175673708319664 0.17294178903102875 0.1146066002547741
v -0.175673708319664 0.17294178903102875 0.1146066002547741
v -0.08913768455386162 0.21159455180168152 0.1146066002547741
v -0.17745685577392578 0.17548421025276184 0.11720230802893639
v -0.08913768455386162 0.21159455180168152 0.1146066002547741
v -0.0898626260459423 0.21460962295532227 0.11720230802893639
v -0.17745685577392578 0.17548421025276184 0.11720230802893639
v -0.17745685577392578 0.17548421025276184 0.11720230802893639
v -0.0898626260459423 0.21460962295532227 0.11720230802893639
v -0.1793704330921173 0.17821261286735535 0.11937209591269493
v -0.0898626260459423 0.21460962295532227 0.11720230802893639
v -0.0906406007707119 0.21784527599811554 0.11937209591269493
v -0.1793704330921173 0.17821261286735535 0.11937209591269493
v -0.1793704330921173 0.17821261286735535 0.11937209591269493
v -0.0906406007707119 0.21784527599811554 0.11937209591269493
v -0.18139038980007172 0.18109269440174103 0.1210886649787426
v -0.0906406007707119 0.21784527599811554 0.11937209591269493
v -0.09146182239055634 0.22126080095767975 0.1210886649787426
v -0.18139038980007172 0.18109269440174103 0.1210886649787426
v -0.18139038980007172 0.18109269440174103 0.1210886649787426
v -0.09146182239055634 0.22126080095767975 0.1210886649787426
v -0.18349133431911469 0.18408824503421783 0.1223304532468319
v -0.09146182239055634 0.22126080095767975 0.1210886649787426
v -0.09231596812605858 0.22481325268745422 0.1223304532468319
v -0.18349133431911469 0.18408824503421783 0.1223304532468319
v -0.18349133431911469 0.18408824503421783 0.1223304532468319
v -0.09231596812605858 0.22481325268745422 0.1223304532468319
v -0.18564683198928833 0.18716159462928772 0.12308182939887047
v -0.09231596812605858 0.22481325268745422 0.1223304532468319
v -0.09319229423999786 0.22845794260501862 0.12308182939887047
v -0.18564683198928833 0.18716159462928772 0.12308182939887047
v -0.18564683198928833 0.18716159462928772 0.12308182939887047
v -0.09319229423999786 0.22845794260501862 0.12308182939887047
v -0.18782977759838104 0.19027407467365265 0.12333333119750023
v -0.09319229423999786 0.22845794260501862 0.12308182939887047
v -0.09407978132367134 0.23214906454086304 0.12333333119750023
v -0.18782977759838104 0.19027407467365265 0.12333333119750023
v -0.09407978132367134 0.23214906454086304 -0.12333333119750023
v 0.005295220762491226 0.23730531334877014 -0.12333333119750023
v -0.09319229423999786 0.22845794260501862 -0.12308182194828987
v 0.005295220762491226 0.23730531334877014 -0.12333333119750023
v 0.004737880080938339 0.23353922367095947 -0.12308182194828987
v -0.09319229423999786 0.22845794260501862 -0.12308182194828987
v -0.09319229423999786 0.22845794260501862 -0.12308182194828987
v 0.004737880080938339 0.23353922367095947 -0.12308182194828987
v -0.09231596812605858 0.22481325268745422 -0.1223304495215416
v 0.004737880080938339 0.23353922367095947 -0.12308182194828987
v 0.004187550395727158 0.22982050478458405 -0.1223304495215416
v -0.09231596812605858 0.22481325268745422 -0.1223304495215416
v -0.09231596812605858 0.22481325268745422 -0.1223304495215416
v 0.004187550395727158 0.22982050478458405 -0.1223304495215416
v -0.09146182239055634 0.22126080095767975 -0.1210886649787426
v 0.004187550395727158 0.22982050478458405 -0.1223304495215416
v 0.003651149570941925 0.22619590163230896 -0.1210886649787426
v -0.09146182239055634 0.22126080095767975 -0.1210886649787426
v -0.09146182239055634 0.22126080095767975 -0.1210886649787426
v 0.003651149570941925 0.22619590163230896 -0.1210886649787426
v -0.0906406007707119 0.21784527599811554 -0.11937208846211433
v 0.003651149570941925 0.22619590163230896 -0.1210886649787426
v 0.003135424107313156 0.2227110117673874 -0.11937208846211433
v -0.0906406007707119 0.21784527599811554 -0.11937208846211433
v -0.0906406007707119 0.21784527599811554 -0.11937208846211433
v 0.003135424107313156 0.2227110117673874 -0.11937208846211433
v -0.0898626260459423 0.21460962295532227 -0.11720230057835579
v 0.003135424107313156 0.2227110117673874 -0.11937208846211433
v 0.002646859735250473 0.21940964460372925 -0.11720230057835579
v -0.0898626260459423 0.21460962295532227 -0.11720230057835579
v -0.0898626260459423 0.21460962295532227 -0.11720230057835579
v 0.002646859735250473 0.21940964460372925 -0.11720230057835579
v -0.08913768455386162 0.21159455180168152 -0.1146065928041935
v 0.002646859735250473 0.21940964460372925 -0.11720230057835579
v 0.0021915994584560394 0.2163333296775818 -0.1146065928041935
v -0.08913768455386162 0.21159455180168152 -0.1146065928041935
v -0.08913768455386162 0.21159455180168152 -0.1146065928041935
v 0.0021915994584560394 0.2163333296775818 -0.1146065928041935
v -0.08847489580512047 0.20883795619010925 -0.11161760240793228
v 0.0021915994584560394 0.2163333296775818 -0.1146065928041935
v 0.0017753727734088898 0.21352075040340424 -0.11161760240793228
v -0.08847489580512047 0.20883795619010925 -0.11161760240793228
v -0.08847489580512047 0.20883795619010925 -0.11161760240793228
v 0.0017753727734088898 0.21352075040340424 -0.11161760240793228
v -0.08788258954882622 0.20637451112270355 -0.10827292501926422
v 0.0017753727734088898 0.21352075040340424 -0.11161760240793228
v 0.0014034062623977661 0.2110072821378708 -0.10827292501926422
v -0.08788258954882622 0.20637451112270355 -0.10827292501926422
v -0.08788258954882622 0.20637451112270355 -0.10827292501926422
v 0.0014034062623977661 0.2110072821378708 -0.10827292501926422
v -0.08736821636557579 0.20423519611358643 -0.10461461544036865
v 0.0014034062623977661 0.2110072821378708 -0.10827292501926422
v 0.001080382615327835 0.2088245153427124 -0.10461461544036865
v -0.08736821636557579 0.20423519611358643 -0.10461461544036865
v -0.08736821636557579 0.20423519611358643 -0.10461461544036865
v 0.001080382615327835 0.2088245153427124 -0.10461461544036865
v -0.08693824708461761 0.20244692265987396 -0.10068868100643158
v 0.001080382615327835 0.2088245153427124 -0.10461461544036865
v 0.0008103623986244202 0.20699991285800934 -0.10068868100643158
v -0.08693824708461761 0.20244692265987396 -0.10068868100643158
v -0.08693824708461761 0.20244692265987396 -0.10068868100643158
v 0.0008103623986244202 0.20699991285800934 -0.10068868100643158
v -0.08659808710217476 0.20103216171264648 -0.09654449485242367
v 0.0008103623986244202 0.20699991285800934 -0.10068868100643158
v 0.0005967393517494202 0.20555642247200012 -0.09654449485242367
v -0.08659808710217476 0.20103216171264648 -0.09654449485242367
v -0.08659808710217476 0.20103216171264648 -0.09654449485242367
v 0.0005967393517494202 0.20555642247200012 -0.09654449485242367
v -0.08635200932621956 0.20000872015953064 -0.09223416913300753
v 0.0005967393517494202 0.20555642247200012 -0.09654449485242367
v 0.00044220685958862305 0.20451219379901886 -0.09223416913300753
v -0.08635200932621956 0.20000872015953064 -0.09223416913300753
v -0.08635200932621956 0.20000872015953064 -0.09223416913300753
v 0.00044220685958862305 0.20451219379901886 -0.09223416913300753
v -0.08620311692357063 0.1993894726037979 -0.08781191101297736
v 0.00044220685958862305 0.20451219379901886 -0.09223416913300753
v 0.000348702073097229 0.20388035476207733 -0.08781191101297736
v -0.08620311692357063 0.1993894726037979 -0.08781191101297736
v -0.08620311692357063 0.1993894726037979 -0.08781191101297736
v 0.000348702073097229 0.20388035476207733 -0.08781191101297736
v -0.08615327626466751 0.1991821825504303 -0.0833333320915699
v 0.000348702073097229 0.20388035476207733 -0.08781191101297736
v 0.000317402184009552 0.20366886258125305 -0.0833333320915699
v -0.08615327626466751 0.1991821825504303 -0.0833333320915699
v -0.08615327626466751 0.1991821825504303 -0.0833333320915699
v 0.000317402184009552 0.20366886258125305 -0.0833333320915699
v -0.08615327626466751 0.1991821825504303 0.0833333395421505
v 0.000317402184009552 0.20366886258125305 -0.0833333320915699
v 0.000317402184009552 0.20366886258125305 0.0833333395421505
v -0.08615327626466751 0.1991821825504303 0.0833333395421505
v -0.08615327626466751 0.1991821825504303 0.0833333395421505
v 0.000317402184009552 0.20366886258125305 0.0833333395421505
v -0.08620311692357063 0.1993894726037979 0.0878119133412838
v 0.000317402184009552 0.20366886258125305 0.0833333395421505
v 0.000348702073097229 0.20388035476207733 0.0878119133412838
v -0.08620311692357063 0.1993894726037979 0.0878119133412838
v -0.08620311692357063 0.1993894726037979 0.0878119133412838
v 0.000348702073097229 0.20388035476207733 0.0878119133412838
v -0.08635200932621956 0.20000872015953064 0.09223417565226555
v 0.000348702073097229 0.20388035476207733 0.0878119133412838
v 0.00044220685958862305 0.20451219379901886 0.09223417565226555
v -0.08635200932621956 0.20000872015953064 0.09223417565226555
v -0.08635200932621956 0.20000872015953064 0.09223417565226555
v 0.00044220685958862305 0.20451219379901886 0.09223417565226555
v -0.08659808710217476 0.20103216171264648 0.09654450044035912
v 0.00044220685958862305 0.20451219379901886 0.09223417565226555
v 0.0005967393517494202 0.20555642247200012 0.09654450044035912
v -0.08659808710217476 0.20103216171264648 0.09654450044035912
v -0.08659808710217476 0.20103216171264648 0.09654450044035912
v 0.0005967393517494202 0.20555642247200012 0.09654450044035912
v -0.08693824708461761 0.20244692265987396 0.10068867728114128
v 0.0005967393517494202 0.20555642247200012 0.09654450044035912
v 0.0008103623986244202 0.20699991285800934 0.10068867728114128
v -0.08693824708461761 0.20244692265987396 0.10068867728114128
v -0.08693824708461761 0.20244692265987396 0.10068867728114128
v 0.0008103623986244202 0.20699991285800934 0.10068867728114128
v -0.08736821636557579 0.20423519611358643 0.10461461171507835
v 0.0008103623986244202 0.20699991285800934 0.10068867728114128
v 0.001080382615327835 0.2088245153427124 0.10461461171507835
v -0.08736821636557579 0.20423519611358643 0.10461461171507835
v -0.08736821636557579 0.20423519611358643 0.10461461171507835
v 0.001080382615327835 0.2088245153427124 0.10461461171507835
v -0.08788258954882622 0.20637451112270355 0.10827292129397392
v 0.001080382615327835 0.2088245153427124 0.10461461171507835
v 0.0014034062623977661 0.2110072821378708 0.10827292129397392
v -0.08788258954882622 0.20637451112270355 0.10827292129397392
v -0.08788258954882622 0.20637451112270355 0.10827292129397392
v 0.0014034062623977661 0.2110072821378708 0.10827292129397392
v -0.08847489580512047 0.20883795619010925 0.11161760613322258
v 0.0014034062623977661 0.2110072821378708 0.10827292129397392
v 0.0017753727734088898 0.21352075040340424 0.11161760613322258
v -0.08847489580512047 0.20883795619010925 0.11161760613322258
v -0.08847489580512047 0.20883795619010925 0.11161760613322258
v 0.0017753727734088898 0.21352075040340424 0.11161760613322258
v -0.08913768455386162 0.21159455180168152 0.1146066002547741
v 0.0017753727734088898 0.21352075040340424 0.11161760613322258
v 0.0021915994584560394 0.2163333296775818 0.1146066002547741
v -0.08913768455386162 0.21159455180168152 0.1146066002547741
v -0.08913768455386162 0.21159455180168152 0.1146066002547741
v 0.0021915994584560394 0.2163333296775818 0.1146066002547741
v -0.0898626260459423 0.21460962295532227 0.11720230802893639
v 0.0021915994584560394 0.2163333296775818 0.1146066002547741
v 0.002646859735250473 0.21940964460372925 0.11720230802893639
v -0.0898626260459423 0.21460962295532227 0.11720230802893639
v -0.0898626260459423 0.21460962295532227 0.11720230802893639
v 0.002646859735250473 0.21940964460372925 0.11720230802893639
v -0.0906406007707119 0.21784527599811554 0.11937209591269493
v 0.002646859735250473 0.21940964460372925 0.11720230802893639
v 0.003135424107313156 0.2227110117673874 0.11937209591269493
v -0.0906406007707119 0.21784527599811554 0.11937209591269493
v -0.0906406007707119 0.21784527599811554 0.11937209591269493
v 0.003135424107313156 0.2227110117673874 0.11937209591269493
v -0.09146182239055634 0.22126080095767975 0.1210886649787426
v 0.003135424107313156 0.2227110117673874 0.11937209591269493
v 0.003651149570941925 0.22619590163230896 0.1210886649787426
v -0.09146182239055634 0.22126080095767975 0.1210886649787426
v -0.09146182239055634 0.22126080095767975 0.1210886649787426
v 0.003651149570941925 0.22619590163230896 0.1210886649787426
v -0.09231596812605858 0.22481325268745422 0.1223304532468319
v 0.003651149570941925 0.22619590163230896 0.1210886649787426
v 0.004187550395727158 0.22982050478458405 0.1223304532468319
v -0.09231596812605858 0.22481325268745422 0.1223304532468319
v -0.09231596812605858 0.22481325268745422 0.1223304532468319
v 0.004187550395727158 0.22982050478458405 0.1223304532468319
v -0.09319229423999786 0.22845794260501862 0.12308182939887047
v 0.004187550395727158 0.22982050478458405 0.1223304532468319
v 0.004737880080938339 0.23353922367095947 0.12308182939887047
v -0.09319229423999786 0.22845794260501862 0.12308182939887047
v -0.09319229423999786 0.22845794260501862 0.12308182939887047
v 0.004737880080938339 0.23353922367095947 0.12308182939887047
v -0.09407978132367134 0.23214906454086304 0.12333333119750023
v 0.004737880080938339 0.23353922367095947 0.12308182939887047
v 0.005295220762491226 0.23730531334877014 0.12333333119750023
v -0.09407978132367134 0.23214906454086304 0.12333333119750023
v 0.005295220762491226 0.23730531334877014 -0.12333333119750023
v 0.09076397120952606 0.2065240740776062 -0.12333333119750023
v 0.004737880080938339 0.23353922367095947 -0.12308182194828987
v 0.09076397120952606 0.2065240740776062 -0.12333333119750023
v 0.08875897526741028 0.20327934622764587 -0.12308182194828987
v 0.004737880080938339 0.23353922367095947 -0.12308182194828987
v 0.004737880080938339 0.23353922367095947 -0.12308182194828987
v 0.08875897526741028 0.20327934622764587 -0.12308182194828987
v 0.004187550395727158 0.22982050478458405 -0.1223304495215416
v 0.08875897526741028 0.20327934622764587 -0.12308182194828987
v 0.08677919209003448 0.2000754326581955 -0.1223304495215416
v 0.004187550395727158 0.22982050478458405 -0.1223304495215416
v 0.004187550395727158 0.22982050478458405 -0.1223304495215416
v 0.08677919209003448 0.2000754326581955 -0.1223304495215416
v 0.003651149570941925 0.22619590163230896 -0.1210886649787426
v 0.08677919209003448 0.2000754326581955 -0.1223304495215416
v 0.0848495215177536 0.19695261120796204 -0.1210886649787426
v 0.003651149570941925 0.22619590163230896 -0.1210886649787426
v 0.003651149570941925 0.22619590163230896 -0.1210886649787426
v 0.0848495215177536 0.19695261120796204 -0.1210886649787426
v 0.003135424107313156 0.2227110117673874 -0.11937208846211433
v 0.0848495215177536 0.19695261120796204 -0.1210886649787426
v 0.08299423009157181 0.19395016133785248 -0.11937208846211433
v 0.003135424107313156 0.2227110117673874 -0.11937208846211433
v 0.003135424107313156 0.2227110117673874 -0.11937208846211433
v 0.08299423009157181 0.19395016133785248 -0.11937208846211433
v 0.002646859735250473 0.21940964460372925 -0.11720230057835579
v 0.08299423009157181 0.19395016133785248 -0.11937208846211433
v 0.08123664557933807 0.19110582768917084 -0.11720230057835579
v 0.002646859735250473 0.21940964460372925 -0.11720230057835579
v 0.002646859735250473 0.21940964460372925 -0.11720230057835579
v 0.08123664557933807 0.19110582768917084 -0.11720230057835579
v 0.0021915994584560394 0.2163333296775818 -0.1146065928041935
v 0.08123664557933807 0.19110582768917084 -0.11720230057835579
v 0.07959887385368347 0.18845538794994354 -0.1146065928041935
v 0.0021915994584560394 0.2163333296775818 -0.1146065928041935
v 0.0021915994584560394 0.2163333296775818 -0.1146065928041935
v 0.07959887385368347 0.18845538794994354 -0.1146065928041935
v 0.0017753727734088898 0.21352075040340424 -0.11161760240793228
v 0.07959887385368347 0.18845538794994354 -0.1146065928041935
v 0.0781015083193779 0.18603217601776123 -0.11161760240793228
v 0.0017753727734088898 0.21352075040340424 -0.11161760240793228
v 0.0017753727734088898 0.21352075040340424 -0.11161760240793228
v 0.0781015083193779 0.18603217601776123 -0.11161760240793228
v 0.0014034062623977661 0.2110072821378708 -0.10827292501926422
v 0.0781015083193779 0.18603217601776123 -0.11161760240793228
v 0.07676338404417038 0.18386666476726532 -0.10827292501926422
v 0.0014034062623977661 0.2110072821378708 -0.10827292501926422
v 0.0014034062623977661 0.2110072821378708 -0.10827292501926422
v 0.07676338404417038 0.18386666476726532 -0.10827292501926422
v 0.001080382615327835 0.2088245153427124 -0.10461461544036865
v 0.07676338404417038 0.18386666476726532 -0.10827292501926422
v 0.07560132443904877 0.18198607861995697 -0.10461461544036865
v 0.001080382615327835 0.2088245153427124 -0.10461461544036865
v 0.001080382615327835 0.2088245153427124 -0.10461461544036865
v 0.07560132443904877 0.18198607861995697 -0.10461461544036865
v 0.0008103623986244202 0.20699991285800934 -0.10068868100643158
v 0.07560132443904877 0.18198607861995697 -0.10461461544036865
v 0.07462994009256363 0.180414080619812 -0.10068868100643158
v 0.0008103623986244202 0.20699991285800934 -0.10068868100643158
v 0.0008103623986244202 0.20699991285800934 -0.10068868100643158
v 0.07462994009256363 0.180414080619812 -0.10068868100643158
v 0.0005967393517494202 0.20555642247200012 -0.09654449485242367
v 0.07462994009256363 0.180414080619812 -0.10068868100643158
v 0.07386145740747452 0.1791704148054123 -0.09654449485242367
v 0.0005967393517494202 0.20555642247200012 -0.09654449485242367
v 0.0005967393517494202 0.20555642247200012 -0.09654449485242367
v 0.07386145740747452 0.1791704148054123 -0.09654449485242367
v 0.00044220685958862305 0.20451219379901886 -0.09223416913300753
v 0.07386145740747452 0.1791704148054123 -0.09654449485242367
v 0.07330552488565445 0.17827074229717255 -0.09223416913300753
v 0.00044220685958862305 0.20451219379901886 -0.09223416913300753
v 0.00044220685958862305 0.20451219379901886 -0.09223416913300753
v 0.07330552488565445 0.17827074229717255 -0.09223416913300753
v 0.000348702073097229 0.20388035476207733 -0.08781191101297736
v 0.07330552488565445 0.17827074229717255 -0.09223416913300753
v 0.07296914607286453 0.1777263730764389 -0.08781191101297736
v 0.000348702073097229 0.20388035476207733 -0.08781191101297736
v 0.000348702073097229 0.20388035476207733 -0.08781191101297736
v 0.07296914607286453 0.1777263730764389 -0.08781191101297736
v 0.000317402184009552 0.20366886258125305 -0.0833333320915699
v 0.07296914607286453 0.1777263730764389 -0.08781191101297736
v 0.07285655289888382 0.17754416167736053 -0.0833333320915699
v 0.000317402184009552 0.20366886258125305 -0.0833333320915699
v 0.000317402184009552 0.20366886258125305 -0.0833333320915699
v 0.07285655289888382 0.17754416167736053 -0.0833333320915699
v 0.000317402184009552 0.20366886258125305 0.0833333395421505
v 0.07285655289888382 0.17754416167736053 -0.0833333320915699
v 0.07285655289888382 0.17754416167736053 0.0833333395421505
v 0.000317402184009552 0.20366886258125305 0.0833333395421505
v 0.000317402184009552 0.20366886258125305 0.0833333395421505
v 0.07285655289888382 0.17754416167736053 0.0833333395421505
v 0.000348702073097229 0.20388035476207733 0.0878119133412838
v 0.07285655289888382 0.17754416167736053 0.0833333395421505
v 0.07296914607286453 0.1777263730764389 0.0878119133412838
v 0.000348702073097229 0.20388035476207733 0.0878119133412838
v 0.000348702073097229 0.20388035476207733 0.0878119133412838
v 0.07296914607286453 0.1777263730764389 0.0878119133412838
v 0.00044220685958862305 0.20451219379901886 0.09223417565226555
v 0.07296914607286453 0.1777263730764389 0.0878119133412838
v 0.07330552488565445 0.17827074229717255 0.09223417565226555
v 0.00044220685958862305 0.20451219379901886 0.09223417565226555
v 0.00044220685958862305 0.20451219379901886 0.09223417565226555
v 0.07330552488565445 0.17827074229717255 0.09223417565226555
v 0.0005967393517494202 0.20555642247200012 0.09654450044035912
v 0.07330552488565445 0.17827074229717255 0.09223417565226555
v 0.07386145740747452 0.1791704148054123 0.09654450044035912
v 0.0005967393517494202 0.20555642247200012 0.09654450044035912
v 0.0005967393517494202 0.20555642247200012 0.09654450044035912
v 0.07386145740747452 0.1791704148054123 0.09654450044035912
v 0.0008103623986244202 0.20699991285800934 0.10068867728114128
v 0.07386145740747452 0.1791704148054123 0.09654450044035912
v 0.07462994009256363 0.180414080619812 0.10068867728114128
v 0.0008103623986244202 0.20699991285800934 0.10068867728114128
v 0.0008103623986244202 0.20699991285800934 0.10068867728114128
v 0.07462994009256363 0.180414080619812 0.10068867728114128
v 0.001080382615327835 0.2088245153427124 0.10461461171507835
v 0.07462994009256363 0.180414080619812 0.10068867728114128
v 0.07560132443904877 0.18198607861995697 0.10461461171507835
v 0.001080382615327835 0.2088245153427124 0.10461461171507835
v 0.001080382615327835 0.2088245153427124 0.10461461171507835
v 0.07560132443904877 0.18198607861995697 0.10461461171507835
v 0.0014034062623977661 0.2110072821378708 0.10827292129397392
v 0.07560132443904877 0.18198607861995697 0.10461461171507835
v 0.07676338404417038 0.18386666476726532 0.10827292129397392
v 0.0014034062623977661 0.2110072821378708 0.10827292129397392
v 0.0014034062623977661 0.2110072821378708 0.10827292129397392
v 0.07676338404417038 0.18386666476726532 0.10827292129397392
v 0.0017753727734088898 0.21352075040340424 0.11161760613322258
v 0.07676338404417038 0.18386666476726532 0.10827292129397392
v 0.0781015083193779 0.18603217601776123 0.11161760613322258
v 0.0017753727734088898 0.21352075040340424 0.11161760613322258
v 0.0017753727734088898 0.21352075040340424 0.11161760613322258
v 0.0781015083193779 0.18603217601776123 0.11161760613322258
v 0.0021915994584560394 0.2163333296775818 0.1146066002547741
v 0.0781015083193779 0.18603217601776123 0.11161760613322258
v 0.07959887385368347 0.18845538794994354 0.1146066002547741
v 0.0021915994584560394 0.2163333296775818 0.1146066002547741
v 0.0021915994584560394 0.2163333296775818 0.1146066002547741
v 0.07959887385368347 0.18845538794994354 0.1146066002547741
v 0.002646859735250473 0.21940964460372925 0.11720230802893639
v 0.07959887385368347 0.18845538794994354 0.1146066002547741
v 0.08123664557933807 0.19110582768917084 0.11720230802893639
v 0.002646859735250473 0.21940964460372925 0.11720230802893639
v 0.002646859735250473 0.21940964460372925 0.11720230802893639
v 0.08123664557933807 0.19110582768917084 0.11720230802893639
v 0.003135424107313156 0.2227110117673874 0.11937209591269493
v 0.08123664557933807 0.19110582768917084 0.11720230802893639
v 0.08299423009157181 0.19395016133785248 0.11937209591269493
v 0.003135424107313156 0.2227110117673874 0.11937209591269493
v 0.003135424107313156 0.2227110117673874 0.11937209591269493
v 0.08299423009157181 0.19395016133785248 0.11937209591269493
v 0.003651149570941925 0.22619590163230896 0.1210886649787426
v 0.08299423009157181 0.19395016133785248 0.11937209591269493
v 0.0848495215177536 0.19695261120796204 0.1210886649787426
v 0.003651149570941925 0.22619590163230896 0.1210886649787426
v 0.003651149570941925 0.22619590163230896 0.1210886649787426
v 0.0848495215177536 0.19695261120796204 0.1210886649787426
v 0.004187550395727158 0.22982050478458405 0.1223304532468319
v 0.0848495215177536 0.19695261120796204 0.1210886649787426
v 0.08677919209003448 0.2000754326581955 0.1223304532468319
v 0.004187550395727158 0.22982050478458405 0.1223304532468319
v 0.004187550395727158 0.22982050478458405 0.1223304532468319
v 0.08677919209003448 0.2000754326581955 0.1223304532468319
v 0.004737880080938339 0.23353922367095947 0.12308182939887047
v 0.08677919209003448 0.2000754326581955 0.1223304532468319
v 0.08875897526741028 0.20327934622764587 0.12308182939887047
v 0.004737880080938339 0.23353922367095947 0.12308182939887047
v 0.004737880080938339 0.23353922367095947 0.12308182939887047
v 0.08875897526741028 0.20327934622764587 0.12308182939887047
v 0.005295220762491226 0.23730531334877014 0.12333333119750023
v 0.08875897526741028 0.20327934622764587 0.12308182939887047
v 0.09076397120952606 0.2065240740776062 0.12333333119750023
v 0.005295220762491226 0.23730531334877014 0.12333333119750023
v 0.09076397120952606 0.2065240740776062 -0.12333333119750023
v 0.15717022120952606 0.14324282109737396 -0.12333333119750023
v 0.08875897526741028 0.20327934622764587 -0.12308182194828987
v 0.15717022120952606 0.14324282109737396 -0.12333333119750023
v 0.1540704071521759 0.14104139804840088 -0.12308182194828987
v 0.08875897526741028 0.20327934622764587 -0.12308182194828987
v 0.08875897526741028 0.20327934622764587 -0.12308182194828987
v 0.1540704071521759 0.14104139804840088 -0.12308182194828987
v 0.08677919209003448 0.2000754326581955 -0.1223304495215416
v 0.1540704071521759 0.14104139804840088 -0.12308182194828987
v 0.15100958943367004 0.13886764645576477 -0.1223304495215416
v 0.08677919209003448 0.2000754326581955 -0.1223304495215416
v 0.08677919209003448 0.2000754326581955 -0.1223304495215416
v 0.15100958943367004 0.13886764645576477 -0.1223304495215416
v 0.0848495215177536 0.19695261120796204 -0.1210886649787426
v 0.15100958943367004 0.13886764645576477 -0.1223304495215416
v 0.1480262279510498 0.13674892485141754 -0.1210886649787426
v 0.0848495215177536 0.19695261120796204 -0.1210886649787426
v 0.0848495215177536 0.19695261120796204 -0.1210886649787426
v 0.1480262279510498 0.13674892485141754 -0.1210886649787426
v 0.08299423009157181 0.19395016133785248 -0.11937208846211433
v 0.1480262279510498 0.13674892485141754 -0.1210886649787426
v 0.14515787363052368 0.1347118616104126 -0.11937208846211433
v 0.08299423009157181 0.19395016133785248 -0.11937208846211433
v 0.08299423009157181 0.19395016133785248 -0.11937208846211433
v 0.14515787363052368 0.1347118616104126 -0.11937208846211433
v 0.08123664557933807 0.19110582768917084 -0.11720230057835579
v 0.14515787363052368 0.1347118616104126 -0.11937208846211433
v 0.1424405723810196 0.13278208673000336 -0.11720230057835579
v 0.08123664557933807 0.19110582768917084 -0.11720230057835579
v 0.08123664557933807 0.19110582768917084 -0.11720230057835579
v 0.1424405723810196 0.13278208673000336 -0.11720230057835579
v 0.07959887385368347 0.18845538794994354 -0.1146065928041935
v 0.1424405723810196 0.13278208673000336 -0.11720230057835579
v 0.13990850746631622 0.1309838593006134 -0.1146065928041935
v 0.07959887385368347 0.18845538794994354 -0.1146065928041935
v 0.07959887385368347 0.18845538794994354 -0.1146065928041935
v 0.13990850746631622 0.1309838593006134 -0.1146065928041935
v 0.0781015083193779 0.18603217601776123 -0.11161760240793228
v 0.13990850746631622 0.1309838593006134 -0.1146065928041935
v 0.13759352266788483 0.129339799284935 -0.11161760240793228
v 0.0781015083193779 0.18603217601776123 -0.11161760240793228
v 0.0781015083193779 0.18603217601776123 -0.11161760240793228
v 0.13759352266788483 0.129339799284935 -0.11161760240793228
v 0.07676338404417038 0.18386666476726532 -0.10827292501926422
v 0.13759352266788483 0.129339799284935 -0.11161760240793228
v 0.135524719953537 0.127870574593544 -0.10827292501926422
v 0.07676338404417038 0.18386666476726532 -0.10827292501926422
v 0.07676338404417038 0.18386666476726532 -0.10827292501926422
v 0.135524719953537 0.127870574593544 -0.10827292501926422
v 0.07560132443904877 0.18198607861995697 -0.10461461544036865
v 0.135524719953537 0.127870574593544 -0.10827292501926422
v 0.13372811675071716 0.1265946626663208 -0.10461461544036865
v 0.07560132443904877 0.18198607861995697 -0.10461461544036865
v 0.07560132443904877 0.18198607861995697 -0.10461461544036865
v 0.13372811675071716 0.1265946626663208 -0.10461461544036865
v 0.07462994009256363 0.180414080619812 -0.10068868100643158
v 0.13372811675071716 0.1265946626663208 -0.10461461544036865
v 0.13222631812095642 0.12552811205387115 -0.10068868100643158
v 0.07462994009256363 0.180414080619812 -0.10068868100643158
v 0.07462994009256363 0.180414080619812 -0.10068868100643158
v 0.13222631812095642 0.12552811205387115 -0.10068868100643158
v 0.07386145740747452 0.1791704148054123 -0.09654449485242367
v 0.13222631812095642 0.12552811205387115 -0.10068868100643158
v 0.13103820383548737 0.12468433380126953 -0.09654449485242367
v 0.07386145740747452 0.1791704148054123 -0.09654449485242367
v 0.07386145740747452 0.1791704148054123 -0.09654449485242367
v 0.13103820383548737 0.12468433380126953 -0.09654449485242367
v 0.07330552488565445 0.17827074229717255 -0.09223416913300753
v 0.13103820383548737 0.12468433380126953 -0.09654449485242367
v 0.13017871975898743 0.12407393753528595 -0.09223416913300753
v 0.07330552488565445 0.17827074229717255 -0.09223416913300753
v 0.07330552488565445 0.17827074229717255 -0.09223416913300753
v 0.13017871975898743 0.12407393753528595 -0.09223416913300753
v 0.07296914607286453 0.1777263730764389 -0.08781191101297736
v 0.13017871975898743 0.12407393753528595 -0.09223416913300753
v 0.12965866923332214 0.12370461225509644 -0.08781191101297736
v 0.07296914607286453 0.1777263730764389 -0.08781191101297736
v 0.07296914607286453 0.1777263730764389 -0.08781191101297736
v 0.12965866923332214 0.12370461225509644 -0.08781191101297736
v 0.07285655289888382 0.17754416167736053 -0.0833333320915699
v 0.12965866923332214 0.12370461225509644 -0.08781191101297736
v 0.12948457896709442 0.12358097732067108 -0.0833333320915699
v 0.07285655289888382 0.17754416167736053 -0.0833333320915699
v 0.07285655289888382 0.17754416167736053 -0.0833333320915699
v 0.12948457896709442 0.12358097732067108 -0.0833333320915699
v 0.07285655289888382 0.17754416167736053 0.0833333395421505
v 0.12948457896709442 0.12358097732067108 -0.0833333320915699
v 0.12948457896709442 0.12358097732067108 0.0833333395421505
v 0.07285655289888382 0.17754416167736053 0.0833333395421505
v 0.07285655289888382 0.17754416167736053 0.0833333395421505
v 0.12948457896709442 0.12358097732067108 0.0833333395421505
v 0.07296914607286453 0.1777263730764389 0.0878119133412838
v 0.12948457896709442 0.12358097732067108 0.0833333395421505
v 0.12965866923332214 0.12370461225509644 0.0878119133412838
v 0.07296914607286453 0.1777263730764389 0.0878119133412838
v 0.07296914607286453 0.1777263730764389 0.0878119133412838
v 0.12965866923332214 0.12370461225509644 0.0878119133412838
v 0.07330552488565445 0.17827074229717255 0.09223417565226555
v 0.12965866923332214 0.12370461225509644 0.0878119133412838
v 0.13017871975898743 0.12407393753528595 0.09223417565226555
v 0.07330552488565445 0.17827074229717255 0.09223417565226555
v 0.07330552488565445 0.17827074229717255 0.09223417565226555
v 0.13017871975898743 0.12407393753528595 0.09223417565226555
v 0.07386145740747452 0.1791704148054123 0.09654450044035912
v 0.13017871975898743 0.12407393753528595 0.09223417565226555
v 0.13103820383548737 0.12468433380126953 0.09654450044035912
v 0.07386145740747452 0.1791704148054123 0.09654450044035912
v 0.07386145740747452 0.1791704148054123 0.09654450044035912
v 0.13103820383548737 0.12468433380126953 0.09654450044035912
v 0.07462994009256363 0.180414080619812 0.10068867728114128
v 0.13103820383548737 0.12468433380126953 0.09654450044035912
v 0.13222631812095642 0.12552811205387115 0.10068867728114128
v 0.07462994009256363 0.180414080619812 0.10068867728114128
v 0.07462994009256363 0.180414080619812 0.10068867728114128
v 0.13222631812095642 0.12552811205387115 0.10068867728114128
v 0.07560132443904877 0.18198607861995697 0.10461461171507835
v 0.13222631812095642 0.12552811205387115 0.10068867728114128
v 0.13372811675071716 0.1265946626663208 0.10461461171507835
v 0.07560132443904877 0.18198607861995697 0.10461461171507835
v 0.07560132443904877 0.18198607861995697 0.10461461171507835
v 0.13372811675071716 0.1265946626663208 0.10461461171507835
v 0.07676338404417038 0.18386666476726532 0.10827292129397392
v 0.13372811675071716 0.1265946626663208 0.10461461171507835
v 0.135524719953537 0.127870574593544 0.10827292129397392
v 0.07676338404417038 0.18386666476726532 0.10827292129397392
v 0.07676338404417038 0.18386666476726532 0.10827292129397392
v 0.135524719953537 0.127870574593544 0.10827292129397392
v 0.0781015083193779 0.18603217601776123 0.11161760613322258
v 0.135524719953537 0.127870574593544 0.10827292129397392
v 0.13759352266788483 0.129339799284935 0.11161760613322258
v 0.0781015083193779 0.18603217601776123 0.11161760613322258
v 0.0781015083193779 0.18603217601776123 0.11161760613322258
v 0.13759352266788483 0.129339799284935 0.11161760613322258
v 0.07959887385368347 0.18845538794994354 0.1146066002547741
v 0.13759352266788483 0.129339799284935 0.11161760613322258
v 0.13990850746631622 0.1309838593006134 0.1146066002547741
v 0.07959887385368347 0.18845538794994354 0.1146066002547741
v 0.07959887385368347 0.18845538794994354 0.1146066002547741
v 0.13990850746631622 0.1309838593006134 0.1146066002547741
v 0.08123664557933807 0.19110582768917084 0.11720230802893639
v 0.13990850746631622 0.1309838593006134 0.1146066002547741
v 0.1424405723810196 0.13278208673000336 0.11720230802893639
v 0.08123664557933807 0.19110582768917084 0.11720230802893639
v 0.08123664557933807 0.19110582768917084 0.11720230802893639
v 0.1424405723810196 0.13278208673000336 0.11720230802893639
v 0.08299423009157181 0.19395016133785248 0.11937209591269493
v 0.1424405723810196 0.13278208673000336 0.11720230802893639
v 0.14515787363052368 0.1347118616104126 0.11937209591269493
v 0.08299423009157181 0.19395016133785248 0.11937209591269493
v 0.08299423009157181 0.19395016133785248 0.11937209591269493
v 0.14515787363052368 0.1347118616104126 0.11937209591269493
v 0.0848495215177536 0.19695261120796204 0.1210886649787426
v 0.14515787363052368 0.1347118616104126 0.11937209591269493
v 0.1480262279510498 0.13674892485141754 0.1210886649787426
v 0.0848495215177536 0.19695261120796204 0.1210886649787426
v 0.0848495215177536 0.19695261120796204 0.1210886649787426
v 0.1480262279510498 0.13674892485141754 0.1210886649787426
v 0.08677919209003448 0.2000754326581955 0.1223304532468319
v 0.1480262279510498 0.13674892485141754 0.1210886649787426
v 0.15100958943367004 0.13886764645576477 0.1223304532468319
v 0.08677919209003448 0.2000754326581955 0.1223304532468319
v 0.08677919209003448 0.2000754326581955 0.1223304532468319
v 0.15100958943367004 0.13886764645576477 0.1223304532468319
v 0.08875897526741028 0.20327934622764587 0.12308182939887047
v 0.15100958943367004 0.13886764645576477 0.1223304532468319
v 0.1540704071521759 0.14104139804840088 0.12308182939887047
v 0.08875897526741028 0.20327934622764587 0.12308182939887047
v 0.08875897526741028 0.20327934622764587 0.12308182939887047
v 0.1540704071521759 0.14104139804840088 0.12308182939887047
v 0.09076397120952606 0.2065240740776062 0.12333333119750023
v 0.1540704071521759 0.14104139804840088 0.12308182939887047
v 0.15717022120952606 0.14324282109737396 0.12333333119750023
v 0.09076397120952606 0.2065240740776062 0.12333333119750023
v 0.15717022120952606 0.14324282109737396 -0.12333333119750023
v 0.19732646644115448 0.05464906990528107 -0.12333333119750023
v 0.1540704071521759 0.14104139804840088 -0.12308182194828987
v 0.19732646644115448 0.05464906990528107 -0.12333333119750023
v 0.19362245500087738 0.05378066375851631 -0.12308182194828987
v 0.1540704071521759 0.14104139804840088 -0.12308182194828987
v 0.1540704071521759 0.14104139804840088 -0.12308182194828987
v 0.19362245500087738 0.05378066375851631 -0.12308182194828987
v 0.15100958943367004 0.13886764645576477 -0.1223304495215416
v 0.19362245500087738 0.05378066375851631 -0.12308182194828987
v 0.18996500968933105 0.05292317643761635 -0.1223304495215416
v 0.15100958943367004 0.13886764645576477 -0.1223304495215416
v 0.15100958943367004 0.13886764645576477 -0.1223304495215416
v 0.18996500968933105 0.05292317643761635 -0.1223304495215416
v 0.1480262279510498 0.13674892485141754 -0.1210886649787426
v 0.18996500968933105 0.05292317643761635 -0.1223304495215416
v 0.1864001601934433 0.052087392657995224 -0.1210886649787426
v 0.1480262279510498 0.13674892485141754 -0.1210886649787426
v 0.1480262279510498 0.13674892485141754 -0.1210886649787426
v 0.1864001601934433 0.052087392657995224 -0.1210886649787426
v 0.14515787363052368 0.1347118616104126 -0.11937208846211433
v 0.1864001601934433 0.052087392657995224 -0.1210886649787426
v 0.18297269940376282 0.0512838251888752 -0.11937208846211433
v 0.14515787363052368 0.1347118616104126 -0.11937208846211433
v 0.14515787363052368 0.1347118616104126 -0.11937208846211433
v 0.18297269940376282 0.0512838251888752 -0.11937208846211433
v 0.1424405723810196 0.13278208673000336 -0.11720230057835579
v 0.18297269940376282 0.0512838251888752 -0.11937208846211433
v 0.1797257512807846 0.0505225770175457 -0.11720230057835579
v 0.1424405723810196 0.13278208673000336 -0.11720230057835579
v 0.1424405723810196 0.13278208673000336 -0.11720230057835579
v 0.1797257512807846 0.0505225770175457 -0.11720230057835579
v 0.13990850746631622 0.1309838593006134 -0.1146065928041935
v 0.1797257512807846 0.0505225770175457 -0.11720230057835579
v 0.17670013010501862 0.049813225865364075 -0.1146065928041935
v 0.13990850746631622 0.1309838593006134 -0.1146065928041935
v 0.13990850746631622 0.1309838593006134 -0.1146065928041935
v 0.17670013010501862 0.049813225865364075 -0.1146065928041935
v 0.13759352266788483 0.129339799284935 -0.11161760240793228
v 0.17670013010501862 0.049813225865364075 -0.1146065928041935
v 0.17393390834331512 0.04916468262672424 -0.11161760240793228
v 0.13759352266788483 0.129339799284935 -0.11161760240793228
v 0.13759352266788483 0.129339799284935 -0.11161760240793228
v 0.17393390834331512 0.04916468262672424 -0.11161760240793228
v 0.135524719953537 0.127870574593544 -0.10827292501926422
v 0.17393390834331512 0.04916468262672424 -0.11161760240793228
v 0.17146186530590057 0.048585113137960434 -0.10827292501926422
v 0.135524719953537 0.127870574593544 -0.10827292501926422
v 0.135524719953537 0.127870574593544 -0.10827292501926422
v 0.17146186530590057 0.048585113137960434 -0.10827292501926422
v 0.13372811675071716 0.1265946626663208 -0.10461461544036865
v 0.17146186530590057 0.048585113137960434 -0.10827292501926422
v 0.16931508481502533 0.04808179661631584 -0.10461461544036865
v 0.13372811675071716 0.1265946626663208 -0.10461461544036865
v 0.13372811675071716 0.1265946626663208 -0.10461461544036865
v 0.16931508481502533 0.04808179661631584 -0.10461461544036865
v 0.13222631812095642 0.12552811205387115 -0.10068868100643158
v 0.16931508481502533 0.04808179661631584 -0.10461461544036865
v 0.16752055287361145 0.04766106978058815 -0.10068868100643158
v 0.13222631812095642 0.12552811205387115 -0.10068868100643158
v 0.13222631812095642 0.12552811205387115 -0.10068868100643158
v 0.16752055287361145 0.04766106978058815 -0.10068868100643158
v 0.13103820383548737 0.12468433380126953 -0.09654449485242367
v 0.16752055287361145 0.04766106978058815 -0.10068868100643158
v 0.1661008596420288 0.047328222543001175 -0.09654449485242367
v 0.13103820383548737 0.12468433380126953 -0.09654449485242367
v 0.13103820383548737 0.12468433380126953 -0.09654449485242367
v 0.1661008596420288 0.047328222543001175 -0.09654449485242367
v 0.13017871975898743 0.12407393753528595 -0.09223416913300753
v 0.1661008596420288 0.047328222543001175 -0.09654449485242367
v 0.16507384181022644 0.04708743840456009 -0.09223416913300753
v 0.13017871975898743 0.12407393753528595 -0.09223416913300753
v 0.13017871975898743 0.12407393753528595 -0.09223416913300753
v 0.16507384181022644 0.04708743840456009 -0.09223416913300753
v 0.12965866923332214 0.12370461225509644 -0.08781191101297736
v 0.16507384181022644 0.04708743840456009 -0.09223416913300753
v 0.1644524186849594 0.04694174602627754 -0.08781191101297736
v 0.12965866923332214 0.12370461225509644 -0.08781191101297736
v 0.12965866923332214 0.12370461225509644 -0.08781191101297736
v 0.1644524186849594 0.04694174602627754 -0.08781191101297736
v 0.12948457896709442 0.12358097732067108 -0.0833333320915699
v 0.1644524186849594 0.04694174602627754 -0.08781191101297736
v 0.1642443984746933 0.04689297452569008 -0.0833333320915699
v 0.12948457896709442 0.12358097732067108 -0.0833333320915699
v 0.12948457896709442 0.12358097732067108 -0.0833333320915699
v 0.1642443984746933 0.04689297452569008 -0.0833333320915699
v 0.12948457896709442 0.12358097732067108 0.0833333395421505
v 0.1642443984746933 0.04689297452569008 -0.0833333320915699
v 0.1642443984746933 0.04689297452569008 0.0833333395421505
v 0.12948457896709442 0.12358097732067108 0.0833333395421505
v 0.12948457896709442 0.12358097732067108 0.0833333395421505
v 0.1642443984746933 0.04689297452569008 0.0833333395421505
v 0.12965866923332214 0.12370461225509644 0.0878119133412838
v 0.1642443984746933 0.04689297452569008 0.0833333395421505
v 0.1644524186849594 0.04694174602627754 0.0878119133412838
v 0.12965866923332214 0.12370461225509644 0.0878119133412838
v 0.12965866923332214 0.12370461225509644 0.0878119133412838
v 0.1644524186849594 0.04694174602627754 0.0878119133412838
v 0.13017871975898743 0.12407393753528595 0.09223417565226555
v 0.1644524186849594 0.04694174602627754 0.0878119133412838
v 0.16507384181022644 0.04708743840456009 0.09223417565226555
v 0.13017871975898743 0.12407393753528595 0.09223417565226555
v 0.13017871975898743 0.12407393753528595 0.09223417565226555
v 0.16507384181022644 0.04708743840456009 0.09223417565226555
v 0.13103820383548737 0.12468433380126953 0.09654450044035912
v 0.16507384181022644 0.04708743840456009 0.09223417565226555
v 0.1661008596420288 0.047328222543001175 0.09654450044035912
v 0.13103820383548737 0.12468433380126953 0.09654450044035912
v 0.13103820383548737 0.12468433380126953 0.09654450044035912
v 0.1661008596420288 0.047328222543001175 0.09654450044035912
v 0.13222631812095642 0.12552811205387115 0.10068867728114128
v 0.1661008596420288 0.047328222543001175 0.09654450044035912
v 0.16752055287361145 0.04766106978058815 0.10068867728114128
v 0.13222631812095642 0.12552811205387115 0.10068867728114128
v 0.13222631812095642 0.12552811205387115 0.10068867728114128
v 0.16752055287361145 0.04766106978058815 0.10068867728114128
v 0.13372811675071716 0.1265946626663208 0.10461461171507835
v 0.16752055287361145 0.04766106978058815 0.10068867728114128
v 0.16931508481502533 0.04808179661631584 0.10461461171507835
v 0.13372811675071716 0.1265946626663208 0.10461461171507835
v 0.13372811675071716 0.1265946626663208 0.10461461171507835
v 0.16931508481502533 0.04808179661631584 0.10461461171507835
v 0.135524719953537 0.127870574593544 0.10827292129397392
v 0.16931508481502533 0.04808179661631584 0.10461461171507835
v 0.17146186530590057 0.048585113137960434 0.10827292129397392
v 0.135524719953537 0.127870574593544 0.10827292129397392
v 0.135524719953537 0.127870574593544 0.10827292129397392
v 0.17146186530590057 0.048585113137960434 0.10827292129397392
v 0.13759352266788483 0.129339799284935 0.11161760613322258
v 0.17146186530590057 0.048585113137960434 0.10827292129397392
v 0.17393390834331512 0.04916468262672424 0.11161760613322258
v 0.13759352266788483 0.129339799284935 0.11161760613322258
v 0.13759352266788483 0.129339799284935 0.11161760613322258
v 0.17393390834331512 0.04916468262672424 0.11161760613322258
v 0.13990850746631622 0.1309838593006134 0.1146066002547741
v 0.17393390834331512 0.04916468262672424 0.11161760613322258
v 0.17670013010501862 0.049813225865364075 0.1146066002547741
v 0.13990850746631622 0.1309838593006134 0.1146066002547741
v 0.13990850746631622 0.1309838593006134 0.1146066002547741
v 0.17670013010501862 0.049813225865364075 0.1146066002547741
v 0.1424405723810196 0.13278208673000336 0.11720230802893639
v 0.17670013010501862 0.049813225865364075 0.1146066002547741
v 0.1797257512807846 0.0505225770175457 0.11720230802893639
v 0.1424405723810196 0.13278208673000336 0.11720230802893639
v 0.1424405723810196 0.13278208673000336 0.11720230802893639
v 0.1797257512807846 0.0505225770175457 0.11720230802893639
v 0.14515787363052368 0.1347118616104126 0.11937209591269493
v 0.1797257512807846 0.0505225770175457 0.11720230802893639
v 0.18297269940376282 0.0512838251888752 0.11937209591269493
v 0.14515787363052368 0.1347118616104126 0.11937209591269493
v 0.14515787363052368 0.1347118616104126 0.11937209591269493
v 0.18297269940376282 0.0512838251888752 0.11937209591269493
v 0.1480262279510498 0.13674892485141754 0.1210886649787426
v 0.18297269940376282 0.0512838251888752 0.11937209591269493
v 0.1864001601934433 0.052087392657995224 0.1210886649787426
v 0.1480262279510498 0.13674892485141754 0.1210886649787426
v 0.1480262279510498 0.13674892485141754 0.1210886649787426
v 0.1864001601934433 0.052087392657995224 0.1210886649787426
v 0.15100958943367004 0.13886764645576477 0.1223304532468319
v 0.1864001601934433 0.052087392657995224 0.1210886649787426
v 0.18996500968933105 0.05292317643761635 0.1223304532468319
v 0.15100958943367004 0.13886764645576477 0.1223304532468319
v 0.15100958943367004 0.13886764645576477 0.1223304532468319
v 0.18996500968933105 0.05292317643761635 0.1223304532468319
v 0.1540704071521759 0.14104139804840088 0.12308182939887047
v 0.18996500968933105 0.05292317643761635 0.1223304532468319
v 0.19362245500087738 0.05378066375851631 0.12308182939887047
v 0.1540704071521759 0.14104139804840088 0.12308182939887047
v 0.1540704071521759 0.14104139804840088 0.12308182939887047
v 0.19362245500087738 0.05378066375851631 0.12308182939887047
v 0.15717022120952606 0.14324282109737396 0.12333333119750023
v 0.19362245500087738 0.05378066375851631 0.12308182939887047
v 0.19732646644115448 0.05464906990528107 0.12333333119750023
v 0.15717022120952606 0.14324282109737396 0.12333333119750023
v 0.19732646644115448 0.05464906990528107 -0.12333333119750023
v 0.20076397061347961 -0.0434759296476841 -0.12333333119750023
v 0.19362245500087738 0.05378066375851631 -0.12308182194828987
v 0.20076397061347961 -0.0434759296476841 -0.12333333119750023
v 0.19700759649276733 -0.04284975305199623 -0.12308182194828987
v 0.19362245500087738 0.05378066375851631 -0.12308182194828987
v 0.19362245500087738 0.05378066375851631 -0.12308182194828987
v 0.19700759649276733 -0.04284975305199623 -0.12308182194828987
v 0.18996500968933105 0.05292317643761635 -0.1223304495215416
v 0.19700759649276733 -0.04284975305199623 -0.12308182194828987
v 0.19329845905303955 -0.04223145171999931 -0.1223304495215416
v 0.18996500968933105 0.05292317643761635 -0.1223304495215416
v 0.18996500968933105 0.05292317643761635 -0.1223304495215416
v 0.19329845905303955 -0.04223145171999931 -0.1223304495215416
v 0.1864001601934433 0.052087392657995224 -0.1210886649787426
v 0.19329845905303955 -0.04223145171999931 -0.1223304495215416
v 0.189683198928833 -0.041628800332546234 -0.1210886649787426
v 0.1864001601934433 0.052087392657995224 -0.1210886649787426
v 0.1864001601934433 0.052087392657995224 -0.1210886649787426
v 0.189683198928833 -0.041628800332546234 -0.1210886649787426
v 0.18297269940376282 0.0512838251888752 -0.11937208846211433
v 0.189683198928833 -0.041628800332546234 -0.1210886649787426
v 0.18620729446411133 -0.04104937985539436 -0.11937208846211433
v 0.18297269940376282 0.0512838251888752 -0.11937208846211433
v 0.18297269940376282 0.0512838251888752 -0.11937208846211433
v 0.18620729446411133 -0.04104937985539436 -0.11937208846211433
v 0.1797257512807846 0.0505225770175457 -0.11720230057835579
v 0.18620729446411133 -0.04104937985539436 -0.11937208846211433
v 0.18291445076465607 -0.040500473231077194 -0.11720230057835579
v 0.1797257512807846 0.0505225770175457 -0.11720230057835579
v 0.1797257512807846 0.0505225770175457 -0.11720230057835579
v 0.18291445076465607 -0.040500473231077194 -0.11720230057835579
v 0.17670013010501862 0.049813225865364075 -0.1146065928041935
v 0.18291445076465607 -0.040500473231077194 -0.11720230057835579
v 0.17984607815742493 -0.039988983422517776 -0.1146065928041935
v 0.17670013010501862 0.049813225865364075 -0.1146065928041935
v 0.17670013010501862 0.049813225865364075 -0.1146065928041935
v 0.17984607815742493 -0.039988983422517776 -0.1146065928041935
v 0.17393390834331512 0.04916468262672424 -0.11161760240793228
v 0.17984607815742493 -0.039988983422517776 -0.1146065928041935
v 0.17704074084758759 -0.039521344006061554 -0.11161760240793228
v 0.17393390834331512 0.04916468262672424 -0.11161760240793228
v 0.17393390834331512 0.04916468262672424 -0.11161760240793228
v 0.17704074084758759 -0.039521344006061554 -0.11161760240793228
v 0.17146186530590057 0.048585113137960434 -0.10827292501926422
v 0.17704074084758759 -0.039521344006061554 -0.11161760240793228
v 0.17453375458717346 -0.0391034372150898 -0.10827292501926422
v 0.17146186530590057 0.048585113137960434 -0.10827292501926422
v 0.17146186530590057 0.048585113137960434 -0.10827292501926422
v 0.17453375458717346 -0.0391034372150898 -0.10827292501926422
v 0.16931508481502533 0.04808179661631584 -0.10461461544036865
v 0.17453375458717346 -0.0391034372150898 -0.10827292501926422
v 0.17235662043094635 -0.03874051570892334 -0.10461461544036865
v 0.16931508481502533 0.04808179661631584 -0.10461461544036865
v 0.16931508481502533 0.04808179661631584 -0.10461461544036865
v 0.17235662043094635 -0.03874051570892334 -0.10461461544036865
v 0.16752055287361145 0.04766106978058815 -0.10068868100643158
v 0.17235662043094635 -0.03874051570892334 -0.10461461544036865
v 0.17053672671318054 -0.038437146693468094 -0.10068868100643158
v 0.16752055287361145 0.04766106978058815 -0.10068868100643158
v 0.16752055287361145 0.04766106978058815 -0.10068868100643158
v 0.17053672671318054 -0.038437146693468094 -0.10068868100643158
v 0.1661008596420288 0.047328222543001175 -0.09654449485242367
v 0.17053672671318054 -0.038437146693468094 -0.10068868100643158
v 0.1690969616174698 -0.03819714114069939 -0.09654449485242367
v 0.1661008596420288 0.047328222543001175 -0.09654449485242367
v 0.1661008596420288 0.047328222543001175 -0.09654449485242367
v 0.1690969616174698 -0.03819714114069939 -0.09654449485242367
v 0.16507384181022644 0.04708743840456009 -0.09223416913300753
v 0.1690969616174698 -0.03819714114069939 -0.09654449485242367
v 0.1680554300546646 -0.03802352026104927 -0.09223416913300753
v 0.16507384181022644 0.04708743840456009 -0.09223416913300753
v 0.16507384181022644 0.04708743840456009 -0.09223416913300753
v 0.1680554300546646 -0.03802352026104927 -0.09223416913300753
v 0.1644524186849594 0.04694174602627754 -0.08781191101297736
v 0.1680554300546646 -0.03802352026104927 -0.09223416913300753
v 0.1674252152442932 -0.037918467074632645 -0.08781191101297736
v 0.1644524186849594 0.04694174602627754 -0.08781191101297736
v 0.1644524186849594 0.04694174602627754 -0.08781191101297736
v 0.1674252152442932 -0.037918467074632645 -0.08781191101297736
v 0.1642443984746933 0.04689297452569008 -0.0833333320915699
v 0.1674252152442932 -0.037918467074632645 -0.08781191101297736
v 0.1672142744064331 -0.037883300334215164 -0.0833333320915699
v 0.1642443984746933 0.04689297452569008 -0.0833333320915699
v 0.1642443984746933 0.04689297452569008 -0.0833333320915699
v 0.1672142744064331 -0.037883300334215164 -0.0833333320915699
v 0.1642443984746933 0.04689297452569008 0.0833333395421505
v 0.1672142744064331 -0.037883300334215164 -0.0833333320915699
v 0.1672142744064331 -0.037883300334215164 0.0833333395421505
v 0.1642443984746933 0.04689297452569008 0.0833333395421505
v 0.1642443984746933 0.04689297452569008 0.0833333395421505
v 0.1672142744064331 -0.037883300334215164 0.0833333395421505
v 0.1644524186849594 0.04694174602627754 0.0878119133412838
v 0.1672142744064331 -0.037883300334215164 0.0833333395421505
v 0.1674252152442932 -0.037918467074632645 0.0878119133412838
v 0.1644524186849594 0.04694174602627754 0.0878119133412838
v 0.1644524186849594 0.04694174602627754 0.0878119133412838
v 0.1674252152442932 -0.037918467074632645 0.0878119133412838
v 0.16507384181022644 0.04708743840456009 0.09223417565226555
v 0.1674252152442932 -0.037918467074632645 0.0878119133412838
v 0.1680554300546646 -0.03802352026104927 0.09223417565226555
v 0.16507384181022644 0.04708743840456009 0.09223417565226555
v 0.16507384181022644 0.04708743840456009 0.09223417565226555
v 0.1680554300546646 -0.03802352026104927 0.09223417565226555
v 0.1661008596420288 0.047328222543001175 0.09654450044035912
v 0.1680554300546646 -0.03802352026104927 0.09223417565226555
v 0.1690969616174698 -0.03819714114069939 0.09654450044035912
v 0.1661008596420288 0.047328222543001175 0.09654450044035912
v 0.1661008596420288 0.047328222543001175 0.09654450044035912
v 0.1690969616174698 -0.03819714114069939 0.09654450044035912
v 0.16752055287361145 0.04766106978058815 0.10068867728114128
v 0.1690969616174698 -0.03819714114069939 0.09654450044035912
v 0.17053672671318054 -0.038437146693468094 0.10068867728114128
v 0.16752055287361145 0.04766106978058815 0.10068867728114128
v 0.16752055287361145 0.04766106978058815 0.10068867728114128
v 0.17053672671318054 -0.038437146693468094 0.10068867728114128
v 0.16931508481502533 0.04808179661631584 0.10461461171507835
v 0.17053672671318054 -0.038437146693468094 0.10068867728114128
v 0.17235662043094635 -0.03874051570892334 0.10461461171507835
v 0.16931508481502533 0.04808179661631584 0.10461461171507835
v 0.16931508481502533 0.04808179661631584 0.10461461171507835
v 0.17235662043094635 -0.03874051570892334 0.10461461171507835
v 0.17146186530590057 0.048585113137960434 0.10827292129397392
v 0.17235662043094635 -0.03874051570892334 0.10461461171507835
v 0.17453375458717346 -0.0391034372150898 0.10827292129397392
v 0.17146186530590057 0.048585113137960434 0.10827292129397392
v 0.17146186530590057 0.048585113137960434 0.10827292129397392
v 0.17453375458717346 -0.0391034372150898 0.10827292129397392
v 0.17393390834331512 0.04916468262672424 0.11161760613322258
v 0.17453375458717346 -0.0391034372150898 0.10827292129397392
v 0.17704074084758759 -0.039521344006061554 0.11161760613322258
v 0.17393390834331512 0.04916468262672424 0.11161760613322258
v 0.17393390834331512 0.04916468262672424 0.11161760613322258
v 0.17704074084758759 -0.039521344006061554 0.11161760613322258
v 0.17670013010501862 0.049813225865364075 0.1146066002547741
v 0.17704074084758759 -0.039521344006061554 0.11161760613322258
v 0.17984607815742493 -0.039988983422517776 0.1146066002547741
v 0.17670013010501862 0.049813225865364075 0.1146066002547741
v 0.17670013010501862 0.049813225865364075 0.1146066002547741
v 0.17984607815742493 -0.039988983422517776 0.1146066002547741
v 0.1797257512807846 0.0505225770175457 0.11720230802893639
v 0.17984607815742493 -0.039988983422517776 0.1146066002547741
v 0.18291445076465607 -0.040500473231077194 0.11720230802893639
v 0.1797257512807846 0.0505225770175457 0.11720230802893639
v 0.1797257512807846 0.0505225770175457 0.11720230802893639
v 0.18291445076465607 -0.040500473231077194 0.11720230802893639
v 0.18297269940376282 0.0512838251888752 0.11937209591269493
v 0.18291445076465607 -0.040500473231077194 0.11720230802893639
v 0.18620729446411133 -0.04104937985539436 0.11937209591269493
v 0.18297269940376282 0.0512838251888752 0.11937209591269493
v 0.18297269940376282 0.0512838251888752 0.11937209591269493
v 0.18620729446411133 -0.04104937985539436 0.11937209591269493
v 0.1864001601934433 0.052087392657995224 0.1210886649787426
v 0.18620729446411133 -0.04104937985539436 0.11937209591269493
v 0.189683198928833 -0.041628800332546234 0.1210886649787426
v 0.1864001601934433 0.052087392657995224 0.1210886649787426
v 0.1864001601934433 0.052087392657995224 0.1210886649787426
v 0.189683198928833 -0.041628800332546234 0.1210886649787426
v 0.18996500968933105 0.05292317643761635 0.1223304532468319
v 0.189683198928833 -0.041628800332546234 0.1210886649787426
v 0.19329845905303955 -0.04223145171999931 0.1223304532468319
v 0.18996500968933105 0.05292317643761635 0.1223304532468319
v 0.18996500968933105 0.05292317643761635 0.1223304532468319
v 0.19329845905303955 -0.04223145171999931 0.1223304532468319
v 0.19362245500087738 0.05378066375851631 0.12308182939887047
v 0.19329845905303955 -0.04223145171999931 0.1223304532468319
v 0.19700759649276733 -0.04284975305199623 0.12308182939887047
v 0.19362245500087738 0.05378066375851631 0.12308182939887047
v 0.19362245500087738 0.05378066375851631 0.12308182939887047
v 0.19700759649276733 -0.04284975305199623 0.12308182939887047
v 0.19732646644115448 0.05464906990528107 0.12333333119750023
v 0.19700759649276733 -0.04284975305199623 0.12308182939887047
v 0.20076397061347961 -0.0434759296476841 0.12333333119750023
v 0.19732646644115448 0.05464906990528107 0.12333333119750023
v 0.20076397061347961 -0.0434759296476841 -0.12333333119750023
v 0.16513897478580475 -0.13660092651844025 -0.12333333119750023
v 0.19700759649276733 -0.04284975305199623 -0.12308182194828987
v 0.16513897478580475 -0.13660092651844025 -0.12333333119750023
v 0.16191598773002625 -0.13458044826984406 -0.12308182194828987
v 0.19700759649276733 -0.04284975305199623 -0.12308182194828987
v 0.19700759649276733 -0.04284975305199623 -0.12308182194828987
v 0.16191598773002625 -0.13458044826984406 -0.12308182194828987
v 0.19329845905303955 -0.04223145171999931 -0.1223304495215416
v 0.16191598773002625 -0.13458044826984406 -0.12308182194828987
v 0.158733531832695 -0.13258537650108337 -0.1223304495215416
v 0.19329845905303955 -0.04223145171999931 -0.1223304495215416
v 0.19329845905303955 -0.04223145171999931 -0.1223304495215416
v 0.158733531832695 -0.13258537650108337 -0.1223304495215416
v 0.189683198928833 -0.041628800332546234 -0.1210886649787426
v 0.158733531832695 -0.13258537650108337 -0.1223304495215416
v 0.1556316316127777 -0.13064080476760864 -0.1210886649787426
v 0.189683198928833 -0.041628800332546234 -0.1210886649787426
v 0.189683198928833 -0.041628800332546234 -0.1210886649787426
v 0.1556316316127777 -0.13064080476760864 -0.1210886649787426
v 0.18620729446411133 -0.04104937985539436 -0.11937208846211433
v 0.1556316316127777 -0.13064080476760864 -0.1210886649787426
v 0.15264929831027985 -0.12877118587493896 -0.11937208846211433
v 0.18620729446411133 -0.04104937985539436 -0.11937208846211433
v 0.18620729446411133 -0.04104937985539436 -0.11937208846211433
v 0.15264929831027985 -0.12877118587493896 -0.11937208846211433
v 0.18291445076465607 -0.040500473231077194 -0.11720230057835579
v 0.15264929831027985 -0.12877118587493896 -0.11937208846211433
v 0.14982402324676514 -0.12700003385543823 -0.11720230057835579
v 0.18291445076465607 -0.040500473231077194 -0.11720230057835579
v 0.18291445076465607 -0.040500473231077194 -0.11720230057835579
v 0.14982402324676514 -0.12700003385543823 -0.11720230057835579
v 0.17984607815742493 -0.039988983422517776 -0.1146065928041935
v 0.14982402324676514 -0.12700003385543823 -0.11720230057835579
v 0.14719133079051971 -0.12534961104393005 -0.1146065928041935
v 0.17984607815742493 -0.039988983422517776 -0.1146065928041935
v 0.17984607815742493 -0.039988983422517776 -0.1146065928041935
v 0.14719133079051971 -0.12534961104393005 -0.1146065928041935
v 0.17704074084758759 -0.039521344006061554 -0.11161760240793228
v 0.14719133079051971 -0.12534961104393005 -0.1146065928041935
v 0.1447843611240387 -0.12384068965911865 -0.11161760240793228
v 0.17704074084758759 -0.039521344006061554 -0.11161760240793228
v 0.17704074084758759 -0.039521344006061554 -0.11161760240793228
v 0.1447843611240387 -0.12384068965911865 -0.11161760240793228
v 0.17453375458717346 -0.0391034372150898 -0.10827292501926422
v 0.1447843611240387 -0.12384068965911865 -0.11161760240793228
v 0.1426333487033844 -0.1224922239780426 -0.10827292501926422
v 0.17453375458717346 -0.0391034372150898 -0.10827292501926422
v 0.17453375458717346 -0.0391034372150898 -0.10827292501926422
v 0.1426333487033844 -0.1224922239780426 -0.10827292501926422
v 0.17235662043094635 -0.03874051570892334 -0.10461461544036865
v 0.1426333487033844 -0.1224922239780426 -0.10827292501926422
v 0.14076535403728485 -0.1213211938738823 -0.10461461544036865
v 0.17235662043094635 -0.03874051570892334 -0.10461461544036865
v 0.17235662043094635 -0.03874051570892334 -0.10461461544036865
v 0.14076535403728485 -0.1213211938738823 -0.10461461544036865
v 0.17053672671318054 -0.038437146693468094 -0.10068868100643158
v 0.14076535403728485 -0.1213211938738823 -0.10461461544036865
v 0.13920389115810394 -0.12034230679273605 -0.10068868100643158
v 0.17053672671318054 -0.038437146693468094 -0.10068868100643158
v 0.17053672671318054 -0.038437146693468094 -0.10068868100643158
v 0.13920389115810394 -0.12034230679273605 -0.10068868100643158
v 0.1690969616174698 -0.03819714114069939 -0.09654449485242367
v 0.13920389115810394 -0.12034230679273605 -0.10068868100643158
v 0.13796855509281158 -0.1195678859949112 -0.09654449485242367
v 0.1690969616174698 -0.03819714114069939 -0.09654449485242367
v 0.1690969616174698 -0.03819714114069939 -0.09654449485242367
v 0.13796855509281158 -0.1195678859949112 -0.09654449485242367
v 0.1680554300546646 -0.03802352026104927 -0.09223416913300753
v 0.13796855509281158 -0.1195678859949112 -0.09654449485242367
v 0.13707491755485535 -0.1190076619386673 -0.09223416913300753
v 0.1680554300546646 -0.03802352026104927 -0.09223416913300753
v 0.1680554300546646 -0.03802352026104927 -0.09223416913300753
v 0.13707491755485535 -0.1190076619386673 -0.09223416913300753
v 0.1674252152442932 -0.037918467074632645 -0.08781191101297736
v 0.13707491755485535 -0.1190076619386673 -0.09223416913300753
v 0.1365341991186142 -0.11866869032382965 -0.08781191101297736
v 0.1674252152442932 -0.037918467074632645 -0.08781191101297736
v 0.1674252152442932 -0.037918467074632645 -0.08781191101297736
v 0.1365341991186142 -0.11866869032382965 -0.08781191101297736
v 0.1672142744064331 -0.037883300334215164 -0.0833333320915699
v 0.1365341991186142 -0.11866869032382965 -0.08781191101297736
v 0.13635319471359253 -0.1185552179813385 -0.0833333320915699
v 0.1672142744064331 -0.037883300334215164 -0.0833333320915699
v 0.1672142744064331 -0.037883300334215164 -0.0833333320915699
v 0.13635319471359253 -0.1185552179813385 -0.0833333320915699
v 0.1672142744064331 -0.037883300334215164 0.0833333395421505
v 0.13635319471359253 -0.1185552179813385 -0.0833333320915699
v 0.13635319471359253 -0.1185552179813385 0.0833333395421505
v 0.1672142744064331 -0.037883300334215164 0.0833333395421505
v 0.1672142744064331 -0.037883300334215164 0.0833333395421505
v 0.13635319471359253 -0.1185552179813385 0.0833333395421505
v 0.1674252152442932 -0.037918467074632645 0.0878119133412838
v 0.13635319471359253 -0.1185552179813385 0.0833333395421505
v 0.1365341991186142 -0.11866869032382965 0.0878119133412838
v 0.1674252152442932 -0.037918467074632645 0.0878119133412838
v 0.1674252152442932 -0.037918467074632645 0.0878119133412838
v 0.1365341991186142 -0.11866869032382965 0.0878119133412838
v 0.1680554300546646 -0.03802352026104927 0.09223417565226555
v 0.1365341991186142 -0.11866869032382965 0.0878119133412838
v 0.13707491755485535 -0.1190076619386673 0.09223417565226555
v 0.1680554300546646 -0.03802352026104927 0.09223417565226555
v 0.1680554300546646 -0.03802352026104927 0.09223417565226555
v 0.13707491755485535 -0.1190076619386673 0.09223417565226555
v 0.1690969616174698 -0.03819714114069939 0.09654450044035912
v 0.13707491755485535 -0.1190076619386673 0.09223417565226555
v 0.13796855509281158 -0.1195678859949112 0.09654450044035912
v 0.1690969616174698 -0.03819714114069939 0.09654450044035912
v 0.1690969616174698 -0.03819714114069939 0.09654450044035912
v 0.13796855509281158 -0.1195678859949112 0.09654450044035912
v 0.17053672671318054 -0.038437146693468094 0.10068867728114128
v 0.13796855509281158 -0.1195678859949112 0.09654450044035912
v 0.13920389115810394 -0.12034230679273605 0.10068867728114128
v 0.17053672671318054 -0.038437146693468094 0.10068867728114128
v 0.17053672671318054 -0.038437146693468094 0.10068867728114128
v 0.13920389115810394 -0.12034230679273605 0.10068867728114128
v 0.17235662043094635 -0.03874051570892334 0.10461461171507835
v 0.13920389115810394 -0.12034230679273605 0.10068867728114128
v 0.14076535403728485 -0.1213211938738823 0.10461461171507835
v 0.17235662043094635 -0.03874051570892334 0.10461461171507835
v 0.17235662043094635 -0.03874051570892334 0.10461461171507835
v 0.14076535403728485 -0.1213211938738823 0.10461461171507835
v 0.17453375458717346 -0.0391034372150898 0.10827292129397392
v 0.14076535403728485 -0.1213211938738823 0.10461461171507835
v 0.1426333487033844 -0.1224922239780426 0.10827292129397392
v 0.17453375458717346 -0.0391034372150898 0.10827292129397392
v 0.17453375458717346 -0.0391034372150898 0.10827292129397392
v 0.1426333487033844 -0.1224922239780426 0.10827292129397392
v 0.17704074084758759 -0.039521344006061554 0.11161760613322258
v 0.1426333487033844 -0.1224922239780426 0.10827292129397392
v 0.1447843611240387 -0.12384068965911865 0.11161760613322258
v 0.17704074084758759 -0.039521344006061554 0.11161760613322258
v 0.17704074084758759 -0.039521344006061554 0.11161760613322258
v 0.1447843611240387 -0.12384068965911865 0.11161760613322258
v 0.17984607815742493 -0.039988983422517776 0.1146066002547741
v 0.1447843611240387 -0.12384068965911865 0.11161760613322258
v 0.14719133079051971 -0.12534961104393005 0.1146066002547741
v 0.17984607815742493 -0.039988983422517776 0.1146066002547741
v 0.17984607815742493 -0.039988983422517776 0.1146066002547741
v 0.14719133079051971 -0.12534961104393005 0.1146066002547741
v 0.18291445076465607 -0.040500473231077194 0.11720230802893639
v 0.14719133079051971 -0.12534961104393005 0.1146066002547741
v 0.14982402324676514 -0.12700003385543823 0.11720230802893639
v 0.18291445076465607 -0.040500473231077194 0.11720230802893639
v 0.18291445076465607 -0.040500473231077194 0.11720230802893639
v 0.14982402324676514 -0.12700003385543823 0.11720230802893639
v 0.18620729446411133 -0.04104937985539436 0.11937209591269493
v 0.14982402324676514 -0.12700003385543823 0.11720230802893639
v 0.15264929831027985 -0.12877118587493896 0.11937209591269493
v 0.18620729446411133 -0.04104937985539436 0.11937209591269493
v 0.18620729446411133 -0.04104937985539436 0.11937209591269493
v 0.15264929831027985 -0.12877118587493896 0.11937209591269493
v 0.189683198928833 -0.041628800332546234 0.1210886649787426
v 0.15264929831027985 -0.12877118587493896 0.11937209591269493
v 0.1556316316127777 -0.13064080476760864 0.1210886649787426
v 0.189683198928833 -0.041628800332546234 0.1210886649787426
v 0.189683198928833 -0.041628800332546234 0.1210886649787426
v 0.1556316316127777 -0.13064080476760864 0.1210886649787426
v 0.19329845905303955 -0.04223145171999931 0.1223304532468319
v 0.1556316316127777 -0.13064080476760864 0.1210886649787426
v 0.158733531832695 -0.13258537650108337 0.1223304532468319
v 0.19329845905303955 -0.04223145171999931 0.1223304532468319
v 0.19329845905303955 -0.04223145171999931 0.1223304532468319
v 0.158733531832695 -0.13258537650108337 0.1223304532468319
v 0.19700759649276733 -0.04284975305199623 0.12308182939887047
v 0.158733531832695 -0.13258537650108337 0.1223304532468319
v 0.16191598773002625 -0.13458044826984406 0.12308182939887047
v 0.19700759649276733 -0.04284975305199623 0.12308182939887047
v 0.19700759649276733 -0.04284975305199623 0.12308182939887047
v 0.16191598773002625 -0.13458044826984406 0.12308182939887047
v 0.20076397061347961 -0.0434759296476841 0.12333333119750023
v 0.16191598773002625 -0.13458044826984406 0.12308182939887047
v 0.16513897478580475 -0.13660092651844025 0.12333333119750023
v 0.20076397061347961 -0.0434759296476841 0.12333333119750023
v 0.16513897478580475 -0.13660092651844025 -0.12333333119750023
v 0.09888896346092224 -0.20706968009471893 -0.12333333119750023
v 0.16191598773002625 -0.13458044826984406 -0.12308182194828987
v 0.09888896346092224 -0.20706968009471893 -0.12333333119750023
v 0.096687912940979 -0.20396220684051514 -0.12308182194828987
v 0.16191598773002625 -0.13458044826984406 -0.12308182194828987
v 0.16191598773002625 -0.13458044826984406 -0.12308182194828987
v 0.096687912940979 -0.20396220684051514 -0.12308182194828987
v 0.158733531832695 -0.13258537650108337 -0.1223304495215416
v 0.096687912940979 -0.20396220684051514 -0.12308182194828987
v 0.09451453387737274 -0.2008938044309616 -0.1223304495215416
v 0.158733531832695 -0.13258537650108337 -0.1223304495215416
v 0.158733531832695 -0.13258537650108337 -0.1223304495215416
v 0.09451453387737274 -0.2008938044309616 -0.1223304495215416
v 0.1556316316127777 -0.13064080476760864 -0.1210886649787426
v 0.09451453387737274 -0.2008938044309616 -0.1223304495215416
v 0.09239615499973297 -0.19790306687355042 -0.1210886649787426
v 0.1556316316127777 -0.13064080476760864 -0.1210886649787426
v 0.1556316316127777 -0.13064080476760864 -0.1210886649787426
v 0.09239615499973297 -0.19790306687355042 -0.1210886649787426
v 0.15264929831027985 -0.12877118587493896 -0.11937208846211433
v 0.09239615499973297 -0.19790306687355042 -0.1210886649787426
v 0.09035943448543549 -0.19502761960029602 -0.11937208846211433
v 0.15264929831027985 -0.12877118587493896 -0.11937208846211433
v 0.15264929831027985 -0.12877118587493896 -0.11937208846211433
v 0.09035943448543549 -0.19502761960029602 -0.11937208846211433
v 0.14982402324676514 -0.12700003385543823 -0.11720230057835579
v 0.09035943448543549 -0.19502761960029602 -0.11937208846211433
v 0.08842998743057251 -0.1923035830259323 -0.11720230057835579
v 0.14982402324676514 -0.12700003385543823 -0.11720230057835579
v 0.14982402324676514 -0.12700003385543823 -0.11720230057835579
v 0.08842998743057251 -0.1923035830259323 -0.11720230057835579
v 0.14719133079051971 -0.12534961104393005 -0.1146065928041935
v 0.08842998743057251 -0.1923035830259323 -0.11720230057835579
v 0.08663205802440643 -0.18976525962352753 -0.1146065928041935
v 0.14719133079051971 -0.12534961104393005 -0.1146065928041935
v 0.14719133079051971 -0.12534961104393005 -0.1146065928041935
v 0.08663205802440643 -0.18976525962352753 -0.1146065928041935
v 0.1447843611240387 -0.12384068965911865 -0.11161760240793228
v 0.08663205802440643 -0.18976525962352753 -0.1146065928041935
v 0.08498826622962952 -0.1874445378780365 -0.11161760240793228
v 0.1447843611240387 -0.12384068965911865 -0.11161760240793228
v 0.1447843611240387 -0.12384068965911865 -0.11161760240793228
v 0.08498826622962952 -0.1874445378780365 -0.11161760240793228
v 0.1426333487033844 -0.1224922239780426 -0.10827292501926422
v 0.08498826622962952 -0.1874445378780365 -0.11161760240793228
v 0.08351928740739822 -0.18537062406539917 -0.10827292501926422
v 0.1426333487033844 -0.1224922239780426 -0.10827292501926422
v 0.1426333487033844 -0.1224922239780426 -0.10827292501926422
v 0.08351928740739822 -0.18537062406539917 -0.10827292501926422
v 0.14076535403728485 -0.1213211938738823 -0.10461461544036865
v 0.08351928740739822 -0.18537062406539917 -0.10827292501926422
v 0.08224359154701233 -0.18356958031654358 -0.10461461544036865
v 0.14076535403728485 -0.1213211938738823 -0.10461461544036865
v 0.14076535403728485 -0.1213211938738823 -0.10461461544036865
v 0.08224359154701233 -0.18356958031654358 -0.10461461544036865
v 0.13920389115810394 -0.12034230679273605 -0.10068868100643158
v 0.08224359154701233 -0.18356958031654358 -0.10461461544036865
v 0.08117721974849701 -0.18206407129764557 -0.10068868100643158
v 0.13920389115810394 -0.12034230679273605 -0.10068868100643158
v 0.13920389115810394 -0.12034230679273605 -0.10068868100643158
v 0.08117721974849701 -0.18206407129764557 -0.10068868100643158
v 0.13796855509281158 -0.1195678859949112 -0.09654449485242367
v 0.08117721974849701 -0.18206407129764557 -0.10068868100643158
v 0.08033358305692673 -0.18087300658226013 -0.09654449485242367
v 0.13796855509281158 -0.1195678859949112 -0.09654449485242367
v 0.13796855509281158 -0.1195678859949112 -0.09654449485242367
v 0.08033358305692673 -0.18087300658226013 -0.09654449485242367
v 0.13707491755485535 -0.1190076619386673 -0.09223416913300753
v 0.08033358305692673 -0.18087300658226013 -0.09654449485242367
v 0.0797232910990715 -0.18001139163970947 -0.09223416913300753
v 0.13707491755485535 -0.1190076619386673 -0.09223416913300753
v 0.13707491755485535 -0.1190076619386673 -0.09223416913300753
v 0.0797232910990715 -0.18001139163970947 -0.09223416913300753
v 0.1365341991186142 -0.11866869032382965 -0.08781191101297736
v 0.0797232910990715 -0.18001139163970947 -0.09223416913300753
v 0.07935401797294617 -0.17949005961418152 -0.08781191101297736
v 0.1365341991186142 -0.11866869032382965 -0.08781191101297736
v 0.1365341991186142 -0.11866869032382965 -0.08781191101297736
v 0.07935401797294617 -0.17949005961418152 -0.08781191101297736
v 0.13635319471359253 -0.1185552179813385 -0.0833333320915699
v 0.07935401797294617 -0.17949005961418152 -0.08781191101297736
v 0.0792304128408432 -0.17931553721427917 -0.0833333320915699
v 0.13635319471359253 -0.1185552179813385 -0.0833333320915699
v 0.13635319471359253 -0.1185552179813385 -0.0833333320915699
v 0.0792304128408432 -0.17931553721427917 -0.0833333320915699
v 0.13635319471359253 -0.1185552179813385 0.0833333395421505
v 0.0792304128408432 -0.17931553721427917 -0.0833333320915699
v 0.0792304128408432 -0.17931553721427917 0.0833333395421505
v 0.13635319471359253 -0.1185552179813385 0.0833333395421505
v 0.13635319471359253 -0.1185552179813385 0.0833333395421505
v 0.0792304128408432 -0.17931553721427917 0.0833333395421505
v 0.1365341991186142 -0.11866869032382965 0.0878119133412838
v 0.0792304128408432 -0.17931553721427917 0.0833333395421505
v 0.07935401797294617 -0.17949005961418152 0.0878119133412838
v 0.1365341991186142 -0.11866869032382965 0.0878119133412838
v 0.1365341991186142 -0.11866869032382965 0.0878119133412838
v 0.07935401797294617 -0.17949005961418152 0.0878119133412838
v 0.13707491755485535 -0.1190076619386673 0.09223417565226555
v 0.07935401797294617 -0.17949005961418152 0.0878119133412838
v 0.0797232910990715 -0.18001139163970947 0.09223417565226555
v 0.13707491755485535 -0.1190076619386673 0.09223417565226555
v 0.13707491755485535 -0.1190076619386673 0.09223417565226555
v 0.0797232910990715 -0.18001139163970947 0.09223417565226555
v 0.13796855509281158 -0.1195678859949112 0.09654450044035912
v 0.0797232910990715 -0.18001139163970947 0.09223417565226555
v 0.08033358305692673 -0.18087300658226013 0.09654450044035912
v 0.13796855509281158 -0.1195678859949112 0.09654450044035912
v 0.13796855509281158 -0.1195678859949112 0.09654450044035912
v 0.08033358305692673 -0.18087300658226013 0.09654450044035912
v 0.13920389115810394 -0.12034230679273605 0.10068867728114128
v 0.08033358305692673 -0.18087300658226013 0.09654450044035912
v 0.08117721974849701 -0.18206407129764557 0.10068867728114128
v 0.13920389115810394 -0.12034230679273605 0.10068867728114128
v 0.13920389115810394 -0.12034230679273605 0.10068867728114128
v 0.08117721974849701 -0.18206407129764557 0.10068867728114128
v 0.14076535403728485 -0.1213211938738823 0.10461461171507835
v 0.08117721974849701 -0.18206407129764557 0.10068867728114128
v 0.08224359154701233 -0.18356958031654358 0.10461461171507835
v 0.14076535403728485 -0.1213211938738823 0.10461461171507835
v 0.14076535403728485 -0.1213211938738823 0.10461461171507835
v 0.08224359154701233 -0.18356958031654358 0.10461461171507835
v 0.1426333487033844 -0.1224922239780426 0.10827292129397392
v 0.08224359154701233 -0.18356958031654358 0.10461461171507835
v 0.08351928740739822 -0.18537062406539917 0.10827292129397392
v 0.1426333487033844 -0.1224922239780426 0.10827292129397392
v 0.1426333487033844 -0.1224922239780426 0.10827292129397392
v 0.08351928740739822 -0.18537062406539917 0.10827292129397392
v 0.1447843611240387 -0.12384068965911865 0.11161760613322258
v 0.08351928740739822 -0.18537062406539917 0.10827292129397392
v 0.08498826622962952 -0.1874445378780365 0.11161760613322258
v 0.1447843611240387 -0.12384068965911865 0.11161760613322258
v 0.1447843611240387 -0.12384068965911865 0.11161760613322258
v 0.08498826622962952 -0.1874445378780365 0.11161760613322258
v 0.14719133079051971 -0.12534961104393005 0.1146066002547741
v 0.08498826622962952 -0.1874445378780365 0.11161760613322258
v 0.08663205802440643 -0.18976525962352753 0.1146066002547741
v 0.14719133079051971 -0.12534961104393005 0.1146066002547741
v 0.14719133079051971 -0.12534961104393005 0.1146066002547741
v 0.08663205802440643 -0.18976525962352753 0.1146066002547741
v 0.14982402324676514 -0.12700003385543823 0.11720230802893639
v 0.08663205802440643 -0.18976525962352753 0.1146066002547741
v 0.08842998743057251 -0.1923035830259323 0.11720230802893639
v 0.14982402324676514 -0.12700003385543823 0.11720230802893639
v 0.14982402324676514 -0.12700003385543823 0.11720230802893639
v 0.08842998743057251 -0.1923035830259323 0.11720230802893639
v 0.15264929831027985 -0.12877118587493896 0.11937209591269493
v 0.08842998743057251 -0.1923035830259323 0.11720230802893639
v 0.09035943448543549 -0.19502761960029602 0.11937209591269493
v 0.15264929831027985 -0.12877118587493896 0.11937209591269493
v 0.15264929831027985 -0.12877118587493896 0.11937209591269493
v 0.09035943448543549 -0.19502761960029602 0.11937209591269493
v 0.1556316316127777 -0.13064080476760864 0.1210886649787426
v 0.09035943448543549 -0.19502761960029602 0.11937209591269493
v 0.09239615499973297 -0.19790306687355042 0.1210886649787426
v 0.1556316316127777 -0.13064080476760864 0.1210886649787426
v 0.1556316316127777 -0.13064080476760864 0.1210886649787426
v 0.09239615499973297 -0.19790306687355042 0.1210886649787426
v 0.158733531832695 -0.13258537650108337 0.1223304532468319
v 0.09239615499973297 -0.19790306687355042 0.1210886649787426
v 0.09451453387737274 -0.2008938044309616 0.1223304532468319
v 0.158733531832695 -0.13258537650108337 0.1223304532468319
v 0.158733531832695 -0.13258537650108337 0.1223304532468319
v 0.09451453387737274 -0.2008938044309616 0.1223304532468319
v 0.16191598773002625 -0.13458044826984406 0.12308182939887047
v 0.09451453387737274 -0.2008938044309616 0.1223304532468319
v 0.096687912940979 -0.20396220684051514 0.12308182939887047
v 0.16191598773002625 -0.13458044826984406 0.12308182939887047
v 0.16191598773002625 -0.13458044826984406 0.12308182939887047
v 0.096687912940979 -0.20396220684051514 0.12308182939887047
v 0.16513897478580475 -0.13660092651844025 0.12333333119750023
v 0.096687912940979 -0.20396220684051514 0.12308182939887047
v 0.09888896346092224 -0.20706968009471893 0.12333333119750023
v 0.16513897478580475 -0.13660092651844025 0.12333333119750023
v 0.09888896346092224 -0.20706968009471893 -0.12333333119750023
v 0.015138968825340271 -0.2441009283065796 -0.12333333119750023
v 0.096687912940979 -0.20396220684051514 -0.12308182194828987
v 0.015138968825340271 -0.2441009283065796 -0.12333333119750023
v 0.014317553490400314 -0.24038341641426086 -0.12308182194828987
v 0.096687912940979 -0.20396220684051514 -0.12308182194828987
v 0.096687912940979 -0.20396220684051514 -0.12308182194828987
v 0.014317553490400314 -0.24038341641426086 -0.12308182194828987
v 0.09451453387737274 -0.2008938044309616 -0.1223304495215416
v 0.014317553490400314 -0.24038341641426086 -0.12308182194828987
v 0.013506468385457993 -0.23671266436576843 -0.1223304495215416
v 0.09451453387737274 -0.2008938044309616 -0.1223304495215416
v 0.09451453387737274 -0.2008938044309616 -0.1223304495215416
v 0.013506468385457993 -0.23671266436576843 -0.1223304495215416
v 0.09239615499973297 -0.19790306687355042 -0.1210886649787426
v 0.013506468385457993 -0.23671266436576843 -0.1223304495215416
v 0.012715913355350494 -0.23313482105731964 -0.1210886649787426
v 0.09239615499973297 -0.19790306687355042 -0.1210886649787426
v 0.09239615499973297 -0.19790306687355042 -0.1210886649787426
v 0.012715913355350494 -0.23313482105731964 -0.1210886649787426
v 0.09035943448543549 -0.19502761960029602 -0.11937208846211433
v 0.012715913355350494 -0.23313482105731964 -0.1210886649787426
v 0.011955827474594116 -0.2296948879957199 -0.11937208846211433
v 0.09035943448543549 -0.19502761960029602 -0.11937208846211433
v 0.09035943448543549 -0.19502761960029602 -0.11937208846211433
v 0.011955827474594116 -0.2296948879957199 -0.11937208846211433
v 0.08842998743057251 -0.1923035830259323 -0.11720230057835579
v 0.011955827474594116 -0.2296948879957199 -0.11937208846211433
v 0.01123577356338501 -0.22643610835075378 -0.11720230057835579
v 0.08842998743057251 -0.1923035830259323 -0.11720230057835579
v 0.08842998743057251 -0.1923035830259323 -0.11720230057835579
v 0.01123577356338501 -0.22643610835075378 -0.11720230057835579
v 0.08663205802440643 -0.18976525962352753 -0.1146065928041935
v 0.01123577356338501 -0.22643610835075378 -0.11720230057835579
v 0.010564804077148438 -0.22339947521686554 -0.1146065928041935
v 0.08663205802440643 -0.18976525962352753 -0.1146065928041935
v 0.08663205802440643 -0.18976525962352753 -0.1146065928041935
v 0.010564804077148438 -0.22339947521686554 -0.1146065928041935
v 0.08498826622962952 -0.1874445378780365 -0.11161760240793228
v 0.010564804077148438 -0.22339947521686554 -0.1146065928041935
v 0.009951356798410416 -0.220623180270195 -0.11161760240793228
v 0.08498826622962952 -0.1874445378780365 -0.11161760240793228
v 0.08498826622962952 -0.1874445378780365 -0.11161760240793228
v 0.009951356798410416 -0.220623180270195 -0.11161760240793228
v 0.08351928740739822 -0.18537062406539917 -0.10827292501926422
v 0.009951356798410416 -0.220623180270195 -0.11161760240793228
v 0.009403146803379059 -0.21814212203025818 -0.10827292501926422
v 0.08351928740739822 -0.18537062406539917 -0.10827292501926422
v 0.08351928740739822 -0.18537062406539917 -0.10827292501926422
v 0.009403146803379059 -0.21814212203025818 -0.10827292501926422
v 0.08224359154701233 -0.18356958031654358 -0.10461461544036865
v 0.009403146803379059 -0.21814212203025818 -0.10827292501926422
v 0.00892706960439682 -0.21598751842975616 -0.10461461544036865
v 0.08224359154701233 -0.18356958031654358 -0.10461461544036865
v 0.08224359154701233 -0.18356958031654358 -0.10461461544036865
v 0.00892706960439682 -0.21598751842975616 -0.10461461544036865
v 0.08117721974849701 -0.18206407129764557 -0.10068868100643158
v 0.00892706960439682 -0.21598751842975616 -0.10461461544036865
v 0.00852910801768303 -0.21418645977973938 -0.10068868100643158
v 0.08117721974849701 -0.18206407129764557 -0.10068868100643158
v 0.08117721974849701 -0.18206407129764557 -0.10068868100643158
v 0.00852910801768303 -0.21418645977973938 -0.10068868100643158
v 0.08033358305692673 -0.18087300658226013 -0.09654449485242367
v 0.00852910801768303 -0.21418645977973938 -0.10068868100643158
v 0.008214272558689117 -0.21276159584522247 -0.09654449485242367
v 0.08033358305692673 -0.18087300658226013 -0.09654449485242367
v 0.08033358305692673 -0.18087300658226013 -0.09654449485242367
v 0.008214272558689117 -0.21276159584522247 -0.09654449485242367
v 0.0797232910990715 -0.18001139163970947 -0.09223416913300753
v 0.008214272558689117 -0.21276159584522247 -0.09654449485242367
v 0.007986515760421753 -0.21173082292079926 -0.09223416913300753
v 0.0797232910990715 -0.18001139163970947 -0.09223416913300753
v 0.0797232910990715 -0.18001139163970947 -0.09223416913300753
v 0.007986515760421753 -0.21173082292079926 -0.09223416913300753
v 0.07935401797294617 -0.17949005961418152 -0.08781191101297736
v 0.007986515760421753 -0.21173082292079926 -0.09223416913300753
v 0.00784870982170105 -0.21110714972019196 -0.08781191101297736
v 0.07935401797294617 -0.17949005961418152 -0.08781191101297736
v 0.07935401797294617 -0.17949005961418152 -0.08781191101297736
v 0.00784870982170105 -0.21110714972019196 -0.08781191101297736
v 0.0792304128408432 -0.17931553721427917 -0.0833333320915699
v 0.00784870982170105 -0.21110714972019196 -0.08781191101297736
v 0.007802579551935196 -0.21089836955070496 -0.0833333320915699
v 0.0792304128408432 -0.17931553721427917 -0.0833333320915699
v 0.0792304128408432 -0.17931553721427917 -0.0833333320915699
v 0.007802579551935196 -0.21089836955070496 -0.0833333320915699
v 0.0792304128408432 -0.17931553721427917 0.0833333395421505
v 0.007802579551935196 -0.21089836955070496 -0.0833333320915699
v 0.007802579551935196 -0.21089836955070496 0.0833333395421505
v 0.0792304128408432 -0.17931553721427917 0.0833333395421505
v 0.0792304128408432 -0.17931553721427917 0.0833333395421505
v 0.007802579551935196 -0.21089836955070496 0.0833333395421505
v 0.07935401797294617 -0.17949005961418152 0.0878119133412838
v 0.007802579551935196 -0.21089836955070496 0.0833333395421505
v 0.00784870982170105 -0.21110714972019196 0.0878119133412838
v 0.07935401797294617 -0.17949005961418152 0.0878119133412838
v 0.07935401797294617 -0.17949005961418152 0.0878119133412838
v 0.00784870982170105 -0.21110714972019196 0.0878119133412838
v 0.0797232910990715 -0.18001139163970947 0.09223417565226555
v 0.00784870982170105 -0.21110714972019196 0.0878119133412838
v 0.007986515760421753 -0.21173082292079926 0.09223417565226555
v 0.0797232910990715 -0.18001139163970947 0.09223417565226555
v 0.0797232910990715 -0.18001139163970947 0.09223417565226555
v 0.007986515760421753 -0.21173082292079926 0.09223417565226555
v 0.08033358305692673 -0.18087300658226013 0.09654450044035912
v 0.007986515760421753 -0.21173082292079926 0.09223417565226555
v 0.008214272558689117 -0.21276159584522247 0.09654450044035912
v 0.08033358305692673 -0.18087300658226013 0.09654450044035912
v 0.08033358305692673 -0.18087300658226013 0.09654450044035912
v 0.008214272558689117 -0.21276159584522247 0.09654450044035912
v 0.08117721974849701 -0.18206407129764557 0.10068867728114128
v 0.008214272558689117 -0.21276159584522247 0.09654450044035912
v 0.00852910801768303 -0.21418645977973938 0.10068867728114128
v 0.08117721974849701 -0.18206407129764557 0.10068867728114128
v 0.08117721974849701 -0.18206407129764557 0.10068867728114128
v 0.00852910801768303 -0.21418645977973938 0.10068867728114128
v 0.08224359154701233 -0.18356958031654358 0.10461461171507835
v 0.00852910801768303 -0.21418645977973938 0.10068867728114128
v 0.00892706960439682 -0.21598751842975616 0.10461461171507835
v 0.08224359154701233 -0.18356958031654358 0.10461461171507835
v 0.08224359154701233 -0.18356958031654358 0.10461461171507835
v 0.00892706960439682 -0.21598751842975616 0.10461461171507835
v 0.08351928740739822 -0.18537062406539917 0.10827292129397392
v 0.00892706960439682 -0.21598751842975616 0.10461461171507835
v 0.009403146803379059 -0.21814212203025818 0.10827292129397392
v 0.08351928740739822 -0.18537062406539917 0.10827292129397392
v 0.08351928740739822 -0.18537062406539917 0.10827292129397392
v 0.009403146803379059 -0.21814212203025818 0.10827292129397392
v 0.08498826622962952 -0.1874445378780365 0.11161760613322258
v 0.009403146803379059 -0.21814212203025818 0.10827292129397392
v 0.009951356798410416 -0.220623180270195 0.11161760613322258
v 0.08498826622962952 -0.1874445378780365 0.11161760613322258
v 0.08498826622962952 -0.1874445378780365 0.11161760613322258
v 0.009951356798410416 -0.220623180270195 0.11161760613322258
v 0.08663205802440643 -0.18976525962352753 0.1146066002547741
v 0.009951356798410416 -0.220623180270195 0.11161760613322258
v 0.010564804077148438 -0.22339947521686554 0.1146066002547741
v 0.08663205802440643 -0.18976525962352753 0.1146066002547741
v 0.08663205802440643 -0.18976525962352753 0.1146066002547741
v 0.010564804077148438 -0.22339947521686554 0.1146066002547741
v 0.08842998743057251 -0.1923035830259323 0.11720230802893639
v 0.010564804077148438 -0.22339947521686554 0.1146066002547741
v 0.01123577356338501 -0.22643610835075378 0.11720230802893639
v 0.08842998743057251 -0.1923035830259323 0.11720230802893639
v 0.08842998743057251 -0.1923035830259323 0.11720230802893639
v 0.01123577356338501 -0.22643610835075378 0.11720230802893639
v 0.09035943448543549 -0.19502761960029602 0.11937209591269493
v 0.01123577356338501 -0.22643610835075378 0.11720230802893639
v 0.011955827474594116 -0.2296948879957199 0.11937209591269493
v 0.09035943448543549 -0.19502761960029602 0.11937209591269493
v 0.09035943448543549 -0.19502761960029602 0.11937209591269493
v 0.011955827474594116 -0.2296948879957199 0.11937209591269493
v 0.09239615499973297 -0.19790306687355042 0.1210886649787426
v 0.011955827474594116 -0.2296948879957199 0.11937209591269493
v 0.012715913355350494 -0.23313482105731964 0.1210886649787426
v 0.09239615499973297 -0.19790306687355042 0.1210886649787426
v 0.09239615499973297 -0.19790306687355042 0.1210886649787426
v 0.012715913355350494 -0.23313482105731964 0.1210886649787426
v 0.09451453387737274 -0.2008938044309616 0.1223304532468319
v 0.012715913355350494 -0.23313482105731964 0.1210886649787426
v 0.013506468385457993 -0.23671266436576843 0.1223304532468319
v 0.09451453387737274 -0.2008938044309616 0.1223304532468319
v 0.09451453387737274 -0.2008938044309616 0.1223304532468319
v 0.013506468385457993 -0.23671266436576843 0.1223304532468319
v 0.096687912940979 -0.20396220684051514 0.12308182939887047
v 0.013506468385457993 -0.23671266436576843 0.1223304532468319
v 0.014317553490400314 -0.24038341641426086 0.12308182939887047
v 0.096687912940979 -0.20396220684051514 0.12308182939887047
v 0.096687912940979 -0.20396220684051514 0.12308182939887047
v 0.014317553490400314 -0.24038341641426086 0.12308182939887047
v 0.09888896346092224 -0.20706968009471893 0.12333333119750023
v 0.014317553490400314 -0.24038341641426086 0.12308182939887047
v 0.015138968825340271 -0.2441009283065796 0.12333333119750023
v 0.09888896346092224 -0.20706968009471893 0.12333333119750023
v 0.015138968825340271 -0.2441009283065796 -0.12333333119750023
v -0.07720477879047394 -0.24581968784332275 -0.12333333119750023
v 0.014317553490400314 -0.24038341641426086 -0.12308182194828987
v -0.07720477879047394 -0.24581968784332275 -0.12333333119750023
v -0.07655075192451477 -0.24207471311092377 -0.12308182194828987
v 0.014317553490400314 -0.24038341641426086 -0.12308182194828987
v 0.014317553490400314 -0.24038341641426086 -0.12308182194828987
v -0.07655075192451477 -0.24207471311092377 -0.12308182194828987
v 0.013506468385457993 -0.23671266436576843 -0.1223304495215416
v -0.07655075192451477 -0.24207471311092377 -0.12308182194828987
v -0.07590494677424431 -0.23837684094905853 -0.1223304495215416
v 0.013506468385457993 -0.23671266436576843 -0.1223304495215416
v 0.013506468385457993 -0.23671266436576843 -0.1223304495215416
v -0.07590494677424431 -0.23837684094905853 -0.1223304495215416
v 0.012715913355350494 -0.23313482105731964 -0.1210886649787426
v -0.07590494677424431 -0.23837684094905853 -0.1223304495215416
v -0.0752754844725132 -0.23477256298065186 -0.1210886649787426
v 0.012715913355350494 -0.23313482105731964 -0.1210886649787426
v 0.012715913355350494 -0.23313482105731964 -0.1210886649787426
v -0.0752754844725132 -0.23477256298065186 -0.1210886649787426
v 0.011955827474594116 -0.2296948879957199 -0.11937208846211433
v -0.0752754844725132 -0.23477256298065186 -0.1210886649787426
v -0.07467028871178627 -0.23130720853805542 -0.11937208846211433
v 0.011955827474594116 -0.2296948879957199 -0.11937208846211433
v 0.011955827474594116 -0.2296948879957199 -0.11937208846211433
v -0.07467028871178627 -0.23130720853805542 -0.11937208846211433
v 0.01123577356338501 -0.22643610835075378 -0.11720230057835579
v -0.07467028871178627 -0.23130720853805542 -0.11937208846211433
v -0.07409696280956268 -0.22802436351776123 -0.11720230057835579
v 0.01123577356338501 -0.22643610835075378 -0.11720230057835579
v 0.01123577356338501 -0.22643610835075378 -0.11720230057835579
v -0.07409696280956268 -0.22802436351776123 -0.11720230057835579
v 0.010564804077148438 -0.22339947521686554 -0.1146065928041935
v -0.07409696280956268 -0.22802436351776123 -0.11720230057835579
v -0.07356272265315056 -0.22496530413627625 -0.1146065928041935
v 0.010564804077148438 -0.22339947521686554 -0.1146065928041935
v 0.010564804077148438 -0.22339947521686554 -0.1146065928041935
v -0.07356272265315056 -0.22496530413627625 -0.1146065928041935
v 0.009951356798410416 -0.220623180270195 -0.11161760240793228
v -0.07356272265315056 -0.22496530413627625 -0.1146065928041935
v -0.07307428121566772 -0.22216849029064178 -0.11161760240793228
v 0.009951356798410416 -0.220623180270195 -0.11161760240793228
v 0.009951356798410416 -0.220623180270195 -0.11161760240793228
v -0.07307428121566772 -0.22216849029064178 -0.11161760240793228
v 0.009403146803379059 -0.21814212203025818 -0.10827292501926422
v -0.07307428121566772 -0.22216849029064178 -0.11161760240793228
v -0.07263778522610664 -0.21966911852359772 -0.10827292501926422
v 0.009403146803379059 -0.21814212203025818 -0.10827292501926422
v 0.009403146803379059 -0.21814212203025818 -0.10827292501926422
v -0.07263778522610664 -0.21966911852359772 -0.10827292501926422
v 0.00892706960439682 -0.21598751842975616 -0.10461461544036865
v -0.07263778522610664 -0.21966911852359772 -0.10827292501926422
v -0.07225871831178665 -0.21749860048294067 -0.10461461544036865
v 0.00892706960439682 -0.21598751842975616 -0.10461461544036865
v 0.00892706960439682 -0.21598751842975616 -0.10461461544036865
v -0.07225871831178665 -0.21749860048294067 -0.10461461544036865
v 0.00852910801768303 -0.21418645977973938 -0.10068868100643158
v -0.07225871831178665 -0.21749860048294067 -0.10461461544036865
v -0.07194185629487038 -0.2156842201948166 -0.10068868100643158
v 0.00852910801768303 -0.21418645977973938 -0.10068868100643158
v 0.00852910801768303 -0.21418645977973938 -0.10068868100643158
v -0.07194185629487038 -0.2156842201948166 -0.10068868100643158
v 0.008214272558689117 -0.21276159584522247 -0.09654449485242367
v -0.07194185629487038 -0.2156842201948166 -0.10068868100643158
v -0.07169117406010628 -0.21424883604049683 -0.09654449485242367
v 0.008214272558689117 -0.21276159584522247 -0.09654449485242367
v 0.008214272558689117 -0.21276159584522247 -0.09654449485242367
v -0.07169117406010628 -0.21424883604049683 -0.09654449485242367
v 0.007986515760421753 -0.21173082292079926 -0.09223416913300753
v -0.07169117406010628 -0.21424883604049683 -0.09654449485242367
v -0.07150983065366745 -0.21321046352386475 -0.09223416913300753
v 0.007986515760421753 -0.21173082292079926 -0.09223416913300753
v 0.007986515760421753 -0.21173082292079926 -0.09223416913300753
v -0.07150983065366745 -0.21321046352386475 -0.09223416913300753
v 0.00784870982170105 -0.21110714972019196 -0.08781191101297736
v -0.07150983065366745 -0.21321046352386475 -0.09223416913300753
v -0.07140010222792625 -0.21258217096328735 -0.08781191101297736
v 0.00784870982170105 -0.21110714972019196 -0.08781191101297736
v 0.00784870982170105 -0.21110714972019196 -0.08781191101297736
v -0.07140010222792625 -0.21258217096328735 -0.08781191101297736
v 0.007802579551935196 -0.21089836955070496 -0.0833333320915699
v -0.07140010222792625 -0.21258217096328735 -0.08781191101297736
v -0.07136337272822857 -0.2123718559741974 -0.0833333320915699
v 0.007802579551935196 -0.21089836955070496 -0.0833333320915699
v 0.007802579551935196 -0.21089836955070496 -0.0833333320915699
v -0.07136337272822857 -0.2123718559741974 -0.0833333320915699
v 0.007802579551935196 -0.21089836955070496 0.0833333395421505
v -0.07136337272822857 -0.2123718559741974 -0.0833333320915699
v -0.07136337272822857 -0.2123718559741974 0.0833333395421505
v 0.007802579551935196 -0.21089836955070496 0.0833333395421505
v 0.007802579551935196 -0.21089836955070496 0.0833333395421505
v -0.07136337272822857 -0.2123718559741974 0.0833333395421505
v 0.00784870982170105 -0.21110714972019196 0.0878119133412838
v -0.07136337272822857 -0.2123718559741974 0.0833333395421505
v -0.07140010222792625 -0.21258217096328735 0.0878119133412838
v 0.00784870982170105 -0.21110714972019196 0.0878119133412838
v 0.00784870982170105 -0.21110714972019196 0.0878119133412838
v -0.07140010222792625 -0.21258217096328735 0.0878119133412838
v 0.007986515760421753 -0.21173082292079926 0.09223417565226555
v -0.07140010222792625 -0.21258217096328735 0.0878119133412838
v -0.07150983065366745 -0.21321046352386475 0.09223417565226555
v 0.007986515760421753 -0.21173082292079926 0.09223417565226555
v 0.007986515760421753 -0.21173082292079926 0.09223417565226555
v -0.07150983065366745 -0.21321046352386475 0.09223417565226555
v 0.008214272558689117 -0.21276159584522247 0.09654450044035912
v -0.07150983065366745 -0.21321046352386475 0.09223417565226555
v -0.07169117406010628 -0.21424883604049683 0.09654450044035912
v 0.008214272558689117 -0.21276159584522247 0.09654450044035912
v 0.008214272558689117 -0.21276159584522247 0.09654450044035912
v -0.07169117406010628 -0.21424883604049683 0.09654450044035912
v 0.00852910801768303 -0.21418645977973938 0.10068867728114128
v -0.07169117406010628 -0.21424883604049683 0.09654450044035912
v -0.07194185629487038 -0.2156842201948166 0.10068867728114128
v 0.00852910801768303 -0.21418645977973938 0.10068867728114128
v 0.00852910801768303 -0.21418645977973938 0.10068867728114128
v -0.07194185629487038 -0.2156842201948166 0.10068867728114128
v 0.00892706960439682 -0.21598751842975616 0.10461461171507835
v -0.07194185629487038 -0.2156842201948166 0.10068867728114128
v -0.07225871831178665 -0.21749860048294067 0.10461461171507835
v 0.00892706960439682 -0.21598751842975616 0.10461461171507835
v 0.00892706960439682 -0.21598751842975616 0.10461461171507835
v -0.07225871831178665 -0.21749860048294067 0.10461461171507835
v 0.009403146803379059 -0.21814212203025818 0.10827292129397392
v -0.07225871831178665 -0.21749860048294067 0.10461461171507835
v -0.07263778522610664 -0.21966911852359772 0.10827292129397392
v 0.009403146803379059 -0.21814212203025818 0.10827292129397392
v 0.009403146803379059 -0.21814212203025818 0.10827292129397392
v -0.07263778522610664 -0.21966911852359772 0.10827292129397392
v 0.009951356798410416 -0.220623180270195 0.11161760613322258
v -0.07263778522610664 -0.21966911852359772 0.10827292129397392
v -0.07307428121566772 -0.22216849029064178 0.11161760613322258
v 0.009951356798410416 -0.220623180270195 0.11161760613322258
v 0.009951356798410416 -0.220623180270195 0.11161760613322258
v -0.07307428121566772 -0.22216849029064178 0.11161760613322258
v 0.010564804077148438 -0.22339947521686554 0.1146066002547741
v -0.07307428121566772 -0.22216849029064178 0.11161760613322258
v -0.07356272265315056 -0.22496530413627625 0.1146066002547741
v 0.010564804077148438 -0.22339947521686554 0.1146066002547741
v 0.010564804077148438 -0.22339947521686554 0.1146066002547741
v -0.07356272265315056 -0.22496530413627625 0.1146066002547741
v 0.01123577356338501 -0.22643610835075378 0.11720230802893639
v -0.07356272265315056 -0.22496530413627625 0.1146066002547741
v -0.07409696280956268 -0.22802436351776123 0.11720230802893639
v 0.01123577356338501 -0.22643610835075378 0.11720230802893639
v 0.01123577356338501 -0.22643610835075378 0.11720230802893639
v -0.07409696280956268 -0.22802436351776123 0.11720230802893639
v 0.011955827474594116 -0.2296948879957199 0.11937209591269493
v -0.07409696280956268 -0.22802436351776123 0.11720230802893639
v -0.07467028871178627 -0.23130720853805542 0.11937209591269493
v 0.011955827474594116 -0.2296948879957199 0.11937209591269493
v 0.011955827474594116 -0.2296948879957199 0.11937209591269493
v -0.07467028871178627 -0.23130720853805542 0.11937209591269493
v 0.012715913355350494 -0.23313482105731964 0.1210886649787426
v -0.07467028871178627 -0.23130720853805542 0.11937209591269493
v -0.0752754844725132 -0.23477256298065186 0.1210886649787426
v 0.012715913355350494 -0.23313482105731964 0.1210886649787426
v 0.012715913355350494 -0.23313482105731964 0.1210886649787426
v -0.0752754844725132 -0.23477256298065186 0.1210886649787426
v 0.013506468385457993 -0.23671266436576843 0.1223304532468319
v -0.0752754844725132 -0.23477256298065186 0.1210886649787426
v -0.07590494677424431 -0.23837684094905853 0.1223304532468319
v 0.013506468385457993 -0.23671266436576843 0.1223304532468319
v 0.013506468385457993 -0.23671266436576843 0.1223304532468319
v -0.07590494677424431 -0.23837684094905853 0.1223304532468319
v 0.014317553490400314 -0.24038341641426086 0.12308182939887047
v -0.07590494677424431 -0.23837684094905853 0.1223304532468319
v -0.07655075192451477 -0.24207471311092377 0.12308182939887047
v 0.014317553490400314 -0.24038341641426086 0.12308182939887047
v 0.014317553490400314 -0.24038341641426086 0.12308182939887047
v -0.07655075192451477 -0.24207471311092377 0.12308182939887047
v 0.015138968825340271 -0.2441009283065796 0.12333333119750023
v -0.07655075192451477 -0.24207471311092377 0.12308182939887047
v -0.07720477879047394 -0.24581968784332275 0.12333333119750023
v 0.015138968825340271 -0.2441009283065796 0.12333333119750023
vn 0.029156731355709186 -0.015414867504716063 -0.999455985462323
vn 0.03954525264642043 -0.003597506995643567 -0.9992113044479366
vn -0.01639951775141594 0.0012770623509125794 -0.9998647033120397
vn -0.01639951775141594 0.0012770623509125794 -0.9998647033120397
vn 0.03954525264642043 -0.003597506995643567 -0.9992113044479366
vn 0.03813372575678731 0.01119914378358305 -0.9992098869298787
vn -0.059397276606624076 -0.055819936205397436 -0.9966725130421434
vn -0.09624466917131297 -0.027944473178259467 -0.9949653612437439
vn -0.01639951775141594 0.0012770623509125794 -0.9998647033120397
vn 0.02741840629183647 -0.08473717301260542 -0.9960260250145312
vn -0.021645298336517953 -0.15313373583077267 -0.9879683901878817
vn -0.04898910096861881 -0.1442846320248281 -0.9883228283044697
vn 0.12324290107943497 -0.07484634299788774 -0.9895500049382887
vn 0.10110390785488946 -0.11703354696449385 -0.9879681921506277
vn 0.02741840629183647 -0.08473717301260542 -0.9960260250145312
vn 0.029661123434165 0.008772237440681938 -0.9995215183310999
vn 0.14642821019206465 -0.05112050019768137 -0.9878995261257529
vn 0.12324290107943497 -0.07484634299788774 -0.9895500049382887
vn 0.013972112137619138 0.04335836370761329 -0.9989618773401778
vn 0.07340817790519366 0.05146796180588041 -0.995973035942333
vn 0.03821766373830462 0.01274296081667687 -0.99918818404143
vn -0.044824738704806466 0.13642408151365432 -0.9896358990978458
vn 0.0035202798919530018 0.04922395947429247 -0.9987815624265177
vn 0.013972112137619138 0.04335836370761329 -0.9989618773401778
vn -0.02347606389297592 0.008905029737246023 -0.9996847377395895
vn -0.10309068377072768 0.11269009401355884 -0.9882678046111282
vn -0.044824738704806466 0.13642408151365432 -0.9896358990978458
vn 0.029156731355709186 -0.015414867504716063 -0.999455985462323
vn -0.01639951775141594 0.0012770623509125794 -0.9998647033120397
vn -0.02347606389297592 0.008905029737246023 -0.9996847377395895
vn -0.01639951775141594 0.0012770623509125794 -0.9998647033120397
vn 0.03813372575678731 0.01119914378358305 -0.9992098869298787
vn 0.03081105737539837 0.02492832091178796 -0.9992143201335382
vn -0.008025272942462473 -0.03266313750657326 -0.999434197154783
vn -0.059397276606624076 -0.055819936205397436 -0.9966725130421434
vn -0.01639951775141594 0.0012770623509125794 -0.9998647033120397
vn 0.02741840629183647 -0.08473717301260542 -0.9960260250145312
vn -0.04898910096861881 -0.1442846320248281 -0.9883228283044697
vn -0.008025272942462473 -0.03266313750657326 -0.999434197154783
vn 0.029661123434165 0.008772237440681938 -0.9995215183310999
vn 0.12324290107943497 -0.07484634299788774 -0.9895500049382887
vn 0.02741840629183647 -0.08473717301260542 -0.9960260250145312
vn 0.013972112137619138 0.04335836370761329 -0.9989618773401778
vn 0.03821766373830462 0.01274296081667687 -0.99918818404143
vn 0.02493987608207441 0.021145699573141944 -0.9994652880268396
vn -0.02347606389297592 0.008905029737246023 -0.9996847377395895
vn -0.044824738704806466 0.13642408151365432 -0.9896358990978458
vn 0.013972112137619138 0.04335836370761329 -0.9989618773401778
vn 0.04983870639846849 -0.06552532255757007 -0.9966055064308313
vn 0.029156731355709186 -0.015414867504716063 -0.999455985462323
vn -0.02347606389297592 0.008905029737246023 -0.9996847377395895
vn -0.01639951775141594 0.0012770623509125794 -0.9998647033120397
vn 0.03081105737539837 0.02492832091178796 -0.9992143201335382
vn 0.0722732117951086 0.1218779420571709 -0.9899102737605707
vn 0.02741840629183647 -0.08473717301260542 -0.9960260250145312
vn -0.008025272942462473 -0.03266313750657326 -0.999434197154783
vn -0.01639951775141594 0.0012770623509125794 -0.9998647033120397
vn 0.02493987608207441 0.021145699573141944 -0.9994652880268396
vn 0.029661123434165 0.008772237440681938 -0.9995215183310999
vn 0.02741840629183647 -0.08473717301260542 -0.9960260250145312
vn 0.04983870639846849 -0.06552532255757007 -0.9966055064308313
vn -0.02347606389297592 0.008905029737246023 -0.9996847377395895
vn 0.013972112137619138 0.04335836370761329 -0.9989618773401778
vn 0.02741840629183647 -0.08473717301260542 -0.9960260250145312
vn -0.01639951775141594 0.0012770623509125794 -0.9998647033120397
vn 0.0722732117951086 0.1218779420571709 -0.9899102737605707
vn 0.013972112137619138 0.04335836370761329 -0.9989618773401778
vn 0.02493987608207441 0.021145699573141944 -0.9994652880268396
vn 0.02741840629183647 -0.08473717301260542 -0.9960260250145312
vn 0.024248983628269962 -0.0865916681315513 -0.9959487285012173
vn 0.04983870639846849 -0.06552532255757007 -0.9966055064308313
vn 0.013972112137619138 0.04335836370761329 -0.9989618773401778
vn 0.02741840629183647 -0.08473717301260542 -0.9960260250145312
vn 0.0722732117951086 0.1218779420571709 -0.9899102737605707
vn 0.004294570031325847 0.03947719523743348 -0.9992112427932502
vn -0.0031647494208125373 -0.039533396083432315 -0.9992132379803693
vn 0.024248983628269962 -0.0865916681315513 -0.9959487285012173
vn 0.013972112137619138 0.04335836370761329 -0.9989618773401778
vn 0.02741840629183647 -0.08473717301260542 -0.9960260250145312
vn 0.004294570031325847 0.03947719523743348 -0.9992112427932502
vn -0.01113283803822401 0.038064605919221534 -0.9992132633694517
vn -0.018400646515678007 -0.035059146143940685 -0.9992158287774783
vn -0.0031647494208125373 -0.039533396083432315 -0.9992132379803693
vn 0.013972112137619138 0.04335836370761329 -0.9989618773401778
vn 0.02741840629183647 -0.08473717301260542 -0.9960260250145312
vn -0.01113283803822401 0.038064605919221534 -0.9992132633694517
vn -0.05473347006748639 0.07101491091715743 -0.9959724542786311
vn -0.12021073759980995 -0.08989775226422221 -0.9886696984855711
vn -0.018400646515678007 -0.035059146143940685 -0.9992158287774783
vn 0.013972112137619138 0.04335836370761329 -0.9989618773401778
vn 0.02741840629183647 -0.08473717301260542 -0.9960260250145312
vn -0.05473347006748639 0.07101491091715743 -0.9959724542786311
vn -0.07785590538906347 0.044651574244357936 -0.9959642036306072
vn -0.14515105169480957 -0.037885633095750694 -0.9886838984209386
vn -0.12021073759980995 -0.08989775226422221 -0.9886696984855711
vn 0.013972112137619138 0.04335836370761329 -0.9989618773401778
vn 0.02741840629183647 -0.08473717301260542 -0.9960260250145312
vn -0.07785590538906347 0.044651574244357936 -0.9959642036306072
vn -0.032884530883268495 0.003221186359270198 -0.9994539667173403
vn -0.032884530883268495 0.003221186359270198 -0.9994539667173403
vn -0.14515105169480957 -0.037885633095750694 -0.9886838984209386
vn 0.013972112137619138 0.04335836370761329 -0.9989618773401778
vn 0.013972112137619138 0.04335836370761329 -0.9989618773401778
vn 0.02741840629183647 -0.08473717301260542 -0.9960260250145312
vn -0.032884530883268495 0.003221186359270198 -0.9994539667173403
vn -0.016405152396893496 -0.0011952032975576243 0.9998647120805454
vn 0.03875056584749327 -0.008664041602269175 0.9992113530327873
vn 0.02668027284886061 -0.019386390788178488 0.9994560174879725
vn 0.039235070036859374 0.006334038401118551 0.9992099325150526
vn 0.03875056584749327 -0.008664041602269175 0.9992113530327873
vn -0.016405152396893496 -0.0011952032975576243 0.9998647120805454
vn -0.016405152396893496 -0.0011952032975576243 0.9998647120805454
vn -0.0953226103906978 -0.030941153413531885 0.9949654491356692
vn -0.046625741573277105 -0.06685652690970746 0.996672586676444
vn -0.05178438211640174 -0.1433048569725723 0.9883228701881248
vn -0.008991259336191276 -0.1543942572820476 0.9879684056557041
vn 0.029819795765438164 -0.08392208042432399 0.9960260359035604
vn 0.029819795765438164 -0.08392208042432399 0.9960260359035604
vn 0.11037638857482106 -0.10833218766389423 0.9879682130317426
vn 0.12230016576072787 -0.07637690930685319 0.98955001752293
vn 0.12230016576072787 -0.07637690930685319 0.98955001752293
vn 0.15003246085716962 -0.039303354962868735 0.9878995429585969
vn 0.025682355955162637 0.017236599528594326 0.9995215436544044
vn 0.03874181162627165 0.011043066952345157 0.9991882318683505
vn 0.061228305619837 0.0654877206267778 0.9959731186322414
vn 0.012620606095108343 0.043770416306680715 0.9989618966497831
vn 0.012620606095108343 0.043770416306680715 0.9989618966497831
vn -0.0038975244487775857 0.04919427645881145 0.9987816240134104
vn -0.048429973628090525 0.13518589792145186 0.9896359485475218
vn -0.048429973628090525 0.13518589792145186 0.9896359485475218
vn -0.11310213908418025 0.10263803695799995 0.9882678480573932
vn -0.02403360616691725 0.0072646267126948395 0.9996847557972157
vn -0.02403360616691725 0.0072646267126948395 0.9996847557972157
vn -0.016405152396893496 -0.0011952032975576243 0.9998647120805454
vn 0.02668027284886061 -0.019386390788178488 0.9994560174879725
vn 0.03392023267072422 0.020495631081172187 0.9992143648497795
vn 0.039235070036859374 0.006334038401118551 0.9992099325150526
vn -0.016405152396893496 -0.0011952032975576243 0.9998647120805454
vn -0.016405152396893496 -0.0011952032975576243 0.9998647120805454
vn -0.046625741573277105 -0.06685652690970746 0.996672586676444
vn -0.008342181326716873 -0.03258256984513893 0.9994342320298014
vn -0.008342181326716873 -0.03258256984513893 0.9994342320298014
vn -0.05178438211640174 -0.1433048569725723 0.9883228701881248
vn 0.029819795765438164 -0.08392208042432399 0.9960260359035604
vn 0.029819795765438164 -0.08392208042432399 0.9960260359035604
vn 0.12230016576072787 -0.07637690930685319 0.98955001752293
vn 0.025682355955162637 0.017236599528594326 0.9995215436544044
vn 0.028175077556890412 0.016590402936251438 0.999465318825559
vn 0.03874181162627165 0.011043066952345157 0.9991882318683505
vn 0.012620606095108343 0.043770416306680715 0.9989618966497831
vn 0.012620606095108343 0.043770416306680715 0.9989618966497831
vn -0.048429973628090525 0.13518589792145186 0.9896359485475218
vn -0.02403360616691725 0.0072646267126948395 0.9996847557972157
vn -0.02403360616691725 0.0072646267126948395 0.9996847557972157
vn 0.02668027284886061 -0.019386390788178488 0.9994560174879725
vn 0.04463383507344815 -0.06917492225775498 0.9966055643519505
vn 0.0783005128652813 0.11809585173806961 0.9899102987075616
vn 0.03392023267072422 0.020495631081172187 0.9992143648497795
vn -0.016405152396893496 -0.0011952032975576243 0.9998647120805454
vn -0.016405152396893496 -0.0011952032975576243 0.9998647120805454
vn -0.008342181326716873 -0.03258256984513893 0.9994342320298014
vn 0.029819795765438164 -0.08392208042432399 0.9960260359035604
vn 0.029819795765438164 -0.08392208042432399 0.9960260359035604
vn 0.025682355955162637 0.017236599528594326 0.9995215436544044
vn 0.028175077556890412 0.016590402936251438 0.999465318825559
vn 0.012620606095108343 0.043770416306680715 0.9989618966497831
vn -0.02403360616691725 0.0072646267126948395 0.9996847557972157
vn 0.04463383507344815 -0.06917492225775498 0.9966055643519505
vn 0.0783005128652813 0.11809585173806961 0.9899102987075616
vn -0.016405152396893496 -0.0011952032975576243 0.9998647120805454
vn 0.029819795765438164 -0.08392208042432399 0.9960260359035604
vn 0.029819795765438164 -0.08392208042432399 0.9960260359035604
vn 0.028175077556890412 0.016590402936251438 0.999465318825559
vn 0.012620606095108343 0.043770416306680715 0.9989618966497831
vn 0.012620606095108343 0.043770416306680715 0.9989618966497831
vn 0.04463383507344815 -0.06917492225775498 0.9966055643519505
vn 0.01776552203454548 -0.08814980105230592 0.9959487932626251
vn 0.009340038318912045 0.03859485228930995 0.9992112894983561
vn 0.0783005128652813 0.11809585173806961 0.9899102987075616
vn 0.029819795765438164 -0.08392208042432399 0.9960260359035604
vn 0.012620606095108343 0.043770416306680715 0.9989618966497831
vn 0.01776552203454548 -0.08814980105230592 0.9959487932626251
vn -0.008420866974320915 -0.03875434426368865 0.9992132854401469
vn -0.005941823900897151 0.03921035947233219 0.9992133117802131
vn 0.009340038318912045 0.03859485228930995 0.9992112894983561
vn 0.029819795765438164 -0.08392208042432399 0.9960260359035604
vn 0.012620606095108343 0.043770416306680715 0.9989618966497831
vn -0.008420866974320915 -0.03875434426368865 0.9992132854401469
vn -0.023123099800897606 -0.03213965436995283 0.9992158750102891
vn -0.04882927655661014 0.07519597628220127 0.9959725231661386
vn -0.005941823900897151 0.03921035947233219 0.9992133117802131
vn 0.029819795765438164 -0.08392208042432399 0.9960260359035604
vn 0.012620606095108343 0.043770416306680715 0.9989618966497831
vn -0.023123099800897606 -0.03213965436995283 0.9992158750102891
vn -0.12448416228843401 -0.083880151008559 0.9886697191712349
vn -0.0741144856360945 0.05061821575404422 0.9959642760926588
vn -0.04882927655661014 0.07519597628220127 0.9959725231661386
vn 0.029819795765438164 -0.08392208042432399 0.9960260359035604
vn 0.012620606095108343 0.043770416306680715 0.9989618966497831
vn -0.12448416228843401 -0.083880151008559 0.9886697191712349
vn -0.14686427836482835 -0.0305773723973497 0.9886839272677854
vn -0.03215027903220633 0.007619839461781443 0.9994539997442243
vn -0.0741144856360945 0.05061821575404422 0.9959642760926588
vn 0.029819795765438164 -0.08392208042432399 0.9960260359035604
vn 0.012620606095108343 0.043770416306680715 0.9989618966497831
vn -0.14686427836482835 -0.0305773723973497 0.9886839272677854
vn -0.03215027903220633 0.007619839461781443 0.9994539997442243
vn -0.03215027903220633 0.007619839461781443 0.9994539997442243
vn 0.029819795765438164 -0.08392208042432399 0.9960260359035604
vn 0.012620606095108343 0.043770416306680715 0.9989618966497831
vn 0.02741840629183647 -0.08473717301260542 -0.9960260250145312
vn 0.10110390785488946 -0.11703354696449385 -0.9879681921506277
vn 0.02741840629183647 -0.08473717301260542 -0.9960260250145312
vn 0.10110390785488946 -0.11703354696449385 -0.9879681921506277
vn 0.10110390785488946 -0.11703354696449385 -0.9879681921506277
vn 0.02741840629183647 -0.08473717301260542 -0.9960260250145312
vn 0.02741840629183647 -0.08473717301260542 -0.9960260250145312
vn 0.10110390785488946 -0.11703354696449385 -0.9879681921506277
vn 0.02741840629183647 -0.08473717301260542 -0.9960260250145312
vn 0.10110390785488946 -0.11703354696449385 -0.9879681921506277
vn 0.10110390785488946 -0.11703354696449385 -0.9879681921506277
vn 0.02741840629183647 -0.08473717301260542 -0.9960260250145312
vn 0.02741840629183647 -0.08473717301260542 -0.9960260250145312
vn 0.10110390785488946 -0.11703354696449385 -0.9879681921506277
vn 0.15757775099932286 -0.4705915389300023 -0.8681663756892958
vn 0.10110390785488946 -0.11703354696449385 -0.9879681921506277
vn 0.24897996122043706 -0.2743253170331489 -0.9288458426161641
vn 0.15757775099932286 -0.4705915389300023 -0.8681663756892958
vn 0.15757775099932286 -0.4705915389300023 -0.8681663756892958
vn 0.24897996122043706 -0.2743253170331489 -0.9288458426161641
vn 0.15757775099932286 -0.4705915389300023 -0.8681663756892958
vn 0.24897996122043706 -0.2743253170331489 -0.9288458426161641
vn 0.39390281360994095 -0.4271282013818731 -0.8138808715128143
vn 0.15757775099932286 -0.4705915389300023 -0.8681663756892958
vn 0.15757775099932286 -0.4705915389300023 -0.8681663756892958
vn 0.39390281360994095 -0.4271282013818731 -0.8138808715128143
vn 0.15757775099932286 -0.4705915389300023 -0.8681663756892958
vn 0.39390281360994095 -0.4271282013818731 -0.8138808715128143
vn 0.39390281360994095 -0.4271282013818731 -0.8138808715128143
vn 0.15757775099932286 -0.4705915389300023 -0.8681663756892958
vn 0.15757775099932286 -0.4705915389300023 -0.8681663756892958
vn 0.39390281360994095 -0.4271282013818731 -0.8138808715128143
vn 0.21985108073236592 -0.6526578191320962 -0.7250539796639606
vn 0.39390281360994095 -0.4271282013818731 -0.8138808715128143
vn 0.39390281360994095 -0.4271282013818731 -0.8138808715128143
vn 0.21985108073236592 -0.6526578191320962 -0.7250539796639606
vn 0.21985108073236592 -0.6526578191320962 -0.7250539796639606
vn 0.39390281360994095 -0.4271282013818731 -0.8138808715128143
vn 0.2558128514628503 -0.7575626310749264 -0.6005486200344488
vn 0.39390281360994095 -0.4271282013818731 -0.8138808715128143
vn 0.535776250494255 -0.5760002656799061 -0.6173876443070389
vn 0.2558128514628503 -0.7575626310749264 -0.6005486200344488
vn 0.2558128514628503 -0.7575626310749264 -0.6005486200344488
vn 0.535776250494255 -0.5760002656799061 -0.6173876443070389
vn 0.2558128514628503 -0.7575626310749264 -0.6005486200344488
vn 0.535776250494255 -0.5760002656799061 -0.6173876443070389
vn 0.535776250494255 -0.5760002656799061 -0.6173876443070389
vn 0.2558128514628503 -0.7575626310749264 -0.6005486200344488
vn 0.2558128514628503 -0.7575626310749264 -0.6005486200344488
vn 0.535776250494255 -0.5760002656799061 -0.6173876443070389
vn 0.2834058474468275 -0.8378616779851163 -0.46655003396946676
vn 0.535776250494255 -0.5760002656799061 -0.6173876443070389
vn 0.5974206988183213 -0.6403725215575006 -0.4827126912123993
vn 0.2834058474468275 -0.8378616779851163 -0.46655003396946676
vn 0.2834058474468275 -0.8378616779851163 -0.46655003396946676
vn 0.5974206988183213 -0.6403725215575006 -0.4827126912123993
vn 0.2972882106410309 -0.8781541628491382 -0.37478658738618603
vn 0.5974206988183213 -0.6403725215575006 -0.4827126912123993
vn 0.6418111987562408 -0.6864810061812344 -0.3417926466492173
vn 0.2972882106410309 -0.8781541628491382 -0.37478658738618603
vn 0.2972882106410309 -0.8781541628491382 -0.37478658738618603
vn 0.6418111987562408 -0.6864810061812344 -0.3417926466492173
vn 0.3078614161827025 -0.9087334235418595 -0.28182425971493696
vn 0.6418111987562408 -0.6864810061812344 -0.3417926466492173
vn 0.6418111987562408 -0.6864810061812344 -0.3417926466492173
vn 0.3078614161827025 -0.9087334235418595 -0.28182425971493696
vn 0.3078614161827025 -0.9087334235418595 -0.28182425971493696
vn 0.6418111987562408 -0.6864810061812344 -0.3417926466492173
vn 0.3195236280276483 -0.9420539604110767 -0.10217136000785366
vn 0.6418111987562408 -0.6864810061812344 -0.3417926466492173
vn 0.6800128168337566 -0.7253930511972241 -0.10671218401195473
vn 0.3195236280276483 -0.9420539604110767 -0.10217136000785366
vn 0.3195236280276483 -0.9420539604110767 -0.10217136000785366
vn 0.6800128168337566 -0.7253930511972241 -0.10671218401195473
vn 0.3195236280276483 -0.9420539604110767 -0.10217136000785366
vn 0.6800128168337566 -0.7253930511972241 -0.10671218401195473
vn 0.6800128168337566 -0.7253930511972241 -0.10671218401195473
vn 0.3195236280276483 -0.9420539604110767 -0.10217136000785366
vn 0.3195236280276483 -0.9420539604110767 -0.10217136000785366
vn 0.6800128168337566 -0.7253930511972241 -0.10671218401195473
vn 0.3195236280276483 -0.9420539604110767 -0.10217136000785366
vn 0.6800128168337566 -0.7253930511972241 -0.10671218401195473
vn 0.6800128168337566 -0.7253930511972241 -0.10671218401195473
vn 0.3195236280276483 -0.9420539604110767 -0.10217136000785366
vn 0.3195236280276483 -0.9420539604110767 -0.10217136000785366
vn 0.6800128168337566 -0.7253930511972241 -0.10671218401195473
vn 0.3212999473721687 -0.9466851560616639 0.023527836941475536
vn 0.6800128168337566 -0.7253930511972241 -0.10671218401195473
vn 0.6841215305821144 -0.728953520562343 0.02458650552134556
vn 0.3212999473721687 -0.9466851560616639 0.023527836941475536
vn 0.3212999473721687 -0.9466851560616639 0.023527836941475536
vn 0.6841215305821144 -0.728953520562343 0.02458650552134556
vn 0.3159185578829331 -0.9298446570996908 0.18863822106966133
vn 0.6841215305821144 -0.728953520562343 0.02458650552134556
vn 0.6716117168510235 -0.7142897743990269 0.19679385147256956
vn 0.3159185578829331 -0.9298446570996908 0.18863822106966133
vn 0.3159185578829331 -0.9298446570996908 0.18863822106966133
vn 0.6716117168510235 -0.7142897743990269 0.19679385147256956
vn 0.3159185578829331 -0.9298446570996908 0.18863822106966133
vn 0.6716117168510235 -0.7142897743990269 0.19679385147256956
vn 0.6716117168510235 -0.7142897743990269 0.19679385147256956
vn 0.3159185578829331 -0.9298446570996908 0.18863822106966133
vn 0.3159185578829331 -0.9298446570996908 0.18863822106966133
vn 0.6716117168510235 -0.7142897743990269 0.19679385147256956
vn 0.3159185578829331 -0.9298446570996908 0.18863822106966133
vn 0.6716117168510235 -0.7142897743990269 0.19679385147256956
vn 0.6716117168510235 -0.7142897743990269 0.19679385147256956
vn 0.3159185578829331 -0.9298446570996908 0.18863822106966133
vn 0.3159185578829331 -0.9298446570996908 0.18863822106966133
vn 0.6716117168510235 -0.7142897743990269 0.19679385147256956
vn 0.29222044706272754 -0.8585940108451198 0.42121673145703753
vn 0.6716117168510235 -0.7142897743990269 0.19679385147256956
vn 0.6172761291295339 -0.6544824807071298 0.43660378245532927
vn 0.29222044706272754 -0.8585940108451198 0.42121673145703753
vn 0.29222044706272754 -0.8585940108451198 0.42121673145703753
vn 0.6172761291295339 -0.6544824807071298 0.43660378245532927
vn 0.29222044706272754 -0.8585940108451198 0.42121673145703753
vn 0.6172761291295339 -0.6544824807071298 0.43660378245532927
vn 0.6172761291295339 -0.6544824807071298 0.43660378245532927
vn 0.29222044706272754 -0.8585940108451198 0.42121673145703753
vn 0.29222044706272754 -0.8585940108451198 0.42121673145703753
vn 0.6172761291295339 -0.6544824807071298 0.43660378245532927
vn 0.24708785129980454 -0.7239279750908291 0.6441085938108091
vn 0.6172761291295339 -0.6544824807071298 0.43660378245532927
vn 0.5408122424267177 -0.5712754604664776 0.6173868047749314
vn 0.24708785129980454 -0.7239279750908291 0.6441085938108091
vn 0.24708785129980454 -0.7239279750908291 0.6441085938108091
vn 0.5408122424267177 -0.5712754604664776 0.6173868047749314
vn 0.24708785129980454 -0.7239279750908291 0.6441085938108091
vn 0.5408122424267177 -0.5712754604664776 0.6173868047749314
vn 0.5408122424267177 -0.5712754604664776 0.6173868047749314
vn 0.24708785129980454 -0.7239279750908291 0.6441085938108091
vn 0.24708785129980454 -0.7239279750908291 0.6441085938108091
vn 0.5408122424267177 -0.5712754604664776 0.6173868047749314
vn 0.24708785129980454 -0.7239279750908291 0.6441085938108091
vn 0.5408122424267177 -0.5712754604664776 0.6173868047749314
vn 0.46346885821015466 -0.4874845833122206 0.7399698632392312
vn 0.24708785129980454 -0.7239279750908291 0.6441085938108091
vn 0.24708785129980454 -0.7239279750908291 0.6441085938108091
vn 0.46346885821015466 -0.4874845833122206 0.7399698632392312
vn 0.1613937299831991 -0.46929639040129567 0.8681664367380397
vn 0.46346885821015466 -0.4874845833122206 0.7399698632392312
vn 0.3682777083581086 -0.38466386009915937 0.846407256738808
vn 0.1613937299831991 -0.46929639040129567 0.8681664367380397
vn 0.1613937299831991 -0.46929639040129567 0.8681664367380397
vn 0.3682777083581086 -0.38466386009915937 0.846407256738808
vn 0.1613937299831991 -0.46929639040129567 0.8681664367380397
vn 0.3682777083581086 -0.38466386009915937 0.846407256738808
vn 0.3682777083581086 -0.38466386009915937 0.846407256738808
vn 0.1613937299831991 -0.46929639040129567 0.8681664367380397
vn 0.1613937299831991 -0.46929639040129567 0.8681664367380397
vn 0.3682777083581086 -0.38466386009915937 0.846407256738808
vn 0.1613937299831991 -0.46929639040129567 0.8681664367380397
vn 0.3682777083581086 -0.38466386009915937 0.846407256738808
vn 0.2579592439730567 -0.26589897000538437 0.9288459324338588
vn 0.1613937299831991 -0.46929639040129567 0.8681664367380397
vn 0.1613937299831991 -0.46929639040129567 0.8681664367380397
vn 0.2579592439730567 -0.26589897000538437 0.9288459324338588
vn 0.029819795765438164 -0.08392208042432399 0.9960260359035604
vn 0.2579592439730567 -0.26589897000538437 0.9288459324338588
vn 0.11037638857482106 -0.10833218766389423 0.9879682130317426
vn 0.029819795765438164 -0.08392208042432399 0.9960260359035604
vn 0.029819795765438164 -0.08392208042432399 0.9960260359035604
vn 0.11037638857482106 -0.10833218766389423 0.9879682130317426
vn 0.029819795765438164 -0.08392208042432399 0.9960260359035604
vn 0.11037638857482106 -0.10833218766389423 0.9879682130317426
vn 0.11037638857482106 -0.10833218766389423 0.9879682130317426
vn 0.029819795765438164 -0.08392208042432399 0.9960260359035604
vn 0.029819795765438164 -0.08392208042432399 0.9960260359035604
vn 0.11037638857482106 -0.10833218766389423 0.9879682130317426
vn 0.029819795765438164 -0.08392208042432399 0.9960260359035604
vn 0.11037638857482106 -0.10833218766389423 0.9879682130317426
vn 0.11037638857482106 -0.10833218766389423 0.9879682130317426
vn 0.029819795765438164 -0.08392208042432399 0.9960260359035604
vn 0.10110390785488946 -0.11703354696449385 -0.9879681921506277
vn 0.12324290107943497 -0.07484634299788774 -0.9895500049382887
vn 0.10110390785488946 -0.11703354696449385 -0.9879681921506277
vn 0.12324290107943497 -0.07484634299788774 -0.9895500049382887
vn 0.12324290107943497 -0.07484634299788774 -0.9895500049382887
vn 0.10110390785488946 -0.11703354696449385 -0.9879681921506277
vn 0.10110390785488946 -0.11703354696449385 -0.9879681921506277
vn 0.12324290107943497 -0.07484634299788774 -0.9895500049382887
vn 0.10110390785488946 -0.11703354696449385 -0.9879681921506277
vn 0.12324290107943497 -0.07484634299788774 -0.9895500049382887
vn 0.12324290107943497 -0.07484634299788774 -0.9895500049382887
vn 0.10110390785488946 -0.11703354696449385 -0.9879681921506277
vn 0.10110390785488946 -0.11703354696449385 -0.9879681921506277
vn 0.12324290107943497 -0.07484634299788774 -0.9895500049382887
vn 0.24897996122043706 -0.2743253170331489 -0.9288458426161641
vn 0.12324290107943497 -0.07484634299788774 -0.9895500049382887
vn 0.37833123947828884 -0.23191100082288818 -0.8961488497633346
vn 0.24897996122043706 -0.2743253170331489 -0.9288458426161641
vn 0.24897996122043706 -0.2743253170331489 -0.9288458426161641
vn 0.37833123947828884 -0.23191100082288818 -0.8961488497633346
vn 0.39390281360994095 -0.4271282013818731 -0.8138808715128143
vn 0.37833123947828884 -0.23191100082288818 -0.8961488497633346
vn 0.37833123947828884 -0.23191100082288818 -0.8961488497633346
vn 0.39390281360994095 -0.4271282013818731 -0.8138808715128143
vn 0.39390281360994095 -0.4271282013818731 -0.8138808715128143
vn 0.37833123947828884 -0.23191100082288818 -0.8961488497633346
vn 0.39390281360994095 -0.4271282013818731 -0.8138808715128143
vn 0.37833123947828884 -0.23191100082288818 -0.8961488497633346
vn 0.5512296069707233 -0.3386234707621164 -0.7625484020361726
vn 0.39390281360994095 -0.4271282013818731 -0.8138808715128143
vn 0.39390281360994095 -0.4271282013818731 -0.8138808715128143
vn 0.5512296069707233 -0.3386234707621164 -0.7625484020361726
vn 0.39390281360994095 -0.4271282013818731 -0.8138808715128143
vn 0.5512296069707233 -0.3386234707621164 -0.7625484020361726
vn 0.5512296069707233 -0.3386234707621164 -0.7625484020361726
vn 0.39390281360994095 -0.4271282013818731 -0.8138808715128143
vn 0.39390281360994095 -0.4271282013818731 -0.8138808715128143
vn 0.5512296069707233 -0.3386234707621164 -0.7625484020361726
vn 0.535776250494255 -0.5760002656799061 -0.6173876443070389
vn 0.5512296069707233 -0.3386234707621164 -0.7625484020361726
vn 0.7082855120694763 -0.43564212416307424 -0.5554705870225392
vn 0.535776250494255 -0.5760002656799061 -0.6173876443070389
vn 0.535776250494255 -0.5760002656799061 -0.6173876443070389
vn 0.7082855120694763 -0.43564212416307424 -0.5554705870225392
vn 0.535776250494255 -0.5760002656799061 -0.6173876443070389
vn 0.7082855120694763 -0.43564212416307424 -0.5554705870225392
vn 0.7082855120694763 -0.43564212416307424 -0.5554705870225392
vn 0.535776250494255 -0.5760002656799061 -0.6173876443070389
vn 0.535776250494255 -0.5760002656799061 -0.6173876443070389
vn 0.7082855120694763 -0.43564212416307424 -0.5554705870225392
vn 0.5974206988183213 -0.6403725215575006 -0.4827126912123993
vn 0.7082855120694763 -0.43564212416307424 -0.5554705870225392
vn 0.7082855120694763 -0.43564212416307424 -0.5554705870225392
vn 0.5974206988183213 -0.6403725215575006 -0.4827126912123993
vn 0.5974206988183213 -0.6403725215575006 -0.4827126912123993
vn 0.7082855120694763 -0.43564212416307424 -0.5554705870225392
vn 0.6418111987562408 -0.6864810061812344 -0.3417926466492173
vn 0.7082855120694763 -0.43564212416307424 -0.5554705870225392
vn 0.8047347231658927 -0.49530441571383144 -0.32722402281234536
vn 0.6418111987562408 -0.6864810061812344 -0.3417926466492173
vn 0.6418111987562408 -0.6864810061812344 -0.3417926466492173
vn 0.8047347231658927 -0.49530441571383144 -0.32722402281234536
vn 0.6418111987562408 -0.6864810061812344 -0.3417926466492173
vn 0.8047347231658927 -0.49530441571383144 -0.32722402281234536
vn 0.8047347231658927 -0.49530441571383144 -0.32722402281234536
vn 0.6418111987562408 -0.6864810061812344 -0.3417926466492173
vn 0.6418111987562408 -0.6864810061812344 -0.3417926466492173
vn 0.8047347231658927 -0.49530441571383144 -0.32722402281234536
vn 0.6800128168337566 -0.7253930511972241 -0.10671218401195473
vn 0.8047347231658927 -0.49530441571383144 -0.32722402281234536
vn 0.8471014454506366 -0.5216174693911045 -0.1016580382530678
vn 0.6800128168337566 -0.7253930511972241 -0.10671218401195473
vn 0.6800128168337566 -0.7253930511972241 -0.10671218401195473
vn 0.8471014454506366 -0.5216174693911045 -0.1016580382530678
vn 0.6800128168337566 -0.7253930511972241 -0.10671218401195473
vn 0.8471014454506366 -0.5216174693911045 -0.1016580382530678
vn 0.8471014454506366 -0.5216174693911045 -0.1016580382530678
vn 0.6800128168337566 -0.7253930511972241 -0.10671218401195473
vn 0.6800128168337566 -0.7253930511972241 -0.10671218401195473
vn 0.8471014454506366 -0.5216174693911045 -0.1016580382530678
vn 0.6800128168337566 -0.7253930511972241 -0.10671218401195473
vn 0.8471014454506366 -0.5216174693911045 -0.1016580382530678
vn 0.8471014454506366 -0.5216174693911045 -0.1016580382530678
vn 0.6800128168337566 -0.7253930511972241 -0.10671218401195473
vn 0.6800128168337566 -0.7253930511972241 -0.10671218401195473
vn 0.8471014454506366 -0.5216174693911045 -0.1016580382530678
vn 0.6841215305821144 -0.728953520562343 0.02458650552134556
vn 0.8471014454506366 -0.5216174693911045 -0.1016580382530678
vn 0.8512348034559777 -0.5242627323382478 0.023407196895353113
vn 0.6841215305821144 -0.728953520562343 0.02458650552134556
vn 0.6841215305821144 -0.728953520562343 0.02458650552134556
vn 0.8512348034559777 -0.5242627323382478 0.023407196895353113
vn 0.6716117168510235 -0.7142897743990269 0.19679385147256956
vn 0.8512348034559777 -0.5242627323382478 0.023407196895353113
vn 0.8362594140251621 -0.5152023965003513 0.1877143657118095
vn 0.6716117168510235 -0.7142897743990269 0.19679385147256956
vn 0.6716117168510235 -0.7142897743990269 0.19679385147256956
vn 0.8362594140251621 -0.5152023965003513 0.1877143657118095
vn 0.6716117168510235 -0.7142897743990269 0.19679385147256956
vn 0.8362594140251621 -0.5152023965003513 0.1877143657118095
vn 0.8362594140251621 -0.5152023965003513 0.1877143657118095
vn 0.6716117168510235 -0.7142897743990269 0.19679385147256956
vn 0.6716117168510235 -0.7142897743990269 0.19679385147256956
vn 0.8362594140251621 -0.5152023965003513 0.1877143657118095
vn 0.6716117168510235 -0.7142897743990269 0.19679385147256956
vn 0.8362594140251621 -0.5152023965003513 0.1877143657118095
vn 0.8362594140251621 -0.5152023965003513 0.1877143657118095
vn 0.6716117168510235 -0.7142897743990269 0.19679385147256956
vn 0.6716117168510235 -0.7142897743990269 0.19679385147256956
vn 0.8362594140251621 -0.5152023965003513 0.1877143657118095
vn 0.6172761291295339 -0.6544824807071298 0.43660378245532927
vn 0.8362594140251621 -0.5152023965003513 0.1877143657118095
vn 0.7727615145822274 -0.4763309303202955 0.4194621394128241
vn 0.6172761291295339 -0.6544824807071298 0.43660378245532927
vn 0.6172761291295339 -0.6544824807071298 0.43660378245532927
vn 0.7727615145822274 -0.4763309303202955 0.4194621394128241
vn 0.6172761291295339 -0.6544824807071298 0.43660378245532927
vn 0.7727615145822274 -0.4763309303202955 0.4194621394128241
vn 0.7727615145822274 -0.4763309303202955 0.4194621394128241
vn 0.6172761291295339 -0.6544824807071298 0.43660378245532927
vn 0.6172761291295339 -0.6544824807071298 0.43660378245532927
vn 0.7727615145822274 -0.4763309303202955 0.4194621394128241
vn 0.5408122424267177 -0.5712754604664776 0.6173868047749314
vn 0.7727615145822274 -0.4763309303202955 0.4194621394128241
vn 0.681793941471054 -0.4205238305261261 0.5985956309003593
vn 0.5408122424267177 -0.5712754604664776 0.6173868047749314
vn 0.5408122424267177 -0.5712754604664776 0.6173868047749314
vn 0.681793941471054 -0.4205238305261261 0.5985956309003593
vn 0.5408122424267177 -0.5712754604664776 0.6173868047749314
vn 0.681793941471054 -0.4205238305261261 0.5985956309003593
vn 0.681793941471054 -0.4205238305261261 0.5985956309003593
vn 0.5408122424267177 -0.5712754604664776 0.6173868047749314
vn 0.5408122424267177 -0.5712754604664776 0.6173868047749314
vn 0.681793941471054 -0.4205238305261261 0.5985956309003593
vn 0.46346885821015466 -0.4874845833122206 0.7399698632392312
vn 0.681793941471054 -0.4205238305261261 0.5985956309003593
vn 0.5876067355727129 -0.3626927779688062 0.7233064862966805
vn 0.46346885821015466 -0.4874845833122206 0.7399698632392312
vn 0.46346885821015466 -0.4874845833122206 0.7399698632392312
vn 0.5876067355727129 -0.3626927779688062 0.7233064862966805
vn 0.3682777083581086 -0.38466386009915937 0.846407256738808
vn 0.5876067355727129 -0.3626927779688062 0.7233064862966805
vn 0.511415656180635 -0.3158895049374565 0.799166970841325
vn 0.3682777083581086 -0.38466386009915937 0.846407256738808
vn 0.3682777083581086 -0.38466386009915937 0.846407256738808
vn 0.511415656180635 -0.3158895049374565 0.799166970841325
vn 0.3682777083581086 -0.38466386009915937 0.846407256738808
vn 0.511415656180635 -0.3158895049374565 0.799166970841325
vn 0.3773549585397991 -0.23349538991662572 0.8961490602311142
vn 0.3682777083581086 -0.38466386009915937 0.846407256738808
vn 0.3682777083581086 -0.38466386009915937 0.846407256738808
vn 0.3773549585397991 -0.23349538991662572 0.8961490602311142
vn 0.2579592439730567 -0.26589897000538437 0.9288459324338588
vn 0.3773549585397991 -0.23349538991662572 0.8961490602311142
vn 0.3773549585397991 -0.23349538991662572 0.8961490602311142
vn 0.2579592439730567 -0.26589897000538437 0.9288459324338588
vn 0.2579592439730567 -0.26589897000538437 0.9288459324338588
vn 0.3773549585397991 -0.23349538991662572 0.8961490602311142
vn 0.11037638857482106 -0.10833218766389423 0.9879682130317426
vn 0.3773549585397991 -0.23349538991662572 0.8961490602311142
vn 0.12230016576072787 -0.07637690930685319 0.98955001752293
vn 0.11037638857482106 -0.10833218766389423 0.9879682130317426
vn 0.11037638857482106 -0.10833218766389423 0.9879682130317426
vn 0.12230016576072787 -0.07637690930685319 0.98955001752293
vn 0.11037638857482106 -0.10833218766389423 0.9879682130317426
vn 0.12230016576072787 -0.07637690930685319 0.98955001752293
vn 0.12230016576072787 -0.07637690930685319 0.98955001752293
vn 0.11037638857482106 -0.10833218766389423 0.9879682130317426
vn 0.11037638857482106 -0.10833218766389423 0.9879682130317426
vn 0.12230016576072787 -0.07637690930685319 0.98955001752293
vn 0.11037638857482106 -0.10833218766389423 0.9879682130317426
vn 0.12230016576072787 -0.07637690930685319 0.98955001752293
vn 0.12230016576072787 -0.07637690930685319 0.98955001752293
vn 0.11037638857482106 -0.10833218766389423 0.9879682130317426
vn 0.12324290107943497 -0.07484634299788774 -0.9895500049382887
vn 0.14642821019206465 -0.05112050019768137 -0.9878995261257529
vn 0.12324290107943497 -0.07484634299788774 -0.9895500049382887
vn 0.14642821019206465 -0.05112050019768137 -0.9878995261257529
vn 0.14642821019206465 -0.05112050019768137 -0.9878995261257529
vn 0.12324290107943497 -0.07484634299788774 -0.9895500049382887
vn 0.12324290107943497 -0.07484634299788774 -0.9895500049382887
vn 0.14642821019206465 -0.05112050019768137 -0.9878995261257529
vn 0.12324290107943497 -0.07484634299788774 -0.9895500049382887
vn 0.14642821019206465 -0.05112050019768137 -0.9878995261257529
vn 0.14642821019206465 -0.05112050019768137 -0.9878995261257529
vn 0.12324290107943497 -0.07484634299788774 -0.9895500049382887
vn 0.12324290107943497 -0.07484634299788774 -0.9895500049382887
vn 0.14642821019206465 -0.05112050019768137 -0.9878995261257529
vn 0.37833123947828884 -0.23191100082288818 -0.8961488497633346
vn 0.14642821019206465 -0.05112050019768137 -0.9878995261257529
vn 0.4584859405139966 -0.14555940329035946 -0.8767001211729987
vn 0.37833123947828884 -0.23191100082288818 -0.8961488497633346
vn 0.37833123947828884 -0.23191100082288818 -0.8961488497633346
vn 0.4584859405139966 -0.14555940329035946 -0.8767001211729987
vn 0.37833123947828884 -0.23191100082288818 -0.8961488497633346
vn 0.4584859405139966 -0.14555940329035946 -0.8767001211729987
vn 0.4584859405139966 -0.14555940329035946 -0.8767001211729987
vn 0.37833123947828884 -0.23191100082288818 -0.8961488497633346
vn 0.37833123947828884 -0.23191100082288818 -0.8961488497633346
vn 0.4584859405139966 -0.14555940329035946 -0.8767001211729987
vn 0.5512296069707233 -0.3386234707621164 -0.7625484020361726
vn 0.4584859405139966 -0.14555940329035946 -0.8767001211729987
vn 0.4584859405139966 -0.14555940329035946 -0.8767001211729987
vn 0.5512296069707233 -0.3386234707621164 -0.7625484020361726
vn 0.5512296069707233 -0.3386234707621164 -0.7625484020361726
vn 0.4584859405139966 -0.14555940329035946 -0.8767001211729987
vn 0.5512296069707233 -0.3386234707621164 -0.7625484020361726
vn 0.4584859405139966 -0.14555940329035946 -0.8767001211729987
vn 0.6431578907546549 -0.20062400131591562 -0.7389843960842577
vn 0.5512296069707233 -0.3386234707621164 -0.7625484020361726
vn 0.5512296069707233 -0.3386234707621164 -0.7625484020361726
vn 0.6431578907546549 -0.20062400131591562 -0.7389843960842577
vn 0.7082855120694763 -0.43564212416307424 -0.5554705870225392
vn 0.6431578907546549 -0.20062400131591562 -0.7389843960842577
vn 0.7828710735562603 -0.24199028499622185 -0.5731959387123358
vn 0.7082855120694763 -0.43564212416307424 -0.5554705870225392
vn 0.7082855120694763 -0.43564212416307424 -0.5554705870225392
vn 0.7828710735562603 -0.24199028499622185 -0.5731959387123358
vn 0.7082855120694763 -0.43564212416307424 -0.5554705870225392
vn 0.7828710735562603 -0.24199028499622185 -0.5731959387123358
vn 0.7828710735562603 -0.24199028499622185 -0.5731959387123358
vn 0.7082855120694763 -0.43564212416307424 -0.5554705870225392
vn 0.7082855120694763 -0.43564212416307424 -0.5554705870225392
vn 0.7828710735562603 -0.24199028499622185 -0.5731959387123358
vn 0.7082855120694763 -0.43564212416307424 -0.5554705870225392
vn 0.7828710735562603 -0.24199028499622185 -0.5731959387123358
vn 0.7828710735562603 -0.24199028499622185 -0.5731959387123358
vn 0.7082855120694763 -0.43564212416307424 -0.5554705870225392
vn 0.7082855120694763 -0.43564212416307424 -0.5554705870225392
vn 0.7828710735562603 -0.24199028499622185 -0.5731959387123358
vn 0.8047347231658927 -0.49530441571383144 -0.32722402281234536
vn 0.7828710735562603 -0.24199028499622185 -0.5731959387123358
vn 0.8987105701460901 -0.2758706277329738 -0.34090278359365844
vn 0.8047347231658927 -0.49530441571383144 -0.32722402281234536
vn 0.8047347231658927 -0.49530441571383144 -0.32722402281234536
vn 0.8987105701460901 -0.2758706277329738 -0.34090278359365844
vn 0.8047347231658927 -0.49530441571383144 -0.32722402281234536
vn 0.8987105701460901 -0.2758706277329738 -0.34090278359365844
vn 0.8987105701460901 -0.2758706277329738 -0.34090278359365844
vn 0.8047347231658927 -0.49530441571383144 -0.32722402281234536
vn 0.8047347231658927 -0.49530441571383144 -0.32722402281234536
vn 0.8987105701460901 -0.2758706277329738 -0.34090278359365844
vn 0.8471014454506366 -0.5216174693911045 -0.1016580382530678
vn 0.8987105701460901 -0.2758706277329738 -0.34090278359365844
vn 0.9509255799120481 -0.2905501100673684 -0.10640101037478653
vn 0.8471014454506366 -0.5216174693911045 -0.1016580382530678
vn 0.8471014454506366 -0.5216174693911045 -0.1016580382530678
vn 0.9509255799120481 -0.2905501100673684 -0.10640101037478653
vn 0.8471014454506366 -0.5216174693911045 -0.1016580382530678
vn 0.9509255799120481 -0.2905501100673684 -0.10640101037478653
vn 0.9509255799120481 -0.2905501100673684 -0.10640101037478653
vn 0.8471014454506366 -0.5216174693911045 -0.1016580382530678
vn 0.8471014454506366 -0.5216174693911045 -0.1016580382530678
vn 0.9509255799120481 -0.2905501100673684 -0.10640101037478653
vn 0.8471014454506366 -0.5216174693911045 -0.1016580382530678
vn 0.9509255799120481 -0.2905501100673684 -0.10640101037478653
vn 0.9509255799120481 -0.2905501100673684 -0.10640101037478653
vn 0.8471014454506366 -0.5216174693911045 -0.1016580382530678
vn 0.8471014454506366 -0.5216174693911045 -0.1016580382530678
vn 0.9509255799120481 -0.2905501100673684 -0.10640101037478653
vn 0.8512348034559777 -0.5242627323382478 0.023407196895353113
vn 0.9509255799120481 -0.2905501100673684 -0.10640101037478653
vn 0.9562262999023974 -0.29159996237668734 0.024509698425009288
vn 0.8512348034559777 -0.5242627323382478 0.023407196895353113
vn 0.8512348034559777 -0.5242627323382478 0.023407196895353113
vn 0.9562262999023974 -0.29159996237668734 0.024509698425009288
vn 0.8362594140251621 -0.5152023965003513 0.1877143657118095
vn 0.9562262999023974 -0.29159996237668734 0.024509698425009288
vn 0.9381732873530496 -0.28516983781810085 0.196237219955773
vn 0.8362594140251621 -0.5152023965003513 0.1877143657118095
vn 0.8362594140251621 -0.5152023965003513 0.1877143657118095
vn 0.9381732873530496 -0.28516983781810085 0.196237219955773
vn 0.8362594140251621 -0.5152023965003513 0.1877143657118095
vn 0.9381732873530496 -0.28516983781810085 0.196237219955773
vn 0.9381732873530496 -0.28516983781810085 0.196237219955773
vn 0.8362594140251621 -0.5152023965003513 0.1877143657118095
vn 0.8362594140251621 -0.5152023965003513 0.1877143657118095
vn 0.9381732873530496 -0.28516983781810085 0.196237219955773
vn 0.8362594140251621 -0.5152023965003513 0.1877143657118095
vn 0.9381732873530496 -0.28516983781810085 0.196237219955773
vn 0.9381732873530496 -0.28516983781810085 0.196237219955773
vn 0.8362594140251621 -0.5152023965003513 0.1877143657118095
vn 0.8362594140251621 -0.5152023965003513 0.1877143657118095
vn 0.9381732873530496 -0.28516983781810085 0.196237219955773
vn 0.7727615145822274 -0.4763309303202955 0.4194621394128241
vn 0.9381732873530496 -0.28516983781810085 0.196237219955773
vn 0.8820624846771964 -0.2670205204974074 0.38815694603907863
vn 0.7727615145822274 -0.4763309303202955 0.4194621394128241
vn 0.7727615145822274 -0.4763309303202955 0.4194621394128241
vn 0.8820624846771964 -0.2670205204974074 0.38815694603907863
vn 0.7727615145822274 -0.4763309303202955 0.4194621394128241
vn 0.8820624846771964 -0.2670205204974074 0.38815694603907863
vn 0.8389688710513994 -0.25331148445652163 0.4816269565225495
vn 0.7727615145822274 -0.4763309303202955 0.4194621394128241
vn 0.7727615145822274 -0.4763309303202955 0.4194621394128241
vn 0.8389688710513994 -0.25331148445652163 0.4816269565225495
vn 0.681793941471054 -0.4205238305261261 0.5985956309003593
vn 0.8389688710513994 -0.25331148445652163 0.4816269565225495
vn 0.754252423916123 -0.22655459942270167 0.6162599244613203
vn 0.681793941471054 -0.4205238305261261 0.5985956309003593
vn 0.681793941471054 -0.4205238305261261 0.5985956309003593
vn 0.754252423916123 -0.22655459942270167 0.6162599244613203
vn 0.681793941471054 -0.4205238305261261 0.5985956309003593
vn 0.754252423916123 -0.22655459942270167 0.6162599244613203
vn 0.754252423916123 -0.22655459942270167 0.6162599244613203
vn 0.681793941471054 -0.4205238305261261 0.5985956309003593
vn 0.681793941471054 -0.4205238305261261 0.5985956309003593
vn 0.754252423916123 -0.22655459942270167 0.6162599244613203
vn 0.5876067355727129 -0.3626927779688062 0.7233064862966805
vn 0.754252423916123 -0.22655459942270167 0.6162599244613203
vn 0.6456432262749071 -0.19247498870478857 0.7389845756769355
vn 0.5876067355727129 -0.3626927779688062 0.7233064862966805
vn 0.5876067355727129 -0.3626927779688062 0.7233064862966805
vn 0.6456432262749071 -0.19247498870478857 0.7389845756769355
vn 0.511415656180635 -0.3158895049374565 0.799166970841325
vn 0.6456432262749071 -0.19247498870478857 0.7389845756769355
vn 0.46167575490334606 -0.13510048148692194 0.8767002664744818
vn 0.511415656180635 -0.3158895049374565 0.799166970841325
vn 0.511415656180635 -0.3158895049374565 0.799166970841325
vn 0.46167575490334606 -0.13510048148692194 0.8767002664744818
vn 0.3773549585397991 -0.23349538991662572 0.8961490602311142
vn 0.46167575490334606 -0.13510048148692194 0.8767002664744818
vn 0.46167575490334606 -0.13510048148692194 0.8767002664744818
vn 0.3773549585397991 -0.23349538991662572 0.8961490602311142
vn 0.3773549585397991 -0.23349538991662572 0.8961490602311142
vn 0.46167575490334606 -0.13510048148692194 0.8767002664744818
vn 0.3773549585397991 -0.23349538991662572 0.8961490602311142
vn 0.46167575490334606 -0.13510048148692194 0.8767002664744818
vn 0.46167575490334606 -0.13510048148692194 0.8767002664744818
vn 0.3773549585397991 -0.23349538991662572 0.8961490602311142
vn 0.3773549585397991 -0.23349538991662572 0.8961490602311142
vn 0.46167575490334606 -0.13510048148692194 0.8767002664744818
vn 0.12230016576072787 -0.07637690930685319 0.98955001752293
vn 0.46167575490334606 -0.13510048148692194 0.8767002664744818
vn 0.15003246085716962 -0.039303354962868735 0.9878995429585969
vn 0.12230016576072787 -0.07637690930685319 0.98955001752293
vn 0.12230016576072787 -0.07637690930685319 0.98955001752293
vn 0.15003246085716962 -0.039303354962868735 0.9878995429585969
vn 0.12230016576072787 -0.07637690930685319 0.98955001752293
vn 0.15003246085716962 -0.039303354962868735 0.9878995429585969
vn 0.15003246085716962 -0.039303354962868735 0.9878995429585969
vn 0.12230016576072787 -0.07637690930685319 0.98955001752293
vn 0.12230016576072787 -0.07637690930685319 0.98955001752293
vn 0.15003246085716962 -0.039303354962868735 0.9878995429585969
vn 0.12230016576072787 -0.07637690930685319 0.98955001752293
vn 0.15003246085716962 -0.039303354962868735 0.9878995429585969
vn 0.15003246085716962 -0.039303354962868735 0.9878995429585969
vn 0.12230016576072787 -0.07637690930685319 0.98955001752293
vn 0.14642821019206465 -0.05112050019768137 -0.9878995261257529
vn 0.029661123434165 0.008772237440681938 -0.9995215183310999
vn 0.14642821019206465 -0.05112050019768137 -0.9878995261257529
vn 0.029661123434165 0.008772237440681938 -0.9995215183310999
vn 0.1683361829530256 0.06906709824968257 -0.9833070046776715
vn 0.14642821019206465 -0.05112050019768137 -0.9878995261257529
vn 0.14642821019206465 -0.05112050019768137 -0.9878995261257529
vn 0.1683361829530256 0.06906709824968257 -0.9833070046776715
vn 0.14642821019206465 -0.05112050019768137 -0.9878995261257529
vn 0.1683361829530256 0.06906709824968257 -0.9833070046776715
vn 0.1683361829530256 0.06906709824968257 -0.9833070046776715
vn 0.14642821019206465 -0.05112050019768137 -0.9878995261257529
vn 0.14642821019206465 -0.05112050019768137 -0.9878995261257529
vn 0.1683361829530256 0.06906709824968257 -0.9833070046776715
vn 0.4584859405139966 -0.14555940329035946 -0.8767001211729987
vn 0.1683361829530256 0.06906709824968257 -0.9833070046776715
vn 0.4225754151544852 0.19011630161701226 -0.886163534775881
vn 0.4584859405139966 -0.14555940329035946 -0.8767001211729987
vn 0.4584859405139966 -0.14555940329035946 -0.8767001211729987
vn 0.4225754151544852 0.19011630161701226 -0.886163534775881
vn 0.4584859405139966 -0.14555940329035946 -0.8767001211729987
vn 0.4225754151544852 0.19011630161701226 -0.886163534775881
vn 0.4225754151544852 0.19011630161701226 -0.886163534775881
vn 0.4584859405139966 -0.14555940329035946 -0.8767001211729987
vn 0.4584859405139966 -0.14555940329035946 -0.8767001211729987
vn 0.4225754151544852 0.19011630161701226 -0.886163534775881
vn 0.4584859405139966 -0.14555940329035946 -0.8767001211729987
vn 0.4225754151544852 0.19011630161701226 -0.886163534775881
vn 0.4225754151544852 0.19011630161701226 -0.886163534775881
vn 0.4584859405139966 -0.14555940329035946 -0.8767001211729987
vn 0.4584859405139966 -0.14555940329035946 -0.8767001211729987
vn 0.4225754151544852 0.19011630161701226 -0.886163534775881
vn 0.6431578907546549 -0.20062400131591562 -0.7389843960842577
vn 0.4225754151544852 0.19011630161701226 -0.886163534775881
vn 0.5961086139597311 0.2734708481387447 -0.7548961621185286
vn 0.6431578907546549 -0.20062400131591562 -0.7389843960842577
vn 0.6431578907546549 -0.20062400131591562 -0.7389843960842577
vn 0.5961086139597311 0.2734708481387447 -0.7548961621185286
vn 0.7828710735562603 -0.24199028499622185 -0.5731959387123358
vn 0.5961086139597311 0.2734708481387447 -0.7548961621185286
vn 0.7314300547087822 0.338884681925561 -0.5917493113007561
vn 0.7828710735562603 -0.24199028499622185 -0.5731959387123358
vn 0.7828710735562603 -0.24199028499622185 -0.5731959387123358
vn 0.7314300547087822 0.338884681925561 -0.5917493113007561
vn 0.7828710735562603 -0.24199028499622185 -0.5731959387123358
vn 0.7314300547087822 0.338884681925561 -0.5917493113007561
vn 0.7314300547087822 0.338884681925561 -0.5917493113007561
vn 0.7828710735562603 -0.24199028499622185 -0.5731959387123358
vn 0.7828710735562603 -0.24199028499622185 -0.5731959387123358
vn 0.7314300547087822 0.338884681925561 -0.5917493113007561
vn 0.7828710735562603 -0.24199028499622185 -0.5731959387123358
vn 0.7314300547087822 0.338884681925561 -0.5917493113007561
vn 0.7314300547087822 0.338884681925561 -0.5917493113007561
vn 0.7828710735562603 -0.24199028499622185 -0.5731959387123358
vn 0.7828710735562603 -0.24199028499622185 -0.5731959387123358
vn 0.7314300547087822 0.338884681925561 -0.5917493113007561
vn 0.8987105701460901 -0.2758706277329738 -0.34090278359365844
vn 0.7314300547087822 0.338884681925561 -0.5917493113007561
vn 0.8289717974410195 0.38649570673965566 -0.40426084118947186
vn 0.8987105701460901 -0.2758706277329738 -0.34090278359365844
vn 0.8987105701460901 -0.2758706277329738 -0.34090278359365844
vn 0.8289717974410195 0.38649570673965566 -0.40426084118947186
vn 0.8987105701460901 -0.2758706277329738 -0.34090278359365844
vn 0.8289717974410195 0.38649570673965566 -0.40426084118947186
vn 0.8625681468544539 0.4030942948762506 -0.30576327685039495
vn 0.8987105701460901 -0.2758706277329738 -0.34090278359365844
vn 0.8987105701460901 -0.2758706277329738 -0.34090278359365844
vn 0.8625681468544539 0.4030942948762506 -0.30576327685039495
vn 0.9509255799120481 -0.2905501100673684 -0.10640101037478653
vn 0.8625681468544539 0.4030942948762506 -0.30576327685039495
vn 0.8996864089624195 0.422032272878539 -0.11159357587818515
vn 0.9509255799120481 -0.2905501100673684 -0.10640101037478653
vn 0.9509255799120481 -0.2905501100673684 -0.10640101037478653
vn 0.8996864089624195 0.422032272878539 -0.11159357587818515
vn 0.9509255799120481 -0.2905501100673684 -0.10640101037478653
vn 0.8996864089624195 0.422032272878539 -0.11159357587818515
vn 0.8996864089624195 0.422032272878539 -0.11159357587818515
vn 0.9509255799120481 -0.2905501100673684 -0.10640101037478653
vn 0.9509255799120481 -0.2905501100673684 -0.10640101037478653
vn 0.8996864089624195 0.422032272878539 -0.11159357587818515
vn 0.9509255799120481 -0.2905501100673684 -0.10640101037478653
vn 0.8996864089624195 0.422032272878539 -0.11159357587818515
vn 0.8996864089624195 0.422032272878539 -0.11159357587818515
vn 0.9509255799120481 -0.2905501100673684 -0.10640101037478653
vn 0.9509255799120481 -0.2905501100673684 -0.10640101037478653
vn 0.8996864089624195 0.422032272878539 -0.11159357587818515
vn 0.9562262999023974 -0.29159996237668734 0.024509698425009288
vn 0.8996864089624195 0.422032272878539 -0.11159357587818515
vn 0.9047044510656452 0.42526268935762124 0.025719666839465485
vn 0.9562262999023974 -0.29159996237668734 0.024509698425009288
vn 0.9562262999023974 -0.29159996237668734 0.024509698425009288
vn 0.9047044510656452 0.42526268935762124 0.025719666839465485
vn 0.9381732873530496 -0.28516983781810085 0.196237219955773
vn 0.9047044510656452 0.42526268935762124 0.025719666839465485
vn 0.8851347002786351 0.41748479165180985 0.20553104656498014
vn 0.9381732873530496 -0.28516983781810085 0.196237219955773
vn 0.9381732873530496 -0.28516983781810085 0.196237219955773
vn 0.8851347002786351 0.41748479165180985 0.20553104656498014
vn 0.9381732873530496 -0.28516983781810085 0.196237219955773
vn 0.8851347002786351 0.41748479165180985 0.20553104656498014
vn 0.8851347002786351 0.41748479165180985 0.20553104656498014
vn 0.9381732873530496 -0.28516983781810085 0.196237219955773
vn 0.9381732873530496 -0.28516983781810085 0.196237219955773
vn 0.8851347002786351 0.41748479165180985 0.20553104656498014
vn 0.9381732873530496 -0.28516983781810085 0.196237219955773
vn 0.8851347002786351 0.41748479165180985 0.20553104656498014
vn 0.8851347002786351 0.41748479165180985 0.20553104656498014
vn 0.9381732873530496 -0.28516983781810085 0.196237219955773
vn 0.9381732873530496 -0.28516983781810085 0.196237219955773
vn 0.8851347002786351 0.41748479165180985 0.20553104656498014
vn 0.8820624846771964 -0.2670205204974074 0.38815694603907863
vn 0.8851347002786351 0.41748479165180985 0.20553104656498014
vn 0.8265969218102327 0.39154672911076294 0.4042631417486767
vn 0.8820624846771964 -0.2670205204974074 0.38815694603907863
vn 0.8820624846771964 -0.2670205204974074 0.38815694603907863
vn 0.8265969218102327 0.39154672911076294 0.4042631417486767
vn 0.8389688710513994 -0.25331148445652163 0.4816269565225495
vn 0.8265969218102327 0.39154672911076294 0.4042631417486767
vn 0.7824829638230144 0.3716635023168366 0.49958648137468037
vn 0.8389688710513994 -0.25331148445652163 0.4816269565225495
vn 0.8389688710513994 -0.25331148445652163 0.4816269565225495
vn 0.7824829638230144 0.3716635023168366 0.49958648137468037
vn 0.754252423916123 -0.22655459942270167 0.6162599244613203
vn 0.7824829638230144 0.3716635023168366 0.49958648137468037
vn 0.663601390292904 0.31763636674581247 0.6773037230975808
vn 0.754252423916123 -0.22655459942270167 0.6162599244613203
vn 0.754252423916123 -0.22655459942270167 0.6162599244613203
vn 0.663601390292904 0.31763636674581247 0.6773037230975808
vn 0.754252423916123 -0.22655459942270167 0.6162599244613203
vn 0.663601390292904 0.31763636674581247 0.6773037230975808
vn 0.663601390292904 0.31763636674581247 0.6773037230975808
vn 0.754252423916123 -0.22655459942270167 0.6162599244613203
vn 0.754252423916123 -0.22655459942270167 0.6162599244613203
vn 0.663601390292904 0.31763636674581247 0.6773037230975808
vn 0.6456432262749071 -0.19247498870478857 0.7389845756769355
vn 0.663601390292904 0.31763636674581247 0.6773037230975808
vn 0.663601390292904 0.31763636674581247 0.6773037230975808
vn 0.6456432262749071 -0.19247498870478857 0.7389845756769355
vn 0.6456432262749071 -0.19247498870478857 0.7389845756769355
vn 0.663601390292904 0.31763636674581247 0.6773037230975808
vn 0.46167575490334606 -0.13510048148692194 0.8767002664744818
vn 0.663601390292904 0.31763636674581247 0.6773037230975808
vn 0.41605052228126377 0.20399987636886743 0.8861636493058008
vn 0.46167575490334606 -0.13510048148692194 0.8767002664744818
vn 0.46167575490334606 -0.13510048148692194 0.8767002664744818
vn 0.41605052228126377 0.20399987636886743 0.8861636493058008
vn 0.46167575490334606 -0.13510048148692194 0.8767002664744818
vn 0.41605052228126377 0.20399987636886743 0.8861636493058008
vn 0.41605052228126377 0.20399987636886743 0.8861636493058008
vn 0.46167575490334606 -0.13510048148692194 0.8767002664744818
vn 0.46167575490334606 -0.13510048148692194 0.8767002664744818
vn 0.41605052228126377 0.20399987636886743 0.8861636493058008
vn 0.46167575490334606 -0.13510048148692194 0.8767002664744818
vn 0.41605052228126377 0.20399987636886743 0.8861636493058008
vn 0.41605052228126377 0.20399987636886743 0.8861636493058008
vn 0.46167575490334606 -0.13510048148692194 0.8767002664744818
vn 0.46167575490334606 -0.13510048148692194 0.8767002664744818
vn 0.41605052228126377 0.20399987636886743 0.8861636493058008
vn 0.15003246085716962 -0.039303354962868735 0.9878995429585969
vn 0.41605052228126377 0.20399987636886743 0.8861636493058008
vn 0.1606039733433474 0.08551995618847297 0.983307022673921
vn 0.15003246085716962 -0.039303354962868735 0.9878995429585969
vn 0.15003246085716962 -0.039303354962868735 0.9878995429585969
vn 0.1606039733433474 0.08551995618847297 0.983307022673921
vn 0.15003246085716962 -0.039303354962868735 0.9878995429585969
vn 0.1606039733433474 0.08551995618847297 0.983307022673921
vn 0.1606039733433474 0.08551995618847297 0.983307022673921
vn 0.15003246085716962 -0.039303354962868735 0.9878995429585969
vn 0.15003246085716962 -0.039303354962868735 0.9878995429585969
vn 0.1606039733433474 0.08551995618847297 0.983307022673921
vn 0.15003246085716962 -0.039303354962868735 0.9878995429585969
vn 0.1606039733433474 0.08551995618847297 0.983307022673921
vn 0.025682355955162637 0.017236599528594326 0.9995215436544044
vn 0.15003246085716962 -0.039303354962868735 0.9878995429585969
vn 0.029661123434165 0.008772237440681938 -0.9995215183310999
vn 0.02493987608207441 0.021145699573141944 -0.9994652880268396
vn 0.1683361829530256 0.06906709824968257 -0.9833070046776715
vn 0.02493987608207441 0.021145699573141944 -0.9994652880268396
vn 0.1543702300717079 0.11632023499696371 -0.9811419035989947
vn 0.1683361829530256 0.06906709824968257 -0.9833070046776715
vn 0.1683361829530256 0.06906709824968257 -0.9833070046776715
vn 0.1543702300717079 0.11632023499696371 -0.9811419035989947
vn 0.1683361829530256 0.06906709824968257 -0.9833070046776715
vn 0.1543702300717079 0.11632023499696371 -0.9811419035989947
vn 0.1543702300717079 0.11632023499696371 -0.9811419035989947
vn 0.1683361829530256 0.06906709824968257 -0.9833070046776715
vn 0.1683361829530256 0.06906709824968257 -0.9833070046776715
vn 0.1543702300717079 0.11632023499696371 -0.9811419035989947
vn 0.4225754151544852 0.19011630161701226 -0.886163534775881
vn 0.1543702300717079 0.11632023499696371 -0.9811419035989947
vn 0.3501015653569459 0.25454670554541076 -0.9014626274175729
vn 0.4225754151544852 0.19011630161701226 -0.886163534775881
vn 0.4225754151544852 0.19011630161701226 -0.886163534775881
vn 0.3501015653569459 0.25454670554541076 -0.9014626274175729
vn 0.4225754151544852 0.19011630161701226 -0.886163534775881
vn 0.3501015653569459 0.25454670554541076 -0.9014626274175729
vn 0.3501015653569459 0.25454670554541076 -0.9014626274175729
vn 0.4225754151544852 0.19011630161701226 -0.886163534775881
vn 0.4225754151544852 0.19011630161701226 -0.886163534775881
vn 0.3501015653569459 0.25454670554541076 -0.9014626274175729
vn 0.4225754151544852 0.19011630161701226 -0.886163534775881
vn 0.3501015653569459 0.25454670554541076 -0.9014626274175729
vn 0.515704395518703 0.37101325546095654 -0.7722681792712633
vn 0.4225754151544852 0.19011630161701226 -0.886163534775881
vn 0.4225754151544852 0.19011630161701226 -0.886163534775881
vn 0.515704395518703 0.37101325546095654 -0.7722681792712633
vn 0.5961086139597311 0.2734708481387447 -0.7548961621185286
vn 0.515704395518703 0.37101325546095654 -0.7722681792712633
vn 0.515704395518703 0.37101325546095654 -0.7722681792712633
vn 0.5961086139597311 0.2734708481387447 -0.7548961621185286
vn 0.5961086139597311 0.2734708481387447 -0.7548961621185286
vn 0.515704395518703 0.37101325546095654 -0.7722681792712633
vn 0.7314300547087822 0.338884681925561 -0.5917493113007561
vn 0.515704395518703 0.37101325546095654 -0.7722681792712633
vn 0.6158990397092109 0.4412444329288409 -0.6526650927501618
vn 0.7314300547087822 0.338884681925561 -0.5917493113007561
vn 0.7314300547087822 0.338884681925561 -0.5917493113007561
vn 0.6158990397092109 0.4412444329288409 -0.6526650927501618
vn 0.7314300547087822 0.338884681925561 -0.5917493113007561
vn 0.6158990397092109 0.4412444329288409 -0.6526650927501618
vn 0.6704893823215828 0.4794189714157739 -0.5662167765446938
vn 0.7314300547087822 0.338884681925561 -0.5917493113007561
vn 0.7314300547087822 0.338884681925561 -0.5917493113007561
vn 0.6704893823215828 0.4794189714157739 -0.5662167765446938
vn 0.7314300547087822 0.338884681925561 -0.5917493113007561
vn 0.6704893823215828 0.4794189714157739 -0.5662167765446938
vn 0.7157599371269293 0.5110023647244646 -0.4759877053559886
vn 0.7314300547087822 0.338884681925561 -0.5917493113007561
vn 0.7314300547087822 0.338884681925561 -0.5917493113007561
vn 0.7157599371269293 0.5110023647244646 -0.4759877053559886
vn 0.8289717974410195 0.38649570673965566 -0.40426084118947186
vn 0.7157599371269293 0.5110023647244646 -0.4759877053559886
vn 0.7669208151506324 0.5465492082616407 -0.33632785528002773
vn 0.8289717974410195 0.38649570673965566 -0.40426084118947186
vn 0.8289717974410195 0.38649570673965566 -0.40426084118947186
vn 0.7669208151506324 0.5465492082616407 -0.33632785528002773
vn 0.8625681468544539 0.4030942948762506 -0.30576327685039495
vn 0.7669208151506324 0.5465492082616407 -0.33632785528002773
vn 0.7669208151506324 0.5465492082616407 -0.33632785528002773
vn 0.8625681468544539 0.4030942948762506 -0.30576327685039495
vn 0.8625681468544539 0.4030942948762506 -0.30576327685039495
vn 0.7669208151506324 0.5465492082616407 -0.33632785528002773
vn 0.8996864089624195 0.422032272878539 -0.11159357587818515
vn 0.7669208151506324 0.5465492082616407 -0.33632785528002773
vn 0.8104872557086826 0.5763039484782724 -0.10480537821200497
vn 0.8996864089624195 0.422032272878539 -0.11159357587818515
vn 0.8996864089624195 0.422032272878539 -0.11159357587818515
vn 0.8104872557086826 0.5763039484782724 -0.10480537821200497
vn 0.8996864089624195 0.422032272878539 -0.11159357587818515
vn 0.8104872557086826 0.5763039484782724 -0.10480537821200497
vn 0.8104872557086826 0.5763039484782724 -0.10480537821200497
vn 0.8996864089624195 0.422032272878539 -0.11159357587818515
vn 0.8996864089624195 0.422032272878539 -0.11159357587818515
vn 0.8104872557086826 0.5763039484782724 -0.10480537821200497
vn 0.8996864089624195 0.422032272878539 -0.11159357587818515
vn 0.8104872557086826 0.5763039484782724 -0.10480537821200497
vn 0.8104872557086826 0.5763039484782724 -0.10480537821200497
vn 0.8996864089624195 0.422032272878539 -0.11159357587818515
vn 0.8996864089624195 0.422032272878539 -0.11159357587818515
vn 0.8104872557086826 0.5763039484782724 -0.10480537821200497
vn 0.9047044510656452 0.42526268935762124 0.025719666839465485
vn 0.8104872557086826 0.5763039484782724 -0.10480537821200497
vn 0.8149957855101078 0.578963830248722 0.024140274739351143
vn 0.9047044510656452 0.42526268935762124 0.025719666839465485
vn 0.9047044510656452 0.42526268935762124 0.025719666839465485
vn 0.8149957855101078 0.578963830248722 0.024140274739351143
vn 0.8851347002786351 0.41748479165180985 0.20553104656498014
vn 0.8149957855101078 0.578963830248722 0.024140274739351143
vn 0.8002642289242121 0.5676120445965022 0.19337458657567913
vn 0.8851347002786351 0.41748479165180985 0.20553104656498014
vn 0.8851347002786351 0.41748479165180985 0.20553104656498014
vn 0.8002642289242121 0.5676120445965022 0.19337458657567913
vn 0.8851347002786351 0.41748479165180985 0.20553104656498014
vn 0.8002642289242121 0.5676120445965022 0.19337458657567913
vn 0.8002642289242121 0.5676120445965022 0.19337458657567913
vn 0.8851347002786351 0.41748479165180985 0.20553104656498014
vn 0.8851347002786351 0.41748479165180985 0.20553104656498014
vn 0.8002642289242121 0.5676120445965022 0.19337458657567913
vn 0.8851347002786351 0.41748479165180985 0.20553104656498014
vn 0.8002642289242121 0.5676120445965022 0.19337458657567913
vn 0.8002642289242121 0.5676120445965022 0.19337458657567913
vn 0.8851347002786351 0.41748479165180985 0.20553104656498014
vn 0.8851347002786351 0.41748479165180985 0.20553104656498014
vn 0.8002642289242121 0.5676120445965022 0.19337458657567913
vn 0.8265969218102327 0.39154672911076294 0.4042631417486767
vn 0.8002642289242121 0.5676120445965022 0.19337458657567913
vn 0.7369607683916017 0.5213659403529041 0.4301934240450358
vn 0.8265969218102327 0.39154672911076294 0.4042631417486767
vn 0.8265969218102327 0.39154672911076294 0.4042631417486767
vn 0.7369607683916017 0.5213659403529041 0.4301934240450358
vn 0.7824829638230144 0.3716635023168366 0.49958648137468037
vn 0.7369607683916017 0.5213659403529041 0.4301934240450358
vn 0.7369607683916017 0.5213659403529041 0.4301934240450358
vn 0.7824829638230144 0.3716635023168366 0.49958648137468037
vn 0.7824829638230144 0.3716635023168366 0.49958648137468037
vn 0.7369607683916017 0.5213659403529041 0.4301934240450358
vn 0.663601390292904 0.31763636674581247 0.6773037230975808
vn 0.7369607683916017 0.5213659403529041 0.4301934240450358
vn 0.6733830675195001 0.4753474070545048 0.5662155834879392
vn 0.663601390292904 0.31763636674581247 0.6773037230975808
vn 0.663601390292904 0.31763636674581247 0.6773037230975808
vn 0.6733830675195001 0.4753474070545048 0.5662155834879392
vn 0.663601390292904 0.31763636674581247 0.6773037230975808
vn 0.6733830675195001 0.4753474070545048 0.5662155834879392
vn 0.588471707464881 0.41409039271002157 0.6944279632752612
vn 0.663601390292904 0.31763636674581247 0.6773037230975808
vn 0.663601390292904 0.31763636674581247 0.6773037230975808
vn 0.588471707464881 0.41409039271002157 0.6944279632752612
vn 0.663601390292904 0.31763636674581247 0.6773037230975808
vn 0.588471707464881 0.41409039271002157 0.6944279632752612
vn 0.588471707464881 0.41409039271002157 0.6944279632752612
vn 0.663601390292904 0.31763636674581247 0.6773037230975808
vn 0.663601390292904 0.31763636674581247 0.6773037230975808
vn 0.588471707464881 0.41409039271002157 0.6944279632752612
vn 0.41605052228126377 0.20399987636886743 0.8861636493058008
vn 0.588471707464881 0.41409039271002157 0.6944279632752612
vn 0.48269370947254836 0.3380013458725015 0.8079368001421948
vn 0.41605052228126377 0.20399987636886743 0.8861636493058008
vn 0.41605052228126377 0.20399987636886743 0.8861636493058008
vn 0.48269370947254836 0.3380013458725015 0.8079368001421948
vn 0.41605052228126377 0.20399987636886743 0.8861636493058008
vn 0.48269370947254836 0.3380013458725015 0.8079368001421948
vn 0.35559091333758175 0.24681917084060803 0.9014629217318363
vn 0.41605052228126377 0.20399987636886743 0.8861636493058008
vn 0.41605052228126377 0.20399987636886743 0.8861636493058008
vn 0.35559091333758175 0.24681917084060803 0.9014629217318363
vn 0.41605052228126377 0.20399987636886743 0.8861636493058008
vn 0.35559091333758175 0.24681917084060803 0.9014629217318363
vn 0.35559091333758175 0.24681917084060803 0.9014629217318363
vn 0.41605052228126377 0.20399987636886743 0.8861636493058008
vn 0.41605052228126377 0.20399987636886743 0.8861636493058008
vn 0.35559091333758175 0.24681917084060803 0.9014629217318363
vn 0.1606039733433474 0.08551995618847297 0.983307022673921
vn 0.35559091333758175 0.24681917084060803 0.9014629217318363
vn 0.16064658965274914 0.10748622703122472 0.9811418777279529
vn 0.1606039733433474 0.08551995618847297 0.983307022673921
vn 0.1606039733433474 0.08551995618847297 0.983307022673921
vn 0.16064658965274914 0.10748622703122472 0.9811418777279529
vn 0.1606039733433474 0.08551995618847297 0.983307022673921
vn 0.16064658965274914 0.10748622703122472 0.9811418777279529
vn 0.16064658965274914 0.10748622703122472 0.9811418777279529
vn 0.1606039733433474 0.08551995618847297 0.983307022673921
vn 0.1606039733433474 0.08551995618847297 0.983307022673921
vn 0.16064658965274914 0.10748622703122472 0.9811418777279529
vn 0.025682355955162637 0.017236599528594326 0.9995215436544044
vn 0.16064658965274914 0.10748622703122472 0.9811418777279529
vn 0.028175077556890412 0.016590402936251438 0.999465318825559
vn 0.025682355955162637 0.017236599528594326 0.9995215436544044
vn 0.02493987608207441 0.021145699573141944 -0.9994652880268396
vn 0.03821766373830462 0.01274296081667687 -0.99918818404143
vn 0.1543702300717079 0.11632023499696371 -0.9811419035989947
vn 0.03821766373830462 0.01274296081667687 -0.99918818404143
vn 0.250320349540462 0.07883121211090734 -0.964948373024726
vn 0.1543702300717079 0.11632023499696371 -0.9811419035989947
vn 0.1543702300717079 0.11632023499696371 -0.9811419035989947
vn 0.250320349540462 0.07883121211090734 -0.964948373024726
vn 0.1543702300717079 0.11632023499696371 -0.9811419035989947
vn 0.250320349540462 0.07883121211090734 -0.964948373024726
vn 0.250320349540462 0.07883121211090734 -0.964948373024726
vn 0.1543702300717079 0.11632023499696371 -0.9811419035989947
vn 0.1543702300717079 0.11632023499696371 -0.9811419035989947
vn 0.250320349540462 0.07883121211090734 -0.964948373024726
vn 0.3501015653569459 0.25454670554541076 -0.9014626274175729
vn 0.250320349540462 0.07883121211090734 -0.964948373024726
vn 0.250320349540462 0.07883121211090734 -0.964948373024726
vn 0.3501015653569459 0.25454670554541076 -0.9014626274175729
vn 0.3501015653569459 0.25454670554541076 -0.9014626274175729
vn 0.250320349540462 0.07883121211090734 -0.964948373024726
vn 0.3501015653569459 0.25454670554541076 -0.9014626274175729
vn 0.250320349540462 0.07883121211090734 -0.964948373024726
vn 0.5724552170375072 0.17803820646168914 -0.8003733013578386
vn 0.3501015653569459 0.25454670554541076 -0.9014626274175729
vn 0.3501015653569459 0.25454670554541076 -0.9014626274175729
vn 0.5724552170375072 0.17803820646168914 -0.8003733013578386
vn 0.515704395518703 0.37101325546095654 -0.7722681792712633
vn 0.5724552170375072 0.17803820646168914 -0.8003733013578386
vn 0.5724552170375072 0.17803820646168914 -0.8003733013578386
vn 0.515704395518703 0.37101325546095654 -0.7722681792712633
vn 0.515704395518703 0.37101325546095654 -0.7722681792712633
vn 0.5724552170375072 0.17803820646168914 -0.8003733013578386
vn 0.515704395518703 0.37101325546095654 -0.7722681792712633
vn 0.5724552170375072 0.17803820646168914 -0.8003733013578386
vn 0.5724552170375072 0.17803820646168914 -0.8003733013578386
vn 0.515704395518703 0.37101325546095654 -0.7722681792712633
vn 0.515704395518703 0.37101325546095654 -0.7722681792712633
vn 0.5724552170375072 0.17803820646168914 -0.8003733013578386
vn 0.6158990397092109 0.4412444329288409 -0.6526650927501618
vn 0.5724552170375072 0.17803820646168914 -0.8003733013578386
vn 0.732732365297737 0.22728419604871838 -0.6414399231975442
vn 0.6158990397092109 0.4412444329288409 -0.6526650927501618
vn 0.6158990397092109 0.4412444329288409 -0.6526650927501618
vn 0.732732365297737 0.22728419604871838 -0.6414399231975442
vn 0.6704893823215828 0.4794189714157739 -0.5662167765446938
vn 0.732732365297737 0.22728419604871838 -0.6414399231975442
vn 0.8213058293360613 0.25445780713579236 -0.5105956904305483
vn 0.6704893823215828 0.4794189714157739 -0.5662167765446938
vn 0.6704893823215828 0.4794189714157739 -0.5662167765446938
vn 0.8213058293360613 0.25445780713579236 -0.5105956904305483
vn 0.7157599371269293 0.5110023647244646 -0.4759877053559886
vn 0.8213058293360613 0.25445780713579236 -0.5105956904305483
vn 0.8213058293360613 0.25445780713579236 -0.5105956904305483
vn 0.7157599371269293 0.5110023647244646 -0.4759877053559886
vn 0.7157599371269293 0.5110023647244646 -0.4759877053559886
vn 0.8213058293360613 0.25445780713579236 -0.5105956904305483
vn 0.7669208151506324 0.5465492082616407 -0.33632785528002773
vn 0.8213058293360613 0.25445780713579236 -0.5105956904305483
vn 0.9026097402821678 0.2793421965186954 -0.3275112120094033
vn 0.7669208151506324 0.5465492082616407 -0.33632785528002773
vn 0.7669208151506324 0.5465492082616407 -0.33632785528002773
vn 0.9026097402821678 0.2793421965186954 -0.3275112120094033
vn 0.7669208151506324 0.5465492082616407 -0.33632785528002773
vn 0.9026097402821678 0.2793421965186954 -0.3275112120094033
vn 0.9026097402821678 0.2793421965186954 -0.3275112120094033
vn 0.7669208151506324 0.5465492082616407 -0.33632785528002773
vn 0.7669208151506324 0.5465492082616407 -0.33632785528002773
vn 0.9026097402821678 0.2793421965186954 -0.3275112120094033
vn 0.8104872557086826 0.5763039484782724 -0.10480537821200497
vn 0.9026097402821678 0.2793421965186954 -0.3275112120094033
vn 0.9504185993845904 0.29385426884310273 -0.10175536657355756
vn 0.8104872557086826 0.5763039484782724 -0.10480537821200497
vn 0.8104872557086826 0.5763039484782724 -0.10480537821200497
vn 0.9504185993845904 0.29385426884310273 -0.10175536657355756
vn 0.8104872557086826 0.5763039484782724 -0.10480537821200497
vn 0.9504185993845904 0.29385426884310273 -0.10175536657355756
vn 0.9504185993845904 0.29385426884310273 -0.10175536657355756
vn 0.8104872557086826 0.5763039484782724 -0.10480537821200497
vn 0.8104872557086826 0.5763039484782724 -0.10480537821200497
vn 0.9504185993845904 0.29385426884310273 -0.10175536657355756
vn 0.8104872557086826 0.5763039484782724 -0.10480537821200497
vn 0.9504185993845904 0.29385426884310273 -0.10175536657355756
vn 0.9504185993845904 0.29385426884310273 -0.10175536657355756
vn 0.8104872557086826 0.5763039484782724 -0.10480537821200497
vn 0.8104872557086826 0.5763039484782724 -0.10480537821200497
vn 0.9504185993845904 0.29385426884310273 -0.10175536657355756
vn 0.8149957855101078 0.578963830248722 0.024140274739351143
vn 0.9504185993845904 0.29385426884310273 -0.10175536657355756
vn 0.9551490574385714 0.29519689173075203 0.02343231074203579
vn 0.8149957855101078 0.578963830248722 0.024140274739351143
vn 0.8149957855101078 0.578963830248722 0.024140274739351143
vn 0.9551490574385714 0.29519689173075203 0.02343231074203579
vn 0.8002642289242121 0.5676120445965022 0.19337458657567913
vn 0.9551490574385714 0.29519689173075203 0.02343231074203579
vn 0.9384504836052757 0.2898410346969242 0.18789056502879659
vn 0.8002642289242121 0.5676120445965022 0.19337458657567913
vn 0.8002642289242121 0.5676120445965022 0.19337458657567913
vn 0.9384504836052757 0.2898410346969242 0.18789056502879659
vn 0.8002642289242121 0.5676120445965022 0.19337458657567913
vn 0.9384504836052757 0.2898410346969242 0.18789056502879659
vn 0.9384504836052757 0.2898410346969242 0.18789056502879659
vn 0.8002642289242121 0.5676120445965022 0.19337458657567913
vn 0.8002642289242121 0.5676120445965022 0.19337458657567913
vn 0.9384504836052757 0.2898410346969242 0.18789056502879659
vn 0.8002642289242121 0.5676120445965022 0.19337458657567913
vn 0.9384504836052757 0.2898410346969242 0.18789056502879659
vn 0.9384504836052757 0.2898410346969242 0.18789056502879659
vn 0.8002642289242121 0.5676120445965022 0.19337458657567913
vn 0.8002642289242121 0.5676120445965022 0.19337458657567913
vn 0.9384504836052757 0.2898410346969242 0.18789056502879659
vn 0.7369607683916017 0.5213659403529041 0.4301934240450358
vn 0.9384504836052757 0.2898410346969242 0.18789056502879659
vn 0.8672826788339338 0.2675632804250829 0.4197983396379789
vn 0.7369607683916017 0.5213659403529041 0.4301934240450358
vn 0.7369607683916017 0.5213659403529041 0.4301934240450358
vn 0.8672826788339338 0.2675632804250829 0.4197983396379789
vn 0.7369607683916017 0.5213659403529041 0.4301934240450358
vn 0.8672826788339338 0.2675632804250829 0.4197983396379789
vn 0.8672826788339338 0.2675632804250829 0.4197983396379789
vn 0.7369607683916017 0.5213659403529041 0.4301934240450358
vn 0.7369607683916017 0.5213659403529041 0.4301934240450358
vn 0.8672826788339338 0.2675632804250829 0.4197983396379789
vn 0.6733830675195001 0.4753474070545048 0.5662155834879392
vn 0.8672826788339338 0.2675632804250829 0.4197983396379789
vn 0.7951116684397054 0.2450670041649867 0.5547428216575917
vn 0.6733830675195001 0.4753474070545048 0.5662155834879392
vn 0.6733830675195001 0.4753474070545048 0.5662155834879392
vn 0.7951116684397054 0.2450670041649867 0.5547428216575917
vn 0.588471707464881 0.41409039271002157 0.6944279632752612
vn 0.7951116684397054 0.2450670041649867 0.5547428216575917
vn 0.697535674035403 0.2146982788285348 0.6836290167305956
vn 0.588471707464881 0.41409039271002157 0.6944279632752612
vn 0.588471707464881 0.41409039271002157 0.6944279632752612
vn 0.697535674035403 0.2146982788285348 0.6836290167305956
vn 0.588471707464881 0.41409039271002157 0.6944279632752612
vn 0.697535674035403 0.2146982788285348 0.6836290167305956
vn 0.697535674035403 0.2146982788285348 0.6836290167305956
vn 0.588471707464881 0.41409039271002157 0.6944279632752612
vn 0.588471707464881 0.41409039271002157 0.6944279632752612
vn 0.697535674035403 0.2146982788285348 0.6836290167305956
vn 0.48269370947254836 0.3380013458725015 0.8079368001421948
vn 0.697535674035403 0.2146982788285348 0.6836290167305956
vn 0.5266771797225281 0.16160429660198 0.8345628794041244
vn 0.48269370947254836 0.3380013458725015 0.8079368001421948
vn 0.48269370947254836 0.3380013458725015 0.8079368001421948
vn 0.5266771797225281 0.16160429660198 0.8345628794041244
vn 0.35559091333758175 0.24681917084060803 0.9014629217318363
vn 0.5266771797225281 0.16160429660198 0.8345628794041244
vn 0.5266771797225281 0.16160429660198 0.8345628794041244
vn 0.35559091333758175 0.24681917084060803 0.9014629217318363
vn 0.35559091333758175 0.24681917084060803 0.9014629217318363
vn 0.5266771797225281 0.16160429660198 0.8345628794041244
vn 0.35559091333758175 0.24681917084060803 0.9014629217318363
vn 0.5266771797225281 0.16160429660198 0.8345628794041244
vn 0.25114667023895776 0.07615805298512628 0.9649483411009105
vn 0.35559091333758175 0.24681917084060803 0.9014629217318363
vn 0.35559091333758175 0.24681917084060803 0.9014629217318363
vn 0.25114667023895776 0.07615805298512628 0.9649483411009105
vn 0.16064658965274914 0.10748622703122472 0.9811418777279529
vn 0.25114667023895776 0.07615805298512628 0.9649483411009105
vn 0.25114667023895776 0.07615805298512628 0.9649483411009105
vn 0.16064658965274914 0.10748622703122472 0.9811418777279529
vn 0.16064658965274914 0.10748622703122472 0.9811418777279529
vn 0.25114667023895776 0.07615805298512628 0.9649483411009105
vn 0.16064658965274914 0.10748622703122472 0.9811418777279529
vn 0.25114667023895776 0.07615805298512628 0.9649483411009105
vn 0.25114667023895776 0.07615805298512628 0.9649483411009105
vn 0.16064658965274914 0.10748622703122472 0.9811418777279529
vn 0.16064658965274914 0.10748622703122472 0.9811418777279529
vn 0.25114667023895776 0.07615805298512628 0.9649483411009105
vn 0.028175077556890412 0.016590402936251438 0.999465318825559
vn 0.25114667023895776 0.07615805298512628 0.9649483411009105
vn 0.03874181162627165 0.011043066952345157 0.9991882318683505
vn 0.028175077556890412 0.016590402936251438 0.999465318825559
vn 0.03821766373830462 0.01274296081667687 -0.99918818404143
vn 0.07340817790519366 0.05146796180588041 -0.995973035942333
vn 0.250320349540462 0.07883121211090734 -0.964948373024726
vn 0.07340817790519366 0.05146796180588041 -0.995973035942333
vn 0.07340817790519366 0.05146796180588041 -0.995973035942333
vn 0.250320349540462 0.07883121211090734 -0.964948373024726
vn 0.250320349540462 0.07883121211090734 -0.964948373024726
vn 0.07340817790519366 0.05146796180588041 -0.995973035942333
vn 0.250320349540462 0.07883121211090734 -0.964948373024726
vn 0.07340817790519366 0.05146796180588041 -0.995973035942333
vn 0.18433235335675285 0.1470155397979099 -0.971806572607888
vn 0.250320349540462 0.07883121211090734 -0.964948373024726
vn 0.250320349540462 0.07883121211090734 -0.964948373024726
vn 0.18433235335675285 0.1470155397979099 -0.971806572607888
vn 0.250320349540462 0.07883121211090734 -0.964948373024726
vn 0.18433235335675285 0.1470155397979099 -0.971806572607888
vn 0.3484841189322887 0.29137512223658996 -0.890875612526013
vn 0.250320349540462 0.07883121211090734 -0.964948373024726
vn 0.250320349540462 0.07883121211090734 -0.964948373024726
vn 0.3484841189322887 0.29137512223658996 -0.890875612526013
vn 0.5724552170375072 0.17803820646168914 -0.8003733013578386
vn 0.3484841189322887 0.29137512223658996 -0.890875612526013
vn 0.3484841189322887 0.29137512223658996 -0.890875612526013
vn 0.5724552170375072 0.17803820646168914 -0.8003733013578386
vn 0.5724552170375072 0.17803820646168914 -0.8003733013578386
vn 0.3484841189322887 0.29137512223658996 -0.890875612526013
vn 0.5724552170375072 0.17803820646168914 -0.8003733013578386
vn 0.3484841189322887 0.29137512223658996 -0.890875612526013
vn 0.3484841189322887 0.29137512223658996 -0.890875612526013
vn 0.5724552170375072 0.17803820646168914 -0.8003733013578386
vn 0.5724552170375072 0.17803820646168914 -0.8003733013578386
vn 0.3484841189322887 0.29137512223658996 -0.890875612526013
vn 0.5724552170375072 0.17803820646168914 -0.8003733013578386
vn 0.3484841189322887 0.29137512223658996 -0.890875612526013
vn 0.4923982149101684 0.4187526213061276 -0.7630139186820424
vn 0.5724552170375072 0.17803820646168914 -0.8003733013578386
vn 0.5724552170375072 0.17803820646168914 -0.8003733013578386
vn 0.4923982149101684 0.4187526213061276 -0.7630139186820424
vn 0.732732365297737 0.22728419604871838 -0.6414399231975442
vn 0.4923982149101684 0.4187526213061276 -0.7630139186820424
vn 0.6063719668224916 0.5201717852237098 -0.601443556544587
vn 0.732732365297737 0.22728419604871838 -0.6414399231975442
vn 0.732732365297737 0.22728419604871838 -0.6414399231975442
vn 0.6063719668224916 0.5201717852237098 -0.601443556544587
vn 0.8213058293360613 0.25445780713579236 -0.5105956904305483
vn 0.6063719668224916 0.5201717852237098 -0.601443556544587
vn 0.6063719668224916 0.5201717852237098 -0.601443556544587
vn 0.8213058293360613 0.25445780713579236 -0.5105956904305483
vn 0.8213058293360613 0.25445780713579236 -0.5105956904305483
vn 0.6063719668224916 0.5201717852237098 -0.601443556544587
vn 0.8213058293360613 0.25445780713579236 -0.5105956904305483
vn 0.6063719668224916 0.5201717852237098 -0.601443556544587
vn 0.6063719668224916 0.5201717852237098 -0.601443556544587
vn 0.8213058293360613 0.25445780713579236 -0.5105956904305483
vn 0.8213058293360613 0.25445780713579236 -0.5105956904305483
vn 0.6063719668224916 0.5201717852237098 -0.601443556544587
vn 0.9026097402821678 0.2793421965186954 -0.3275112120094033
vn 0.6063719668224916 0.5201717852237098 -0.601443556544587
vn 0.7050828371017895 0.6088367729373125 -0.36356014185244584
vn 0.9026097402821678 0.2793421965186954 -0.3275112120094033
vn 0.9026097402821678 0.2793421965186954 -0.3275112120094033
vn 0.7050828371017895 0.6088367729373125 -0.36356014185244584
vn 0.9026097402821678 0.2793421965186954 -0.3275112120094033
vn 0.7050828371017895 0.6088367729373125 -0.36356014185244584
vn 0.7050828371017895 0.6088367729373125 -0.36356014185244584
vn 0.9026097402821678 0.2793421965186954 -0.3275112120094033
vn 0.9026097402821678 0.2793421965186954 -0.3275112120094033
vn 0.7050828371017895 0.6088367729373125 -0.36356014185244584
vn 0.9504185993845904 0.29385426884310273 -0.10175536657355756
vn 0.7050828371017895 0.6088367729373125 -0.36356014185244584
vn 0.750507062720729 0.6508842162735533 -0.11440666856554321
vn 0.9504185993845904 0.29385426884310273 -0.10175536657355756
vn 0.9504185993845904 0.29385426884310273 -0.10175536657355756
vn 0.750507062720729 0.6508842162735533 -0.11440666856554321
vn 0.9504185993845904 0.29385426884310273 -0.10175536657355756
vn 0.750507062720729 0.6508842162735533 -0.11440666856554321
vn 0.750507062720729 0.6508842162735533 -0.11440666856554321
vn 0.9504185993845904 0.29385426884310273 -0.10175536657355756
vn 0.9504185993845904 0.29385426884310273 -0.10175536657355756
vn 0.750507062720729 0.6508842162735533 -0.11440666856554321
vn 0.9504185993845904 0.29385426884310273 -0.10175536657355756
vn 0.750507062720729 0.6508842162735533 -0.11440666856554321
vn 0.750507062720729 0.6508842162735533 -0.11440666856554321
vn 0.9504185993845904 0.29385426884310273 -0.10175536657355756
vn 0.9504185993845904 0.29385426884310273 -0.10175536657355756
vn 0.750507062720729 0.6508842162735533 -0.11440666856554321
vn 0.9551490574385714 0.29519689173075203 0.02343231074203579
vn 0.750507062720729 0.6508842162735533 -0.11440666856554321
vn 0.7546119825931136 0.6556407927411494 0.02638004208957344
vn 0.9551490574385714 0.29519689173075203 0.02343231074203579
vn 0.9551490574385714 0.29519689173075203 0.02343231074203579
vn 0.7546119825931136 0.6556407927411494 0.02638004208957344
vn 0.9384504836052757 0.2898410346969242 0.18789056502879659
vn 0.7546119825931136 0.6556407927411494 0.02638004208957344
vn 0.7369918769499405 0.642270262326184 0.21055137957576622
vn 0.9384504836052757 0.2898410346969242 0.18789056502879659
vn 0.9384504836052757 0.2898410346969242 0.18789056502879659
vn 0.7369918769499405 0.642270262326184 0.21055137957576622
vn 0.9384504836052757 0.2898410346969242 0.18789056502879659
vn 0.7369918769499405 0.642270262326184 0.21055137957576622
vn 0.7369918769499405 0.642270262326184 0.21055137957576622
vn 0.9384504836052757 0.2898410346969242 0.18789056502879659
vn 0.9384504836052757 0.2898410346969242 0.18789056502879659
vn 0.7369918769499405 0.642270262326184 0.21055137957576622
vn 0.9384504836052757 0.2898410346969242 0.18789056502879659
vn 0.7369918769499405 0.642270262326184 0.21055137957576622
vn 0.7369918769499405 0.642270262326184 0.21055137957576622
vn 0.9384504836052757 0.2898410346969242 0.18789056502879659
vn 0.9384504836052757 0.2898410346969242 0.18789056502879659
vn 0.7369918769499405 0.642270262326184 0.21055137957576622
vn 0.8672826788339338 0.2675632804250829 0.4197983396379789
vn 0.7369918769499405 0.642270262326184 0.21055137957576622
vn 0.6672171889462357 0.5843702501383926 0.4618794577894493
vn 0.8672826788339338 0.2675632804250829 0.4197983396379789
vn 0.8672826788339338 0.2675632804250829 0.4197983396379789
vn 0.6672171889462357 0.5843702501383926 0.4618794577894493
vn 0.8672826788339338 0.2675632804250829 0.4197983396379789
vn 0.6672171889462357 0.5843702501383926 0.4618794577894493
vn 0.6672171889462357 0.5843702501383926 0.4618794577894493
vn 0.8672826788339338 0.2675632804250829 0.4197983396379789
vn 0.8672826788339338 0.2675632804250829 0.4197983396379789
vn 0.6672171889462357 0.5843702501383926 0.4618794577894493
vn 0.7951116684397054 0.2450670041649867 0.5547428216575917
vn 0.6672171889462357 0.5843702501383926 0.4618794577894493
vn 0.5738949162342212 0.5056779965409585 0.6441540102606198
vn 0.7951116684397054 0.2450670041649867 0.5547428216575917
vn 0.7951116684397054 0.2450670041649867 0.5547428216575917
vn 0.5738949162342212 0.5056779965409585 0.6441540102606198
vn 0.697535674035403 0.2146982788285348 0.6836290167305956
vn 0.5738949162342212 0.5056779965409585 0.6441540102606198
vn 0.5738949162342212 0.5056779965409585 0.6441540102606198
vn 0.697535674035403 0.2146982788285348 0.6836290167305956
vn 0.697535674035403 0.2146982788285348 0.6836290167305956
vn 0.5738949162342212 0.5056779965409585 0.6441540102606198
vn 0.697535674035403 0.2146982788285348 0.6836290167305956
vn 0.5738949162342212 0.5056779965409585 0.6441540102606198
vn 0.4835061089834661 0.42899280404345463 0.7630118063664564
vn 0.697535674035403 0.2146982788285348 0.6836290167305956
vn 0.697535674035403 0.2146982788285348 0.6836290167305956
vn 0.4835061089834661 0.42899280404345463 0.7630118063664564
vn 0.5266771797225281 0.16160429660198 0.8345628794041244
vn 0.4835061089834661 0.42899280404345463 0.7630118063664564
vn 0.3372497245018126 0.3043065653119191 0.8908760506554849
vn 0.5266771797225281 0.16160429660198 0.8345628794041244
vn 0.5266771797225281 0.16160429660198 0.8345628794041244
vn 0.3372497245018126 0.3043065653119191 0.8908760506554849
vn 0.5266771797225281 0.16160429660198 0.8345628794041244
vn 0.3372497245018126 0.3043065653119191 0.8908760506554849
vn 0.3372497245018126 0.3043065653119191 0.8908760506554849
vn 0.5266771797225281 0.16160429660198 0.8345628794041244
vn 0.5266771797225281 0.16160429660198 0.8345628794041244
vn 0.3372497245018126 0.3043065653119191 0.8908760506554849
vn 0.25114667023895776 0.07615805298512628 0.9649483411009105
vn 0.3372497245018126 0.3043065653119191 0.8908760506554849
vn 0.3372497245018126 0.3043065653119191 0.8908760506554849
vn 0.25114667023895776 0.07615805298512628 0.9649483411009105
vn 0.25114667023895776 0.07615805298512628 0.9649483411009105
vn 0.3372497245018126 0.3043065653119191 0.8908760506554849
vn 0.25114667023895776 0.07615805298512628 0.9649483411009105
vn 0.3372497245018126 0.3043065653119191 0.8908760506554849
vn 0.1713521955564974 0.16195966567715459 0.9718063036283066
vn 0.25114667023895776 0.07615805298512628 0.9649483411009105
vn 0.25114667023895776 0.07615805298512628 0.9649483411009105
vn 0.1713521955564974 0.16195966567715459 0.9718063036283066
vn 0.25114667023895776 0.07615805298512628 0.9649483411009105
vn 0.1713521955564974 0.16195966567715459 0.9718063036283066
vn 0.061228305619837 0.0654877206267778 0.9959731186322414
vn 0.25114667023895776 0.07615805298512628 0.9649483411009105
vn 0.25114667023895776 0.07615805298512628 0.9649483411009105
vn 0.061228305619837 0.0654877206267778 0.9959731186322414
vn 0.03874181162627165 0.011043066952345157 0.9991882318683505
vn 0.061228305619837 0.0654877206267778 0.9959731186322414
vn 0.061228305619837 0.0654877206267778 0.9959731186322414
vn 0.03874181162627165 0.011043066952345157 0.9991882318683505
vn 0.07340817790519366 0.05146796180588041 -0.995973035942333
vn 0.013972112137619138 0.04335836370761329 -0.9989618773401778
vn 0.07340817790519366 0.05146796180588041 -0.995973035942333
vn 0.013972112137619138 0.04335836370761329 -0.9989618773401778
vn 0.013972112137619138 0.04335836370761329 -0.9989618773401778
vn 0.07340817790519366 0.05146796180588041 -0.995973035942333
vn 0.07340817790519366 0.05146796180588041 -0.995973035942333
vn 0.013972112137619138 0.04335836370761329 -0.9989618773401778
vn 0.18433235335675285 0.1470155397979099 -0.971806572607888
vn 0.013972112137619138 0.04335836370761329 -0.9989618773401778
vn 0.11373954061640684 0.3674028449703288 -0.9230809641673245
vn 0.18433235335675285 0.1470155397979099 -0.971806572607888
vn 0.18433235335675285 0.1470155397979099 -0.971806572607888
vn 0.11373954061640684 0.3674028449703288 -0.9230809641673245
vn 0.3484841189322887 0.29137512223658996 -0.890875612526013
vn 0.11373954061640684 0.3674028449703288 -0.9230809641673245
vn 0.11373954061640684 0.3674028449703288 -0.9230809641673245
vn 0.3484841189322887 0.29137512223658996 -0.890875612526013
vn 0.3484841189322887 0.29137512223658996 -0.890875612526013
vn 0.11373954061640684 0.3674028449703288 -0.9230809641673245
vn 0.3484841189322887 0.29137512223658996 -0.890875612526013
vn 0.11373954061640684 0.3674028449703288 -0.9230809641673245
vn 0.11373954061640684 0.3674028449703288 -0.9230809641673245
vn 0.3484841189322887 0.29137512223658996 -0.890875612526013
vn 0.3484841189322887 0.29137512223658996 -0.890875612526013
vn 0.11373954061640684 0.3674028449703288 -0.9230809641673245
vn 0.3484841189322887 0.29137512223658996 -0.890875612526013
vn 0.11373954061640684 0.3674028449703288 -0.9230809641673245
vn 0.18976187291424115 0.6177618368609179 -0.7631256413634022
vn 0.3484841189322887 0.29137512223658996 -0.890875612526013
vn 0.3484841189322887 0.29137512223658996 -0.890875612526013
vn 0.18976187291424115 0.6177618368609179 -0.7631256413634022
vn 0.4923982149101684 0.4187526213061276 -0.7630139186820424
vn 0.18976187291424115 0.6177618368609179 -0.7631256413634022
vn 0.18976187291424115 0.6177618368609179 -0.7631256413634022
vn 0.4923982149101684 0.4187526213061276 -0.7630139186820424
vn 0.4923982149101684 0.4187526213061276 -0.7630139186820424
vn 0.18976187291424115 0.6177618368609179 -0.7631256413634022
vn 0.6063719668224916 0.5201717852237098 -0.601443556544587
vn 0.18976187291424115 0.6177618368609179 -0.7631256413634022
vn 0.23449337259085848 0.7654160784290952 -0.599292153371951
vn 0.6063719668224916 0.5201717852237098 -0.601443556544587
vn 0.6063719668224916 0.5201717852237098 -0.601443556544587
vn 0.23449337259085848 0.7654160784290952 -0.599292153371951
vn 0.6063719668224916 0.5201717852237098 -0.601443556544587
vn 0.23449337259085848 0.7654160784290952 -0.599292153371951
vn 0.23449337259085848 0.7654160784290952 -0.599292153371951
vn 0.6063719668224916 0.5201717852237098 -0.601443556544587
vn 0.6063719668224916 0.5201717852237098 -0.601443556544587
vn 0.23449337259085848 0.7654160784290952 -0.599292153371951
vn 0.6063719668224916 0.5201717852237098 -0.601443556544587
vn 0.23449337259085848 0.7654160784290952 -0.599292153371951
vn 0.25897309375443167 0.8463906112272623 -0.46535563812808733
vn 0.6063719668224916 0.5201717852237098 -0.601443556544587
vn 0.6063719668224916 0.5201717852237098 -0.601443556544587
vn 0.25897309375443167 0.8463906112272623 -0.46535563812808733
vn 0.7050828371017895 0.6088367729373125 -0.36356014185244584
vn 0.25897309375443167 0.8463906112272623 -0.46535563812808733
vn 0.2761913286479186 0.9034904989797566 -0.32775489047916245
vn 0.7050828371017895 0.6088367729373125 -0.36356014185244584
vn 0.7050828371017895 0.6088367729373125 -0.36356014185244584
vn 0.2761913286479186 0.9034904989797566 -0.32775489047916245
vn 0.7050828371017895 0.6088367729373125 -0.36356014185244584
vn 0.2761913286479186 0.9034904989797566 -0.32775489047916245
vn 0.2761913286479186 0.9034904989797566 -0.32775489047916245
vn 0.7050828371017895 0.6088367729373125 -0.36356014185244584
vn 0.7050828371017895 0.6088367729373125 -0.36356014185244584
vn 0.2761913286479186 0.9034904989797566 -0.32775489047916245
vn 0.750507062720729 0.6508842162735533 -0.11440666856554321
vn 0.2761913286479186 0.9034904989797566 -0.32775489047916245
vn 0.2905145924673464 0.9514358178316732 -0.10183887327787404
vn 0.750507062720729 0.6508842162735533 -0.11440666856554321
vn 0.750507062720729 0.6508842162735533 -0.11440666856554321
vn 0.2905145924673464 0.9514358178316732 -0.10183887327787404
vn 0.750507062720729 0.6508842162735533 -0.11440666856554321
vn 0.2905145924673464 0.9514358178316732 -0.10183887327787404
vn 0.2905145924673464 0.9514358178316732 -0.10183887327787404
vn 0.750507062720729 0.6508842162735533 -0.11440666856554321
vn 0.750507062720729 0.6508842162735533 -0.11440666856554321
vn 0.2905145924673464 0.9514358178316732 -0.10183887327787404
vn 0.750507062720729 0.6508842162735533 -0.11440666856554321
vn 0.2905145924673464 0.9514358178316732 -0.10183887327787404
vn 0.2905145924673464 0.9514358178316732 -0.10183887327787404
vn 0.750507062720729 0.6508842162735533 -0.11440666856554321
vn 0.750507062720729 0.6508842162735533 -0.11440666856554321
vn 0.2905145924673464 0.9514358178316732 -0.10183887327787404
vn 0.7546119825931136 0.6556407927411494 0.02638004208957344
vn 0.2905145924673464 0.9514358178316732 -0.10183887327787404
vn 0.2918238976607194 0.9561845787185115 0.02344918282176677
vn 0.7546119825931136 0.6556407927411494 0.02638004208957344
vn 0.7546119825931136 0.6556407927411494 0.02638004208957344
vn 0.2918238976607194 0.9561845787185115 0.02344918282176677
vn 0.7369918769499405 0.642270262326184 0.21055137957576622
vn 0.2918238976607194 0.9561845787185115 0.02344918282176677
vn 0.28648737654653467 0.9394495081920666 0.18804149711478094
vn 0.7369918769499405 0.642270262326184 0.21055137957576622
vn 0.7369918769499405 0.642270262326184 0.21055137957576622
vn 0.28648737654653467 0.9394495081920666 0.18804149711478094
vn 0.7369918769499405 0.642270262326184 0.21055137957576622
vn 0.28648737654653467 0.9394495081920666 0.18804149711478094
vn 0.28648737654653467 0.9394495081920666 0.18804149711478094
vn 0.7369918769499405 0.642270262326184 0.21055137957576622
vn 0.7369918769499405 0.642270262326184 0.21055137957576622
vn 0.28648737654653467 0.9394495081920666 0.18804149711478094
vn 0.7369918769499405 0.642270262326184 0.21055137957576622
vn 0.28648737654653467 0.9394495081920666 0.18804149711478094
vn 0.28648737654653467 0.9394495081920666 0.18804149711478094
vn 0.7369918769499405 0.642270262326184 0.21055137957576622
vn 0.7369918769499405 0.642270262326184 0.21055137957576622
vn 0.28648737654653467 0.9394495081920666 0.18804149711478094
vn 0.6672171889462357 0.5843702501383926 0.4618794577894493
vn 0.28648737654653467 0.9394495081920666 0.18804149711478094
vn 0.2643852527280899 0.8681172117292457 0.42008683011889825
vn 0.6672171889462357 0.5843702501383926 0.4618794577894493
vn 0.6672171889462357 0.5843702501383926 0.4618794577894493
vn 0.2643852527280899 0.8681172117292457 0.42008683011889825
vn 0.6672171889462357 0.5843702501383926 0.4618794577894493
vn 0.2643852527280899 0.8681172117292457 0.42008683011889825
vn 0.2643852527280899 0.8681172117292457 0.42008683011889825
vn 0.6672171889462357 0.5843702501383926 0.4618794577894493
vn 0.6672171889462357 0.5843702501383926 0.4618794577894493
vn 0.2643852527280899 0.8681172117292457 0.42008683011889825
vn 0.5738949162342212 0.5056779965409585 0.6441540102606198
vn 0.2643852527280899 0.8681172117292457 0.42008683011889825
vn 0.22271721090528107 0.7328763612549827 0.6428757913315983
vn 0.5738949162342212 0.5056779965409585 0.6441540102606198
vn 0.5738949162342212 0.5056779965409585 0.6441540102606198
vn 0.22271721090528107 0.7328763612549827 0.6428757913315983
vn 0.5738949162342212 0.5056779965409585 0.6441540102606198
vn 0.22271721090528107 0.7328763612549827 0.6428757913315983
vn 0.22271721090528107 0.7328763612549827 0.6428757913315983
vn 0.5738949162342212 0.5056779965409585 0.6441540102606198
vn 0.5738949162342212 0.5056779965409585 0.6441540102606198
vn 0.22271721090528107 0.7328763612549827 0.6428757913315983
vn 0.4835061089834661 0.42899280404345463 0.7630118063664564
vn 0.22271721090528107 0.7328763612549827 0.6428757913315983
vn 0.22271721090528107 0.7328763612549827 0.6428757913315983
vn 0.4835061089834661 0.42899280404345463 0.7630118063664564
vn 0.4835061089834661 0.42899280404345463 0.7630118063664564
vn 0.22271721090528107 0.7328763612549827 0.6428757913315983
vn 0.3372497245018126 0.3043065653119191 0.8908760506554849
vn 0.22271721090528107 0.7328763612549827 0.6428757913315983
vn 0.17408549804932696 0.5746238834082121 0.7996884593301213
vn 0.3372497245018126 0.3043065653119191 0.8908760506554849
vn 0.3372497245018126 0.3043065653119191 0.8908760506554849
vn 0.17408549804932696 0.5746238834082121 0.7996884593301213
vn 0.3372497245018126 0.3043065653119191 0.8908760506554849
vn 0.17408549804932696 0.5746238834082121 0.7996884593301213
vn 0.11080512204817805 0.36829861335039504 0.9230809045430767
vn 0.3372497245018126 0.3043065653119191 0.8908760506554849
vn 0.3372497245018126 0.3043065653119191 0.8908760506554849
vn 0.11080512204817805 0.36829861335039504 0.9230809045430767
vn 0.3372497245018126 0.3043065653119191 0.8908760506554849
vn 0.11080512204817805 0.36829861335039504 0.9230809045430767
vn 0.11080512204817805 0.36829861335039504 0.9230809045430767
vn 0.3372497245018126 0.3043065653119191 0.8908760506554849
vn 0.3372497245018126 0.3043065653119191 0.8908760506554849
vn 0.11080512204817805 0.36829861335039504 0.9230809045430767
vn 0.1713521955564974 0.16195966567715459 0.9718063036283066
vn 0.11080512204817805 0.36829861335039504 0.9230809045430767
vn 0.11080512204817805 0.36829861335039504 0.9230809045430767
vn 0.1713521955564974 0.16195966567715459 0.9718063036283066
vn 0.1713521955564974 0.16195966567715459 0.9718063036283066
vn 0.11080512204817805 0.36829861335039504 0.9230809045430767
vn 0.061228305619837 0.0654877206267778 0.9959731186322414
vn 0.11080512204817805 0.36829861335039504 0.9230809045430767
vn 0.012620606095108343 0.043770416306680715 0.9989618966497831
vn 0.061228305619837 0.0654877206267778 0.9959731186322414
vn 0.061228305619837 0.0654877206267778 0.9959731186322414
vn 0.012620606095108343 0.043770416306680715 0.9989618966497831
vn 0.061228305619837 0.0654877206267778 0.9959731186322414
vn 0.012620606095108343 0.043770416306680715 0.9989618966497831
vn 0.012620606095108343 0.043770416306680715 0.9989618966497831
vn 0.061228305619837 0.0654877206267778 0.9959731186322414
vn 0.013972112137619138 0.04335836370761329 -0.9989618773401778
vn 0.0035202798919530018 0.04922395947429247 -0.9987815624265177
vn 0.013972112137619138 0.04335836370761329 -0.9989618773401778
vn 0.0035202798919530018 0.04922395947429247 -0.9987815624265177
vn 0.004049092047974847 0.19455718909726688 -0.9808828192114273
vn 0.013972112137619138 0.04335836370761329 -0.9989618773401778
vn 0.013972112137619138 0.04335836370761329 -0.9989618773401778
vn 0.004049092047974847 0.19455718909726688 -0.9808828192114273
vn 0.11373954061640684 0.3674028449703288 -0.9230809641673245
vn 0.004049092047974847 0.19455718909726688 -0.9808828192114273
vn 0.004049092047974847 0.19455718909726688 -0.9808828192114273
vn 0.11373954061640684 0.3674028449703288 -0.9230809641673245
vn 0.11373954061640684 0.3674028449703288 -0.9230809641673245
vn 0.004049092047974847 0.19455718909726688 -0.9808828192114273
vn 0.11373954061640684 0.3674028449703288 -0.9230809641673245
vn 0.004049092047974847 0.19455718909726688 -0.9808828192114273
vn 0.0021159418592074197 0.4893233226100105 -0.8720998846118189
vn 0.11373954061640684 0.3674028449703288 -0.9230809641673245
vn 0.11373954061640684 0.3674028449703288 -0.9230809641673245
vn 0.0021159418592074197 0.4893233226100105 -0.8720998846118189
vn 0.11373954061640684 0.3674028449703288 -0.9230809641673245
vn 0.0021159418592074197 0.4893233226100105 -0.8720998846118189
vn 0.0021159418592074197 0.4893233226100105 -0.8720998846118189
vn 0.11373954061640684 0.3674028449703288 -0.9230809641673245
vn 0.11373954061640684 0.3674028449703288 -0.9230809641673245
vn 0.0021159418592074197 0.4893233226100105 -0.8720998846118189
vn 0.18976187291424115 0.6177618368609179 -0.7631256413634022
vn 0.0021159418592074197 0.4893233226100105 -0.8720998846118189
vn 0.0021159418592074197 0.4893233226100105 -0.8720998846118189
vn 0.18976187291424115 0.6177618368609179 -0.7631256413634022
vn 0.18976187291424115 0.6177618368609179 -0.7631256413634022
vn 0.0021159418592074197 0.4893233226100105 -0.8720998846118189
vn 0.18976187291424115 0.6177618368609179 -0.7631256413634022
vn 0.0021159418592074197 0.4893233226100105 -0.8720998846118189
vn 0.0004807191660752856 0.6819185521624652 -0.7314279575773205
vn 0.18976187291424115 0.6177618368609179 -0.7631256413634022
vn 0.18976187291424115 0.6177618368609179 -0.7631256413634022
vn 0.0004807191660752856 0.6819185521624652 -0.7314279575773205
vn 0.23449337259085848 0.7654160784290952 -0.599292153371951
vn 0.0004807191660752856 0.6819185521624652 -0.7314279575773205
vn -0.00094748872143558 0.8253735449697521 -0.5645862321463279
vn 0.23449337259085848 0.7654160784290952 -0.599292153371951
vn 0.23449337259085848 0.7654160784290952 -0.599292153371951
vn -0.00094748872143558 0.8253735449697521 -0.5645862321463279
vn 0.23449337259085848 0.7654160784290952 -0.599292153371951
vn -0.00094748872143558 0.8253735449697521 -0.5645862321463279
vn -0.00094748872143558 0.8253735449697521 -0.5645862321463279
vn 0.23449337259085848 0.7654160784290952 -0.599292153371951
vn 0.23449337259085848 0.7654160784290952 -0.599292153371951
vn -0.00094748872143558 0.8253735449697521 -0.5645862321463279
vn 0.25897309375443167 0.8463906112272623 -0.46535563812808733
vn -0.00094748872143558 0.8253735449697521 -0.5645862321463279
vn -0.00094748872143558 0.8253735449697521 -0.5645862321463279
vn 0.25897309375443167 0.8463906112272623 -0.46535563812808733
vn 0.25897309375443167 0.8463906112272623 -0.46535563812808733
vn -0.00094748872143558 0.8253735449697521 -0.5645862321463279
vn 0.2761913286479186 0.9034904989797566 -0.32775489047916245
vn -0.00094748872143558 0.8253735449697521 -0.5645862321463279
vn -0.002406374766800771 0.9424955180738758 -0.33421012517746673
vn 0.2761913286479186 0.9034904989797566 -0.32775489047916245
vn 0.2761913286479186 0.9034904989797566 -0.32775489047916245
vn -0.002406374766800771 0.9424955180738758 -0.33421012517746673
vn 0.2761913286479186 0.9034904989797566 -0.32775489047916245
vn -0.002406374766800771 0.9424955180738758 -0.33421012517746673
vn -0.002406374766800771 0.9424955180738758 -0.33421012517746673
vn 0.2761913286479186 0.9034904989797566 -0.32775489047916245
vn 0.2761913286479186 0.9034904989797566 -0.32775489047916245
vn -0.002406374766800771 0.9424955180738758 -0.33421012517746673
vn 0.2905145924673464 0.9514358178316732 -0.10183887327787404
vn -0.002406374766800771 0.9424955180738758 -0.33421012517746673
vn -0.0034647595015736615 0.9945635627013116 -0.10407360466741966
vn 0.2905145924673464 0.9514358178316732 -0.10183887327787404
vn 0.2905145924673464 0.9514358178316732 -0.10183887327787404
vn -0.0034647595015736615 0.9945635627013116 -0.10407360466741966
vn 0.2905145924673464 0.9514358178316732 -0.10183887327787404
vn -0.0034647595015736615 0.9945635627013116 -0.10407360466741966
vn -0.0034647595015736615 0.9945635627013116 -0.10407360466741966
vn 0.2905145924673464 0.9514358178316732 -0.10183887327787404
vn 0.2905145924673464 0.9514358178316732 -0.10183887327787404
vn -0.0034647595015736615 0.9945635627013116 -0.10407360466741966
vn 0.2905145924673464 0.9514358178316732 -0.10183887327787404
vn -0.0034647595015736615 0.9945635627013116 -0.10407360466741966
vn -0.0034647595015736615 0.9945635627013116 -0.10407360466741966
vn 0.2905145924673464 0.9514358178316732 -0.10183887327787404
vn 0.2905145924673464 0.9514358178316732 -0.10183887327787404
vn -0.0034647595015736615 0.9945635627013116 -0.10407360466741966
vn 0.2918238976607194 0.9561845787185115 0.02344918282176677
vn -0.0034647595015736615 0.9945635627013116 -0.10407360466741966
vn -0.00387380955699042 0.9997050977408473 0.023973133931114415
vn 0.2918238976607194 0.9561845787185115 0.02344918282176677
vn 0.2918238976607194 0.9561845787185115 0.02344918282176677
vn -0.00387380955699042 0.9997050977408473 0.023973133931114415
vn 0.28648737654653467 0.9394495081920666 0.18804149711478094
vn -0.00387380955699042 0.9997050977408473 0.023973133931114415
vn -0.004438274885831574 0.9813740584516407 0.19205535429712325
vn 0.28648737654653467 0.9394495081920666 0.18804149711478094
vn 0.28648737654653467 0.9394495081920666 0.18804149711478094
vn -0.004438274885831574 0.9813740584516407 0.19205535429712325
vn 0.28648737654653467 0.9394495081920666 0.18804149711478094
vn -0.004438274885831574 0.9813740584516407 0.19205535429712325
vn -0.004438274885831574 0.9813740584516407 0.19205535429712325
vn 0.28648737654653467 0.9394495081920666 0.18804149711478094
vn 0.28648737654653467 0.9394495081920666 0.18804149711478094
vn -0.004438274885831574 0.9813740584516407 0.19205535429712325
vn 0.28648737654653467 0.9394495081920666 0.18804149711478094
vn -0.004438274885831574 0.9813740584516407 0.19205535429712325
vn -0.004438274885831574 0.9813740584516407 0.19205535429712325
vn 0.28648737654653467 0.9394495081920666 0.18804149711478094
vn 0.28648737654653467 0.9394495081920666 0.18804149711478094
vn -0.004438274885831574 0.9813740584516407 0.19205535429712325
vn 0.2643852527280899 0.8681172117292457 0.42008683011889825
vn -0.004438274885831574 0.9813740584516407 0.19205535429712325
vn -0.004935029886441247 0.924633024685557 0.38082727730673155
vn 0.2643852527280899 0.8681172117292457 0.42008683011889825
vn 0.2643852527280899 0.8681172117292457 0.42008683011889825
vn -0.004935029886441247 0.924633024685557 0.38082727730673155
vn 0.2643852527280899 0.8681172117292457 0.42008683011889825
vn -0.004935029886441247 0.924633024685557 0.38082727730673155
vn -0.005159883825650736 0.8808457963626231 0.47337517745357344
vn 0.2643852527280899 0.8681172117292457 0.42008683011889825
vn 0.2643852527280899 0.8681172117292457 0.42008683011889825
vn -0.005159883825650736 0.8808457963626231 0.47337517745357344
vn 0.22271721090528107 0.7328763612549827 0.6428757913315983
vn -0.005159883825650736 0.8808457963626231 0.47337517745357344
vn -0.005566246077900021 0.7589586056043947 0.6511150834404261
vn 0.22271721090528107 0.7328763612549827 0.6428757913315983
vn 0.22271721090528107 0.7328763612549827 0.6428757913315983
vn -0.005566246077900021 0.7589586056043947 0.6511150834404261
vn 0.22271721090528107 0.7328763612549827 0.6428757913315983
vn -0.005566246077900021 0.7589586056043947 0.6511150834404261
vn -0.005566246077900021 0.7589586056043947 0.6511150834404261
vn 0.22271721090528107 0.7328763612549827 0.6428757913315983
vn 0.22271721090528107 0.7328763612549827 0.6428757913315983
vn -0.005566246077900021 0.7589586056043947 0.6511150834404261
vn 0.22271721090528107 0.7328763612549827 0.6428757913315983
vn -0.005566246077900021 0.7589586056043947 0.6511150834404261
vn -0.005566246077900021 0.7589586056043947 0.6511150834404261
vn 0.22271721090528107 0.7328763612549827 0.6428757913315983
vn 0.22271721090528107 0.7328763612549827 0.6428757913315983
vn -0.005566246077900021 0.7589586056043947 0.6511150834404261
vn 0.17408549804932696 0.5746238834082121 0.7996884593301213
vn -0.005566246077900021 0.7589586056043947 0.6511150834404261
vn -0.005867641427485993 0.4892926223058146 0.8720999372441086
vn 0.17408549804932696 0.5746238834082121 0.7996884593301213
vn 0.17408549804932696 0.5746238834082121 0.7996884593301213
vn -0.005867641427485993 0.4892926223058146 0.8720999372441086
vn 0.11080512204817805 0.36829861335039504 0.9230809045430767
vn -0.005867641427485993 0.4892926223058146 0.8720999372441086
vn -0.005867641427485993 0.4892926223058146 0.8720999372441086
vn 0.11080512204817805 0.36829861335039504 0.9230809045430767
vn 0.11080512204817805 0.36829861335039504 0.9230809045430767
vn -0.005867641427485993 0.4892926223058146 0.8720999372441086
vn 0.11080512204817805 0.36829861335039504 0.9230809045430767
vn -0.005867641427485993 0.4892926223058146 0.8720999372441086
vn -0.005867641427485993 0.4892926223058146 0.8720999372441086
vn 0.11080512204817805 0.36829861335039504 0.9230809045430767
vn 0.11080512204817805 0.36829861335039504 0.9230809045430767
vn -0.005867641427485993 0.4892926223058146 0.8720999372441086
vn 0.11080512204817805 0.36829861335039504 0.9230809045430767
vn -0.005867641427485993 0.4892926223058146 0.8720999372441086
vn -0.005540756126207933 0.19452032738816866 0.9808828381893272
vn 0.11080512204817805 0.36829861335039504 0.9230809045430767
vn 0.11080512204817805 0.36829861335039504 0.9230809045430767
vn -0.005540756126207933 0.19452032738816866 0.9808828381893272
vn 0.012620606095108343 0.043770416306680715 0.9989618966497831
vn -0.005540756126207933 0.19452032738816866 0.9808828381893272
vn -0.005540756126207933 0.19452032738816866 0.9808828381893272
vn 0.012620606095108343 0.043770416306680715 0.9989618966497831
vn 0.012620606095108343 0.043770416306680715 0.9989618966497831
vn -0.005540756126207933 0.19452032738816866 0.9808828381893272
vn 0.012620606095108343 0.043770416306680715 0.9989618966497831
vn -0.005540756126207933 0.19452032738816866 0.9808828381893272
vn -0.0038975244487775857 0.04919427645881145 0.9987816240134104
vn 0.012620606095108343 0.043770416306680715 0.9989618966497831
vn 0.0035202798919530018 0.04922395947429247 -0.9987815624265177
vn -0.044824738704806466 0.13642408151365432 -0.9896358990978458
vn 0.004049092047974847 0.19455718909726688 -0.9808828192114273
vn -0.044824738704806466 0.13642408151365432 -0.9896358990978458
vn -0.044824738704806466 0.13642408151365432 -0.9896358990978458
vn 0.004049092047974847 0.19455718909726688 -0.9808828192114273
vn 0.004049092047974847 0.19455718909726688 -0.9808828192114273
vn -0.044824738704806466 0.13642408151365432 -0.9896358990978458
vn 0.004049092047974847 0.19455718909726688 -0.9808828192114273
vn -0.044824738704806466 0.13642408151365432 -0.9896358990978458
vn -0.044824738704806466 0.13642408151365432 -0.9896358990978458
vn 0.004049092047974847 0.19455718909726688 -0.9808828192114273
vn 0.004049092047974847 0.19455718909726688 -0.9808828192114273
vn -0.044824738704806466 0.13642408151365432 -0.9896358990978458
vn 0.0021159418592074197 0.4893233226100105 -0.8720998846118189
vn -0.044824738704806466 0.13642408151365432 -0.9896358990978458
vn -0.15947685936528658 0.4702740550892797 -0.8679916154185302
vn 0.0021159418592074197 0.4893233226100105 -0.8720998846118189
vn 0.0021159418592074197 0.4893233226100105 -0.8720998846118189
vn -0.15947685936528658 0.4702740550892797 -0.8679916154185302
vn 0.0021159418592074197 0.4893233226100105 -0.8720998846118189
vn -0.15947685936528658 0.4702740550892797 -0.8679916154185302
vn -0.15947685936528658 0.4702740550892797 -0.8679916154185302
vn 0.0021159418592074197 0.4893233226100105 -0.8720998846118189
vn 0.0021159418592074197 0.4893233226100105 -0.8720998846118189
vn -0.15947685936528658 0.4702740550892797 -0.8679916154185302
vn 0.0021159418592074197 0.4893233226100105 -0.8720998846118189
vn -0.15947685936528658 0.4702740550892797 -0.8679916154185302
vn -0.15947685936528658 0.4702740550892797 -0.8679916154185302
vn 0.0021159418592074197 0.4893233226100105 -0.8720998846118189
vn 0.0021159418592074197 0.4893233226100105 -0.8720998846118189
vn -0.15947685936528658 0.4702740550892797 -0.8679916154185302
vn 0.0004807191660752856 0.6819185521624652 -0.7314279575773205
vn -0.15947685936528658 0.4702740550892797 -0.8679916154185302
vn -0.22236443923493968 0.652117427276848 -0.7247737006856387
vn 0.0004807191660752856 0.6819185521624652 -0.7314279575773205
vn 0.0004807191660752856 0.6819185521624652 -0.7314279575773205
vn -0.22236443923493968 0.652117427276848 -0.7247737006856387
vn -0.00094748872143558 0.8253735449697521 -0.5645862321463279
vn -0.22236443923493968 0.652117427276848 -0.7247737006856387
vn -0.2476224400070366 0.7250174131182846 -0.6426763399100922
vn -0.00094748872143558 0.8253735449697521 -0.5645862321463279
vn -0.00094748872143558 0.8253735449697521 -0.5645862321463279
vn -0.2476224400070366 0.7250174131182846 -0.6426763399100922
vn -0.00094748872143558 0.8253735449697521 -0.5645862321463279
vn -0.2476224400070366 0.7250174131182846 -0.6426763399100922
vn -0.2780925672326002 0.8128259301237435 -0.5118383840319646
vn -0.00094748872143558 0.8253735449697521 -0.5645862321463279
vn -0.00094748872143558 0.8253735449697521 -0.5645862321463279
vn -0.2780925672326002 0.8128259301237435 -0.5118383840319646
vn -0.00094748872143558 0.8253735449697521 -0.5645862321463279
vn -0.2780925672326002 0.8128259301237435 -0.5118383840319646
vn -0.2780925672326002 0.8128259301237435 -0.5118383840319646
vn -0.00094748872143558 0.8253735449697521 -0.5645862321463279
vn -0.00094748872143558 0.8253735449697521 -0.5645862321463279
vn -0.2780925672326002 0.8128259301237435 -0.5118383840319646
vn -0.002406374766800771 0.9424955180738758 -0.33421012517746673
vn -0.2780925672326002 0.8128259301237435 -0.5118383840319646
vn -0.3061845592260112 0.8935090279068901 -0.3284701398003438
vn -0.002406374766800771 0.9424955180738758 -0.33421012517746673
vn -0.002406374766800771 0.9424955180738758 -0.33421012517746673
vn -0.3061845592260112 0.8935090279068901 -0.3284701398003438
vn -0.002406374766800771 0.9424955180738758 -0.33421012517746673
vn -0.3061845592260112 0.8935090279068901 -0.3284701398003438
vn -0.3061845592260112 0.8935090279068901 -0.3284701398003438
vn -0.002406374766800771 0.9424955180738758 -0.33421012517746673
vn -0.002406374766800771 0.9424955180738758 -0.33421012517746673
vn -0.3061845592260112 0.8935090279068901 -0.3284701398003438
vn -0.0034647595015736615 0.9945635627013116 -0.10407360466741966
vn -0.3061845592260112 0.8935090279068901 -0.3284701398003438
vn -0.3228839675552826 0.9409165498086223 -0.10208814716703311
vn -0.0034647595015736615 0.9945635627013116 -0.10407360466741966
vn -0.0034647595015736615 0.9945635627013116 -0.10407360466741966
vn -0.3228839675552826 0.9409165498086223 -0.10208814716703311
vn -0.0034647595015736615 0.9945635627013116 -0.10407360466741966
vn -0.3228839675552826 0.9409165498086223 -0.10208814716703311
vn -0.3228839675552826 0.9409165498086223 -0.10208814716703311
vn -0.0034647595015736615 0.9945635627013116 -0.10407360466741966
vn -0.0034647595015736615 0.9945635627013116 -0.10407360466741966
vn -0.3228839675552826 0.9409165498086223 -0.10208814716703311
vn -0.0034647595015736615 0.9945635627013116 -0.10407360466741966
vn -0.3228839675552826 0.9409165498086223 -0.10208814716703311
vn -0.3228839675552826 0.9409165498086223 -0.10208814716703311
vn -0.0034647595015736615 0.9945635627013116 -0.10407360466741966
vn -0.0034647595015736615 0.9945635627013116 -0.10407360466741966
vn -0.3228839675552826 0.9409165498086223 -0.10208814716703311
vn -0.00387380955699042 0.9997050977408473 0.023973133931114415
vn -0.3228839675552826 0.9409165498086223 -0.10208814716703311
vn -0.3246617256784758 0.9455379667760628 0.02350993969501206
vn -0.00387380955699042 0.9997050977408473 0.023973133931114415
vn -0.00387380955699042 0.9997050977408473 0.023973133931114415
vn -0.3246617256784758 0.9455379667760628 0.02350993969501206
vn -0.004438274885831574 0.9813740584516407 0.19205535429712325
vn -0.3246617256784758 0.9455379667760628 0.02350993969501206
vn -0.31920952006963305 0.9287507054978851 0.18848715960005205
vn -0.004438274885831574 0.9813740584516407 0.19205535429712325
vn -0.004438274885831574 0.9813740584516407 0.19205535429712325
vn -0.31920952006963305 0.9287507054978851 0.18848715960005205
vn -0.004438274885831574 0.9813740584516407 0.19205535429712325
vn -0.31920952006963305 0.9287507054978851 0.18848715960005205
vn -0.31920952006963305 0.9287507054978851 0.18848715960005205
vn -0.004438274885831574 0.9813740584516407 0.19205535429712325
vn -0.004438274885831574 0.9813740584516407 0.19205535429712325
vn -0.31920952006963305 0.9287507054978851 0.18848715960005205
vn -0.004438274885831574 0.9813740584516407 0.19205535429712325
vn -0.31920952006963305 0.9287507054978851 0.18848715960005205
vn -0.31920952006963305 0.9287507054978851 0.18848715960005205
vn -0.004438274885831574 0.9813740584516407 0.19205535429712325
vn -0.004438274885831574 0.9813740584516407 0.19205535429712325
vn -0.31920952006963305 0.9287507054978851 0.18848715960005205
vn -0.004935029886441247 0.924633024685557 0.38082727730673155
vn -0.31920952006963305 0.9287507054978851 0.18848715960005205
vn -0.3017098355569555 0.8767561455859917 0.37452614902752834
vn -0.004935029886441247 0.924633024685557 0.38082727730673155
vn -0.004935029886441247 0.924633024685557 0.38082727730673155
vn -0.3017098355569555 0.8767561455859917 0.37452614902752834
vn -0.005159883825650736 0.8808457963626231 0.47337517745357344
vn -0.3017098355569555 0.8767561455859917 0.37452614902752834
vn -0.2880616552409282 0.8364386751153341 0.4662518906676529
vn -0.005159883825650736 0.8808457963626231 0.47337517745357344
vn -0.005159883825650736 0.8808457963626231 0.47337517745357344
vn -0.2880616552409282 0.8364386751153341 0.4662518906676529
vn -0.005566246077900021 0.7589586056043947 0.6511150834404261
vn -0.2880616552409282 0.8364386751153341 0.4662518906676529
vn -0.2708823415873955 0.7857983208120933 0.5560069747988994
vn -0.005566246077900021 0.7589586056043947 0.6511150834404261
vn -0.005566246077900021 0.7589586056043947 0.6511150834404261
vn -0.2708823415873955 0.7857983208120933 0.5560069747988994
vn -0.005566246077900021 0.7589586056043947 0.6511150834404261
vn -0.2708823415873955 0.7857983208120933 0.5560069747988994
vn -0.23790818649675502 0.6887803730732496 0.6848220881856106
vn -0.005566246077900021 0.7589586056043947 0.6511150834404261
vn -0.005566246077900021 0.7589586056043947 0.6511150834404261
vn -0.23790818649675502 0.6887803730732496 0.6848220881856106
vn -0.005566246077900021 0.7589586056043947 0.6511150834404261
vn -0.23790818649675502 0.6887803730732496 0.6848220881856106
vn -0.23790818649675502 0.6887803730732496 0.6848220881856106
vn -0.005566246077900021 0.7589586056043947 0.6511150834404261
vn -0.005566246077900021 0.7589586056043947 0.6511150834404261
vn -0.23790818649675502 0.6887803730732496 0.6848220881856106
vn -0.005867641427485993 0.4892926223058146 0.8720999372441086
vn -0.23790818649675502 0.6887803730732496 0.6848220881856106
vn -0.16303223235908051 0.46905323472907035 0.8679916786480216
vn -0.005867641427485993 0.4892926223058146 0.8720999372441086
vn -0.005867641427485993 0.4892926223058146 0.8720999372441086
vn -0.16303223235908051 0.46905323472907035 0.8679916786480216
vn -0.005867641427485993 0.4892926223058146 0.8720999372441086
vn -0.16303223235908051 0.46905323472907035 0.8679916786480216
vn -0.16303223235908051 0.46905323472907035 0.8679916786480216
vn -0.005867641427485993 0.4892926223058146 0.8720999372441086
vn -0.005867641427485993 0.4892926223058146 0.8720999372441086
vn -0.16303223235908051 0.46905323472907035 0.8679916786480216
vn -0.005867641427485993 0.4892926223058146 0.8720999372441086
vn -0.16303223235908051 0.46905323472907035 0.8679916786480216
vn -0.16303223235908051 0.46905323472907035 0.8679916786480216
vn -0.005867641427485993 0.4892926223058146 0.8720999372441086
vn -0.005867641427485993 0.4892926223058146 0.8720999372441086
vn -0.16303223235908051 0.46905323472907035 0.8679916786480216
vn -0.005540756126207933 0.19452032738816866 0.9808828381893272
vn -0.16303223235908051 0.46905323472907035 0.8679916786480216
vn -0.048429973628090525 0.13518589792145186 0.9896359485475218
vn -0.005540756126207933 0.19452032738816866 0.9808828381893272
vn -0.005540756126207933 0.19452032738816866 0.9808828381893272
vn -0.048429973628090525 0.13518589792145186 0.9896359485475218
vn -0.005540756126207933 0.19452032738816866 0.9808828381893272
vn -0.048429973628090525 0.13518589792145186 0.9896359485475218
vn -0.048429973628090525 0.13518589792145186 0.9896359485475218
vn -0.005540756126207933 0.19452032738816866 0.9808828381893272
vn -0.005540756126207933 0.19452032738816866 0.9808828381893272
vn -0.048429973628090525 0.13518589792145186 0.9896359485475218
vn -0.0038975244487775857 0.04919427645881145 0.9987816240134104
vn -0.048429973628090525 0.13518589792145186 0.9896359485475218
vn -0.048429973628090525 0.13518589792145186 0.9896359485475218
vn -0.0038975244487775857 0.04919427645881145 0.9987816240134104
vn -0.044824738704806466 0.13642408151365432 -0.9896358990978458
vn -0.10309068377072768 0.11269009401355884 -0.9882678046111282
vn -0.044824738704806466 0.13642408151365432 -0.9896358990978458
vn -0.10309068377072768 0.11269009401355884 -0.9882678046111282
vn -0.10309068377072768 0.11269009401355884 -0.9882678046111282
vn -0.044824738704806466 0.13642408151365432 -0.9896358990978458
vn -0.044824738704806466 0.13642408151365432 -0.9896358990978458
vn -0.10309068377072768 0.11269009401355884 -0.9882678046111282
vn -0.044824738704806466 0.13642408151365432 -0.9896358990978458
vn -0.10309068377072768 0.11269009401355884 -0.9882678046111282
vn -0.10309068377072768 0.11269009401355884 -0.9882678046111282
vn -0.044824738704806466 0.13642408151365432 -0.9896358990978458
vn -0.044824738704806466 0.13642408151365432 -0.9896358990978458
vn -0.10309068377072768 0.11269009401355884 -0.9882678046111282
vn -0.15947685936528658 0.4702740550892797 -0.8679916154185302
vn -0.10309068377072768 0.11269009401355884 -0.9882678046111282
vn -0.36823329362528473 0.37521341476725895 -0.8506580598833868
vn -0.15947685936528658 0.4702740550892797 -0.8679916154185302
vn -0.15947685936528658 0.4702740550892797 -0.8679916154185302
vn -0.36823329362528473 0.37521341476725895 -0.8506580598833868
vn -0.15947685936528658 0.4702740550892797 -0.8679916154185302
vn -0.36823329362528473 0.37521341476725895 -0.8506580598833868
vn -0.36823329362528473 0.37521341476725895 -0.8506580598833868
vn -0.15947685936528658 0.4702740550892797 -0.8679916154185302
vn -0.15947685936528658 0.4702740550892797 -0.8679916154185302
vn -0.36823329362528473 0.37521341476725895 -0.8506580598833868
vn -0.15947685936528658 0.4702740550892797 -0.8679916154185302
vn -0.36823329362528473 0.37521341476725895 -0.8506580598833868
vn -0.36823329362528473 0.37521341476725895 -0.8506580598833868
vn -0.15947685936528658 0.4702740550892797 -0.8679916154185302
vn -0.15947685936528658 0.4702740550892797 -0.8679916154185302
vn -0.36823329362528473 0.37521341476725895 -0.8506580598833868
vn -0.22236443923493968 0.652117427276848 -0.7247737006856387
vn -0.36823329362528473 0.37521341476725895 -0.8506580598833868
vn -0.36823329362528473 0.37521341476725895 -0.8506580598833868
vn -0.22236443923493968 0.652117427276848 -0.7247737006856387
vn -0.22236443923493968 0.652117427276848 -0.7247737006856387
vn -0.36823329362528473 0.37521341476725895 -0.8506580598833868
vn -0.2476224400070366 0.7250174131182846 -0.6426763399100922
vn -0.36823329362528473 0.37521341476725895 -0.8506580598833868
vn -0.5749800679822538 0.5777017352144971 -0.579360532443557
vn -0.2476224400070366 0.7250174131182846 -0.6426763399100922
vn -0.2476224400070366 0.7250174131182846 -0.6426763399100922
vn -0.5749800679822538 0.5777017352144971 -0.579360532443557
vn -0.2780925672326002 0.8128259301237435 -0.5118383840319646
vn -0.5749800679822538 0.5777017352144971 -0.579360532443557
vn -0.5749800679822538 0.5777017352144971 -0.579360532443557
vn -0.2780925672326002 0.8128259301237435 -0.5118383840319646
vn -0.2780925672326002 0.8128259301237435 -0.5118383840319646
vn -0.5749800679822538 0.5777017352144971 -0.579360532443557
vn -0.2780925672326002 0.8128259301237435 -0.5118383840319646
vn -0.5749800679822538 0.5777017352144971 -0.579360532443557
vn -0.5749800679822538 0.5777017352144971 -0.579360532443557
vn -0.2780925672326002 0.8128259301237435 -0.5118383840319646
vn -0.2780925672326002 0.8128259301237435 -0.5118383840319646
vn -0.5749800679822538 0.5777017352144971 -0.579360532443557
vn -0.3061845592260112 0.8935090279068901 -0.3284701398003438
vn -0.5749800679822538 0.5777017352144971 -0.579360532443557
vn -0.6634442238829003 0.6635470418955816 -0.3457558169981229
vn -0.3061845592260112 0.8935090279068901 -0.3284701398003438
vn -0.3061845592260112 0.8935090279068901 -0.3284701398003438
vn -0.6634442238829003 0.6635470418955816 -0.3457558169981229
vn -0.3061845592260112 0.8935090279068901 -0.3284701398003438
vn -0.6634442238829003 0.6635470418955816 -0.3457558169981229
vn -0.6634442238829003 0.6635470418955816 -0.3457558169981229
vn -0.3061845592260112 0.8935090279068901 -0.3284701398003438
vn -0.3061845592260112 0.8935090279068901 -0.3284701398003438
vn -0.6634442238829003 0.6635470418955816 -0.3457558169981229
vn -0.3228839675552826 0.9409165498086223 -0.10208814716703311
vn -0.6634442238829003 0.6635470418955816 -0.3457558169981229
vn -0.7039711621562706 0.7019538429119548 -0.10809905306471619
vn -0.3228839675552826 0.9409165498086223 -0.10208814716703311
vn -0.3228839675552826 0.9409165498086223 -0.10208814716703311
vn -0.7039711621562706 0.7019538429119548 -0.10809905306471619
vn -0.3228839675552826 0.9409165498086223 -0.10208814716703311
vn -0.7039711621562706 0.7019538429119548 -0.10809905306471619
vn -0.7039711621562706 0.7019538429119548 -0.10809905306471619
vn -0.3228839675552826 0.9409165498086223 -0.10208814716703311
vn -0.3228839675552826 0.9409165498086223 -0.10208814716703311
vn -0.7039711621562706 0.7019538429119548 -0.10809905306471619
vn -0.3228839675552826 0.9409165498086223 -0.10208814716703311
vn -0.7039711621562706 0.7019538429119548 -0.10809905306471619
vn -0.7039711621562706 0.7019538429119548 -0.10809905306471619
vn -0.3228839675552826 0.9409165498086223 -0.10208814716703311
vn -0.3228839675552826 0.9409165498086223 -0.10208814716703311
vn -0.7039711621562706 0.7019538429119548 -0.10809905306471619
vn -0.3246617256784758 0.9455379667760628 0.02350993969501206
vn -0.7039711621562706 0.7019538429119548 -0.10809905306471619
vn -0.708349571119508 0.7054222678648644 0.02490600520357118
vn -0.3246617256784758 0.9455379667760628 0.02350993969501206
vn -0.3246617256784758 0.9455379667760628 0.02350993969501206
vn -0.708349571119508 0.7054222678648644 0.02490600520357118
vn -0.31920952006963305 0.9287507054978851 0.18848715960005205
vn -0.708349571119508 0.7054222678648644 0.02490600520357118
vn -0.6950844400479885 0.690756487264539 0.19928145047928866
vn -0.31920952006963305 0.9287507054978851 0.18848715960005205
vn -0.31920952006963305 0.9287507054978851 0.18848715960005205
vn -0.6950844400479885 0.690756487264539 0.19928145047928866
vn -0.31920952006963305 0.9287507054978851 0.18848715960005205
vn -0.6950844400479885 0.690756487264539 0.19928145047928866
vn -0.6950844400479885 0.690756487264539 0.19928145047928866
vn -0.31920952006963305 0.9287507054978851 0.18848715960005205
vn -0.31920952006963305 0.9287507054978851 0.18848715960005205
vn -0.6950844400479885 0.690756487264539 0.19928145047928866
vn -0.31920952006963305 0.9287507054978851 0.18848715960005205
vn -0.6950844400479885 0.690756487264539 0.19928145047928866
vn -0.6950844400479885 0.690756487264539 0.19928145047928866
vn -0.31920952006963305 0.9287507054978851 0.18848715960005205
vn -0.31920952006963305 0.9287507054978851 0.18848715960005205
vn -0.6950844400479885 0.690756487264539 0.19928145047928866
vn -0.3017098355569555 0.8767561455859917 0.37452614902752834
vn -0.6950844400479885 0.690756487264539 0.19928145047928866
vn -0.6376278439964943 0.6314597168983048 0.4412361708825501
vn -0.3017098355569555 0.8767561455859917 0.37452614902752834
vn -0.3017098355569555 0.8767561455859917 0.37452614902752834
vn -0.6376278439964943 0.6314597168983048 0.4412361708825501
vn -0.2880616552409282 0.8364386751153341 0.4662518906676529
vn -0.6376278439964943 0.6314597168983048 0.4412361708825501
vn -0.6376278439964943 0.6314597168983048 0.4412361708825501
vn -0.2880616552409282 0.8364386751153341 0.4662518906676529
vn -0.2880616552409282 0.8364386751153341 0.4662518906676529
vn -0.6376278439964943 0.6314597168983048 0.4412361708825501
vn -0.2708823415873955 0.7857983208120933 0.5560069747988994
vn -0.6376278439964943 0.6314597168983048 0.4412361708825501
vn -0.5573062841532964 0.5495983903812162 0.6223755417218945
vn -0.2708823415873955 0.7857983208120933 0.5560069747988994
vn -0.2708823415873955 0.7857983208120933 0.5560069747988994
vn -0.5573062841532964 0.5495983903812162 0.6223755417218945
vn -0.23790818649675502 0.6887803730732496 0.6848220881856106
vn -0.5573062841532964 0.5495983903812162 0.6223755417218945
vn -0.5573062841532964 0.5495983903812162 0.6223755417218945
vn -0.23790818649675502 0.6887803730732496 0.6848220881856106
vn -0.23790818649675502 0.6887803730732496 0.6848220881856106
vn -0.5573062841532964 0.5495983903812162 0.6223755417218945
vn -0.23790818649675502 0.6887803730732496 0.6848220881856106
vn -0.5573062841532964 0.5495983903812162 0.6223755417218945
vn -0.4766251207091615 0.4677671849300611 0.744326779722175
vn -0.23790818649675502 0.6887803730732496 0.6848220881856106
vn -0.23790818649675502 0.6887803730732496 0.6848220881856106
vn -0.4766251207091615 0.4677671849300611 0.744326779722175
vn -0.16303223235908051 0.46905323472907035 0.8679916786480216
vn -0.4766251207091615 0.4677671849300611 0.744326779722175
vn -0.3410611401415676 0.33080690621411424 0.8799114100217021
vn -0.16303223235908051 0.46905323472907035 0.8679916786480216
vn -0.16303223235908051 0.46905323472907035 0.8679916786480216
vn -0.3410611401415676 0.33080690621411424 0.8799114100217021
vn -0.16303223235908051 0.46905323472907035 0.8679916786480216
vn -0.3410611401415676 0.33080690621411424 0.8799114100217021
vn -0.3410611401415676 0.33080690621411424 0.8799114100217021
vn -0.16303223235908051 0.46905323472907035 0.8679916786480216
vn -0.16303223235908051 0.46905323472907035 0.8679916786480216
vn -0.3410611401415676 0.33080690621411424 0.8799114100217021
vn -0.16303223235908051 0.46905323472907035 0.8679916786480216
vn -0.3410611401415676 0.33080690621411424 0.8799114100217021
vn -0.3410611401415676 0.33080690621411424 0.8799114100217021
vn -0.16303223235908051 0.46905323472907035 0.8679916786480216
vn -0.16303223235908051 0.46905323472907035 0.8679916786480216
vn -0.3410611401415676 0.33080690621411424 0.8799114100217021
vn -0.048429973628090525 0.13518589792145186 0.9896359485475218
vn -0.3410611401415676 0.33080690621411424 0.8799114100217021
vn -0.11310213908418025 0.10263803695799995 0.9882678480573932
vn -0.048429973628090525 0.13518589792145186 0.9896359485475218
vn -0.048429973628090525 0.13518589792145186 0.9896359485475218
vn -0.11310213908418025 0.10263803695799995 0.9882678480573932
vn -0.048429973628090525 0.13518589792145186 0.9896359485475218
vn -0.11310213908418025 0.10263803695799995 0.9882678480573932
vn -0.11310213908418025 0.10263803695799995 0.9882678480573932
vn -0.048429973628090525 0.13518589792145186 0.9896359485475218
vn -0.048429973628090525 0.13518589792145186 0.9896359485475218
vn -0.11310213908418025 0.10263803695799995 0.9882678480573932
vn -0.048429973628090525 0.13518589792145186 0.9896359485475218
vn -0.11310213908418025 0.10263803695799995 0.9882678480573932
vn -0.11310213908418025 0.10263803695799995 0.9882678480573932
vn -0.048429973628090525 0.13518589792145186 0.9896359485475218
vn -0.10309068377072768 0.11269009401355884 -0.9882678046111282
vn -0.02347606389297592 0.008905029737246023 -0.9996847377395895
vn -0.10309068377072768 0.11269009401355884 -0.9882678046111282
vn -0.02347606389297592 0.008905029737246023 -0.9996847377395895
vn -0.18694892492684612 0.065991103532694 -0.9801506382812969
vn -0.10309068377072768 0.11269009401355884 -0.9882678046111282
vn -0.10309068377072768 0.11269009401355884 -0.9882678046111282
vn -0.18694892492684612 0.065991103532694 -0.9801506382812969
vn -0.10309068377072768 0.11269009401355884 -0.9882678046111282
vn -0.18694892492684612 0.065991103532694 -0.9801506382812969
vn -0.18694892492684612 0.065991103532694 -0.9801506382812969
vn -0.10309068377072768 0.11269009401355884 -0.9882678046111282
vn -0.10309068377072768 0.11269009401355884 -0.9882678046111282
vn -0.18694892492684612 0.065991103532694 -0.9801506382812969
vn -0.36823329362528473 0.37521341476725895 -0.8506580598833868
vn -0.18694892492684612 0.065991103532694 -0.9801506382812969
vn -0.4695459723821071 0.16176745707423684 -0.867961905645332
vn -0.36823329362528473 0.37521341476725895 -0.8506580598833868
vn -0.36823329362528473 0.37521341476725895 -0.8506580598833868
vn -0.4695459723821071 0.16176745707423684 -0.867961905645332
vn -0.36823329362528473 0.37521341476725895 -0.8506580598833868
vn -0.4695459723821071 0.16176745707423684 -0.867961905645332
vn -0.4695459723821071 0.16176745707423684 -0.867961905645332
vn -0.36823329362528473 0.37521341476725895 -0.8506580598833868
vn -0.36823329362528473 0.37521341476725895 -0.8506580598833868
vn -0.4695459723821071 0.16176745707423684 -0.867961905645332
vn -0.36823329362528473 0.37521341476725895 -0.8506580598833868
vn -0.4695459723821071 0.16176745707423684 -0.867961905645332
vn -0.4695459723821071 0.16176745707423684 -0.867961905645332
vn -0.36823329362528473 0.37521341476725895 -0.8506580598833868
vn -0.36823329362528473 0.37521341476725895 -0.8506580598833868
vn -0.4695459723821071 0.16176745707423684 -0.867961905645332
vn -0.36823329362528473 0.37521341476725895 -0.8506580598833868
vn -0.4695459723821071 0.16176745707423684 -0.867961905645332
vn -0.6518310418460888 0.22335978229291484 -0.7247252586600691
vn -0.36823329362528473 0.37521341476725895 -0.8506580598833868
vn -0.36823329362528473 0.37521341476725895 -0.8506580598833868
vn -0.6518310418460888 0.22335978229291484 -0.7247252586600691
vn -0.5749800679822538 0.5777017352144971 -0.579360532443557
vn -0.6518310418460888 0.22335978229291484 -0.7247252586600691
vn -0.7858599454820885 0.2685418735421996 -0.5570542237891515
vn -0.5749800679822538 0.5777017352144971 -0.579360532443557
vn -0.5749800679822538 0.5777017352144971 -0.579360532443557
vn -0.7858599454820885 0.2685418735421996 -0.5570542237891515
vn -0.5749800679822538 0.5777017352144971 -0.579360532443557
vn -0.7858599454820885 0.2685418735421996 -0.5570542237891515
vn -0.7858599454820885 0.2685418735421996 -0.5570542237891515
vn -0.5749800679822538 0.5777017352144971 -0.579360532443557
vn -0.5749800679822538 0.5777017352144971 -0.579360532443557
vn -0.7858599454820885 0.2685418735421996 -0.5570542237891515
vn -0.5749800679822538 0.5777017352144971 -0.579360532443557
vn -0.7858599454820885 0.2685418735421996 -0.5570542237891515
vn -0.7858599454820885 0.2685418735421996 -0.5570542237891515
vn -0.5749800679822538 0.5777017352144971 -0.579360532443557
vn -0.5749800679822538 0.5777017352144971 -0.579360532443557
vn -0.7858599454820885 0.2685418735421996 -0.5570542237891515
vn -0.6634442238829003 0.6635470418955816 -0.3457558169981229
vn -0.7858599454820885 0.2685418735421996 -0.5570542237891515
vn -0.8775813651729973 0.29935413845197517 -0.3744837076466394
vn -0.6634442238829003 0.6635470418955816 -0.3457558169981229
vn -0.6634442238829003 0.6635470418955816 -0.3457558169981229
vn -0.8775813651729973 0.29935413845197517 -0.3744837076466394
vn -0.6634442238829003 0.6635470418955816 -0.3457558169981229
vn -0.8775813651729973 0.29935413845197517 -0.3744837076466394
vn -0.9082193900324285 0.3096015131331867 -0.28157493253974997
vn -0.6634442238829003 0.6635470418955816 -0.3457558169981229
vn -0.6634442238829003 0.6635470418955816 -0.3457558169981229
vn -0.9082193900324285 0.3096015131331867 -0.28157493253974997
vn -0.7039711621562706 0.7019538429119548 -0.10809905306471619
vn -0.9082193900324285 0.3096015131331867 -0.28157493253974997
vn -0.9416774053511482 0.3206626223901388 -0.10207422227481679
vn -0.7039711621562706 0.7019538429119548 -0.10809905306471619
vn -0.7039711621562706 0.7019538429119548 -0.10809905306471619
vn -0.9416774053511482 0.3206626223901388 -0.10207422227481679
vn -0.7039711621562706 0.7019538429119548 -0.10809905306471619
vn -0.9416774053511482 0.3206626223901388 -0.10207422227481679
vn -0.9416774053511482 0.3206626223901388 -0.10207422227481679
vn -0.7039711621562706 0.7019538429119548 -0.10809905306471619
vn -0.7039711621562706 0.7019538429119548 -0.10809905306471619
vn -0.9416774053511482 0.3206626223901388 -0.10207422227481679
vn -0.7039711621562706 0.7019538429119548 -0.10809905306471619
vn -0.9416774053511482 0.3206626223901388 -0.10207422227481679
vn -0.9416774053511482 0.3206626223901388 -0.10207422227481679
vn -0.7039711621562706 0.7019538429119548 -0.10809905306471619
vn -0.7039711621562706 0.7019538429119548 -0.10809905306471619
vn -0.9416774053511482 0.3206626223901388 -0.10207422227481679
vn -0.708349571119508 0.7054222678648644 0.02490600520357118
vn -0.9416774053511482 0.3206626223901388 -0.10207422227481679
vn -0.9464179690194278 0.3220877287004943 0.023505806467726695
vn -0.708349571119508 0.7054222678648644 0.02490600520357118
vn -0.708349571119508 0.7054222678648644 0.02490600520357118
vn -0.9464179690194278 0.3220877287004943 0.023505806467726695
vn -0.6950844400479885 0.690756487264539 0.19928145047928866
vn -0.9464179690194278 0.3220877287004943 0.023505806467726695
vn -0.9298090830906258 0.3161275649526333 0.18846334306513918
vn -0.6950844400479885 0.690756487264539 0.19928145047928866
vn -0.6950844400479885 0.690756487264539 0.19928145047928866
vn -0.9298090830906258 0.3161275649526333 0.18846334306513918
vn -0.6950844400479885 0.690756487264539 0.19928145047928866
vn -0.9298090830906258 0.3161275649526333 0.18846334306513918
vn -0.9298090830906258 0.3161275649526333 0.18846334306513918
vn -0.6950844400479885 0.690756487264539 0.19928145047928866
vn -0.6950844400479885 0.690756487264539 0.19928145047928866
vn -0.9298090830906258 0.3161275649526333 0.18846334306513918
vn -0.6950844400479885 0.690756487264539 0.19928145047928866
vn -0.9298090830906258 0.3161275649526333 0.18846334306513918
vn -0.9298090830906258 0.3161275649526333 0.18846334306513918
vn -0.6950844400479885 0.690756487264539 0.19928145047928866
vn -0.6950844400479885 0.690756487264539 0.19928145047928866
vn -0.9298090830906258 0.3161275649526333 0.18846334306513918
vn -0.6376278439964943 0.6314597168983048 0.4412361708825501
vn -0.9298090830906258 0.3161275649526333 0.18846334306513918
vn -0.8779936809593754 0.29814537614982484 0.3744815494465461
vn -0.6376278439964943 0.6314597168983048 0.4412361708825501
vn -0.6376278439964943 0.6314597168983048 0.4412361708825501
vn -0.8779936809593754 0.29814537614982484 0.3744815494465461
vn -0.6376278439964943 0.6314597168983048 0.4412361708825501
vn -0.8779936809593754 0.29814537614982484 0.3744815494465461
vn -0.837764854175177 0.28426182099569036 0.4662030311281324
vn -0.6376278439964943 0.6314597168983048 0.4412361708825501
vn -0.6376278439964943 0.6314597168983048 0.4412361708825501
vn -0.837764854175177 0.28426182099569036 0.4662030311281324
vn -0.5573062841532964 0.5495983903812162 0.6223755417218945
vn -0.837764854175177 0.28426182099569036 0.4662030311281324
vn -0.7248249704355992 0.24539382939776677 0.6437473345393613
vn -0.5573062841532964 0.5495983903812162 0.6223755417218945
vn -0.5573062841532964 0.5495983903812162 0.6223755417218945
vn -0.7248249704355992 0.24539382939776677 0.6437473345393613
vn -0.5573062841532964 0.5495983903812162 0.6223755417218945
vn -0.7248249704355992 0.24539382939776677 0.6437473345393613
vn -0.7248249704355992 0.24539382939776677 0.6437473345393613
vn -0.5573062841532964 0.5495983903812162 0.6223755417218945
vn -0.5573062841532964 0.5495983903812162 0.6223755417218945
vn -0.7248249704355992 0.24539382939776677 0.6437473345393613
vn -0.4766251207091615 0.4677671849300611 0.744326779722175
vn -0.7248249704355992 0.24539382939776677 0.6437473345393613
vn -0.7248249704355992 0.24539382939776677 0.6437473345393613
vn -0.4766251207091615 0.4677671849300611 0.744326779722175
vn -0.4766251207091615 0.4677671849300611 0.744326779722175
vn -0.7248249704355992 0.24539382939776677 0.6437473345393613
vn -0.3410611401415676 0.33080690621411424 0.8799114100217021
vn -0.7248249704355992 0.24539382939776677 0.6437473345393613
vn -0.47074122502062204 0.1582536143876748 0.8679622645019317
vn -0.3410611401415676 0.33080690621411424 0.8799114100217021
vn -0.3410611401415676 0.33080690621411424 0.8799114100217021
vn -0.47074122502062204 0.1582536143876748 0.8679622645019317
vn -0.3410611401415676 0.33080690621411424 0.8799114100217021
vn -0.47074122502062204 0.1582536143876748 0.8679622645019317
vn -0.47074122502062204 0.1582536143876748 0.8679622645019317
vn -0.3410611401415676 0.33080690621411424 0.8799114100217021
vn -0.3410611401415676 0.33080690621411424 0.8799114100217021
vn -0.47074122502062204 0.1582536143876748 0.8679622645019317
vn -0.3410611401415676 0.33080690621411424 0.8799114100217021
vn -0.47074122502062204 0.1582536143876748 0.8679622645019317
vn -0.47074122502062204 0.1582536143876748 0.8679622645019317
vn -0.3410611401415676 0.33080690621411424 0.8799114100217021
vn -0.3410611401415676 0.33080690621411424 0.8799114100217021
vn -0.47074122502062204 0.1582536143876748 0.8679622645019317
vn -0.11310213908418025 0.10263803695799995 0.9882678480573932
vn -0.47074122502062204 0.1582536143876748 0.8679622645019317
vn -0.18839158545364595 0.061753732622588584 0.9801505430480766
vn -0.11310213908418025 0.10263803695799995 0.9882678480573932
vn -0.11310213908418025 0.10263803695799995 0.9882678480573932
vn -0.18839158545364595 0.061753732622588584 0.9801505430480766
vn -0.11310213908418025 0.10263803695799995 0.9882678480573932
vn -0.18839158545364595 0.061753732622588584 0.9801505430480766
vn -0.18839158545364595 0.061753732622588584 0.9801505430480766
vn -0.11310213908418025 0.10263803695799995 0.9882678480573932
vn -0.11310213908418025 0.10263803695799995 0.9882678480573932
vn -0.18839158545364595 0.061753732622588584 0.9801505430480766
vn -0.11310213908418025 0.10263803695799995 0.9882678480573932
vn -0.18839158545364595 0.061753732622588584 0.9801505430480766
vn -0.02403360616691725 0.0072646267126948395 0.9996847557972157
vn -0.11310213908418025 0.10263803695799995 0.9882678480573932
vn -0.02347606389297592 0.008905029737246023 -0.9996847377395895
vn -0.01639951775141594 0.0012770623509125794 -0.9998647033120397
vn -0.18694892492684612 0.065991103532694 -0.9801506382812969
vn -0.01639951775141594 0.0012770623509125794 -0.9998647033120397
vn -0.19452843579576604 0.005279647790354509 -0.9808826703464907
vn -0.18694892492684612 0.065991103532694 -0.9801506382812969
vn -0.18694892492684612 0.065991103532694 -0.9801506382812969
vn -0.19452843579576604 0.005279647790354509 -0.9808826703464907
vn -0.18694892492684612 0.065991103532694 -0.9801506382812969
vn -0.19452843579576604 0.005279647790354509 -0.9808826703464907
vn -0.19452843579576604 0.005279647790354509 -0.9808826703464907
vn -0.18694892492684612 0.065991103532694 -0.9801506382812969
vn -0.18694892492684612 0.065991103532694 -0.9801506382812969
vn -0.19452843579576604 0.005279647790354509 -0.9808826703464907
vn -0.4695459723821071 0.16176745707423684 -0.867961905645332
vn -0.19452843579576604 0.005279647790354509 -0.9808826703464907
vn -0.4893020686896414 0.0052118403809486066 -0.8720988030583926
vn -0.4695459723821071 0.16176745707423684 -0.867961905645332
vn -0.4695459723821071 0.16176745707423684 -0.867961905645332
vn -0.4893020686896414 0.0052118403809486066 -0.8720988030583926
vn -0.4695459723821071 0.16176745707423684 -0.867961905645332
vn -0.4893020686896414 0.0052118403809486066 -0.8720988030583926
vn -0.4893020686896414 0.0052118403809486066 -0.8720988030583926
vn -0.4695459723821071 0.16176745707423684 -0.867961905645332
vn -0.4695459723821071 0.16176745707423684 -0.867961905645332
vn -0.4893020686896414 0.0052118403809486066 -0.8720988030583926
vn -0.4695459723821071 0.16176745707423684 -0.867961905645332
vn -0.4893020686896414 0.0052118403809486066 -0.8720988030583926
vn -0.4893020686896414 0.0052118403809486066 -0.8720988030583926
vn -0.4695459723821071 0.16176745707423684 -0.867961905645332
vn -0.4695459723821071 0.16176745707423684 -0.867961905645332
vn -0.4893020686896414 0.0052118403809486066 -0.8720988030583926
vn -0.6518310418460888 0.22335978229291484 -0.7247252586600691
vn -0.4893020686896414 0.0052118403809486066 -0.8720988030583926
vn -0.6819032817858438 0.00479516325734186 -0.7314266338458227
vn -0.6518310418460888 0.22335978229291484 -0.7247252586600691
vn -0.6518310418460888 0.22335978229291484 -0.7247252586600691
vn -0.6819032817858438 0.00479516325734186 -0.7314266338458227
vn -0.7858599454820885 0.2685418735421996 -0.5570542237891515
vn -0.6819032817858438 0.00479516325734186 -0.7314266338458227
vn -0.8253639999482997 0.0042750141909880445 -0.5645847959722348
vn -0.7858599454820885 0.2685418735421996 -0.5570542237891515
vn -0.7858599454820885 0.2685418735421996 -0.5570542237891515
vn -0.8253639999482997 0.0042750141909880445 -0.5645847959722348
vn -0.7858599454820885 0.2685418735421996 -0.5570542237891515
vn -0.8253639999482997 0.0042750141909880445 -0.5645847959722348
vn -0.8253639999482997 0.0042750141909880445 -0.5645847959722348
vn -0.7858599454820885 0.2685418735421996 -0.5570542237891515
vn -0.7858599454820885 0.2685418735421996 -0.5570542237891515
vn -0.8253639999482997 0.0042750141909880445 -0.5645847959722348
vn -0.7858599454820885 0.2685418735421996 -0.5570542237891515
vn -0.8253639999482997 0.0042750141909880445 -0.5645847959722348
vn -0.8253639999482997 0.0042750141909880445 -0.5645847959722348
vn -0.7858599454820885 0.2685418735421996 -0.5570542237891515
vn -0.7858599454820885 0.2685418735421996 -0.5570542237891515
vn -0.8253639999482997 0.0042750141909880445 -0.5645847959722348
vn -0.8775813651729973 0.29935413845197517 -0.3744837076466394
vn -0.8253639999482997 0.0042750141909880445 -0.5645847959722348
vn -0.9424919308855563 0.003557335052815896 -0.33420997229726385
vn -0.8775813651729973 0.29935413845197517 -0.3744837076466394
vn -0.8775813651729973 0.29935413845197517 -0.3744837076466394
vn -0.9424919308855563 0.003557335052815896 -0.33420997229726385
vn -0.9082193900324285 0.3096015131331867 -0.28157493253974997
vn -0.9424919308855563 0.003557335052815896 -0.33420997229726385
vn -0.9424919308855563 0.003557335052815896 -0.33420997229726385
vn -0.9082193900324285 0.3096015131331867 -0.28157493253974997
vn -0.9082193900324285 0.3096015131331867 -0.28157493253974997
vn -0.9424919308855563 0.003557335052815896 -0.33420997229726385
vn -0.9416774053511482 0.3206626223901388 -0.10207422227481679
vn -0.9424919308855563 0.003557335052815896 -0.33420997229726385
vn -0.9945655884155546 0.002828424047628655 -0.1040734853698513
vn -0.9416774053511482 0.3206626223901388 -0.10207422227481679
vn -0.9416774053511482 0.3206626223901388 -0.10207422227481679
vn -0.9945655884155546 0.002828424047628655 -0.1040734853698513
vn -0.9416774053511482 0.3206626223901388 -0.10207422227481679
vn -0.9945655884155546 0.002828424047628655 -0.1040734853698513
vn -0.9945655884155546 0.002828424047628655 -0.1040734853698513
vn -0.9416774053511482 0.3206626223901388 -0.10207422227481679
vn -0.9416774053511482 0.3206626223901388 -0.10207422227481679
vn -0.9945655884155546 0.002828424047628655 -0.1040734853698513
vn -0.9416774053511482 0.3206626223901388 -0.10207422227481679
vn -0.9945655884155546 0.002828424047628655 -0.1040734853698513
vn -0.9945655884155546 0.002828424047628655 -0.1040734853698513
vn -0.9416774053511482 0.3206626223901388 -0.10207422227481679
vn -0.9416774053511482 0.3206626223901388 -0.10207422227481679
vn -0.9945655884155546 0.002828424047628655 -0.1040734853698513
vn -0.9464179690194278 0.3220877287004943 0.023505806467726695
vn -0.9945655884155546 0.002828424047628655 -0.1040734853698513
vn -0.9997095591626372 0.0024519849411901284 0.02397467598725512
vn -0.9464179690194278 0.3220877287004943 0.023505806467726695
vn -0.9464179690194278 0.3220877287004943 0.023505806467726695
vn -0.9997095591626372 0.0024519849411901284 0.02397467598725512
vn -0.9298090830906258 0.3161275649526333 0.18846334306513918
vn -0.9997095591626372 0.0024519849411901284 0.02397467598725512
vn -0.9813826496964481 0.0017715815589637867 0.19205456613566513
vn -0.9298090830906258 0.3161275649526333 0.18846334306513918
vn -0.9298090830906258 0.3161275649526333 0.18846334306513918
vn -0.9813826496964481 0.0017715815589637867 0.19205456613566513
vn -0.9298090830906258 0.3161275649526333 0.18846334306513918
vn -0.9813826496964481 0.0017715815589637867 0.19205456613566513
vn -0.9813826496964481 0.0017715815589637867 0.19205456613566513
vn -0.9298090830906258 0.3161275649526333 0.18846334306513918
vn -0.9298090830906258 0.3161275649526333 0.18846334306513918
vn -0.9813826496964481 0.0017715815589637867 0.19205456613566513
vn -0.9298090830906258 0.3161275649526333 0.18846334306513918
vn -0.9813826496964481 0.0017715815589637867 0.19205456613566513
vn -0.9813826496964481 0.0017715815589637867 0.19205456613566513
vn -0.9298090830906258 0.3161275649526333 0.18846334306513918
vn -0.9298090830906258 0.3161275649526333 0.18846334306513918
vn -0.9813826496964481 0.0017715815589637867 0.19205456613566513
vn -0.8779936809593754 0.29814537614982484 0.3744815494465461
vn -0.9813826496964481 0.0017715815589637867 0.19205456613566513
vn -0.9246459716727974 0.000916079512858182 0.3808267163259358
vn -0.8779936809593754 0.29814537614982484 0.3744815494465461
vn -0.8779936809593754 0.29814537614982484 0.3744815494465461
vn -0.9246459716727974 0.000916079512858182 0.3808267163259358
vn -0.837764854175177 0.28426182099569036 0.4662030311281324
vn -0.9246459716727974 0.000916079512858182 0.3808267163259358
vn -0.8808609143331333 0.00041383289011192204 0.47337498702670733
vn -0.837764854175177 0.28426182099569036 0.4662030311281324
vn -0.837764854175177 0.28426182099569036 0.4662030311281324
vn -0.8808609143331333 0.00041383289011192204 0.47337498702670733
vn -0.7248249704355992 0.24539382939776677 0.6437473345393613
vn -0.8808609143331333 0.00041383289011192204 0.47337498702670733
vn -0.7589802830472925 -0.0007633469156491457 0.6511131600934957
vn -0.7248249704355992 0.24539382939776677 0.6437473345393613
vn -0.7248249704355992 0.24539382939776677 0.6437473345393613
vn -0.7589802830472925 -0.0007633469156491457 0.6511131600934957
vn -0.7248249704355992 0.24539382939776677 0.6437473345393613
vn -0.7589802830472925 -0.0007633469156491457 0.6511131600934957
vn -0.7589802830472925 -0.0007633469156491457 0.6511131600934957
vn -0.7248249704355992 0.24539382939776677 0.6437473345393613
vn -0.7248249704355992 0.24539382939776677 0.6437473345393613
vn -0.7589802830472925 -0.0007633469156491457 0.6511131600934957
vn -0.7248249704355992 0.24539382939776677 0.6437473345393613
vn -0.7589802830472925 -0.0007633469156491457 0.6511131600934957
vn -0.7589802830472925 -0.0007633469156491457 0.6511131600934957
vn -0.7248249704355992 0.24539382939776677 0.6437473345393613
vn -0.7248249704355992 0.24539382939776677 0.6437473345393613
vn -0.7589802830472925 -0.0007633469156491457 0.6511131600934957
vn -0.47074122502062204 0.1582536143876748 0.8679622645019317
vn -0.7589802830472925 -0.0007633469156491457 0.6511131600934957
vn -0.4893211613845139 -0.00277127389237476 0.8720992610146645
vn -0.47074122502062204 0.1582536143876748 0.8679622645019317
vn -0.47074122502062204 0.1582536143876748 0.8679622645019317
vn -0.4893211613845139 -0.00277127389237476 0.8720992610146645
vn -0.47074122502062204 0.1582536143876748 0.8679622645019317
vn -0.4893211613845139 -0.00277127389237476 0.8720992610146645
vn -0.4893211613845139 -0.00277127389237476 0.8720992610146645
vn -0.47074122502062204 0.1582536143876748 0.8679622645019317
vn -0.47074122502062204 0.1582536143876748 0.8679622645019317
vn -0.4893211613845139 -0.00277127389237476 0.8720992610146645
vn -0.47074122502062204 0.1582536143876748 0.8679622645019317
vn -0.4893211613845139 -0.00277127389237476 0.8720992610146645
vn -0.4893211613845139 -0.00277127389237476 0.8720992610146645
vn -0.47074122502062204 0.1582536143876748 0.8679622645019317
vn -0.47074122502062204 0.1582536143876748 0.8679622645019317
vn -0.4893211613845139 -0.00277127389237476 0.8720992610146645
vn -0.18839158545364595 0.061753732622588584 0.9801505430480766
vn -0.4893211613845139 -0.00277127389237476 0.8720992610146645
vn -0.1945528938409401 -0.004309409196863414 0.9808825620279371
vn -0.18839158545364595 0.061753732622588584 0.9801505430480766
vn -0.18839158545364595 0.061753732622588584 0.9801505430480766
vn -0.1945528938409401 -0.004309409196863414 0.9808825620279371
vn -0.18839158545364595 0.061753732622588584 0.9801505430480766
vn -0.1945528938409401 -0.004309409196863414 0.9808825620279371
vn -0.1945528938409401 -0.004309409196863414 0.9808825620279371
vn -0.18839158545364595 0.061753732622588584 0.9801505430480766
vn -0.18839158545364595 0.061753732622588584 0.9801505430480766
vn -0.1945528938409401 -0.004309409196863414 0.9808825620279371
vn -0.02403360616691725 0.0072646267126948395 0.9996847557972157
vn -0.1945528938409401 -0.004309409196863414 0.9808825620279371
vn -0.016405152396893496 -0.0011952032975576243 0.9998647120805454
vn -0.02403360616691725 0.0072646267126948395 0.9996847557972157
vn -0.01639951775141594 0.0012770623509125794 -0.9998647033120397
vn -0.09624466917131297 -0.027944473178259467 -0.9949653612437439
vn -0.19452843579576604 0.005279647790354509 -0.9808826703464907
vn -0.09624466917131297 -0.027944473178259467 -0.9949653612437439
vn -0.09624466917131297 -0.027944473178259467 -0.9949653612437439
vn -0.19452843579576604 0.005279647790354509 -0.9808826703464907
vn -0.19452843579576604 0.005279647790354509 -0.9808826703464907
vn -0.09624466917131297 -0.027944473178259467 -0.9949653612437439
vn -0.19452843579576604 0.005279647790354509 -0.9808826703464907
vn -0.09624466917131297 -0.027944473178259467 -0.9949653612437439
vn -0.3680647055567701 -0.11152023198195646 -0.9230880837612946
vn -0.19452843579576604 0.005279647790354509 -0.9808826703464907
vn -0.19452843579576604 0.005279647790354509 -0.9808826703464907
vn -0.3680647055567701 -0.11152023198195646 -0.9230880837612946
vn -0.4893020686896414 0.0052118403809486066 -0.8720988030583926
vn -0.3680647055567701 -0.11152023198195646 -0.9230880837612946
vn -0.3680647055567701 -0.11152023198195646 -0.9230880837612946
vn -0.4893020686896414 0.0052118403809486066 -0.8720988030583926
vn -0.4893020686896414 0.0052118403809486066 -0.8720988030583926
vn -0.3680647055567701 -0.11152023198195646 -0.9230880837612946
vn -0.4893020686896414 0.0052118403809486066 -0.8720988030583926
vn -0.3680647055567701 -0.11152023198195646 -0.9230880837612946
vn -0.3680647055567701 -0.11152023198195646 -0.9230880837612946
vn -0.4893020686896414 0.0052118403809486066 -0.8720988030583926
vn -0.4893020686896414 0.0052118403809486066 -0.8720988030583926
vn -0.3680647055567701 -0.11152023198195646 -0.9230880837612946
vn -0.4893020686896414 0.0052118403809486066 -0.8720988030583926
vn -0.3680647055567701 -0.11152023198195646 -0.9230880837612946
vn -0.6180493896294039 -0.18875637847964258 -0.7631421765057746
vn -0.4893020686896414 0.0052118403809486066 -0.8720988030583926
vn -0.4893020686896414 0.0052118403809486066 -0.8720988030583926
vn -0.6180493896294039 -0.18875637847964258 -0.7631421765057746
vn -0.6819032817858438 0.00479516325734186 -0.7314266338458227
vn -0.6180493896294039 -0.18875637847964258 -0.7631421765057746
vn -0.6180493896294039 -0.18875637847964258 -0.7631421765057746
vn -0.6819032817858438 0.00479516325734186 -0.7314266338458227
vn -0.6819032817858438 0.00479516325734186 -0.7314266338458227
vn -0.6180493896294039 -0.18875637847964258 -0.7631421765057746
vn -0.8253639999482997 0.0042750141909880445 -0.5645847959722348
vn -0.6180493896294039 -0.18875637847964258 -0.7631421765057746
vn -0.765430255912367 -0.23439697440093749 -0.599311756705652
vn -0.8253639999482997 0.0042750141909880445 -0.5645847959722348
vn -0.8253639999482997 0.0042750141909880445 -0.5645847959722348
vn -0.765430255912367 -0.23439697440093749 -0.599311756705652
vn -0.8253639999482997 0.0042750141909880445 -0.5645847959722348
vn -0.765430255912367 -0.23439697440093749 -0.599311756705652
vn -0.765430255912367 -0.23439697440093749 -0.599311756705652
vn -0.8253639999482997 0.0042750141909880445 -0.5645847959722348
vn -0.8253639999482997 0.0042750141909880445 -0.5645847959722348
vn -0.765430255912367 -0.23439697440093749 -0.599311756705652
vn -0.8253639999482997 0.0042750141909880445 -0.5645847959722348
vn -0.765430255912367 -0.23439697440093749 -0.599311756705652
vn -0.8462257411983274 -0.25946942053736355 -0.4653790011800556
vn -0.8253639999482997 0.0042750141909880445 -0.5645847959722348
vn -0.8253639999482997 0.0042750141909880445 -0.5645847959722348
vn -0.8462257411983274 -0.25946942053736355 -0.4653790011800556
vn -0.9424919308855563 0.003557335052815896 -0.33420997229726385
vn -0.8462257411983274 -0.25946942053736355 -0.4653790011800556
vn -0.9031800003279363 -0.2771878233781989 -0.32776942746157
vn -0.9424919308855563 0.003557335052815896 -0.33420997229726385
vn -0.9424919308855563 0.003557335052815896 -0.33420997229726385
vn -0.9031800003279363 -0.2771878233781989 -0.32776942746157
vn -0.9424919308855563 0.003557335052815896 -0.33420997229726385
vn -0.9031800003279363 -0.2771878233781989 -0.32776942746157
vn -0.9031800003279363 -0.2771878233781989 -0.32776942746157
vn -0.9424919308855563 0.003557335052815896 -0.33420997229726385
vn -0.9424919308855563 0.003557335052815896 -0.33420997229726385
vn -0.9031800003279363 -0.2771878233781989 -0.32776942746157
vn -0.9945655884155546 0.002828424047628655 -0.1040734853698513
vn -0.9031800003279363 -0.2771878233781989 -0.32776942746157
vn -0.9509256354011447 -0.2921773155903311 -0.1018472002136394
vn -0.9945655884155546 0.002828424047628655 -0.1040734853698513
vn -0.9945655884155546 0.002828424047628655 -0.1040734853698513
vn -0.9509256354011447 -0.2921773155903311 -0.1018472002136394
vn -0.9945655884155546 0.002828424047628655 -0.1040734853698513
vn -0.9509256354011447 -0.2921773155903311 -0.1018472002136394
vn -0.9509256354011447 -0.2921773155903311 -0.1018472002136394
vn -0.9945655884155546 0.002828424047628655 -0.1040734853698513
vn -0.9945655884155546 0.002828424047628655 -0.1040734853698513
vn -0.9509256354011447 -0.2921773155903311 -0.1018472002136394
vn -0.9945655884155546 0.002828424047628655 -0.1040734853698513
vn -0.9509256354011447 -0.2921773155903311 -0.1018472002136394
vn -0.9509256354011447 -0.2921773155903311 -0.1018472002136394
vn -0.9945655884155546 0.002828424047628655 -0.1040734853698513
vn -0.9945655884155546 0.002828424047628655 -0.1040734853698513
vn -0.9509256354011447 -0.2921773155903311 -0.1018472002136394
vn -0.9997095591626372 0.0024519849411901284 0.02397467598725512
vn -0.9509256354011447 -0.2921773155903311 -0.1018472002136394
vn -0.9555933379675007 -0.2937535912145502 0.023456344145773016
vn -0.9997095591626372 0.0024519849411901284 0.02397467598725512
vn -0.9997095591626372 0.0024519849411901284 0.02397467598725512
vn -0.9555933379675007 -0.2937535912145502 0.023456344145773016
vn -0.9813826496964481 0.0017715815589637867 0.19205456613566513
vn -0.9555933379675007 -0.2937535912145502 0.023456344145773016
vn -0.9387380919488634 -0.28880327455978716 0.1880517570451065
vn -0.9813826496964481 0.0017715815589637867 0.19205456613566513
vn -0.9813826496964481 0.0017715815589637867 0.19205456613566513
vn -0.9387380919488634 -0.28880327455978716 0.1880517570451065
vn -0.9813826496964481 0.0017715815589637867 0.19205456613566513
vn -0.9387380919488634 -0.28880327455978716 0.1880517570451065
vn -0.9387380919488634 -0.28880327455978716 0.1880517570451065
vn -0.9813826496964481 0.0017715815589637867 0.19205456613566513
vn -0.9813826496964481 0.0017715815589637867 0.19205456613566513
vn -0.9387380919488634 -0.28880327455978716 0.1880517570451065
vn -0.9813826496964481 0.0017715815589637867 0.19205456613566513
vn -0.9387380919488634 -0.28880327455978716 0.1880517570451065
vn -0.9387380919488634 -0.28880327455978716 0.1880517570451065
vn -0.9813826496964481 0.0017715815589637867 0.19205456613566513
vn -0.9813826496964481 0.0017715815589637867 0.19205456613566513
vn -0.9387380919488634 -0.28880327455978716 0.1880517570451065
vn -0.9246459716727974 0.000916079512858182 0.3808267163259358
vn -0.9387380919488634 -0.28880327455978716 0.1880517570451065
vn -0.8672565912533431 -0.2671644716825736 0.42010611754436894
vn -0.9246459716727974 0.000916079512858182 0.3808267163259358
vn -0.9246459716727974 0.000916079512858182 0.3808267163259358
vn -0.8672565912533431 -0.2671644716825736 0.42010611754436894
vn -0.8808609143331333 0.00041383289011192204 0.47337498702670733
vn -0.8672565912533431 -0.2671644716825736 0.42010611754436894
vn -0.8672565912533431 -0.2671644716825736 0.42010611754436894
vn -0.8808609143331333 0.00041383289011192204 0.47337498702670733
vn -0.8808609143331333 0.00041383289011192204 0.47337498702670733
vn -0.8672565912533431 -0.2671644716825736 0.42010611754436894
vn -0.7589802830472925 -0.0007633469156491457 0.6511131600934957
vn -0.8672565912533431 -0.2671644716825736 0.42010611754436894
vn -0.7318708314176643 -0.2259429250381515 0.6428956997408065
vn -0.7589802830472925 -0.0007633469156491457 0.6511131600934957
vn -0.7589802830472925 -0.0007633469156491457 0.6511131600934957
vn -0.7318708314176643 -0.2259429250381515 0.6428956997408065
vn -0.7589802830472925 -0.0007633469156491457 0.6511131600934957
vn -0.7318708314176643 -0.2259429250381515 0.6428956997408065
vn -0.7318708314176643 -0.2259429250381515 0.6428956997408065
vn -0.7589802830472925 -0.0007633469156491457 0.6511131600934957
vn -0.7589802830472925 -0.0007633469156491457 0.6511131600934957
vn -0.7318708314176643 -0.2259429250381515 0.6428956997408065
vn -0.7589802830472925 -0.0007633469156491457 0.6511131600934957
vn -0.7318708314176643 -0.2259429250381515 0.6428956997408065
vn -0.7318708314176643 -0.2259429250381515 0.6428956997408065
vn -0.7589802830472925 -0.0007633469156491457 0.6511131600934957
vn -0.7589802830472925 -0.0007633469156491457 0.6511131600934957
vn -0.7318708314176643 -0.2259429250381515 0.6428956997408065
vn -0.4893211613845139 -0.00277127389237476 0.8720992610146645
vn -0.7318708314176643 -0.2259429250381515 0.6428956997408065
vn -0.57352702974811 -0.17760407666100264 0.7997021558691104
vn -0.4893211613845139 -0.00277127389237476 0.8720992610146645
vn -0.4893211613845139 -0.00277127389237476 0.8720992610146645
vn -0.57352702974811 -0.17760407666100264 0.7997021558691104
vn -0.4893211613845139 -0.00277127389237476 0.8720992610146645
vn -0.57352702974811 -0.17760407666100264 0.7997021558691104
vn -0.36715507747431353 -0.11447801515819 0.9230882585810914
vn -0.4893211613845139 -0.00277127389237476 0.8720992610146645
vn -0.4893211613845139 -0.00277127389237476 0.8720992610146645
vn -0.36715507747431353 -0.11447801515819 0.9230882585810914
vn -0.4893211613845139 -0.00277127389237476 0.8720992610146645
vn -0.36715507747431353 -0.11447801515819 0.9230882585810914
vn -0.36715507747431353 -0.11447801515819 0.9230882585810914
vn -0.4893211613845139 -0.00277127389237476 0.8720992610146645
vn -0.4893211613845139 -0.00277127389237476 0.8720992610146645
vn -0.36715507747431353 -0.11447801515819 0.9230882585810914
vn -0.1945528938409401 -0.004309409196863414 0.9808825620279371
vn -0.36715507747431353 -0.11447801515819 0.9230882585810914
vn -0.36715507747431353 -0.11447801515819 0.9230882585810914
vn -0.1945528938409401 -0.004309409196863414 0.9808825620279371
vn -0.1945528938409401 -0.004309409196863414 0.9808825620279371
vn -0.36715507747431353 -0.11447801515819 0.9230882585810914
vn -0.1945528938409401 -0.004309409196863414 0.9808825620279371
vn -0.36715507747431353 -0.11447801515819 0.9230882585810914
vn -0.0953226103906978 -0.030941153413531885 0.9949654491356692
vn -0.1945528938409401 -0.004309409196863414 0.9808825620279371
vn -0.1945528938409401 -0.004309409196863414 0.9808825620279371
vn -0.0953226103906978 -0.030941153413531885 0.9949654491356692
vn -0.016405152396893496 -0.0011952032975576243 0.9998647120805454
vn -0.0953226103906978 -0.030941153413531885 0.9949654491356692
vn -0.0953226103906978 -0.030941153413531885 0.9949654491356692
vn -0.016405152396893496 -0.0011952032975576243 0.9998647120805454
vn -0.09624466917131297 -0.027944473178259467 -0.9949653612437439
vn -0.059397276606624076 -0.055819936205397436 -0.9966725130421434
vn -0.09624466917131297 -0.027944473178259467 -0.9949653612437439
vn -0.059397276606624076 -0.055819936205397436 -0.9966725130421434
vn -0.059397276606624076 -0.055819936205397436 -0.9966725130421434
vn -0.09624466917131297 -0.027944473178259467 -0.9949653612437439
vn -0.09624466917131297 -0.027944473178259467 -0.9949653612437439
vn -0.059397276606624076 -0.055819936205397436 -0.9966725130421434
vn -0.3680647055567701 -0.11152023198195646 -0.9230880837612946
vn -0.059397276606624076 -0.055819936205397436 -0.9966725130421434
vn -0.16153298502870939 -0.17177373367033355 -0.9718029013995937
vn -0.3680647055567701 -0.11152023198195646 -0.9230880837612946
vn -0.3680647055567701 -0.11152023198195646 -0.9230880837612946
vn -0.16153298502870939 -0.17177373367033355 -0.9718029013995937
vn -0.3680647055567701 -0.11152023198195646 -0.9230880837612946
vn -0.16153298502870939 -0.17177373367033355 -0.9718029013995937
vn -0.3034672358848174 -0.3380390018239192 -0.8908632162067963
vn -0.3680647055567701 -0.11152023198195646 -0.9230880837612946
vn -0.3680647055567701 -0.11152023198195646 -0.9230880837612946
vn -0.3034672358848174 -0.3380390018239192 -0.8908632162067963
vn -0.3680647055567701 -0.11152023198195646 -0.9230880837612946
vn -0.3034672358848174 -0.3380390018239192 -0.8908632162067963
vn -0.3034672358848174 -0.3380390018239192 -0.8908632162067963
vn -0.3680647055567701 -0.11152023198195646 -0.9230880837612946
vn -0.3680647055567701 -0.11152023198195646 -0.9230880837612946
vn -0.3034672358848174 -0.3380390018239192 -0.8908632162067963
vn -0.6180493896294039 -0.18875637847964258 -0.7631421765057746
vn -0.3034672358848174 -0.3380390018239192 -0.8908632162067963
vn -0.3034672358848174 -0.3380390018239192 -0.8908632162067963
vn -0.6180493896294039 -0.18875637847964258 -0.7631421765057746
vn -0.6180493896294039 -0.18875637847964258 -0.7631421765057746
vn -0.3034672358848174 -0.3380390018239192 -0.8908632162067963
vn -0.6180493896294039 -0.18875637847964258 -0.7631421765057746
vn -0.3034672358848174 -0.3380390018239192 -0.8908632162067963
vn -0.4277830075681445 -0.4846103136750207 -0.7629905257051038
vn -0.6180493896294039 -0.18875637847964258 -0.7631421765057746
vn -0.6180493896294039 -0.18875637847964258 -0.7631421765057746
vn -0.4277830075681445 -0.4846103136750207 -0.7629905257051038
vn -0.765430255912367 -0.23439697440093749 -0.599311756705652
vn -0.4277830075681445 -0.4846103136750207 -0.7629905257051038
vn -0.5261535720108126 -0.6012152519754146 -0.6014171925148143
vn -0.765430255912367 -0.23439697440093749 -0.599311756705652
vn -0.765430255912367 -0.23439697440093749 -0.599311756705652
vn -0.5261535720108126 -0.6012152519754146 -0.6014171925148143
vn -0.765430255912367 -0.23439697440093749 -0.599311756705652
vn -0.5261535720108126 -0.6012152519754146 -0.6014171925148143
vn -0.5261535720108126 -0.6012152519754146 -0.6014171925148143
vn -0.765430255912367 -0.23439697440093749 -0.599311756705652
vn -0.765430255912367 -0.23439697440093749 -0.599311756705652
vn -0.5261535720108126 -0.6012152519754146 -0.6014171925148143
vn -0.8462257411983274 -0.25946942053736355 -0.4653790011800556
vn -0.5261535720108126 -0.6012152519754146 -0.6014171925148143
vn -0.5261535720108126 -0.6012152519754146 -0.6014171925148143
vn -0.8462257411983274 -0.25946942053736355 -0.4653790011800556
vn -0.8462257411983274 -0.25946942053736355 -0.4653790011800556
vn -0.5261535720108126 -0.6012152519754146 -0.6014171925148143
vn -0.9031800003279363 -0.2771878233781989 -0.32776942746157
vn -0.5261535720108126 -0.6012152519754146 -0.6014171925148143
vn -0.6112287505294342 -0.7030215703820291 -0.3635382869847582
vn -0.9031800003279363 -0.2771878233781989 -0.32776942746157
vn -0.9031800003279363 -0.2771878233781989 -0.32776942746157
vn -0.6112287505294342 -0.7030215703820291 -0.3635382869847582
vn -0.9031800003279363 -0.2771878233781989 -0.32776942746157
vn -0.6112287505294342 -0.7030215703820291 -0.3635382869847582
vn -0.6112287505294342 -0.7030215703820291 -0.3635382869847582
vn -0.9031800003279363 -0.2771878233781989 -0.32776942746157
vn -0.9031800003279363 -0.2771878233781989 -0.32776942746157
vn -0.6112287505294342 -0.7030215703820291 -0.3635382869847582
vn -0.9509256354011447 -0.2921773155903311 -0.1018472002136394
vn -0.6112287505294342 -0.7030215703820291 -0.3635382869847582
vn -0.6501996705944262 -0.7511008003853119 -0.11440269236099156
vn -0.9509256354011447 -0.2921773155903311 -0.1018472002136394
vn -0.9509256354011447 -0.2921773155903311 -0.1018472002136394
vn -0.6501996705944262 -0.7511008003853119 -0.11440269236099156
vn -0.9509256354011447 -0.2921773155903311 -0.1018472002136394
vn -0.6501996705944262 -0.7511008003853119 -0.11440269236099156
vn -0.6501996705944262 -0.7511008003853119 -0.11440269236099156
vn -0.9509256354011447 -0.2921773155903311 -0.1018472002136394
vn -0.9509256354011447 -0.2921773155903311 -0.1018472002136394
vn -0.6501996705944262 -0.7511008003853119 -0.11440269236099156
vn -0.9509256354011447 -0.2921773155903311 -0.1018472002136394
vn -0.6501996705944262 -0.7511008003853119 -0.11440269236099156
vn -0.6501996705944262 -0.7511008003853119 -0.11440269236099156
vn -0.9509256354011447 -0.2921773155903311 -0.1018472002136394
vn -0.9509256354011447 -0.2921773155903311 -0.1018472002136394
vn -0.6501996705944262 -0.7511008003853119 -0.11440269236099156
vn -0.9555933379675007 -0.2937535912145502 0.023456344145773016
vn -0.6501996705944262 -0.7511008003853119 -0.11440269236099156
vn -0.6535853863260154 -0.7563928504244022 0.026381785533228345
vn -0.9555933379675007 -0.2937535912145502 0.023456344145773016
vn -0.9555933379675007 -0.2937535912145502 0.023456344145773016
vn -0.6535853863260154 -0.7563928504244022 0.026381785533228345
vn -0.9387380919488634 -0.28880327455978716 0.1880517570451065
vn -0.6535853863260154 -0.7563928504244022 0.026381785533228345
vn -0.6380502170114614 -0.7406514501238421 0.21054061366177496
vn -0.9387380919488634 -0.28880327455978716 0.1880517570451065
vn -0.9387380919488634 -0.28880327455978716 0.1880517570451065
vn -0.6380502170114614 -0.7406514501238421 0.21054061366177496
vn -0.9387380919488634 -0.28880327455978716 0.1880517570451065
vn -0.6380502170114614 -0.7406514501238421 0.21054061366177496
vn -0.6380502170114614 -0.7406514501238421 0.21054061366177496
vn -0.9387380919488634 -0.28880327455978716 0.1880517570451065
vn -0.9387380919488634 -0.28880327455978716 0.1880517570451065
vn -0.6380502170114614 -0.7406514501238421 0.21054061366177496
vn -0.9387380919488634 -0.28880327455978716 0.1880517570451065
vn -0.6380502170114614 -0.7406514501238421 0.21054061366177496
vn -0.6380502170114614 -0.7406514501238421 0.21054061366177496
vn -0.9387380919488634 -0.28880327455978716 0.1880517570451065
vn -0.9387380919488634 -0.28880327455978716 0.1880517570451065
vn -0.6380502170114614 -0.7406514501238421 0.21054061366177496
vn -0.8672565912533431 -0.2671644716825736 0.42010611754436894
vn -0.6380502170114614 -0.7406514501238421 0.21054061366177496
vn -0.5772362897253154 -0.6734155953958114 0.4618546326517215
vn -0.8672565912533431 -0.2671644716825736 0.42010611754436894
vn -0.8672565912533431 -0.2671644716825736 0.42010611754436894
vn -0.5772362897253154 -0.6734155953958114 0.4618546326517215
vn -0.8672565912533431 -0.2671644716825736 0.42010611754436894
vn -0.5772362897253154 -0.6734155953958114 0.4618546326517215
vn -0.5772362897253154 -0.6734155953958114 0.4618546326517215
vn -0.8672565912533431 -0.2671644716825736 0.42010611754436894
vn -0.8672565912533431 -0.2671644716825736 0.42010611754436894
vn -0.5772362897253154 -0.6734155953958114 0.4618546326517215
vn -0.7318708314176643 -0.2259429250381515 0.6428956997408065
vn -0.5772362897253154 -0.6734155953958114 0.4618546326517215
vn -0.4960750096478299 -0.5822452965101281 0.6441273162153105
vn -0.7318708314176643 -0.2259429250381515 0.6428956997408065
vn -0.7318708314176643 -0.2259429250381515 0.6428956997408065
vn -0.4960750096478299 -0.5822452965101281 0.6441273162153105
vn -0.7318708314176643 -0.2259429250381515 0.6428956997408065
vn -0.4960750096478299 -0.5822452965101281 0.6441273162153105
vn -0.4960750096478299 -0.5822452965101281 0.6441273162153105
vn -0.7318708314176643 -0.2259429250381515 0.6428956997408065
vn -0.7318708314176643 -0.2259429250381515 0.6428956997408065
vn -0.4960750096478299 -0.5822452965101281 0.6441273162153105
vn -0.7318708314176643 -0.2259429250381515 0.6428956997408065
vn -0.4960750096478299 -0.5822452965101281 0.6441273162153105
vn -0.41752564580072565 -0.4934765061830599 0.7629896938648958
vn -0.7318708314176643 -0.2259429250381515 0.6428956997408065
vn -0.7318708314176643 -0.2259429250381515 0.6428956997408065
vn -0.41752564580072565 -0.4934765061830599 0.7629896938648958
vn -0.57352702974811 -0.17760407666100264 0.7997021558691104
vn -0.41752564580072565 -0.4934765061830599 0.7629896938648958
vn -0.29051003213561766 -0.3492368502196664 0.8908633698144788
vn -0.57352702974811 -0.17760407666100264 0.7997021558691104
vn -0.57352702974811 -0.17760407666100264 0.7997021558691104
vn -0.29051003213561766 -0.3492368502196664 0.8908633698144788
vn -0.36715507747431353 -0.11447801515819 0.9230882585810914
vn -0.29051003213561766 -0.3492368502196664 0.8908633698144788
vn -0.29051003213561766 -0.3492368502196664 0.8908633698144788
vn -0.36715507747431353 -0.11447801515819 0.9230882585810914
vn -0.36715507747431353 -0.11447801515819 0.9230882585810914
vn -0.29051003213561766 -0.3492368502196664 0.8908633698144788
vn -0.36715507747431353 -0.11447801515819 0.9230882585810914
vn -0.29051003213561766 -0.3492368502196664 0.8908633698144788
vn -0.29051003213561766 -0.3492368502196664 0.8908633698144788
vn -0.36715507747431353 -0.11447801515819 0.9230882585810914
vn -0.36715507747431353 -0.11447801515819 0.9230882585810914
vn -0.29051003213561766 -0.3492368502196664 0.8908633698144788
vn -0.36715507747431353 -0.11447801515819 0.9230882585810914
vn -0.29051003213561766 -0.3492368502196664 0.8908633698144788
vn -0.14656157527246574 -0.18471453750731204 0.9718025747481395
vn -0.36715507747431353 -0.11447801515819 0.9230882585810914
vn -0.36715507747431353 -0.11447801515819 0.9230882585810914
vn -0.14656157527246574 -0.18471453750731204 0.9718025747481395
vn -0.0953226103906978 -0.030941153413531885 0.9949654491356692
vn -0.14656157527246574 -0.18471453750731204 0.9718025747481395
vn -0.046625741573277105 -0.06685652690970746 0.996672586676444
vn -0.0953226103906978 -0.030941153413531885 0.9949654491356692
vn -0.0953226103906978 -0.030941153413531885 0.9949654491356692
vn -0.046625741573277105 -0.06685652690970746 0.996672586676444
vn -0.0953226103906978 -0.030941153413531885 0.9949654491356692
vn -0.046625741573277105 -0.06685652690970746 0.996672586676444
vn -0.046625741573277105 -0.06685652690970746 0.996672586676444
vn -0.0953226103906978 -0.030941153413531885 0.9949654491356692
vn -0.059397276606624076 -0.055819936205397436 -0.9966725130421434
vn -0.008025272942462473 -0.03266313750657326 -0.999434197154783
vn -0.059397276606624076 -0.055819936205397436 -0.9966725130421434
vn -0.008025272942462473 -0.03266313750657326 -0.999434197154783
vn -0.06368064793077455 -0.2551186347798793 -0.964810477382562
vn -0.059397276606624076 -0.055819936205397436 -0.9966725130421434
vn -0.059397276606624076 -0.055819936205397436 -0.9966725130421434
vn -0.06368064793077455 -0.2551186347798793 -0.964810477382562
vn -0.16153298502870939 -0.17177373367033355 -0.9718029013995937
vn -0.06368064793077455 -0.2551186347798793 -0.964810477382562
vn -0.06368064793077455 -0.2551186347798793 -0.964810477382562
vn -0.16153298502870939 -0.17177373367033355 -0.9718029013995937
vn -0.16153298502870939 -0.17177373367033355 -0.9718029013995937
vn -0.06368064793077455 -0.2551186347798793 -0.964810477382562
vn -0.3034672358848174 -0.3380390018239192 -0.8908632162067963
vn -0.06368064793077455 -0.2551186347798793 -0.964810477382562
vn -0.06368064793077455 -0.2551186347798793 -0.964810477382562
vn -0.3034672358848174 -0.3380390018239192 -0.8908632162067963
vn -0.3034672358848174 -0.3380390018239192 -0.8908632162067963
vn -0.06368064793077455 -0.2551186347798793 -0.964810477382562
vn -0.3034672358848174 -0.3380390018239192 -0.8908632162067963
vn -0.06368064793077455 -0.2551186347798793 -0.964810477382562
vn -0.1458388276854348 -0.5823174746612835 -0.7997733397928712
vn -0.3034672358848174 -0.3380390018239192 -0.8908632162067963
vn -0.3034672358848174 -0.3380390018239192 -0.8908632162067963
vn -0.1458388276854348 -0.5823174746612835 -0.7997733397928712
vn -0.3034672358848174 -0.3380390018239192 -0.8908632162067963
vn -0.1458388276854348 -0.5823174746612835 -0.7997733397928712
vn -0.1458388276854348 -0.5823174746612835 -0.7997733397928712
vn -0.3034672358848174 -0.3380390018239192 -0.8908632162067963
vn -0.3034672358848174 -0.3380390018239192 -0.8908632162067963
vn -0.1458388276854348 -0.5823174746612835 -0.7997733397928712
vn -0.4277830075681445 -0.4846103136750207 -0.7629905257051038
vn -0.1458388276854348 -0.5823174746612835 -0.7997733397928712
vn -0.1458388276854348 -0.5823174746612835 -0.7997733397928712
vn -0.4277830075681445 -0.4846103136750207 -0.7629905257051038
vn -0.4277830075681445 -0.4846103136750207 -0.7629905257051038
vn -0.1458388276854348 -0.5823174746612835 -0.7997733397928712
vn -0.5261535720108126 -0.6012152519754146 -0.6014171925148143
vn -0.1458388276854348 -0.5823174746612835 -0.7997733397928712
vn -0.20225811013385836 -0.8068547848376229 -0.5550468566433949
vn -0.5261535720108126 -0.6012152519754146 -0.6014171925148143
vn -0.5261535720108126 -0.6012152519754146 -0.6014171925148143
vn -0.20225811013385836 -0.8068547848376229 -0.5550468566433949
vn -0.5261535720108126 -0.6012152519754146 -0.6014171925148143
vn -0.20225811013385836 -0.8068547848376229 -0.5550468566433949
vn -0.20225811013385836 -0.8068547848376229 -0.5550468566433949
vn -0.5261535720108126 -0.6012152519754146 -0.6014171925148143
vn -0.5261535720108126 -0.6012152519754146 -0.6014171925148143
vn -0.20225811013385836 -0.8068547848376229 -0.5550468566433949
vn -0.5261535720108126 -0.6012152519754146 -0.6014171925148143
vn -0.20225811013385836 -0.8068547848376229 -0.5550468566433949
vn -0.20225811013385836 -0.8068547848376229 -0.5550468566433949
vn -0.5261535720108126 -0.6012152519754146 -0.6014171925148143
vn -0.5261535720108126 -0.6012152519754146 -0.6014171925148143
vn -0.20225811013385836 -0.8068547848376229 -0.5550468566433949
vn -0.6112287505294342 -0.7030215703820291 -0.3635382869847582
vn -0.20225811013385836 -0.8068547848376229 -0.5550468566433949
vn -0.22987551040062498 -0.9166748144200846 -0.32690141377172977
vn -0.6112287505294342 -0.7030215703820291 -0.3635382869847582
vn -0.6112287505294342 -0.7030215703820291 -0.3635382869847582
vn -0.22987551040062498 -0.9166748144200846 -0.32690141377172977
vn -0.6112287505294342 -0.7030215703820291 -0.3635382869847582
vn -0.22987551040062498 -0.9166748144200846 -0.32690141377172977
vn -0.22987551040062498 -0.9166748144200846 -0.32690141377172977
vn -0.6112287505294342 -0.7030215703820291 -0.3635382869847582
vn -0.6112287505294342 -0.7030215703820291 -0.3635382869847582
vn -0.22987551040062498 -0.9166748144200846 -0.32690141377172977
vn -0.6501996705944262 -0.7511008003853119 -0.11440269236099156
vn -0.22987551040062498 -0.9166748144200846 -0.32690141377172977
vn -0.23898327317131232 -0.9528376446724661 -0.18704923961180142
vn -0.6501996705944262 -0.7511008003853119 -0.11440269236099156
vn -0.6501996705944262 -0.7511008003853119 -0.11440269236099156
vn -0.23898327317131232 -0.9528376446724661 -0.18704923961180142
vn -0.6501996705944262 -0.7511008003853119 -0.11440269236099156
vn -0.23898327317131232 -0.9528376446724661 -0.18704923961180142
vn -0.2428911581979944 -0.96828780790065 -0.05850304556337668
vn -0.6501996705944262 -0.7511008003853119 -0.11440269236099156
vn -0.6501996705944262 -0.7511008003853119 -0.11440269236099156
vn -0.2428911581979944 -0.96828780790065 -0.05850304556337668
vn -0.6501996705944262 -0.7511008003853119 -0.11440269236099156
vn -0.2428911581979944 -0.96828780790065 -0.05850304556337668
vn -0.2428911581979944 -0.96828780790065 -0.05850304556337668
vn -0.6501996705944262 -0.7511008003853119 -0.11440269236099156
vn -0.6501996705944262 -0.7511008003853119 -0.11440269236099156
vn -0.2428911581979944 -0.96828780790065 -0.05850304556337668
vn -0.6535853863260154 -0.7563928504244022 0.026381785533228345
vn -0.2428911581979944 -0.96828780790065 -0.05850304556337668
vn -0.24325560508396443 -0.9696803282333861 0.023383148471215316
vn -0.6535853863260154 -0.7563928504244022 0.026381785533228345
vn -0.6535853863260154 -0.7563928504244022 0.026381785533228345
vn -0.24325560508396443 -0.9696803282333861 0.023383148471215316
vn -0.6380502170114614 -0.7406514501238421 0.21054061366177496
vn -0.24325560508396443 -0.9696803282333861 0.023383148471215316
vn -0.24227261534991032 -0.9656846519983399 0.0935795530356909
vn -0.6380502170114614 -0.7406514501238421 0.21054061366177496
vn -0.6380502170114614 -0.7406514501238421 0.21054061366177496
vn -0.24227261534991032 -0.9656846519983399 0.0935795530356909
vn -0.6380502170114614 -0.7406514501238421 0.21054061366177496
vn -0.24227261534991032 -0.9656846519983399 0.0935795530356909
vn -0.23662288800391398 -0.9430264359457392 0.2339032919395619
vn -0.6380502170114614 -0.7406514501238421 0.21054061366177496
vn -0.6380502170114614 -0.7406514501238421 0.21054061366177496
vn -0.23662288800391398 -0.9430264359457392 0.2339032919395619
vn -0.6380502170114614 -0.7406514501238421 0.21054061366177496
vn -0.23662288800391398 -0.9430264359457392 0.2339032919395619
vn -0.23662288800391398 -0.9430264359457392 0.2339032919395619
vn -0.6380502170114614 -0.7406514501238421 0.21054061366177496
vn -0.6380502170114614 -0.7406514501238421 0.21054061366177496
vn -0.23662288800391398 -0.9430264359457392 0.2339032919395619
vn -0.5772362897253154 -0.6734155953958114 0.4618546326517215
vn -0.23662288800391398 -0.9430264359457392 0.2339032919395619
vn -0.22102188978234868 -0.8806377019078307 0.4190782292311711
vn -0.5772362897253154 -0.6734155953958114 0.4618546326517215
vn -0.5772362897253154 -0.6734155953958114 0.4618546326517215
vn -0.22102188978234868 -0.8806377019078307 0.4190782292311711
vn -0.5772362897253154 -0.6734155953958114 0.4618546326517215
vn -0.22102188978234868 -0.8806377019078307 0.4190782292311711
vn -0.22102188978234868 -0.8806377019078307 0.4190782292311711
vn -0.5772362897253154 -0.6734155953958114 0.4618546326517215
vn -0.5772362897253154 -0.6734155953958114 0.4618546326517215
vn -0.22102188978234868 -0.8806377019078307 0.4190782292311711
vn -0.4960750096478299 -0.5822452965101281 0.6441273162153105
vn -0.22102188978234868 -0.8806377019078307 0.4190782292311711
vn -0.19514116980721086 -0.7772440448066095 0.5981735690073029
vn -0.4960750096478299 -0.5822452965101281 0.6441273162153105
vn -0.4960750096478299 -0.5822452965101281 0.6441273162153105
vn -0.19514116980721086 -0.7772440448066095 0.5981735690073029
vn -0.4960750096478299 -0.5822452965101281 0.6441273162153105
vn -0.19514116980721086 -0.7772440448066095 0.5981735690073029
vn -0.19514116980721086 -0.7772440448066095 0.5981735690073029
vn -0.4960750096478299 -0.5822452965101281 0.6441273162153105
vn -0.4960750096478299 -0.5822452965101281 0.6441273162153105
vn -0.19514116980721086 -0.7772440448066095 0.5981735690073029
vn -0.41752564580072565 -0.4934765061830599 0.7629896938648958
vn -0.19514116980721086 -0.7772440448066095 0.5981735690073029
vn -0.1683124754209741 -0.6701139225020738 0.7229233994598244
vn -0.41752564580072565 -0.4934765061830599 0.7629896938648958
vn -0.41752564580072565 -0.4934765061830599 0.7629896938648958
vn -0.1683124754209741 -0.6701139225020738 0.7229233994598244
vn -0.29051003213561766 -0.3492368502196664 0.8908633698144788
vn -0.1683124754209741 -0.6701139225020738 0.7229233994598244
vn -0.13448253484326161 -0.5350700700534059 0.8340350519943238
vn -0.29051003213561766 -0.3492368502196664 0.8908633698144788
vn -0.29051003213561766 -0.3492368502196664 0.8908633698144788
vn -0.13448253484326161 -0.5350700700534059 0.8340350519943238
vn -0.29051003213561766 -0.3492368502196664 0.8908633698144788
vn -0.13448253484326161 -0.5350700700534059 0.8340350519943238
vn -0.13448253484326161 -0.5350700700534059 0.8340350519943238
vn -0.29051003213561766 -0.3492368502196664 0.8908633698144788
vn -0.29051003213561766 -0.3492368502196664 0.8908633698144788
vn -0.13448253484326161 -0.5350700700534059 0.8340350519943238
vn -0.29051003213561766 -0.3492368502196664 0.8908633698144788
vn -0.13448253484326161 -0.5350700700534059 0.8340350519943238
vn -0.0642792189266565 -0.2549685455642243 0.964810459513703
vn -0.29051003213561766 -0.3492368502196664 0.8908633698144788
vn -0.29051003213561766 -0.3492368502196664 0.8908633698144788
vn -0.0642792189266565 -0.2549685455642243 0.964810459513703
vn -0.14656157527246574 -0.18471453750731204 0.9718025747481395
vn -0.0642792189266565 -0.2549685455642243 0.964810459513703
vn -0.0642792189266565 -0.2549685455642243 0.964810459513703
vn -0.14656157527246574 -0.18471453750731204 0.9718025747481395
vn -0.14656157527246574 -0.18471453750731204 0.9718025747481395
vn -0.0642792189266565 -0.2549685455642243 0.964810459513703
vn -0.046625741573277105 -0.06685652690970746 0.996672586676444
vn -0.0642792189266565 -0.2549685455642243 0.964810459513703
vn -0.0642792189266565 -0.2549685455642243 0.964810459513703
vn -0.046625741573277105 -0.06685652690970746 0.996672586676444
vn -0.046625741573277105 -0.06685652690970746 0.996672586676444
vn -0.0642792189266565 -0.2549685455642243 0.964810459513703
vn -0.046625741573277105 -0.06685652690970746 0.996672586676444
vn -0.0642792189266565 -0.2549685455642243 0.964810459513703
vn -0.008342181326716873 -0.03258256984513893 0.9994342320298014
vn -0.046625741573277105 -0.06685652690970746 0.996672586676444
vn -0.008025272942462473 -0.03266313750657326 -0.999434197154783
vn -0.04898910096861881 -0.1442846320248281 -0.9883228283044697
vn -0.06368064793077455 -0.2551186347798793 -0.964810477382562
vn -0.04898910096861881 -0.1442846320248281 -0.9883228283044697
vn -0.04898910096861881 -0.1442846320248281 -0.9883228283044697
vn -0.06368064793077455 -0.2551186347798793 -0.964810477382562
vn -0.06368064793077455 -0.2551186347798793 -0.964810477382562
vn -0.04898910096861881 -0.1442846320248281 -0.9883228283044697
vn -0.06368064793077455 -0.2551186347798793 -0.964810477382562
vn -0.04898910096861881 -0.1442846320248281 -0.9883228283044697
vn -0.04898910096861881 -0.1442846320248281 -0.9883228283044697
vn -0.06368064793077455 -0.2551186347798793 -0.964810477382562
vn -0.06368064793077455 -0.2551186347798793 -0.964810477382562
vn -0.04898910096861881 -0.1442846320248281 -0.9883228283044697
vn -0.06368064793077455 -0.2551186347798793 -0.964810477382562
vn -0.04898910096861881 -0.1442846320248281 -0.9883228283044697
vn -0.1261358080391456 -0.36454950846826234 -0.9226014382201343
vn -0.06368064793077455 -0.2551186347798793 -0.964810477382562
vn -0.06368064793077455 -0.2551186347798793 -0.964810477382562
vn -0.1261358080391456 -0.36454950846826234 -0.9226014382201343
vn -0.1458388276854348 -0.5823174746612835 -0.7997733397928712
vn -0.1261358080391456 -0.36454950846826234 -0.9226014382201343
vn -0.1808581330969823 -0.5200764475710569 -0.8347519538009742
vn -0.1458388276854348 -0.5823174746612835 -0.7997733397928712
vn -0.1458388276854348 -0.5823174746612835 -0.7997733397928712
vn -0.1808581330969823 -0.5200764475710569 -0.8347519538009742
vn -0.1458388276854348 -0.5823174746612835 -0.7997733397928712
vn -0.1808581330969823 -0.5200764475710569 -0.8347519538009742
vn -0.1808581330969823 -0.5200764475710569 -0.8347519538009742
vn -0.1458388276854348 -0.5823174746612835 -0.7997733397928712
vn -0.1458388276854348 -0.5823174746612835 -0.7997733397928712
vn -0.1808581330969823 -0.5200764475710569 -0.8347519538009742
vn -0.1458388276854348 -0.5823174746612835 -0.7997733397928712
vn -0.1808581330969823 -0.5200764475710569 -0.8347519538009742
vn -0.22714200316031913 -0.6514395389390809 -0.7239012622638222
vn -0.1458388276854348 -0.5823174746612835 -0.7997733397928712
vn -0.1458388276854348 -0.5823174746612835 -0.7997733397928712
vn -0.22714200316031913 -0.6514395389390809 -0.7239012622638222
vn -0.20225811013385836 -0.8068547848376229 -0.5550468566433949
vn -0.22714200316031913 -0.6514395389390809 -0.7239012622638222
vn -0.27412035849698557 -0.7845835625169445 -0.556135471342823
vn -0.20225811013385836 -0.8068547848376229 -0.5550468566433949
vn -0.20225811013385836 -0.8068547848376229 -0.5550468566433949
vn -0.27412035849698557 -0.7845835625169445 -0.556135471342823
vn -0.20225811013385836 -0.8068547848376229 -0.5550468566433949
vn -0.27412035849698557 -0.7845835625169445 -0.556135471342823
vn -0.27412035849698557 -0.7845835625169445 -0.556135471342823
vn -0.20225811013385836 -0.8068547848376229 -0.5550468566433949
vn -0.20225811013385836 -0.8068547848376229 -0.5550468566433949
vn -0.27412035849698557 -0.7845835625169445 -0.556135471342823
vn -0.20225811013385836 -0.8068547848376229 -0.5550468566433949
vn -0.27412035849698557 -0.7845835625169445 -0.556135471342823
vn -0.27412035849698557 -0.7845835625169445 -0.556135471342823
vn -0.20225811013385836 -0.8068547848376229 -0.5550468566433949
vn -0.20225811013385836 -0.8068547848376229 -0.5550468566433949
vn -0.27412035849698557 -0.7845835625169445 -0.556135471342823
vn -0.22987551040062498 -0.9166748144200846 -0.32690141377172977
vn -0.27412035849698557 -0.7845835625169445 -0.556135471342823
vn -0.3120410501581267 -0.8917520215498899 -0.3277326884488309
vn -0.22987551040062498 -0.9166748144200846 -0.32690141377172977
vn -0.22987551040062498 -0.9166748144200846 -0.32690141377172977
vn -0.3120410501581267 -0.8917520215498899 -0.3277326884488309
vn -0.22987551040062498 -0.9166748144200846 -0.32690141377172977
vn -0.3120410501581267 -0.8917520215498899 -0.3277326884488309
vn -0.3120410501581267 -0.8917520215498899 -0.3277326884488309
vn -0.22987551040062498 -0.9166748144200846 -0.32690141377172977
vn -0.22987551040062498 -0.9166748144200846 -0.32690141377172977
vn -0.3120410501581267 -0.8917520215498899 -0.3277326884488309
vn -0.23898327317131232 -0.9528376446724661 -0.18704923961180142
vn -0.3120410501581267 -0.8917520215498899 -0.3277326884488309
vn -0.3288623068668518 -0.9388716742988025 -0.10183104792535473
vn -0.23898327317131232 -0.9528376446724661 -0.18704923961180142
vn -0.23898327317131232 -0.9528376446724661 -0.18704923961180142
vn -0.3288623068668518 -0.9388716742988025 -0.10183104792535473
vn -0.2428911581979944 -0.96828780790065 -0.05850304556337668
vn -0.3288623068668518 -0.9388716742988025 -0.10183104792535473
vn -0.3288623068668518 -0.9388716742988025 -0.10183104792535473
vn -0.2428911581979944 -0.96828780790065 -0.05850304556337668
vn -0.2428911581979944 -0.96828780790065 -0.05850304556337668
vn -0.3288623068668518 -0.9388716742988025 -0.10183104792535473
vn -0.2428911581979944 -0.96828780790065 -0.05850304556337668
vn -0.3288623068668518 -0.9388716742988025 -0.10183104792535473
vn -0.3288623068668518 -0.9388716742988025 -0.10183104792535473
vn -0.2428911581979944 -0.96828780790065 -0.05850304556337668
vn -0.2428911581979944 -0.96828780790065 -0.05850304556337668
vn -0.3288623068668518 -0.9388716742988025 -0.10183104792535473
vn -0.24325560508396443 -0.9696803282333861 0.023383148471215316
vn -0.3288623068668518 -0.9388716742988025 -0.10183104792535473
vn -0.3306153098721723 -0.9434742870795161 0.023447526477786203
vn -0.24325560508396443 -0.9696803282333861 0.023383148471215316
vn -0.24325560508396443 -0.9696803282333861 0.023383148471215316
vn -0.3306153098721723 -0.9434742870795161 0.023447526477786203
vn -0.24227261534991032 -0.9656846519983399 0.0935795530356909
vn -0.3306153098721723 -0.9434742870795161 0.023447526477786203
vn -0.32501154838245266 -0.9268296275484531 0.18802748447085219
vn -0.24227261534991032 -0.9656846519983399 0.0935795530356909
vn -0.24227261534991032 -0.9656846519983399 0.0935795530356909
vn -0.32501154838245266 -0.9268296275484531 0.18802748447085219
vn -0.23662288800391398 -0.9430264359457392 0.2339032919395619
vn -0.32501154838245266 -0.9268296275484531 0.18802748447085219
vn -0.32501154838245266 -0.9268296275484531 0.18802748447085219
vn -0.23662288800391398 -0.9430264359457392 0.2339032919395619
vn -0.23662288800391398 -0.9430264359457392 0.2339032919395619
vn -0.32501154838245266 -0.9268296275484531 0.18802748447085219
vn -0.23662288800391398 -0.9430264359457392 0.2339032919395619
vn -0.32501154838245266 -0.9268296275484531 0.18802748447085219
vn -0.32501154838245266 -0.9268296275484531 0.18802748447085219
vn -0.23662288800391398 -0.9430264359457392 0.2339032919395619
vn -0.23662288800391398 -0.9430264359457392 0.2339032919395619
vn -0.32501154838245266 -0.9268296275484531 0.18802748447085219
vn -0.22102188978234868 -0.8806377019078307 0.4190782292311711
vn -0.32501154838245266 -0.9268296275484531 0.18802748447085219
vn -0.3071793327347098 -0.8752021816766781 0.3737137925325227
vn -0.22102188978234868 -0.8806377019078307 0.4190782292311711
vn -0.22102188978234868 -0.8806377019078307 0.4190782292311711
vn -0.3071793327347098 -0.8752021816766781 0.3737137925325227
vn -0.22102188978234868 -0.8806377019078307 0.4190782292311711
vn -0.3071793327347098 -0.8752021816766781 0.3737137925325227
vn -0.2932830410492437 -0.8351368783302172 0.4653294019141359
vn -0.22102188978234868 -0.8806377019078307 0.4190782292311711
vn -0.22102188978234868 -0.8806377019078307 0.4190782292311711
vn -0.2932830410492437 -0.8351368783302172 0.4653294019141359
vn -0.19514116980721086 -0.7772440448066095 0.5981735690073029
vn -0.2932830410492437 -0.8351368783302172 0.4653294019141359
vn -0.25416888975722524 -0.7225979336008782 0.6428455505293011
vn -0.19514116980721086 -0.7772440448066095 0.5981735690073029
vn -0.19514116980721086 -0.7772440448066095 0.5981735690073029
vn -0.25416888975722524 -0.7225979336008782 0.6428455505293011
vn -0.19514116980721086 -0.7772440448066095 0.5981735690073029
vn -0.25416888975722524 -0.7225979336008782 0.6428455505293011
vn -0.25416888975722524 -0.7225979336008782 0.6428455505293011
vn -0.19514116980721086 -0.7772440448066095 0.5981735690073029
vn -0.19514116980721086 -0.7772440448066095 0.5981735690073029
vn -0.25416888975722524 -0.7225979336008782 0.6428455505293011
vn -0.1683124754209741 -0.6701139225020738 0.7229233994598244
vn -0.25416888975722524 -0.7225979336008782 0.6428455505293011
vn -0.25416888975722524 -0.7225979336008782 0.6428455505293011
vn -0.1683124754209741 -0.6701139225020738 0.7229233994598244
vn -0.1683124754209741 -0.6701139225020738 0.7229233994598244
vn -0.25416888975722524 -0.7225979336008782 0.6428455505293011
vn -0.13448253484326161 -0.5350700700534059 0.8340350519943238
vn -0.25416888975722524 -0.7225979336008782 0.6428455505293011
vn -0.18331720328707193 -0.5192143432564958 0.8347522199645426
vn -0.13448253484326161 -0.5350700700534059 0.8340350519943238
vn -0.13448253484326161 -0.5350700700534059 0.8340350519943238
vn -0.18331720328707193 -0.5192143432564958 0.8347522199645426
vn -0.13448253484326161 -0.5350700700534059 0.8340350519943238
vn -0.18331720328707193 -0.5192143432564958 0.8347522199645426
vn -0.18331720328707193 -0.5192143432564958 0.8347522199645426
vn -0.13448253484326161 -0.5350700700534059 0.8340350519943238
vn -0.13448253484326161 -0.5350700700534059 0.8340350519943238
vn -0.18331720328707193 -0.5192143432564958 0.8347522199645426
vn -0.0642792189266565 -0.2549685455642243 0.964810459513703
vn -0.18331720328707193 -0.5192143432564958 0.8347522199645426
vn -0.12899460119793332 -0.36354706315090674 0.9226017156585699
vn -0.0642792189266565 -0.2549685455642243 0.964810459513703
vn -0.0642792189266565 -0.2549685455642243 0.964810459513703
vn -0.12899460119793332 -0.36354706315090674 0.9226017156585699
vn -0.0642792189266565 -0.2549685455642243 0.964810459513703
vn -0.12899460119793332 -0.36354706315090674 0.9226017156585699
vn -0.05178438211640174 -0.1433048569725723 0.9883228701881248
vn -0.0642792189266565 -0.2549685455642243 0.964810459513703
vn -0.0642792189266565 -0.2549685455642243 0.964810459513703
vn -0.05178438211640174 -0.1433048569725723 0.9883228701881248
vn -0.0642792189266565 -0.2549685455642243 0.964810459513703
vn -0.05178438211640174 -0.1433048569725723 0.9883228701881248
vn -0.05178438211640174 -0.1433048569725723 0.9883228701881248
vn -0.0642792189266565 -0.2549685455642243 0.964810459513703
vn -0.0642792189266565 -0.2549685455642243 0.964810459513703
vn -0.05178438211640174 -0.1433048569725723 0.9883228701881248
vn -0.008342181326716873 -0.03258256984513893 0.9994342320298014
vn -0.05178438211640174 -0.1433048569725723 0.9883228701881248
vn -0.05178438211640174 -0.1433048569725723 0.9883228701881248
vn -0.008342181326716873 -0.03258256984513893 0.9994342320298014
vn -0.04898910096861881 -0.1442846320248281 -0.9883228283044697
vn -0.021645298336517953 -0.15313373583077267 -0.9879683901878817
vn -0.04898910096861881 -0.1442846320248281 -0.9883228283044697
vn -0.021645298336517953 -0.15313373583077267 -0.9879683901878817
vn -0.021645298336517953 -0.15313373583077267 -0.9879683901878817
vn -0.04898910096861881 -0.1442846320248281 -0.9883228283044697
vn -0.04898910096861881 -0.1442846320248281 -0.9883228283044697
vn -0.021645298336517953 -0.15313373583077267 -0.9879683901878817
vn -0.04898910096861881 -0.1442846320248281 -0.9883228283044697
vn -0.021645298336517953 -0.15313373583077267 -0.9879683901878817
vn -0.021645298336517953 -0.15313373583077267 -0.9879683901878817
vn -0.04898910096861881 -0.1442846320248281 -0.9883228283044697
vn -0.04898910096861881 -0.1442846320248281 -0.9883228283044697
vn -0.021645298336517953 -0.15313373583077267 -0.9879683901878817
vn -0.1261358080391456 -0.36454950846826234 -0.9226014382201343
vn -0.021645298336517953 -0.15313373583077267 -0.9879683901878817
vn -0.048147817117044286 -0.42375994526081023 -0.9044939449766477
vn -0.1261358080391456 -0.36454950846826234 -0.9226014382201343
vn -0.1261358080391456 -0.36454950846826234 -0.9226014382201343
vn -0.048147817117044286 -0.42375994526081023 -0.9044939449766477
vn -0.1808581330969823 -0.5200764475710569 -0.8347519538009742
vn -0.048147817117044286 -0.42375994526081023 -0.9044939449766477
vn -0.048147817117044286 -0.42375994526081023 -0.9044939449766477
vn -0.1808581330969823 -0.5200764475710569 -0.8347519538009742
vn -0.1808581330969823 -0.5200764475710569 -0.8347519538009742
vn -0.048147817117044286 -0.42375994526081023 -0.9044939449766477
vn -0.1808581330969823 -0.5200764475710569 -0.8347519538009742
vn -0.048147817117044286 -0.42375994526081023 -0.9044939449766477
vn -0.06698311102467637 -0.6248046143137017 -0.7779026010817565
vn -0.1808581330969823 -0.5200764475710569 -0.8347519538009742
vn -0.1808581330969823 -0.5200764475710569 -0.8347519538009742
vn -0.06698311102467637 -0.6248046143137017 -0.7779026010817565
vn -0.22714200316031913 -0.6514395389390809 -0.7239012622638222
vn -0.06698311102467637 -0.6248046143137017 -0.7779026010817565
vn -0.06698311102467637 -0.6248046143137017 -0.7779026010817565
vn -0.22714200316031913 -0.6514395389390809 -0.7239012622638222
vn -0.22714200316031913 -0.6514395389390809 -0.7239012622638222
vn -0.06698311102467637 -0.6248046143137017 -0.7779026010817565
vn -0.27412035849698557 -0.7845835625169445 -0.556135471342823
vn -0.06698311102467637 -0.6248046143137017 -0.7779026010817565
vn -0.08141764753971581 -0.7824329498915481 -0.6173895412080681
vn -0.27412035849698557 -0.7845835625169445 -0.556135471342823
vn -0.27412035849698557 -0.7845835625169445 -0.556135471342823
vn -0.08141764753971581 -0.7824329498915481 -0.6173895412080681
vn -0.27412035849698557 -0.7845835625169445 -0.556135471342823
vn -0.08141764753971581 -0.7824329498915481 -0.6173895412080681
vn -0.08141764753971581 -0.7824329498915481 -0.6173895412080681
vn -0.27412035849698557 -0.7845835625169445 -0.556135471342823
vn -0.27412035849698557 -0.7845835625169445 -0.556135471342823
vn -0.08141764753971581 -0.7824329498915481 -0.6173895412080681
vn -0.27412035849698557 -0.7845835625169445 -0.556135471342823
vn -0.08141764753971581 -0.7824329498915481 -0.6173895412080681
vn -0.08935336051096827 -0.8712049749511335 -0.48271924405993166
vn -0.27412035849698557 -0.7845835625169445 -0.556135471342823
vn -0.27412035849698557 -0.7845835625169445 -0.556135471342823
vn -0.08935336051096827 -0.8712049749511335 -0.48271924405993166
vn -0.3120410501581267 -0.8917520215498899 -0.3277326884488309
vn -0.08935336051096827 -0.8712049749511335 -0.48271924405993166
vn -0.09488312894900301 -0.9349730009710404 -0.3417933283375406
vn -0.3120410501581267 -0.8917520215498899 -0.3277326884488309
vn -0.3120410501581267 -0.8917520215498899 -0.3277326884488309
vn -0.09488312894900301 -0.9349730009710404 -0.3417933283375406
vn -0.3120410501581267 -0.8917520215498899 -0.3277326884488309
vn -0.09488312894900301 -0.9349730009710404 -0.3417933283375406
vn -0.09488312894900301 -0.9349730009710404 -0.3417933283375406
vn -0.3120410501581267 -0.8917520215498899 -0.3277326884488309
vn -0.3120410501581267 -0.8917520215498899 -0.3277326884488309
vn -0.09488312894900301 -0.9349730009710404 -0.3417933283375406
vn -0.3288623068668518 -0.9388716742988025 -0.10183104792535473
vn -0.09488312894900301 -0.9349730009710404 -0.3417933283375406
vn -0.09906331164113129 -0.9893426013833297 -0.10671306093800323
vn -0.3288623068668518 -0.9388716742988025 -0.10183104792535473
vn -0.3288623068668518 -0.9388716742988025 -0.10183104792535473
vn -0.09906331164113129 -0.9893426013833297 -0.10671306093800323
vn -0.3288623068668518 -0.9388716742988025 -0.10183104792535473
vn -0.09906331164113129 -0.9893426013833297 -0.10671306093800323
vn -0.09906331164113129 -0.9893426013833297 -0.10671306093800323
vn -0.3288623068668518 -0.9388716742988025 -0.10183104792535473
vn -0.3288623068668518 -0.9388716742988025 -0.10183104792535473
vn -0.09906331164113129 -0.9893426013833297 -0.10671306093800323
vn -0.3288623068668518 -0.9388716742988025 -0.10183104792535473
vn -0.09906331164113129 -0.9893426013833297 -0.10671306093800323
vn -0.09906331164113129 -0.9893426013833297 -0.10671306093800323
vn -0.3288623068668518 -0.9388716742988025 -0.10183104792535473
vn -0.3288623068668518 -0.9388716742988025 -0.10183104792535473
vn -0.09906331164113129 -0.9893426013833297 -0.10671306093800323
vn -0.3306153098721723 -0.9434742870795161 0.023447526477786203
vn -0.09906331164113129 -0.9893426013833297 -0.10671306093800323
vn -0.09904243813488345 -0.9947795288370214 0.024582197930451057
vn -0.3306153098721723 -0.9434742870795161 0.023447526477786203
vn -0.3306153098721723 -0.9434742870795161 0.023447526477786203
vn -0.09904243813488345 -0.9947795288370214 0.024582197930451057
vn -0.32501154838245266 -0.9268296275484531 0.18802748447085219
vn -0.09904243813488345 -0.9947795288370214 0.024582197930451057
vn -0.09622625146069484 -0.9757110359404257 0.19679553570618546
vn -0.32501154838245266 -0.9268296275484531 0.18802748447085219
vn -0.32501154838245266 -0.9268296275484531 0.18802748447085219
vn -0.09622625146069484 -0.9757110359404257 0.19679553570618546
vn -0.32501154838245266 -0.9268296275484531 0.18802748447085219
vn -0.09622625146069484 -0.9757110359404257 0.19679553570618546
vn -0.09622625146069484 -0.9757110359404257 0.19679553570618546
vn -0.32501154838245266 -0.9268296275484531 0.18802748447085219
vn -0.32501154838245266 -0.9268296275484531 0.18802748447085219
vn -0.09622625146069484 -0.9757110359404257 0.19679553570618546
vn -0.32501154838245266 -0.9268296275484531 0.18802748447085219
vn -0.09622625146069484 -0.9757110359404257 0.19679553570618546
vn -0.09622625146069484 -0.9757110359404257 0.19679553570618546
vn -0.32501154838245266 -0.9268296275484531 0.18802748447085219
vn -0.32501154838245266 -0.9268296275484531 0.18802748447085219
vn -0.09622625146069484 -0.9757110359404257 0.19679553570618546
vn -0.3071793327347098 -0.8752021816766781 0.3737137925325227
vn -0.09622625146069484 -0.9757110359404257 0.19679553570618546
vn -0.0869202390884453 -0.8954436188861291 0.4366069140919785
vn -0.3071793327347098 -0.8752021816766781 0.3737137925325227
vn -0.3071793327347098 -0.8752021816766781 0.3737137925325227
vn -0.0869202390884453 -0.8954436188861291 0.4366069140919785
vn -0.2932830410492437 -0.8351368783302172 0.4653294019141359
vn -0.0869202390884453 -0.8954436188861291 0.4366069140919785
vn -0.0869202390884453 -0.8954436188861291 0.4366069140919785
vn -0.2932830410492437 -0.8351368783302172 0.4653294019141359
vn -0.2932830410492437 -0.8351368783302172 0.4653294019141359
vn -0.0869202390884453 -0.8954436188861291 0.4366069140919785
vn -0.25416888975722524 -0.7225979336008782 0.6428455505293011
vn -0.0869202390884453 -0.8954436188861291 0.4366069140919785
vn -0.07066185745650783 -0.7474226923285182 0.660580215335871
vn -0.25416888975722524 -0.7225979336008782 0.6428455505293011
vn -0.25416888975722524 -0.7225979336008782 0.6428455505293011
vn -0.07066185745650783 -0.7474226923285182 0.660580215335871
vn -0.25416888975722524 -0.7225979336008782 0.6428455505293011
vn -0.07066185745650783 -0.7474226923285182 0.660580215335871
vn -0.07066185745650783 -0.7474226923285182 0.660580215335871
vn -0.25416888975722524 -0.7225979336008782 0.6428455505293011
vn -0.25416888975722524 -0.7225979336008782 0.6428455505293011
vn -0.07066185745650783 -0.7474226923285182 0.660580215335871
vn -0.25416888975722524 -0.7225979336008782 0.6428455505293011
vn -0.07066185745650783 -0.7474226923285182 0.660580215335871
vn -0.07066185745650783 -0.7474226923285182 0.660580215335871
vn -0.25416888975722524 -0.7225979336008782 0.6428455505293011
vn -0.25416888975722524 -0.7225979336008782 0.6428455505293011
vn -0.07066185745650783 -0.7474226923285182 0.660580215335871
vn -0.18331720328707193 -0.5192143432564958 0.8347522199645426
vn -0.07066185745650783 -0.7474226923285182 0.660580215335871
vn -0.05272024987516354 -0.5798733959798241 0.8129990282207761
vn -0.18331720328707193 -0.5192143432564958 0.8347522199645426
vn -0.18331720328707193 -0.5192143432564958 0.8347522199645426
vn -0.05272024987516354 -0.5798733959798241 0.8129990282207761
vn -0.18331720328707193 -0.5192143432564958 0.8347522199645426
vn -0.05272024987516354 -0.5798733959798241 0.8129990282207761
vn -0.03640048228785121 -0.4249295023032516 0.9044942912818869
vn -0.18331720328707193 -0.5192143432564958 0.8347522199645426
vn -0.18331720328707193 -0.5192143432564958 0.8347522199645426
vn -0.03640048228785121 -0.4249295023032516 0.9044942912818869
vn -0.12899460119793332 -0.36354706315090674 0.9226017156585699
vn -0.03640048228785121 -0.4249295023032516 0.9044942912818869
vn -0.03640048228785121 -0.4249295023032516 0.9044942912818869
vn -0.12899460119793332 -0.36354706315090674 0.9226017156585699
vn -0.12899460119793332 -0.36354706315090674 0.9226017156585699
vn -0.03640048228785121 -0.4249295023032516 0.9044942912818869
vn -0.05178438211640174 -0.1433048569725723 0.9883228701881248
vn -0.03640048228785121 -0.4249295023032516 0.9044942912818869
vn -0.008991259336191276 -0.1543942572820476 0.9879684056557041
vn -0.05178438211640174 -0.1433048569725723 0.9883228701881248
vn -0.05178438211640174 -0.1433048569725723 0.9883228701881248
vn -0.008991259336191276 -0.1543942572820476 0.9879684056557041
vn -0.05178438211640174 -0.1433048569725723 0.9883228701881248
vn -0.008991259336191276 -0.1543942572820476 0.9879684056557041
vn -0.008991259336191276 -0.1543942572820476 0.9879684056557041
vn -0.05178438211640174 -0.1433048569725723 0.9883228701881248
vn -0.05178438211640174 -0.1433048569725723 0.9883228701881248
vn -0.008991259336191276 -0.1543942572820476 0.9879684056557041
vn -0.05178438211640174 -0.1433048569725723 0.9883228701881248
vn -0.008991259336191276 -0.1543942572820476 0.9879684056557041
vn -0.008991259336191276 -0.1543942572820476 0.9879684056557041
vn -0.05178438211640174 -0.1433048569725723 0.9883228701881248
vn -0.021645298336517953 -0.15313373583077267 -0.9879683901878817
vn 0.02741840629183647 -0.08473717301260542 -0.9960260250145312
vn -0.021645298336517953 -0.15313373583077267 -0.9879683901878817
vn 0.02741840629183647 -0.08473717301260542 -0.9960260250145312
vn 0.02741840629183647 -0.08473717301260542 -0.9960260250145312
vn -0.021645298336517953 -0.15313373583077267 -0.9879683901878817
vn -0.021645298336517953 -0.15313373583077267 -0.9879683901878817
vn 0.02741840629183647 -0.08473717301260542 -0.9960260250145312
vn -0.021645298336517953 -0.15313373583077267 -0.9879683901878817
vn 0.02741840629183647 -0.08473717301260542 -0.9960260250145312
vn 0.02741840629183647 -0.08473717301260542 -0.9960260250145312
vn -0.021645298336517953 -0.15313373583077267 -0.9879683901878817
vn -0.021645298336517953 -0.15313373583077267 -0.9879683901878817
vn 0.02741840629183647 -0.08473717301260542 -0.9960260250145312
vn -0.048147817117044286 -0.42375994526081023 -0.9044939449766477
vn 0.02741840629183647 -0.08473717301260542 -0.9960260250145312
vn 0.15757775099932286 -0.4705915389300023 -0.8681663756892958
vn -0.048147817117044286 -0.42375994526081023 -0.9044939449766477
vn -0.048147817117044286 -0.42375994526081023 -0.9044939449766477
vn 0.15757775099932286 -0.4705915389300023 -0.8681663756892958
vn -0.048147817117044286 -0.42375994526081023 -0.9044939449766477
vn 0.15757775099932286 -0.4705915389300023 -0.8681663756892958
vn 0.15757775099932286 -0.4705915389300023 -0.8681663756892958
vn -0.048147817117044286 -0.42375994526081023 -0.9044939449766477
vn -0.048147817117044286 -0.42375994526081023 -0.9044939449766477
vn 0.15757775099932286 -0.4705915389300023 -0.8681663756892958
vn -0.06698311102467637 -0.6248046143137017 -0.7779026010817565
vn 0.15757775099932286 -0.4705915389300023 -0.8681663756892958
vn 0.15757775099932286 -0.4705915389300023 -0.8681663756892958
vn -0.06698311102467637 -0.6248046143137017 -0.7779026010817565
vn -0.06698311102467637 -0.6248046143137017 -0.7779026010817565
vn 0.15757775099932286 -0.4705915389300023 -0.8681663756892958
vn -0.06698311102467637 -0.6248046143137017 -0.7779026010817565
vn 0.15757775099932286 -0.4705915389300023 -0.8681663756892958
vn 0.21985108073236592 -0.6526578191320962 -0.7250539796639606
vn -0.06698311102467637 -0.6248046143137017 -0.7779026010817565
vn -0.06698311102467637 -0.6248046143137017 -0.7779026010817565
vn 0.21985108073236592 -0.6526578191320962 -0.7250539796639606
vn -0.08141764753971581 -0.7824329498915481 -0.6173895412080681
vn 0.21985108073236592 -0.6526578191320962 -0.7250539796639606
vn 0.2558128514628503 -0.7575626310749264 -0.6005486200344488
vn -0.08141764753971581 -0.7824329498915481 -0.6173895412080681
vn -0.08141764753971581 -0.7824329498915481 -0.6173895412080681
vn 0.2558128514628503 -0.7575626310749264 -0.6005486200344488
vn -0.08141764753971581 -0.7824329498915481 -0.6173895412080681
vn 0.2558128514628503 -0.7575626310749264 -0.6005486200344488
vn 0.2558128514628503 -0.7575626310749264 -0.6005486200344488
vn -0.08141764753971581 -0.7824329498915481 -0.6173895412080681
vn -0.08141764753971581 -0.7824329498915481 -0.6173895412080681
vn 0.2558128514628503 -0.7575626310749264 -0.6005486200344488
vn -0.08935336051096827 -0.8712049749511335 -0.48271924405993166
vn 0.2558128514628503 -0.7575626310749264 -0.6005486200344488
vn 0.2834058474468275 -0.8378616779851163 -0.46655003396946676
vn -0.08935336051096827 -0.8712049749511335 -0.48271924405993166
vn -0.08935336051096827 -0.8712049749511335 -0.48271924405993166
vn 0.2834058474468275 -0.8378616779851163 -0.46655003396946676
vn -0.09488312894900301 -0.9349730009710404 -0.3417933283375406
vn 0.2834058474468275 -0.8378616779851163 -0.46655003396946676
vn 0.2972882106410309 -0.8781541628491382 -0.37478658738618603
vn -0.09488312894900301 -0.9349730009710404 -0.3417933283375406
vn -0.09488312894900301 -0.9349730009710404 -0.3417933283375406
vn 0.2972882106410309 -0.8781541628491382 -0.37478658738618603
vn -0.09488312894900301 -0.9349730009710404 -0.3417933283375406
vn 0.2972882106410309 -0.8781541628491382 -0.37478658738618603
vn 0.3078614161827025 -0.9087334235418595 -0.28182425971493696
vn -0.09488312894900301 -0.9349730009710404 -0.3417933283375406
vn -0.09488312894900301 -0.9349730009710404 -0.3417933283375406
vn 0.3078614161827025 -0.9087334235418595 -0.28182425971493696
vn -0.09906331164113129 -0.9893426013833297 -0.10671306093800323
vn 0.3078614161827025 -0.9087334235418595 -0.28182425971493696
vn 0.3195236280276483 -0.9420539604110767 -0.10217136000785366
vn -0.09906331164113129 -0.9893426013833297 -0.10671306093800323
vn -0.09906331164113129 -0.9893426013833297 -0.10671306093800323
vn 0.3195236280276483 -0.9420539604110767 -0.10217136000785366
vn -0.09906331164113129 -0.9893426013833297 -0.10671306093800323
vn 0.3195236280276483 -0.9420539604110767 -0.10217136000785366
vn 0.3195236280276483 -0.9420539604110767 -0.10217136000785366
vn -0.09906331164113129 -0.9893426013833297 -0.10671306093800323
vn -0.09906331164113129 -0.9893426013833297 -0.10671306093800323
vn 0.3195236280276483 -0.9420539604110767 -0.10217136000785366
vn -0.09906331164113129 -0.9893426013833297 -0.10671306093800323
vn 0.3195236280276483 -0.9420539604110767 -0.10217136000785366
vn 0.3195236280276483 -0.9420539604110767 -0.10217136000785366
vn -0.09906331164113129 -0.9893426013833297 -0.10671306093800323
vn -0.09906331164113129 -0.9893426013833297 -0.10671306093800323
vn 0.3195236280276483 -0.9420539604110767 -0.10217136000785366
vn -0.09904243813488345 -0.9947795288370214 0.024582197930451057
vn 0.3195236280276483 -0.9420539604110767 -0.10217136000785366
vn 0.3212999473721687 -0.9466851560616639 0.023527836941475536
vn -0.09904243813488345 -0.9947795288370214 0.024582197930451057
vn -0.09904243813488345 -0.9947795288370214 0.024582197930451057
vn 0.3212999473721687 -0.9466851560616639 0.023527836941475536
vn -0.09622625146069484 -0.9757110359404257 0.19679553570618546
vn 0.3212999473721687 -0.9466851560616639 0.023527836941475536
vn 0.3159185578829331 -0.9298446570996908 0.18863822106966133
vn -0.09622625146069484 -0.9757110359404257 0.19679553570618546
vn -0.09622625146069484 -0.9757110359404257 0.19679553570618546
vn 0.3159185578829331 -0.9298446570996908 0.18863822106966133
vn -0.09622625146069484 -0.9757110359404257 0.19679553570618546
vn 0.3159185578829331 -0.9298446570996908 0.18863822106966133
vn 0.3159185578829331 -0.9298446570996908 0.18863822106966133
vn -0.09622625146069484 -0.9757110359404257 0.19679553570618546
vn -0.09622625146069484 -0.9757110359404257 0.19679553570618546
vn 0.3159185578829331 -0.9298446570996908 0.18863822106966133
vn -0.09622625146069484 -0.9757110359404257 0.19679553570618546
vn 0.3159185578829331 -0.9298446570996908 0.18863822106966133
vn 0.3159185578829331 -0.9298446570996908 0.18863822106966133
vn -0.09622625146069484 -0.9757110359404257 0.19679553570618546
vn -0.09622625146069484 -0.9757110359404257 0.19679553570618546
vn 0.3159185578829331 -0.9298446570996908 0.18863822106966133
vn -0.0869202390884453 -0.8954436188861291 0.4366069140919785
vn 0.3159185578829331 -0.9298446570996908 0.18863822106966133
vn 0.29222044706272754 -0.8585940108451198 0.42121673145703753
vn -0.0869202390884453 -0.8954436188861291 0.4366069140919785
vn -0.0869202390884453 -0.8954436188861291 0.4366069140919785
vn 0.29222044706272754 -0.8585940108451198 0.42121673145703753
vn -0.0869202390884453 -0.8954436188861291 0.4366069140919785
vn 0.29222044706272754 -0.8585940108451198 0.42121673145703753
vn 0.29222044706272754 -0.8585940108451198 0.42121673145703753
vn -0.0869202390884453 -0.8954436188861291 0.4366069140919785
vn -0.0869202390884453 -0.8954436188861291 0.4366069140919785
vn 0.29222044706272754 -0.8585940108451198 0.42121673145703753
vn -0.07066185745650783 -0.7474226923285182 0.660580215335871
vn 0.29222044706272754 -0.8585940108451198 0.42121673145703753
vn 0.24708785129980454 -0.7239279750908291 0.6441085938108091
vn -0.07066185745650783 -0.7474226923285182 0.660580215335871
vn -0.07066185745650783 -0.7474226923285182 0.660580215335871
vn 0.24708785129980454 -0.7239279750908291 0.6441085938108091
vn -0.07066185745650783 -0.7474226923285182 0.660580215335871
vn 0.24708785129980454 -0.7239279750908291 0.6441085938108091
vn 0.24708785129980454 -0.7239279750908291 0.6441085938108091
vn -0.07066185745650783 -0.7474226923285182 0.660580215335871
vn -0.07066185745650783 -0.7474226923285182 0.660580215335871
vn 0.24708785129980454 -0.7239279750908291 0.6441085938108091
vn -0.07066185745650783 -0.7474226923285182 0.660580215335871
vn 0.24708785129980454 -0.7239279750908291 0.6441085938108091
vn 0.24708785129980454 -0.7239279750908291 0.6441085938108091
vn -0.07066185745650783 -0.7474226923285182 0.660580215335871
vn -0.07066185745650783 -0.7474226923285182 0.660580215335871
vn 0.24708785129980454 -0.7239279750908291 0.6441085938108091
vn -0.05272024987516354 -0.5798733959798241 0.8129990282207761
vn 0.24708785129980454 -0.7239279750908291 0.6441085938108091
vn 0.1613937299831991 -0.46929639040129567 0.8681664367380397
vn -0.05272024987516354 -0.5798733959798241 0.8129990282207761
vn -0.05272024987516354 -0.5798733959798241 0.8129990282207761
vn 0.1613937299831991 -0.46929639040129567 0.8681664367380397
vn -0.03640048228785121 -0.4249295023032516 0.9044942912818869
vn 0.1613937299831991 -0.46929639040129567 0.8681664367380397
vn 0.1613937299831991 -0.46929639040129567 0.8681664367380397
vn -0.03640048228785121 -0.4249295023032516 0.9044942912818869
vn -0.03640048228785121 -0.4249295023032516 0.9044942912818869
vn 0.1613937299831991 -0.46929639040129567 0.8681664367380397
vn -0.03640048228785121 -0.4249295023032516 0.9044942912818869
vn 0.1613937299831991 -0.46929639040129567 0.8681664367380397
vn 0.1613937299831991 -0.46929639040129567 0.8681664367380397
vn -0.03640048228785121 -0.4249295023032516 0.9044942912818869
vn -0.03640048228785121 -0.4249295023032516 0.9044942912818869
vn 0.1613937299831991 -0.46929639040129567 0.8681664367380397
vn -0.008991259336191276 -0.1543942572820476 0.9879684056557041
vn 0.1613937299831991 -0.46929639040129567 0.8681664367380397
vn 0.029819795765438164 -0.08392208042432399 0.9960260359035604
vn -0.008991259336191276 -0.1543942572820476 0.9879684056557041
vn -0.008991259336191276 -0.1543942572820476 0.9879684056557041
vn 0.029819795765438164 -0.08392208042432399 0.9960260359035604
vn -0.008991259336191276 -0.1543942572820476 0.9879684056557041
vn 0.029819795765438164 -0.08392208042432399 0.9960260359035604
vn 0.029819795765438164 -0.08392208042432399 0.9960260359035604
vn -0.008991259336191276 -0.1543942572820476 0.9879684056557041
vn -0.008991259336191276 -0.1543942572820476 0.9879684056557041
vn 0.029819795765438164 -0.08392208042432399 0.9960260359035604
vn -0.008991259336191276 -0.1543942572820476 0.9879684056557041
vn 0.029819795765438164 -0.08392208042432399 0.9960260359035604
vn 0.029819795765438164 -0.08392208042432399 0.9960260359035604
vn -0.008991259336191276 -0.1543942572820476 0.9879684056557041
vn 0.004294570031325847 0.03947719523743348 -0.9992112427932502
vn 0.0722732117951086 0.1218779420571709 -0.9899102737605707
vn 0.04049711613401243 0.25532587977782567 -0.9660065624520922
vn 0.0722732117951086 0.1218779420571709 -0.9899102737605707
vn 0.0722732117951086 0.1218779420571709 -0.9899102737605707
vn 0.04049711613401243 0.25532587977782567 -0.9660065624520922
vn 0.04049711613401243 0.25532587977782567 -0.9660065624520922
vn 0.0722732117951086 0.1218779420571709 -0.9899102737605707
vn 0.04049711613401243 0.25532587977782567 -0.9660065624520922
vn 0.0722732117951086 0.1218779420571709 -0.9899102737605707
vn 0.0722732117951086 0.1218779420571709 -0.9899102737605707
vn 0.04049711613401243 0.25532587977782567 -0.9660065624520922
vn 0.04049711613401243 0.25532587977782567 -0.9660065624520922
vn 0.0722732117951086 0.1218779420571709 -0.9899102737605707
vn 0.04049711613401243 0.25532587977782567 -0.9660065624520922
vn 0.0722732117951086 0.1218779420571709 -0.9899102737605707
vn 0.22930366139322964 0.37240008069405967 -0.8992986215772361
vn 0.04049711613401243 0.25532587977782567 -0.9660065624520922
vn 0.04049711613401243 0.25532587977782567 -0.9660065624520922
vn 0.22930366139322964 0.37240008069405967 -0.8992986215772361
vn 0.09904059960596182 0.5849329347080242 -0.8050120629677235
vn 0.22930366139322964 0.37240008069405967 -0.8992986215772361
vn 0.22930366139322964 0.37240008069405967 -0.8992986215772361
vn 0.09904059960596182 0.5849329347080242 -0.8050120629677235
vn 0.09904059960596182 0.5849329347080242 -0.8050120629677235
vn 0.22930366139322964 0.37240008069405967 -0.8992986215772361
vn 0.09904059960596182 0.5849329347080242 -0.8050120629677235
vn 0.22930366139322964 0.37240008069405967 -0.8992986215772361
vn 0.31313737586326523 0.5049430624665877 -0.8043491079775821
vn 0.09904059960596182 0.5849329347080242 -0.8050120629677235
vn 0.09904059960596182 0.5849329347080242 -0.8050120629677235
vn 0.31313737586326523 0.5049430624665877 -0.8043491079775821
vn 0.09904059960596182 0.5849329347080242 -0.8050120629677235
vn 0.31313737586326523 0.5049430624665877 -0.8043491079775821
vn 0.36121157164670536 0.580800598574591 -0.7295182418582236
vn 0.09904059960596182 0.5849329347080242 -0.8050120629677235
vn 0.09904059960596182 0.5849329347080242 -0.8050120629677235
vn 0.36121157164670536 0.580800598574591 -0.7295182418582236
vn 0.14041161299992344 0.8150669198640903 -0.5620947385254772
vn 0.36121157164670536 0.580800598574591 -0.7295182418582236
vn 0.4378120276037758 0.7014221505590984 -0.5624300802682233
vn 0.14041161299992344 0.8150669198640903 -0.5620947385254772
vn 0.14041161299992344 0.8150669198640903 -0.5620947385254772
vn 0.4378120276037758 0.7014221505590984 -0.5624300802682233
vn 0.14041161299992344 0.8150669198640903 -0.5620947385254772
vn 0.4378120276037758 0.7014221505590984 -0.5624300802682233
vn 0.4378120276037758 0.7014221505590984 -0.5624300802682233
vn 0.14041161299992344 0.8150669198640903 -0.5620947385254772
vn 0.14041161299992344 0.8150669198640903 -0.5620947385254772
vn 0.4378120276037758 0.7014221505590984 -0.5624300802682233
vn 0.14041161299992344 0.8150669198640903 -0.5620947385254772
vn 0.4378120276037758 0.7014221505590984 -0.5624300802682233
vn 0.4378120276037758 0.7014221505590984 -0.5624300802682233
vn 0.14041161299992344 0.8150669198640903 -0.5620947385254772
vn 0.14041161299992344 0.8150669198640903 -0.5620947385254772
vn 0.4378120276037758 0.7014221505590984 -0.5624300802682233
vn 0.16124233748358713 0.9292917931133108 -0.3322915464694766
vn 0.4378120276037758 0.7014221505590984 -0.5624300802682233
vn 0.5003477939623852 0.7994140400323714 -0.33254966196960206
vn 0.16124233748358713 0.9292917931133108 -0.3322915464694766
vn 0.16124233748358713 0.9292917931133108 -0.3322915464694766
vn 0.5003477939623852 0.7994140400323714 -0.33254966196960206
vn 0.16124233748358713 0.9292917931133108 -0.3322915464694766
vn 0.5003477939623852 0.7994140400323714 -0.33254966196960206
vn 0.5003477939623852 0.7994140400323714 -0.33254966196960206
vn 0.16124233748358713 0.9292917931133108 -0.3322915464694766
vn 0.16124233748358713 0.9292917931133108 -0.3322915464694766
vn 0.5003477939623852 0.7994140400323714 -0.33254966196960206
vn 0.1708220998511167 0.9798606095450031 -0.10340694398612862
vn 0.5003477939623852 0.7994140400323714 -0.33254966196960206
vn 0.5256501284201385 0.8385716434174593 -0.14314168277630937
vn 0.1708220998511167 0.9798606095450031 -0.10340694398612862
vn 0.1708220998511167 0.9798606095450031 -0.10340694398612862
vn 0.5256501284201385 0.8385716434174593 -0.14314168277630937
vn 0.1708220998511167 0.9798606095450031 -0.10340694398612862
vn 0.5256501284201385 0.8385716434174593 -0.14314168277630937
vn 0.5256501284201385 0.8385716434174593 -0.14314168277630937
vn 0.1708220998511167 0.9798606095450031 -0.10340694398612862
vn 0.1708220998511167 0.9798606095450031 -0.10340694398612862
vn 0.5256501284201385 0.8385716434174593 -0.14314168277630937
vn 0.1708220998511167 0.9798606095450031 -0.10340694398612862
vn 0.5256501284201385 0.8385716434174593 -0.14314168277630937
vn 0.5313142750311 0.8468394021714424 -0.02383627651481473
vn 0.1708220998511167 0.9798606095450031 -0.10340694398612862
vn 0.1708220998511167 0.9798606095450031 -0.10340694398612862
vn 0.5313142750311 0.8468394021714424 -0.02383627651481473
vn 0.17202444328159588 0.9848047468324269 0.02381599315537298
vn 0.5313142750311 0.8468394021714424 -0.02383627651481473
vn 0.5313755890563717 0.8468009266459573 0.023836400452717257
vn 0.17202444328159588 0.9848047468324269 0.02381599315537298
vn 0.17202444328159588 0.9848047468324269 0.02381599315537298
vn 0.5313755890563717 0.8468009266459573 0.023836400452717257
vn 0.17069299145193378 0.9748894358728074 0.14301919623879006
vn 0.5313755890563717 0.8468009266459573 0.023836400452717257
vn 0.5263951925640041 0.8381041739232797 0.14314152052385704
vn 0.17069299145193378 0.9748894358728074 0.14301919623879006
vn 0.17069299145193378 0.9748894358728074 0.14301919623879006
vn 0.5263951925640041 0.8381041739232797 0.14314152052385704
vn 0.17069299145193378 0.9748894358728074 0.14301919623879006
vn 0.5263951925640041 0.8381041739232797 0.14314152052385704
vn 0.5263951925640041 0.8381041739232797 0.14314152052385704
vn 0.17069299145193378 0.9748894358728074 0.14301919623879006
vn 0.17069299145193378 0.9748894358728074 0.14301919623879006
vn 0.5263951925640041 0.8381041739232797 0.14314152052385704
vn 0.16576638893213982 0.9440878076595765 0.28499072919821994
vn 0.5263951925640041 0.8381041739232797 0.14314152052385704
vn 0.5101775499750337 0.8113989786677873 0.2852202042603986
vn 0.16576638893213982 0.9440878076595765 0.28499072919821994
vn 0.16576638893213982 0.9440878076595765 0.28499072919821994
vn 0.5101775499750337 0.8113989786677873 0.2852202042603986
vn 0.1570356298534295 0.8912558920759095 0.4254441747121606
vn 0.5101775499750337 0.8113989786677873 0.2852202042603986
vn 0.4821018949146905 0.765712988288643 0.42574802698983977
vn 0.1570356298534295 0.8912558920759095 0.4254441747121606
vn 0.1570356298534295 0.8912558920759095 0.4254441747121606
vn 0.4821018949146905 0.765712988288643 0.42574802698983977
vn 0.1570356298534295 0.8912558920759095 0.4254441747121606
vn 0.4821018949146905 0.765712988288643 0.42574802698983977
vn 0.4821018949146905 0.765712988288643 0.42574802698983977
vn 0.1570356298534295 0.8912558920759095 0.4254441747121606
vn 0.1570356298534295 0.8912558920759095 0.4254441747121606
vn 0.4821018949146905 0.765712988288643 0.42574802698983977
vn 0.13900546677348027 0.7838338584065845 0.6052123285447295
vn 0.4821018949146905 0.765712988288643 0.42574802698983977
vn 0.4063294564433569 0.6431809122365977 0.649010544568379
vn 0.13900546677348027 0.7838338584065845 0.6052123285447295
vn 0.13900546677348027 0.7838338584065845 0.6052123285447295
vn 0.4063294564433569 0.6431809122365977 0.649010544568379
vn 0.13900546677348027 0.7838338584065845 0.6052123285447295
vn 0.4063294564433569 0.6431809122365977 0.649010544568379
vn 0.4063294564433569 0.6431809122365977 0.649010544568379
vn 0.13900546677348027 0.7838338584065845 0.6052123285447295
vn 0.13900546677348027 0.7838338584065845 0.6052123285447295
vn 0.4063294564433569 0.6431809122365977 0.649010544568379
vn 0.12034453035011948 0.6736133461450104 0.7292203054702546
vn 0.4063294564433569 0.6431809122365977 0.649010544568379
vn 0.4063294564433569 0.6431809122365977 0.649010544568379
vn 0.12034453035011948 0.6736133461450104 0.7292203054702546
vn 0.12034453035011948 0.6736133461450104 0.7292203054702546
vn 0.4063294564433569 0.6431809122365977 0.649010544568379
vn 0.09690945842191627 0.5359946029728263 0.8386407708025964
vn 0.4063294564433569 0.6431809122365977 0.649010544568379
vn 0.3184378701745334 0.5016173059056738 0.8043490543629928
vn 0.09690945842191627 0.5359946029728263 0.8386407708025964
vn 0.09690945842191627 0.5359946029728263 0.8386407708025964
vn 0.3184378701745334 0.5016173059056738 0.8043490543629928
vn 0.09690945842191627 0.5359946029728263 0.8386407708025964
vn 0.3184378701745334 0.5016173059056738 0.8043490543629928
vn 0.2355629782796034 0.3684717983161337 0.8992989586948923
vn 0.09690945842191627 0.5359946029728263 0.8386407708025964
vn 0.09690945842191627 0.5359946029728263 0.8386407708025964
vn 0.2355629782796034 0.3684717983161337 0.8992989586948923
vn 0.04844195733773848 0.25393834529460724 0.9660065701424217
vn 0.2355629782796034 0.3684717983161337 0.8992989586948923
vn 0.2355629782796034 0.3684717983161337 0.8992989586948923
vn 0.04844195733773848 0.25393834529460724 0.9660065701424217
vn 0.04844195733773848 0.25393834529460724 0.9660065701424217
vn 0.2355629782796034 0.3684717983161337 0.8992989586948923
vn 0.04844195733773848 0.25393834529460724 0.9660065701424217
vn 0.2355629782796034 0.3684717983161337 0.8992989586948923
vn 0.0783005128652813 0.11809585173806961 0.9899102987075616
vn 0.04844195733773848 0.25393834529460724 0.9660065701424217
vn 0.04844195733773848 0.25393834529460724 0.9660065701424217
vn 0.0783005128652813 0.11809585173806961 0.9899102987075616
vn 0.04844195733773848 0.25393834529460724 0.9660065701424217
vn 0.0783005128652813 0.11809585173806961 0.9899102987075616
vn 0.0783005128652813 0.11809585173806961 0.9899102987075616
vn 0.04844195733773848 0.25393834529460724 0.9660065701424217
vn 0.04844195733773848 0.25393834529460724 0.9660065701424217
vn 0.0783005128652813 0.11809585173806961 0.9899102987075616
vn 0.009340038318912045 0.03859485228930995 0.9992112894983561
vn 0.0783005128652813 0.11809585173806961 0.9899102987075616
vn 0.0783005128652813 0.11809585173806961 0.9899102987075616
vn 0.009340038318912045 0.03859485228930995 0.9992112894983561
vn 0.0722732117951086 0.1218779420571709 -0.9899102737605707
vn 0.03081105737539837 0.02492832091178796 -0.9992143201335382
vn 0.0722732117951086 0.1218779420571709 -0.9899102737605707
vn 0.03081105737539837 0.02492832091178796 -0.9992143201335382
vn 0.208702653616942 0.15166111288309175 -0.96614807830493
vn 0.0722732117951086 0.1218779420571709 -0.9899102737605707
vn 0.0722732117951086 0.1218779420571709 -0.9899102737605707
vn 0.208702653616942 0.15166111288309175 -0.96614807830493
vn 0.0722732117951086 0.1218779420571709 -0.9899102737605707
vn 0.208702653616942 0.15166111288309175 -0.96614807830493
vn 0.208702653616942 0.15166111288309175 -0.96614807830493
vn 0.0722732117951086 0.1218779420571709 -0.9899102737605707
vn 0.0722732117951086 0.1218779420571709 -0.9899102737605707
vn 0.208702653616942 0.15166111288309175 -0.96614807830493
vn 0.22930366139322964 0.37240008069405967 -0.8992986215772361
vn 0.208702653616942 0.15166111288309175 -0.96614807830493
vn 0.208702653616942 0.15166111288309175 -0.96614807830493
vn 0.22930366139322964 0.37240008069405967 -0.8992986215772361
vn 0.22930366139322964 0.37240008069405967 -0.8992986215772361
vn 0.208702653616942 0.15166111288309175 -0.96614807830493
vn 0.22930366139322964 0.37240008069405967 -0.8992986215772361
vn 0.208702653616942 0.15166111288309175 -0.96614807830493
vn 0.40076216458604286 0.28566586545939604 -0.8705083002175473
vn 0.22930366139322964 0.37240008069405967 -0.8992986215772361
vn 0.22930366139322964 0.37240008069405967 -0.8992986215772361
vn 0.40076216458604286 0.28566586545939604 -0.8705083002175473
vn 0.31313737586326523 0.5049430624665877 -0.8043491079775821
vn 0.40076216458604286 0.28566586545939604 -0.8705083002175473
vn 0.5218085249308743 0.3698720178799435 -0.7687070662475297
vn 0.31313737586326523 0.5049430624665877 -0.8043491079775821
vn 0.31313737586326523 0.5049430624665877 -0.8043491079775821
vn 0.5218085249308743 0.3698720178799435 -0.7687070662475297
vn 0.36121157164670536 0.580800598574591 -0.7295182418582236
vn 0.5218085249308743 0.3698720178799435 -0.7687070662475297
vn 0.5218085249308743 0.3698720178799435 -0.7687070662475297
vn 0.36121157164670536 0.580800598574591 -0.7295182418582236
vn 0.36121157164670536 0.580800598574591 -0.7295182418582236
vn 0.5218085249308743 0.3698720178799435 -0.7687070662475297
vn 0.4378120276037758 0.7014221505590984 -0.5624300802682233
vn 0.5218085249308743 0.3698720178799435 -0.7687070662475297
vn 0.6217939849648879 0.43926608534074923 -0.6483961339573967
vn 0.4378120276037758 0.7014221505590984 -0.5624300802682233
vn 0.4378120276037758 0.7014221505590984 -0.5624300802682233
vn 0.6217939849648879 0.43926608534074923 -0.6483961339573967
vn 0.4378120276037758 0.7014221505590984 -0.5624300802682233
vn 0.6217939849648879 0.43926608534074923 -0.6483961339573967
vn 0.6993489198815372 0.4929698658708296 -0.5175826500220263
vn 0.4378120276037758 0.7014221505590984 -0.5624300802682233
vn 0.4378120276037758 0.7014221505590984 -0.5624300802682233
vn 0.6993489198815372 0.4929698658708296 -0.5175826500220263
vn 0.4378120276037758 0.7014221505590984 -0.5624300802682233
vn 0.6993489198815372 0.4929698658708296 -0.5175826500220263
vn 0.6993489198815372 0.4929698658708296 -0.5175826500220263
vn 0.4378120276037758 0.7014221505590984 -0.5624300802682233
vn 0.4378120276037758 0.7014221505590984 -0.5624300802682233
vn 0.6993489198815372 0.4929698658708296 -0.5175826500220263
vn 0.5003477939623852 0.7994140400323714 -0.33254966196960206
vn 0.6993489198815372 0.4929698658708296 -0.5175826500220263
vn 0.7712329572282541 0.5425370297731801 -0.3329463875909413
vn 0.5003477939623852 0.7994140400323714 -0.33254966196960206
vn 0.5003477939623852 0.7994140400323714 -0.33254966196960206
vn 0.7712329572282541 0.5425370297731801 -0.3329463875909413
vn 0.5003477939623852 0.7994140400323714 -0.33254966196960206
vn 0.7712329572282541 0.5425370297731801 -0.3329463875909413
vn 0.7712329572282541 0.5425370297731801 -0.3329463875909413
vn 0.5003477939623852 0.7994140400323714 -0.33254966196960206
vn 0.5003477939623852 0.7994140400323714 -0.33254966196960206
vn 0.7712329572282541 0.5425370297731801 -0.3329463875909413
vn 0.5256501284201385 0.8385716434174593 -0.14314168277630937
vn 0.7712329572282541 0.5425370297731801 -0.3329463875909413
vn 0.8139770599207564 0.5715780238647448 -0.10363353008382253
vn 0.5256501284201385 0.8385716434174593 -0.14314168277630937
vn 0.5256501284201385 0.8385716434174593 -0.14314168277630937
vn 0.8139770599207564 0.5715780238647448 -0.10363353008382253
vn 0.5256501284201385 0.8385716434174593 -0.14314168277630937
vn 0.8139770599207564 0.5715780238647448 -0.10363353008382253
vn 0.8139770599207564 0.5715780238647448 -0.10363353008382253
vn 0.5256501284201385 0.8385716434174593 -0.14314168277630937
vn 0.5256501284201385 0.8385716434174593 -0.14314168277630937
vn 0.8139770599207564 0.5715780238647448 -0.10363353008382253
vn 0.5313142750311 0.8468394021714424 -0.02383627651481473
vn 0.8139770599207564 0.5715780238647448 -0.10363353008382253
vn 0.8139770599207564 0.5715780238647448 -0.10363353008382253
vn 0.5313142750311 0.8468394021714424 -0.02383627651481473
vn 0.5313142750311 0.8468394021714424 -0.02383627651481473
vn 0.8139770599207564 0.5715780238647448 -0.10363353008382253
vn 0.5313755890563717 0.8468009266459573 0.023836400452717257
vn 0.8139770599207564 0.5715780238647448 -0.10363353008382253
vn 0.8183545470406676 0.5742178559421828 0.023868164048091584
vn 0.5313755890563717 0.8468009266459573 0.023836400452717257
vn 0.5313755890563717 0.8468009266459573 0.023836400452717257
vn 0.8183545470406676 0.5742178559421828 0.023868164048091584
vn 0.5263951925640041 0.8381041739232797 0.14314152052385704
vn 0.8183545470406676 0.5742178559421828 0.023868164048091584
vn 0.8038064091520561 0.5633044137817439 0.19126785934935056
vn 0.5263951925640041 0.8381041739232797 0.14314152052385704
vn 0.5263951925640041 0.8381041739232797 0.14314152052385704
vn 0.8038064091520561 0.5633044137817439 0.19126785934935056
vn 0.5263951925640041 0.8381041739232797 0.14314152052385704
vn 0.8038064091520561 0.5633044137817439 0.19126785934935056
vn 0.8038064091520561 0.5633044137817439 0.19126785934935056
vn 0.5263951925640041 0.8381041739232797 0.14314152052385704
vn 0.5263951925640041 0.8381041739232797 0.14314152052385704
vn 0.8038064091520561 0.5633044137817439 0.19126785934935056
vn 0.5101775499750337 0.8113989786677873 0.2852202042603986
vn 0.8038064091520561 0.5633044137817439 0.19126785934935056
vn 0.8038064091520561 0.5633044137817439 0.19126785934935056
vn 0.5101775499750337 0.8113989786677873 0.2852202042603986
vn 0.5101775499750337 0.8113989786677873 0.2852202042603986
vn 0.8038064091520561 0.5633044137817439 0.19126785934935056
vn 0.4821018949146905 0.765712988288643 0.42574802698983977
vn 0.8038064091520561 0.5633044137817439 0.19126785934935056
vn 0.74132173630514 0.5184428052251622 0.4262149000114813
vn 0.4821018949146905 0.765712988288643 0.42574802698983977
vn 0.4821018949146905 0.765712988288643 0.42574802698983977
vn 0.74132173630514 0.5184428052251622 0.4262149000114813
vn 0.4821018949146905 0.765712988288643 0.42574802698983977
vn 0.74132173630514 0.5184428052251622 0.4262149000114813
vn 0.74132173630514 0.5184428052251622 0.4262149000114813
vn 0.4821018949146905 0.765712988288643 0.42574802698983977
vn 0.4821018949146905 0.765712988288643 0.42574802698983977
vn 0.74132173630514 0.5184428052251622 0.4262149000114813
vn 0.4063294564433569 0.6431809122365977 0.649010544568379
vn 0.74132173630514 0.5184428052251622 0.4262149000114813
vn 0.6783019892955364 0.4735397393329026 0.5618420833207892
vn 0.4063294564433569 0.6431809122365977 0.649010544568379
vn 0.4063294564433569 0.6431809122365977 0.649010544568379
vn 0.6783019892955364 0.4735397393329026 0.5618420833207892
vn 0.4063294564433569 0.6431809122365977 0.649010544568379
vn 0.6783019892955364 0.4735397393329026 0.5618420833207892
vn 0.5937283417078508 0.4134427753235939 0.6903272613663535
vn 0.4063294564433569 0.6431809122365977 0.649010544568379
vn 0.4063294564433569 0.6431809122365977 0.649010544568379
vn 0.5937283417078508 0.4134427753235939 0.6903272613663535
vn 0.4063294564433569 0.6431809122365977 0.649010544568379
vn 0.5937283417078508 0.4134427753235939 0.6903272613663535
vn 0.5937283417078508 0.4134427753235939 0.6903272613663535
vn 0.4063294564433569 0.6431809122365977 0.649010544568379
vn 0.4063294564433569 0.6431809122365977 0.649010544568379
vn 0.5937283417078508 0.4134427753235939 0.6903272613663535
vn 0.3184378701745334 0.5016173059056738 0.8043490543629928
vn 0.5937283417078508 0.4134427753235939 0.6903272613663535
vn 0.48778637538562464 0.33834248292117985 0.8047290328047606
vn 0.3184378701745334 0.5016173059056738 0.8043490543629928
vn 0.3184378701745334 0.5016173059056738 0.8043490543629928
vn 0.48778637538562464 0.33834248292117985 0.8047290328047606
vn 0.2355629782796034 0.3684717983161337 0.8992989586948923
vn 0.48778637538562464 0.33834248292117985 0.8047290328047606
vn 0.404936321863746 0.27971646758507956 0.8705086289044962
vn 0.2355629782796034 0.3684717983161337 0.8992989586948923
vn 0.2355629782796034 0.3684717983161337 0.8992989586948923
vn 0.404936321863746 0.27971646758507956 0.8705086289044962
vn 0.2355629782796034 0.3684717983161337 0.8992989586948923
vn 0.404936321863746 0.27971646758507956 0.8705086289044962
vn 0.2136004708753881 0.14468149790680818 0.9661480750926613
vn 0.2355629782796034 0.3684717983161337 0.8992989586948923
vn 0.2355629782796034 0.3684717983161337 0.8992989586948923
vn 0.2136004708753881 0.14468149790680818 0.9661480750926613
vn 0.0783005128652813 0.11809585173806961 0.9899102987075616
vn 0.2136004708753881 0.14468149790680818 0.9661480750926613
vn 0.2136004708753881 0.14468149790680818 0.9661480750926613
vn 0.0783005128652813 0.11809585173806961 0.9899102987075616
vn 0.0783005128652813 0.11809585173806961 0.9899102987075616
vn 0.2136004708753881 0.14468149790680818 0.9661480750926613
vn 0.0783005128652813 0.11809585173806961 0.9899102987075616
vn 0.2136004708753881 0.14468149790680818 0.9661480750926613
vn 0.2136004708753881 0.14468149790680818 0.9661480750926613
vn 0.0783005128652813 0.11809585173806961 0.9899102987075616
vn 0.0783005128652813 0.11809585173806961 0.9899102987075616
vn 0.2136004708753881 0.14468149790680818 0.9661480750926613
vn 0.0783005128652813 0.11809585173806961 0.9899102987075616
vn 0.2136004708753881 0.14468149790680818 0.9661480750926613
vn 0.03392023267072422 0.020495631081172187 0.9992143648497795
vn 0.0783005128652813 0.11809585173806961 0.9899102987075616
vn 0.03081105737539837 0.02492832091178796 -0.9992143201335382
vn 0.03813372575678731 0.01119914378358305 -0.9992098869298787
vn 0.208702653616942 0.15166111288309175 -0.96614807830493
vn 0.03813372575678731 0.01119914378358305 -0.9992098869298787
vn 0.1902031871680627 0.047234545727167364 -0.9806077938100732
vn 0.208702653616942 0.15166111288309175 -0.96614807830493
vn 0.208702653616942 0.15166111288309175 -0.96614807830493
vn 0.1902031871680627 0.047234545727167364 -0.9806077938100732
vn 0.208702653616942 0.15166111288309175 -0.96614807830493
vn 0.1902031871680627 0.047234545727167364 -0.9806077938100732
vn 0.1902031871680627 0.047234545727167364 -0.9806077938100732
vn 0.208702653616942 0.15166111288309175 -0.96614807830493
vn 0.208702653616942 0.15166111288309175 -0.96614807830493
vn 0.1902031871680627 0.047234545727167364 -0.9806077938100732
vn 0.208702653616942 0.15166111288309175 -0.96614807830493
vn 0.1902031871680627 0.047234545727167364 -0.9806077938100732
vn 0.47917852578366876 0.1120242718044756 -0.8705392024225371
vn 0.208702653616942 0.15166111288309175 -0.96614807830493
vn 0.208702653616942 0.15166111288309175 -0.96614807830493
vn 0.47917852578366876 0.1120242718044756 -0.8705392024225371
vn 0.40076216458604286 0.28566586545939604 -0.8705083002175473
vn 0.47917852578366876 0.1120242718044756 -0.8705392024225371
vn 0.47917852578366876 0.1120242718044756 -0.8705392024225371
vn 0.40076216458604286 0.28566586545939604 -0.8705083002175473
vn 0.40076216458604286 0.28566586545939604 -0.8705083002175473
vn 0.47917852578366876 0.1120242718044756 -0.8705392024225371
vn 0.5218085249308743 0.3698720178799435 -0.7687070662475297
vn 0.47917852578366876 0.1120242718044756 -0.8705392024225371
vn 0.47917852578366876 0.1120242718044756 -0.8705392024225371
vn 0.5218085249308743 0.3698720178799435 -0.7687070662475297
vn 0.5218085249308743 0.3698720178799435 -0.7687070662475297
vn 0.47917852578366876 0.1120242718044756 -0.8705392024225371
vn 0.5218085249308743 0.3698720178799435 -0.7687070662475297
vn 0.47917852578366876 0.1120242718044756 -0.8705392024225371
vn 0.6671232627132085 0.1538395445224155 -0.7288895299618586
vn 0.5218085249308743 0.3698720178799435 -0.7687070662475297
vn 0.5218085249308743 0.3698720178799435 -0.7687070662475297
vn 0.6671232627132085 0.1538395445224155 -0.7288895299618586
vn 0.6217939849648879 0.43926608534074923 -0.6483961339573967
vn 0.6671232627132085 0.1538395445224155 -0.7288895299618586
vn 0.806455071510438 0.18465743862085326 -0.5617222160437312
vn 0.6217939849648879 0.43926608534074923 -0.6483961339573967
vn 0.6217939849648879 0.43926608534074923 -0.6483961339573967
vn 0.806455071510438 0.18465743862085326 -0.5617222160437312
vn 0.6993489198815372 0.4929698658708296 -0.5175826500220263
vn 0.806455071510438 0.18465743862085326 -0.5617222160437312
vn 0.806455071510438 0.18465743862085326 -0.5617222160437312
vn 0.6993489198815372 0.4929698658708296 -0.5175826500220263
vn 0.6993489198815372 0.4929698658708296 -0.5175826500220263
vn 0.806455071510438 0.18465743862085326 -0.5617222160437312
vn 0.6993489198815372 0.4929698658708296 -0.5175826500220263
vn 0.806455071510438 0.18465743862085326 -0.5617222160437312
vn 0.806455071510438 0.18465743862085326 -0.5617222160437312
vn 0.6993489198815372 0.4929698658708296 -0.5175826500220263
vn 0.6993489198815372 0.4929698658708296 -0.5175826500220263
vn 0.806455071510438 0.18465743862085326 -0.5617222160437312
vn 0.7712329572282541 0.5425370297731801 -0.3329463875909413
vn 0.806455071510438 0.18465743862085326 -0.5617222160437312
vn 0.9197275203216301 0.20945953198638353 -0.3320060132333003
vn 0.7712329572282541 0.5425370297731801 -0.3329463875909413
vn 0.7712329572282541 0.5425370297731801 -0.3329463875909413
vn 0.9197275203216301 0.20945953198638353 -0.3320060132333003
vn 0.7712329572282541 0.5425370297731801 -0.3329463875909413
vn 0.9197275203216301 0.20945953198638353 -0.3320060132333003
vn 0.9197275203216301 0.20945953198638353 -0.3320060132333003
vn 0.7712329572282541 0.5425370297731801 -0.3329463875909413
vn 0.7712329572282541 0.5425370297731801 -0.3329463875909413
vn 0.9197275203216301 0.20945953198638353 -0.3320060132333003
vn 0.8139770599207564 0.5715780238647448 -0.10363353008382253
vn 0.9197275203216301 0.20945953198638353 -0.3320060132333003
vn 0.9699883103754114 0.22011396830771718 -0.10330788300455919
vn 0.8139770599207564 0.5715780238647448 -0.10363353008382253
vn 0.8139770599207564 0.5715780238647448 -0.10363353008382253
vn 0.9699883103754114 0.22011396830771718 -0.10330788300455919
vn 0.8139770599207564 0.5715780238647448 -0.10363353008382253
vn 0.9699883103754114 0.22011396830771718 -0.10330788300455919
vn 0.9699883103754114 0.22011396830771718 -0.10330788300455919
vn 0.8139770599207564 0.5715780238647448 -0.10363353008382253
vn 0.8139770599207564 0.5715780238647448 -0.10363353008382253
vn 0.9699883103754114 0.22011396830771718 -0.10330788300455919
vn 0.8139770599207564 0.5715780238647448 -0.10363353008382253
vn 0.9699883103754114 0.22011396830771718 -0.10330788300455919
vn 0.9699883103754114 0.22011396830771718 -0.10330788300455919
vn 0.8139770599207564 0.5715780238647448 -0.10363353008382253
vn 0.8139770599207564 0.5715780238647448 -0.10363353008382253
vn 0.9699883103754114 0.22011396830771718 -0.10330788300455919
vn 0.8183545470406676 0.5742178559421828 0.023868164048091584
vn 0.9699883103754114 0.22011396830771718 -0.10330788300455919
vn 0.9750022944252987 0.22091724105562172 0.02379282391342798
vn 0.8183545470406676 0.5742178559421828 0.023868164048091584
vn 0.8183545470406676 0.5742178559421828 0.023868164048091584
vn 0.9750022944252987 0.22091724105562172 0.02379282391342798
vn 0.8038064091520561 0.5633044137817439 0.19126785934935056
vn 0.9750022944252987 0.22091724105562172 0.02379282391342798
vn 0.9575008237204068 0.21640791187179145 0.19068242775366898
vn 0.8038064091520561 0.5633044137817439 0.19126785934935056
vn 0.8038064091520561 0.5633044137817439 0.19126785934935056
vn 0.9575008237204068 0.21640791187179145 0.19068242775366898
vn 0.8038064091520561 0.5633044137817439 0.19126785934935056
vn 0.9575008237204068 0.21640791187179145 0.19068242775366898
vn 0.9575008237204068 0.21640791187179145 0.19068242775366898
vn 0.8038064091520561 0.5633044137817439 0.19126785934935056
vn 0.8038064091520561 0.5633044137817439 0.19126785934935056
vn 0.9575008237204068 0.21640791187179145 0.19068242775366898
vn 0.8038064091520561 0.5633044137817439 0.19126785934935056
vn 0.9575008237204068 0.21640791187179145 0.19068242775366898
vn 0.9575008237204068 0.21640791187179145 0.19068242775366898
vn 0.8038064091520561 0.5633044137817439 0.19126785934935056
vn 0.8038064091520561 0.5633044137817439 0.19126785934935056
vn 0.9575008237204068 0.21640791187179145 0.19068242775366898
vn 0.74132173630514 0.5184428052251622 0.4262149000114813
vn 0.9575008237204068 0.21640791187179145 0.19068242775366898
vn 0.9030045727139302 0.20344595296066834 0.37840783010088175
vn 0.74132173630514 0.5184428052251622 0.4262149000114813
vn 0.74132173630514 0.5184428052251622 0.4262149000114813
vn 0.9030045727139302 0.20344595296066834 0.37840783010088175
vn 0.74132173630514 0.5184428052251622 0.4262149000114813
vn 0.9030045727139302 0.20344595296066834 0.37840783010088175
vn 0.8608324603445171 0.19355198911175725 0.4706432860756513
vn 0.74132173630514 0.5184428052251622 0.4262149000114813
vn 0.74132173630514 0.5184428052251622 0.4262149000114813
vn 0.8608324603445171 0.19355198911175725 0.4706432860756513
vn 0.6783019892955364 0.4735397393329026 0.5618420833207892
vn 0.8608324603445171 0.19355198911175725 0.4706432860756513
vn 0.7430292238398205 0.16610370286802612 0.6483186966404134
vn 0.6783019892955364 0.4735397393329026 0.5618420833207892
vn 0.6783019892955364 0.4735397393329026 0.5618420833207892
vn 0.7430292238398205 0.16610370286802612 0.6483186966404134
vn 0.5937283417078508 0.4134427753235939 0.6903272613663535
vn 0.7430292238398205 0.16610370286802612 0.6483186966404134
vn 0.7430292238398205 0.16610370286802612 0.6483186966404134
vn 0.5937283417078508 0.4134427753235939 0.6903272613663535
vn 0.5937283417078508 0.4134427753235939 0.6903272613663535
vn 0.7430292238398205 0.16610370286802612 0.6483186966404134
vn 0.5937283417078508 0.4134427753235939 0.6903272613663535
vn 0.7430292238398205 0.16610370286802612 0.6483186966404134
vn 0.7430292238398205 0.16610370286802612 0.6483186966404134
vn 0.5937283417078508 0.4134427753235939 0.6903272613663535
vn 0.5937283417078508 0.4134427753235939 0.6903272613663535
vn 0.7430292238398205 0.16610370286802612 0.6483186966404134
vn 0.48778637538562464 0.33834248292117985 0.8047290328047606
vn 0.7430292238398205 0.16610370286802612 0.6483186966404134
vn 0.4806585399243933 0.10549145383626736 0.8705394426246642
vn 0.48778637538562464 0.33834248292117985 0.8047290328047606
vn 0.48778637538562464 0.33834248292117985 0.8047290328047606
vn 0.4806585399243933 0.10549145383626736 0.8705394426246642
vn 0.404936321863746 0.27971646758507956 0.8705086289044962
vn 0.4806585399243933 0.10549145383626736 0.8705394426246642
vn 0.4806585399243933 0.10549145383626736 0.8705394426246642
vn 0.404936321863746 0.27971646758507956 0.8705086289044962
vn 0.404936321863746 0.27971646758507956 0.8705086289044962
vn 0.4806585399243933 0.10549145383626736 0.8705394426246642
vn 0.2136004708753881 0.14468149790680818 0.9661480750926613
vn 0.4806585399243933 0.10549145383626736 0.8705394426246642
vn 0.4806585399243933 0.10549145383626736 0.8705394426246642
vn 0.2136004708753881 0.14468149790680818 0.9661480750926613
vn 0.2136004708753881 0.14468149790680818 0.9661480750926613
vn 0.4806585399243933 0.10549145383626736 0.8705394426246642
vn 0.2136004708753881 0.14468149790680818 0.9661480750926613
vn 0.4806585399243933 0.10549145383626736 0.8705394426246642
vn 0.19198441301171162 0.039375755516970756 0.9806077375984835
vn 0.2136004708753881 0.14468149790680818 0.9661480750926613
vn 0.2136004708753881 0.14468149790680818 0.9661480750926613
vn 0.19198441301171162 0.039375755516970756 0.9806077375984835
vn 0.2136004708753881 0.14468149790680818 0.9661480750926613
vn 0.19198441301171162 0.039375755516970756 0.9806077375984835
vn 0.19198441301171162 0.039375755516970756 0.9806077375984835
vn 0.2136004708753881 0.14468149790680818 0.9661480750926613
vn 0.2136004708753881 0.14468149790680818 0.9661480750926613
vn 0.19198441301171162 0.039375755516970756 0.9806077375984835
vn 0.03392023267072422 0.020495631081172187 0.9992143648497795
vn 0.19198441301171162 0.039375755516970756 0.9806077375984835
vn 0.039235070036859374 0.006334038401118551 0.9992099325150526
vn 0.03392023267072422 0.020495631081172187 0.9992143648497795
vn 0.03813372575678731 0.01119914378358305 -0.9992098869298787
vn 0.03954525264642043 -0.003597506995643567 -0.9992113044479366
vn 0.1902031871680627 0.047234545727167364 -0.9806077938100732
vn 0.03954525264642043 -0.003597506995643567 -0.9992113044479366
vn 0.25598686573328644 -0.03600237467891474 -0.9660096032594745
vn 0.1902031871680627 0.047234545727167364 -0.9806077938100732
vn 0.1902031871680627 0.047234545727167364 -0.9806077938100732
vn 0.25598686573328644 -0.03600237467891474 -0.9660096032594745
vn 0.1902031871680627 0.047234545727167364 -0.9806077938100732
vn 0.25598686573328644 -0.03600237467891474 -0.9660096032594745
vn 0.25598686573328644 -0.03600237467891474 -0.9660096032594745
vn 0.1902031871680627 0.047234545727167364 -0.9806077938100732
vn 0.1902031871680627 0.047234545727167364 -0.9806077938100732
vn 0.25598686573328644 -0.03600237467891474 -0.9660096032594745
vn 0.47917852578366876 0.1120242718044756 -0.8705392024225371
vn 0.25598686573328644 -0.03600237467891474 -0.9660096032594745
vn 0.25598686573328644 -0.03600237467891474 -0.9660096032594745
vn 0.47917852578366876 0.1120242718044756 -0.8705392024225371
vn 0.47917852578366876 0.1120242718044756 -0.8705392024225371
vn 0.25598686573328644 -0.03600237467891474 -0.9660096032594745
vn 0.47917852578366876 0.1120242718044756 -0.8705392024225371
vn 0.25598686573328644 -0.03600237467891474 -0.9660096032594745
vn 0.5865637182489283 -0.08875132531426669 -0.805025593809882
vn 0.47917852578366876 0.1120242718044756 -0.8705392024225371
vn 0.47917852578366876 0.1120242718044756 -0.8705392024225371
vn 0.5865637182489283 -0.08875132531426669 -0.805025593809882
vn 0.47917852578366876 0.1120242718044756 -0.8705392024225371
vn 0.5865637182489283 -0.08875132531426669 -0.805025593809882
vn 0.5865637182489283 -0.08875132531426669 -0.805025593809882
vn 0.47917852578366876 0.1120242718044756 -0.8705392024225371
vn 0.47917852578366876 0.1120242718044756 -0.8705392024225371
vn 0.5865637182489283 -0.08875132531426669 -0.805025593809882
vn 0.6671232627132085 0.1538395445224155 -0.7288895299618586
vn 0.5865637182489283 -0.08875132531426669 -0.805025593809882
vn 0.5865637182489283 -0.08875132531426669 -0.805025593809882
vn 0.6671232627132085 0.1538395445224155 -0.7288895299618586
vn 0.6671232627132085 0.1538395445224155 -0.7288895299618586
vn 0.5865637182489283 -0.08875132531426669 -0.805025593809882
vn 0.806455071510438 0.18465743862085326 -0.5617222160437312
vn 0.5865637182489283 -0.08875132531426669 -0.805025593809882
vn 0.7531685342880611 -0.1156507374809561 -0.6475817059479712
vn 0.806455071510438 0.18465743862085326 -0.5617222160437312
vn 0.806455071510438 0.18465743862085326 -0.5617222160437312
vn 0.7531685342880611 -0.1156507374809561 -0.6475817059479712
vn 0.806455071510438 0.18465743862085326 -0.5617222160437312
vn 0.7531685342880611 -0.1156507374809561 -0.6475817059479712
vn 0.8460828028402737 -0.13076573552395132 -0.5167632080081036
vn 0.806455071510438 0.18465743862085326 -0.5617222160437312
vn 0.806455071510438 0.18465743862085326 -0.5617222160437312
vn 0.8460828028402737 -0.13076573552395132 -0.5167632080081036
vn 0.806455071510438 0.18465743862085326 -0.5617222160437312
vn 0.8460828028402737 -0.13076573552395132 -0.5167632080081036
vn 0.8460828028402737 -0.13076573552395132 -0.5167632080081036
vn 0.806455071510438 0.18465743862085326 -0.5617222160437312
vn 0.806455071510438 0.18465743862085326 -0.5617222160437312
vn 0.8460828028402737 -0.13076573552395132 -0.5167632080081036
vn 0.9197275203216301 0.20945953198638353 -0.3320060132333003
vn 0.8460828028402737 -0.13076573552395132 -0.5167632080081036
vn 0.9319739825441737 -0.14490356866691553 -0.3323062618253595
vn 0.9197275203216301 0.20945953198638353 -0.3320060132333003
vn 0.9197275203216301 0.20945953198638353 -0.3320060132333003
vn 0.9319739825441737 -0.14490356866691553 -0.3323062618253595
vn 0.9197275203216301 0.20945953198638353 -0.3320060132333003
vn 0.9319739825441737 -0.14490356866691553 -0.3323062618253595
vn 0.9319739825441737 -0.14490356866691553 -0.3323062618253595
vn 0.9197275203216301 0.20945953198638353 -0.3320060132333003
vn 0.9197275203216301 0.20945953198638353 -0.3320060132333003
vn 0.9319739825441737 -0.14490356866691553 -0.3323062618253595
vn 0.9699883103754114 0.22011396830771718 -0.10330788300455919
vn 0.9319739825441737 -0.14490356866691553 -0.3323062618253595
vn 0.9827076781812033 -0.15359589440467616 -0.10341141361443687
vn 0.9699883103754114 0.22011396830771718 -0.10330788300455919
vn 0.9699883103754114 0.22011396830771718 -0.10330788300455919
vn 0.9827076781812033 -0.15359589440467616 -0.10341141361443687
vn 0.9699883103754114 0.22011396830771718 -0.10330788300455919
vn 0.9827076781812033 -0.15359589440467616 -0.10341141361443687
vn 0.9827076781812033 -0.15359589440467616 -0.10341141361443687
vn 0.9699883103754114 0.22011396830771718 -0.10330788300455919
vn 0.9699883103754114 0.22011396830771718 -0.10330788300455919
vn 0.9827076781812033 -0.15359589440467616 -0.10341141361443687
vn 0.9699883103754114 0.22011396830771718 -0.10330788300455919
vn 0.9827076781812033 -0.15359589440467616 -0.10341141361443687
vn 0.9827076781812033 -0.15359589440467616 -0.10341141361443687
vn 0.9699883103754114 0.22011396830771718 -0.10330788300455919
vn 0.9699883103754114 0.22011396830771718 -0.10330788300455919
vn 0.9827076781812033 -0.15359589440467616 -0.10341141361443687
vn 0.9750022944252987 0.22091724105562172 0.02379282391342798
vn 0.9827076781812033 -0.15359589440467616 -0.10341141361443687
vn 0.9876725367632169 -0.1547118321784557 0.02381615224374801
vn 0.9750022944252987 0.22091724105562172 0.02379282391342798
vn 0.9750022944252987 0.22091724105562172 0.02379282391342798
vn 0.9876725367632169 -0.1547118321784557 0.02381615224374801
vn 0.9575008237204068 0.21640791187179145 0.19068242775366898
vn 0.9876725367632169 -0.1547118321784557 0.02381615224374801
vn 0.9777343836896807 -0.15355493077552382 0.14302572560726473
vn 0.9575008237204068 0.21640791187179145 0.19068242775366898
vn 0.9575008237204068 0.21640791187179145 0.19068242775366898
vn 0.9777343836896807 -0.15355493077552382 0.14302572560726473
vn 0.9575008237204068 0.21640791187179145 0.19068242775366898
vn 0.9777343836896807 -0.15355493077552382 0.14302572560726473
vn 0.9777343836896807 -0.15355493077552382 0.14302572560726473
vn 0.9575008237204068 0.21640791187179145 0.19068242775366898
vn 0.9575008237204068 0.21640791187179145 0.19068242775366898
vn 0.9777343836896807 -0.15355493077552382 0.14302572560726473
vn 0.9575008237204068 0.21640791187179145 0.19068242775366898
vn 0.9777343836896807 -0.15355493077552382 0.14302572560726473
vn 0.9468480531209542 -0.14916983534513323 0.2850037272110047
vn 0.9575008237204068 0.21640791187179145 0.19068242775366898
vn 0.9575008237204068 0.21640791187179145 0.19068242775366898
vn 0.9468480531209542 -0.14916983534513323 0.2850037272110047
vn 0.9030045727139302 0.20344595296066834 0.37840783010088175
vn 0.9468480531209542 -0.14916983534513323 0.2850037272110047
vn 0.893866817279908 -0.14136781976281476 0.42546122326411345
vn 0.9030045727139302 0.20344595296066834 0.37840783010088175
vn 0.9030045727139302 0.20344595296066834 0.37840783010088175
vn 0.893866817279908 -0.14136781976281476 0.42546122326411345
vn 0.8608324603445171 0.19355198911175725 0.4706432860756513
vn 0.893866817279908 -0.14136781976281476 0.42546122326411345
vn 0.893866817279908 -0.14136781976281476 0.42546122326411345
vn 0.8608324603445171 0.19355198911175725 0.4706432860756513
vn 0.8608324603445171 0.19355198911175725 0.4706432860756513
vn 0.893866817279908 -0.14136781976281476 0.42546122326411345
vn 0.7430292238398205 0.16610370286802612 0.6483186966404134
vn 0.893866817279908 -0.14136781976281476 0.42546122326411345
vn 0.817546265504464 -0.1299489763687371 0.5610092399421082
vn 0.7430292238398205 0.16610370286802612 0.6483186966404134
vn 0.7430292238398205 0.16610370286802612 0.6483186966404134
vn 0.817546265504464 -0.1299489763687371 0.5610092399421082
vn 0.7430292238398205 0.16610370286802612 0.6483186966404134
vn 0.817546265504464 -0.1299489763687371 0.5610092399421082
vn 0.7524653494105461 -0.12014133942325414 0.6475816214949675
vn 0.7430292238398205 0.16610370286802612 0.6483186966404134
vn 0.7430292238398205 0.16610370286802612 0.6483186966404134
vn 0.7524653494105461 -0.12014133942325414 0.6475816214949675
vn 0.7430292238398205 0.16610370286802612 0.6483186966404134
vn 0.7524653494105461 -0.12014133942325414 0.6475816214949675
vn 0.6756047022420612 -0.10850285757976887 0.7292361868458259
vn 0.7430292238398205 0.16610370286802612 0.6483186966404134
vn 0.7430292238398205 0.16610370286802612 0.6483186966404134
vn 0.6756047022420612 -0.10850285757976887 0.7292361868458259
vn 0.4806585399243933 0.10549145383626736 0.8705394426246642
vn 0.6756047022420612 -0.10850285757976887 0.7292361868458259
vn 0.5375942469287139 -0.08748745725322084 0.8386527114917799
vn 0.4806585399243933 0.10549145383626736 0.8705394426246642
vn 0.4806585399243933 0.10549145383626736 0.8705394426246642
vn 0.5375942469287139 -0.08748745725322084 0.8386527114917799
vn 0.4806585399243933 0.10549145383626736 0.8705394426246642
vn 0.5375942469287139 -0.08748745725322084 0.8386527114917799
vn 0.5375942469287139 -0.08748745725322084 0.8386527114917799
vn 0.4806585399243933 0.10549145383626736 0.8705394426246642
vn 0.4806585399243933 0.10549145383626736 0.8705394426246642
vn 0.5375942469287139 -0.08748745725322084 0.8386527114917799
vn 0.4806585399243933 0.10549145383626736 0.8705394426246642
vn 0.5375942469287139 -0.08748745725322084 0.8386527114917799
vn 0.2547374905241253 -0.04398038137253813 0.9660095946603208
vn 0.4806585399243933 0.10549145383626736 0.8705394426246642
vn 0.4806585399243933 0.10549145383626736 0.8705394426246642
vn 0.2547374905241253 -0.04398038137253813 0.9660095946603208
vn 0.19198441301171162 0.039375755516970756 0.9806077375984835
vn 0.2547374905241253 -0.04398038137253813 0.9660095946603208
vn 0.2547374905241253 -0.04398038137253813 0.9660095946603208
vn 0.19198441301171162 0.039375755516970756 0.9806077375984835
vn 0.19198441301171162 0.039375755516970756 0.9806077375984835
vn 0.2547374905241253 -0.04398038137253813 0.9660095946603208
vn 0.19198441301171162 0.039375755516970756 0.9806077375984835
vn 0.2547374905241253 -0.04398038137253813 0.9660095946603208
vn 0.2547374905241253 -0.04398038137253813 0.9660095946603208
vn 0.19198441301171162 0.039375755516970756 0.9806077375984835
vn 0.19198441301171162 0.039375755516970756 0.9806077375984835
vn 0.2547374905241253 -0.04398038137253813 0.9660095946603208
vn 0.039235070036859374 0.006334038401118551 0.9992099325150526
vn 0.2547374905241253 -0.04398038137253813 0.9660095946603208
vn 0.03875056584749327 -0.008664041602269175 0.9992113530327873
vn 0.039235070036859374 0.006334038401118551 0.9992099325150526
vn 0.03954525264642043 -0.003597506995643567 -0.9992113044479366
vn 0.029156731355709186 -0.015414867504716063 -0.999455985462323
vn 0.25598686573328644 -0.03600237467891474 -0.9660096032594745
vn 0.029156731355709186 -0.015414867504716063 -0.999455985462323
vn 0.220925183867375 -0.13248375163913037 -0.9662505465378985
vn 0.25598686573328644 -0.03600237467891474 -0.9660096032594745
vn 0.25598686573328644 -0.03600237467891474 -0.9660096032594745
vn 0.220925183867375 -0.13248375163913037 -0.9662505465378985
vn 0.25598686573328644 -0.03600237467891474 -0.9660096032594745
vn 0.220925183867375 -0.13248375163913037 -0.9662505465378985
vn 0.220925183867375 -0.13248375163913037 -0.9662505465378985
vn 0.25598686573328644 -0.03600237467891474 -0.9660096032594745
vn 0.25598686573328644 -0.03600237467891474 -0.9660096032594745
vn 0.220925183867375 -0.13248375163913037 -0.9662505465378985
vn 0.25598686573328644 -0.03600237467891474 -0.9660096032594745
vn 0.220925183867375 -0.13248375163913037 -0.9662505465378985
vn 0.220925183867375 -0.13248375163913037 -0.9662505465378985
vn 0.25598686573328644 -0.03600237467891474 -0.9660096032594745
vn 0.25598686573328644 -0.03600237467891474 -0.9660096032594745
vn 0.220925183867375 -0.13248375163913037 -0.9662505465378985
vn 0.5865637182489283 -0.08875132531426669 -0.805025593809882
vn 0.220925183867375 -0.13248375163913037 -0.9662505465378985
vn 0.504002386966652 -0.31015976935730794 -0.8060908828439499
vn 0.5865637182489283 -0.08875132531426669 -0.805025593809882
vn 0.5865637182489283 -0.08875132531426669 -0.805025593809882
vn 0.504002386966652 -0.31015976935730794 -0.8060908828439499
vn 0.5865637182489283 -0.08875132531426669 -0.805025593809882
vn 0.504002386966652 -0.31015976935730794 -0.8060908828439499
vn 0.504002386966652 -0.31015976935730794 -0.8060908828439499
vn 0.5865637182489283 -0.08875132531426669 -0.805025593809882
vn 0.5865637182489283 -0.08875132531426669 -0.805025593809882
vn 0.504002386966652 -0.31015976935730794 -0.8060908828439499
vn 0.5865637182489283 -0.08875132531426669 -0.805025593809882
vn 0.504002386966652 -0.31015976935730794 -0.8060908828439499
vn 0.504002386966652 -0.31015976935730794 -0.8060908828439499
vn 0.5865637182489283 -0.08875132531426669 -0.805025593809882
vn 0.5865637182489283 -0.08875132531426669 -0.805025593809882
vn 0.504002386966652 -0.31015976935730794 -0.8060908828439499
vn 0.7531685342880611 -0.1156507374809561 -0.6475817059479712
vn 0.504002386966652 -0.31015976935730794 -0.8060908828439499
vn 0.6469667755193227 -0.4002936308950122 -0.6489984595043488
vn 0.7531685342880611 -0.1156507374809561 -0.6475817059479712
vn 0.7531685342880611 -0.1156507374809561 -0.6475817059479712
vn 0.6469667755193227 -0.4002936308950122 -0.6489984595043488
vn 0.8460828028402737 -0.13076573552395132 -0.5167632080081036
vn 0.6469667755193227 -0.4002936308950122 -0.6489984595043488
vn 0.7268222734862116 -0.45078430599629743 -0.5181919453559374
vn 0.8460828028402737 -0.13076573552395132 -0.5167632080081036
vn 0.8460828028402737 -0.13076573552395132 -0.5167632080081036
vn 0.7268222734862116 -0.45078430599629743 -0.5181919453559374
vn 0.8460828028402737 -0.13076573552395132 -0.5167632080081036
vn 0.7268222734862116 -0.45078430599629743 -0.5181919453559374
vn 0.7268222734862116 -0.45078430599629743 -0.5181919453559374
vn 0.8460828028402737 -0.13076573552395132 -0.5167632080081036
vn 0.8460828028402737 -0.13076573552395132 -0.5167632080081036
vn 0.7268222734862116 -0.45078430599629743 -0.5181919453559374
vn 0.9319739825441737 -0.14490356866691553 -0.3323062618253595
vn 0.7268222734862116 -0.45078430599629743 -0.5181919453559374
vn 0.7857051337030454 -0.48815702430837865 -0.3799607380915409
vn 0.9319739825441737 -0.14490356866691553 -0.3323062618253595
vn 0.9319739825441737 -0.14490356866691553 -0.3323062618253595
vn 0.7857051337030454 -0.48815702430837865 -0.3799607380915409
vn 0.9319739825441737 -0.14490356866691553 -0.3323062618253595
vn 0.7857051337030454 -0.48815702430837865 -0.3799607380915409
vn 0.8137213543445478 -0.5060301991560745 -0.2859912499111437
vn 0.9319739825441737 -0.14490356866691553 -0.3323062618253595
vn 0.9319739825441737 -0.14490356866691553 -0.3323062618253595
vn 0.8137213543445478 -0.5060301991560745 -0.2859912499111437
vn 0.9827076781812033 -0.15359589440467616 -0.10341141361443687
vn 0.8137213543445478 -0.5060301991560745 -0.2859912499111437
vn 0.8442483698227792 -0.5258046484462625 -0.10379865954761687
vn 0.9827076781812033 -0.15359589440467616 -0.10341141361443687
vn 0.9827076781812033 -0.15359589440467616 -0.10341141361443687
vn 0.8442483698227792 -0.5258046484462625 -0.10379865954761687
vn 0.9827076781812033 -0.15359589440467616 -0.10341141361443687
vn 0.8442483698227792 -0.5258046484462625 -0.10379865954761687
vn 0.8442483698227792 -0.5258046484462625 -0.10379865954761687
vn 0.9827076781812033 -0.15359589440467616 -0.10341141361443687
vn 0.9827076781812033 -0.15359589440467616 -0.10341141361443687
vn 0.8442483698227792 -0.5258046484462625 -0.10379865954761687
vn 0.9827076781812033 -0.15359589440467616 -0.10341141361443687
vn 0.8442483698227792 -0.5258046484462625 -0.10379865954761687
vn 0.8442483698227792 -0.5258046484462625 -0.10379865954761687
vn 0.9827076781812033 -0.15359589440467616 -0.10341141361443687
vn 0.9827076781812033 -0.15359589440467616 -0.10341141361443687
vn 0.8442483698227792 -0.5258046484462625 -0.10379865954761687
vn 0.9876725367632169 -0.1547118321784557 0.02381615224374801
vn 0.8442483698227792 -0.5258046484462625 -0.10379865954761687
vn 0.8483956549398427 -0.5288225470471012 0.02390661861936901
vn 0.9876725367632169 -0.1547118321784557 0.02381615224374801
vn 0.9876725367632169 -0.1547118321784557 0.02381615224374801
vn 0.8483956549398427 -0.5288225470471012 0.02390661861936901
vn 0.9777343836896807 -0.15355493077552382 0.14302572560726473
vn 0.8483956549398427 -0.5288225470471012 0.02390661861936901
vn 0.8326041188465656 -0.5196861082384979 0.19156390626539707
vn 0.9777343836896807 -0.15355493077552382 0.14302572560726473
vn 0.9777343836896807 -0.15355493077552382 0.14302572560726473
vn 0.8326041188465656 -0.5196861082384979 0.19156390626539707
vn 0.9777343836896807 -0.15355493077552382 0.14302572560726473
vn 0.8326041188465656 -0.5196861082384979 0.19156390626539707
vn 0.8326041188465656 -0.5196861082384979 0.19156390626539707
vn 0.9777343836896807 -0.15355493077552382 0.14302572560726473
vn 0.9777343836896807 -0.15355493077552382 0.14302572560726473
vn 0.8326041188465656 -0.5196861082384979 0.19156390626539707
vn 0.9468480531209542 -0.14916983534513323 0.2850037272110047
vn 0.8326041188465656 -0.5196861082384979 0.19156390626539707
vn 0.8326041188465656 -0.5196861082384979 0.19156390626539707
vn 0.9468480531209542 -0.14916983534513323 0.2850037272110047
vn 0.9468480531209542 -0.14916983534513323 0.2850037272110047
vn 0.8326041188465656 -0.5196861082384979 0.19156390626539707
vn 0.893866817279908 -0.14136781976281476 0.42546122326411345
vn 0.8326041188465656 -0.5196861082384979 0.19156390626539707
vn 0.7666964882079905 -0.47962419646719723 0.4267752630281304
vn 0.893866817279908 -0.14136781976281476 0.42546122326411345
vn 0.893866817279908 -0.14136781976281476 0.42546122326411345
vn 0.7666964882079905 -0.47962419646719723 0.4267752630281304
vn 0.893866817279908 -0.14136781976281476 0.42546122326411345
vn 0.7666964882079905 -0.47962419646719723 0.4267752630281304
vn 0.7666964882079905 -0.47962419646719723 0.4267752630281304
vn 0.893866817279908 -0.14136781976281476 0.42546122326411345
vn 0.893866817279908 -0.14136781976281476 0.42546122326411345
vn 0.7666964882079905 -0.47962419646719723 0.4267752630281304
vn 0.817546265504464 -0.1299489763687371 0.5610092399421082
vn 0.7666964882079905 -0.47962419646719723 0.4267752630281304
vn 0.7005907300159777 -0.43910360355265626 0.5624594690844409
vn 0.817546265504464 -0.1299489763687371 0.5610092399421082
vn 0.817546265504464 -0.1299489763687371 0.5610092399421082
vn 0.7005907300159777 -0.43910360355265626 0.5624594690844409
vn 0.7524653494105461 -0.12014133942325414 0.6475816214949675
vn 0.7005907300159777 -0.43910360355265626 0.5624594690844409
vn 0.6120924422603241 -0.38469502763508845 0.690907068888885
vn 0.7524653494105461 -0.12014133942325414 0.6475816214949675
vn 0.7524653494105461 -0.12014133942325414 0.6475816214949675
vn 0.6120924422603241 -0.38469502763508845 0.690907068888885
vn 0.6756047022420612 -0.10850285757976887 0.7292361868458259
vn 0.6120924422603241 -0.38469502763508845 0.690907068888885
vn 0.6120924422603241 -0.38469502763508845 0.690907068888885
vn 0.6756047022420612 -0.10850285757976887 0.7292361868458259
vn 0.6756047022420612 -0.10850285757976887 0.7292361868458259
vn 0.6120924422603241 -0.38469502763508845 0.690907068888885
vn 0.5375942469287139 -0.08748745725322084 0.8386527114917799
vn 0.6120924422603241 -0.38469502763508845 0.690907068888885
vn 0.45911318982096994 -0.2903574763203913 0.8395877648449074
vn 0.5375942469287139 -0.08748745725322084 0.8386527114917799
vn 0.5375942469287139 -0.08748745725322084 0.8386527114917799
vn 0.45911318982096994 -0.2903574763203913 0.8395877648449074
vn 0.5375942469287139 -0.08748745725322084 0.8386527114917799
vn 0.45911318982096994 -0.2903574763203913 0.8395877648449074
vn 0.45911318982096994 -0.2903574763203913 0.8395877648449074
vn 0.5375942469287139 -0.08748745725322084 0.8386527114917799
vn 0.5375942469287139 -0.08748745725322084 0.8386527114917799
vn 0.45911318982096994 -0.2903574763203913 0.8395877648449074
vn 0.2547374905241253 -0.04398038137253813 0.9660095946603208
vn 0.45911318982096994 -0.2903574763203913 0.8395877648449074
vn 0.21624642423417068 -0.13999070106002595 0.9662505304643604
vn 0.2547374905241253 -0.04398038137253813 0.9660095946603208
vn 0.2547374905241253 -0.04398038137253813 0.9660095946603208
vn 0.21624642423417068 -0.13999070106002595 0.9662505304643604
vn 0.2547374905241253 -0.04398038137253813 0.9660095946603208
vn 0.21624642423417068 -0.13999070106002595 0.9662505304643604
vn 0.21624642423417068 -0.13999070106002595 0.9662505304643604
vn 0.2547374905241253 -0.04398038137253813 0.9660095946603208
vn 0.2547374905241253 -0.04398038137253813 0.9660095946603208
vn 0.21624642423417068 -0.13999070106002595 0.9662505304643604
vn 0.2547374905241253 -0.04398038137253813 0.9660095946603208
vn 0.21624642423417068 -0.13999070106002595 0.9662505304643604
vn 0.21624642423417068 -0.13999070106002595 0.9662505304643604
vn 0.2547374905241253 -0.04398038137253813 0.9660095946603208
vn 0.2547374905241253 -0.04398038137253813 0.9660095946603208
vn 0.21624642423417068 -0.13999070106002595 0.9662505304643604
vn 0.03875056584749327 -0.008664041602269175 0.9992113530327873
vn 0.21624642423417068 -0.13999070106002595 0.9662505304643604
vn 0.02668027284886061 -0.019386390788178488 0.9994560174879725
vn 0.03875056584749327 -0.008664041602269175 0.9992113530327873
vn 0.029156731355709186 -0.015414867504716063 -0.999455985462323
vn 0.04983870639846849 -0.06552532255757007 -0.9966055064308313
vn 0.220925183867375 -0.13248375163913037 -0.9662505465378985
vn 0.04983870639846849 -0.06552532255757007 -0.9966055064308313
vn 0.04983870639846849 -0.06552532255757007 -0.9966055064308313
vn 0.220925183867375 -0.13248375163913037 -0.9662505465378985
vn 0.220925183867375 -0.13248375163913037 -0.9662505465378985
vn 0.04983870639846849 -0.06552532255757007 -0.9966055064308313
vn 0.220925183867375 -0.13248375163913037 -0.9662505465378985
vn 0.04983870639846849 -0.06552532255757007 -0.9966055064308313
vn 0.18730853281306112 -0.2602467506821286 -0.9471996317011596
vn 0.220925183867375 -0.13248375163913037 -0.9662505465378985
vn 0.220925183867375 -0.13248375163913037 -0.9662505465378985
vn 0.18730853281306112 -0.2602467506821286 -0.9471996317011596
vn 0.220925183867375 -0.13248375163913037 -0.9662505465378985
vn 0.18730853281306112 -0.2602467506821286 -0.9471996317011596
vn 0.18730853281306112 -0.2602467506821286 -0.9471996317011596
vn 0.220925183867375 -0.13248375163913037 -0.9662505465378985
vn 0.220925183867375 -0.13248375163913037 -0.9662505465378985
vn 0.18730853281306112 -0.2602467506821286 -0.9471996317011596
vn 0.504002386966652 -0.31015976935730794 -0.8060908828439499
vn 0.18730853281306112 -0.2602467506821286 -0.9471996317011596
vn 0.2858761583713222 -0.4016209591524793 -0.8700433479110665
vn 0.504002386966652 -0.31015976935730794 -0.8060908828439499
vn 0.504002386966652 -0.31015976935730794 -0.8060908828439499
vn 0.2858761583713222 -0.4016209591524793 -0.8700433479110665
vn 0.504002386966652 -0.31015976935730794 -0.8060908828439499
vn 0.2858761583713222 -0.4016209591524793 -0.8700433479110665
vn 0.3700831494625532 -0.5226781910841555 -0.7680143039350715
vn 0.504002386966652 -0.31015976935730794 -0.8060908828439499
vn 0.504002386966652 -0.31015976935730794 -0.8060908828439499
vn 0.3700831494625532 -0.5226781910841555 -0.7680143039350715
vn 0.504002386966652 -0.31015976935730794 -0.8060908828439499
vn 0.3700831494625532 -0.5226781910841555 -0.7680143039350715
vn 0.3700831494625532 -0.5226781910841555 -0.7680143039350715
vn 0.504002386966652 -0.31015976935730794 -0.8060908828439499
vn 0.504002386966652 -0.31015976935730794 -0.8060908828439499
vn 0.3700831494625532 -0.5226781910841555 -0.7680143039350715
vn 0.6469667755193227 -0.4002936308950122 -0.6489984595043488
vn 0.3700831494625532 -0.5226781910841555 -0.7680143039350715
vn 0.47646749041688424 -0.6760357025416242 -0.5620982649545264
vn 0.6469667755193227 -0.4002936308950122 -0.6489984595043488
vn 0.6469667755193227 -0.4002936308950122 -0.6489984595043488
vn 0.47646749041688424 -0.6760357025416242 -0.5620982649545264
vn 0.7268222734862116 -0.45078430599629743 -0.5181919453559374
vn 0.47646749041688424 -0.6760357025416242 -0.5620982649545264
vn 0.47646749041688424 -0.6760357025416242 -0.5620982649545264
vn 0.7268222734862116 -0.45078430599629743 -0.5181919453559374
vn 0.7268222734862116 -0.45078430599629743 -0.5181919453559374
vn 0.47646749041688424 -0.6760357025416242 -0.5620982649545264
vn 0.7268222734862116 -0.45078430599629743 -0.5181919453559374
vn 0.47646749041688424 -0.6760357025416242 -0.5620982649545264
vn 0.47646749041688424 -0.6760357025416242 -0.5620982649545264
vn 0.7268222734862116 -0.45078430599629743 -0.5181919453559374
vn 0.7268222734862116 -0.45078430599629743 -0.5181919453559374
vn 0.47646749041688424 -0.6760357025416242 -0.5620982649545264
vn 0.7857051337030454 -0.48815702430837865 -0.3799607380915409
vn 0.47646749041688424 -0.6760357025416242 -0.5620982649545264
vn 0.5324101924679536 -0.7570389935434569 -0.378723314849966
vn 0.7857051337030454 -0.48815702430837865 -0.3799607380915409
vn 0.7857051337030454 -0.48815702430837865 -0.3799607380915409
vn 0.5324101924679536 -0.7570389935434569 -0.378723314849966
vn 0.8137213543445478 -0.5060301991560745 -0.2859912499111437
vn 0.5324101924679536 -0.7570389935434569 -0.378723314849966
vn 0.551110202710436 -0.7842553182178087 -0.2849932285433212
vn 0.8137213543445478 -0.5060301991560745 -0.2859912499111437
vn 0.8137213543445478 -0.5060301991560745 -0.2859912499111437
vn 0.551110202710436 -0.7842553182178087 -0.2849932285433212
vn 0.8442483698227792 -0.5258046484462625 -0.10379865954761687
vn 0.551110202710436 -0.7842553182178087 -0.2849932285433212
vn 0.5713722082499932 -0.8141501507013781 -0.10340856711341584
vn 0.8442483698227792 -0.5258046484462625 -0.10379865954761687
vn 0.8442483698227792 -0.5258046484462625 -0.10379865954761687
vn 0.5713722082499932 -0.8141501507013781 -0.10340856711341584
vn 0.8442483698227792 -0.5258046484462625 -0.10379865954761687
vn 0.5713722082499932 -0.8141501507013781 -0.10340856711341584
vn 0.5713722082499932 -0.8141501507013781 -0.10340856711341584
vn 0.8442483698227792 -0.5258046484462625 -0.10379865954761687
vn 0.8442483698227792 -0.5258046484462625 -0.10379865954761687
vn 0.5713722082499932 -0.8141501507013781 -0.10340856711341584
vn 0.8442483698227792 -0.5258046484462625 -0.10379865954761687
vn 0.5713722082499932 -0.8141501507013781 -0.10340856711341584
vn 0.5713722082499932 -0.8141501507013781 -0.10340856711341584
vn 0.8442483698227792 -0.5258046484462625 -0.10379865954761687
vn 0.8442483698227792 -0.5258046484462625 -0.10379865954761687
vn 0.5713722082499932 -0.8141501507013781 -0.10340856711341584
vn 0.8483956549398427 -0.5288225470471012 0.02390661861936901
vn 0.5713722082499932 -0.8141501507013781 -0.10340856711341584
vn 0.5740143673236786 -0.8184987926177729 0.02381664521390248
vn 0.8483956549398427 -0.5288225470471012 0.02390661861936901
vn 0.8483956549398427 -0.5288225470471012 0.02390661861936901
vn 0.5740143673236786 -0.8184987926177729 0.02381664521390248
vn 0.8326041188465656 -0.5196861082384979 0.19156390626539707
vn 0.5740143673236786 -0.8184987926177729 0.02381664521390248
vn 0.5631755457780335 -0.8039930869499514 0.1908623084170943
vn 0.8326041188465656 -0.5196861082384979 0.19156390626539707
vn 0.8326041188465656 -0.5196861082384979 0.19156390626539707
vn 0.5631755457780335 -0.8039930869499514 0.1908623084170943
vn 0.8326041188465656 -0.5196861082384979 0.19156390626539707
vn 0.5631755457780335 -0.8039930869499514 0.1908623084170943
vn 0.5631755457780335 -0.8039930869499514 0.1908623084170943
vn 0.8326041188465656 -0.5196861082384979 0.19156390626539707
vn 0.8326041188465656 -0.5196861082384979 0.19156390626539707
vn 0.5631755457780335 -0.8039930869499514 0.1908623084170943
vn 0.8326041188465656 -0.5196861082384979 0.19156390626539707
vn 0.5631755457780335 -0.8039930869499514 0.1908623084170943
vn 0.5631755457780335 -0.8039930869499514 0.1908623084170943
vn 0.8326041188465656 -0.5196861082384979 0.19156390626539707
vn 0.8326041188465656 -0.5196861082384979 0.19156390626539707
vn 0.5631755457780335 -0.8039930869499514 0.1908623084170943
vn 0.7666964882079905 -0.47962419646719723 0.4267752630281304
vn 0.5631755457780335 -0.8039930869499514 0.1908623084170943
vn 0.5304556991014628 -0.7584093674700705 0.3787241510973734
vn 0.7666964882079905 -0.47962419646719723 0.4267752630281304
vn 0.7666964882079905 -0.47962419646719723 0.4267752630281304
vn 0.5304556991014628 -0.7584093674700705 0.3787241510973734
vn 0.7666964882079905 -0.47962419646719723 0.4267752630281304
vn 0.5304556991014628 -0.7584093674700705 0.3787241510973734
vn 0.5052714813809615 -0.7230899147802881 0.4710007486683267
vn 0.7666964882079905 -0.47962419646719723 0.4267752630281304
vn 0.7666964882079905 -0.47962419646719723 0.4267752630281304
vn 0.5052714813809615 -0.7230899147802881 0.4710007486683267
vn 0.7005907300159777 -0.43910360355265626 0.5624594690844409
vn 0.5052714813809615 -0.7230899147802881 0.4710007486683267
vn 0.4351305003490294 -0.6243937519672419 0.6486862802389716
vn 0.7005907300159777 -0.43910360355265626 0.5624594690844409
vn 0.7005907300159777 -0.43910360355265626 0.5624594690844409
vn 0.4351305003490294 -0.6243937519672419 0.6486862802389716
vn 0.6120924422603241 -0.38469502763508845 0.690907068888885
vn 0.4351305003490294 -0.6243937519672419 0.6486862802389716
vn 0.4351305003490294 -0.6243937519672419 0.6486862802389716
vn 0.6120924422603241 -0.38469502763508845 0.690907068888885
vn 0.6120924422603241 -0.38469502763508845 0.690907068888885
vn 0.4351305003490294 -0.6243937519672419 0.6486862802389716
vn 0.6120924422603241 -0.38469502763508845 0.690907068888885
vn 0.4351305003490294 -0.6243937519672419 0.6486862802389716
vn 0.4351305003490294 -0.6243937519672419 0.6486862802389716
vn 0.6120924422603241 -0.38469502763508845 0.690907068888885
vn 0.6120924422603241 -0.38469502763508845 0.690907068888885
vn 0.4351305003490294 -0.6243937519672419 0.6486862802389716
vn 0.45911318982096994 -0.2903574763203913 0.8395877648449074
vn 0.4351305003490294 -0.6243937519672419 0.6486862802389716
vn 0.33885071194161526 -0.48846409463699036 0.804103863482278
vn 0.45911318982096994 -0.2903574763203913 0.8395877648449074
vn 0.45911318982096994 -0.2903574763203913 0.8395877648449074
vn 0.33885071194161526 -0.48846409463699036 0.804103863482278
vn 0.45911318982096994 -0.2903574763203913 0.8395877648449074
vn 0.33885071194161526 -0.48846409463699036 0.804103863482278
vn 0.28024828975240995 -0.4055667895920747 0.870043950194947
vn 0.45911318982096994 -0.2903574763203913 0.8395877648449074
vn 0.45911318982096994 -0.2903574763203913 0.8395877648449074
vn 0.28024828975240995 -0.4055667895920747 0.870043950194947
vn 0.21624642423417068 -0.13999070106002595 0.9662505304643604
vn 0.28024828975240995 -0.4055667895920747 0.870043950194947
vn 0.180896197143544 -0.26474437754859453 0.9471995462495806
vn 0.21624642423417068 -0.13999070106002595 0.9662505304643604
vn 0.21624642423417068 -0.13999070106002595 0.9662505304643604
vn 0.180896197143544 -0.26474437754859453 0.9471995462495806
vn 0.21624642423417068 -0.13999070106002595 0.9662505304643604
vn 0.180896197143544 -0.26474437754859453 0.9471995462495806
vn 0.180896197143544 -0.26474437754859453 0.9471995462495806
vn 0.21624642423417068 -0.13999070106002595 0.9662505304643604
vn 0.21624642423417068 -0.13999070106002595 0.9662505304643604
vn 0.180896197143544 -0.26474437754859453 0.9471995462495806
vn 0.21624642423417068 -0.13999070106002595 0.9662505304643604
vn 0.180896197143544 -0.26474437754859453 0.9471995462495806
vn 0.04463383507344815 -0.06917492225775498 0.9966055643519505
vn 0.21624642423417068 -0.13999070106002595 0.9662505304643604
vn 0.21624642423417068 -0.13999070106002595 0.9662505304643604
vn 0.04463383507344815 -0.06917492225775498 0.9966055643519505
vn 0.02668027284886061 -0.019386390788178488 0.9994560174879725
vn 0.04463383507344815 -0.06917492225775498 0.9966055643519505
vn 0.04463383507344815 -0.06917492225775498 0.9966055643519505
vn 0.02668027284886061 -0.019386390788178488 0.9994560174879725
vn 0.04983870639846849 -0.06552532255757007 -0.9966055064308313
vn 0.024248983628269962 -0.0865916681315513 -0.9959487285012173
vn 0.04983870639846849 -0.06552532255757007 -0.9966055064308313
vn 0.024248983628269962 -0.0865916681315513 -0.9959487285012173
vn 0.024248983628269962 -0.0865916681315513 -0.9959487285012173
vn 0.04983870639846849 -0.06552532255757007 -0.9966055064308313
vn 0.04983870639846849 -0.06552532255757007 -0.9966055064308313
vn 0.024248983628269962 -0.0865916681315513 -0.9959487285012173
vn 0.18730853281306112 -0.2602467506821286 -0.9471996317011596
vn 0.024248983628269962 -0.0865916681315513 -0.9959487285012173
vn 0.092365393349144 -0.368643976468288 -0.9249704064050409
vn 0.18730853281306112 -0.2602467506821286 -0.9471996317011596
vn 0.18730853281306112 -0.2602467506821286 -0.9471996317011596
vn 0.092365393349144 -0.368643976468288 -0.9249704064050409
vn 0.18730853281306112 -0.2602467506821286 -0.9471996317011596
vn 0.092365393349144 -0.368643976468288 -0.9249704064050409
vn 0.092365393349144 -0.368643976468288 -0.9249704064050409
vn 0.18730853281306112 -0.2602467506821286 -0.9471996317011596
vn 0.18730853281306112 -0.2602467506821286 -0.9471996317011596
vn 0.092365393349144 -0.368643976468288 -0.9249704064050409
vn 0.2858761583713222 -0.4016209591524793 -0.8700433479110665
vn 0.092365393349144 -0.368643976468288 -0.9249704064050409
vn 0.092365393349144 -0.368643976468288 -0.9249704064050409
vn 0.2858761583713222 -0.4016209591524793 -0.8700433479110665
vn 0.2858761583713222 -0.4016209591524793 -0.8700433479110665
vn 0.092365393349144 -0.368643976468288 -0.9249704064050409
vn 0.3700831494625532 -0.5226781910841555 -0.7680143039350715
vn 0.092365393349144 -0.368643976468288 -0.9249704064050409
vn 0.1525192268529043 -0.6225558551147937 -0.7675689498035211
vn 0.3700831494625532 -0.5226781910841555 -0.7680143039350715
vn 0.3700831494625532 -0.5226781910841555 -0.7680143039350715
vn 0.1525192268529043 -0.6225558551147937 -0.7675689498035211
vn 0.3700831494625532 -0.5226781910841555 -0.7680143039350715
vn 0.1525192268529043 -0.6225558551147937 -0.7675689498035211
vn 0.1525192268529043 -0.6225558551147937 -0.7675689498035211
vn 0.3700831494625532 -0.5226781910841555 -0.7680143039350715
vn 0.3700831494625532 -0.5226781910841555 -0.7680143039350715
vn 0.1525192268529043 -0.6225558551147937 -0.7675689498035211
vn 0.47646749041688424 -0.6760357025416242 -0.5620982649545264
vn 0.1525192268529043 -0.6225558551147937 -0.7675689498035211
vn 0.18036454655456155 -0.7408180725848552 -0.6470372583382099
vn 0.47646749041688424 -0.6760357025416242 -0.5620982649545264
vn 0.47646749041688424 -0.6760357025416242 -0.5620982649545264
vn 0.18036454655456155 -0.7408180725848552 -0.6470372583382099
vn 0.47646749041688424 -0.6760357025416242 -0.5620982649545264
vn 0.18036454655456155 -0.7408180725848552 -0.6470372583382099
vn 0.20181988163319944 -0.8323414318965411 -0.5162135954486062
vn 0.47646749041688424 -0.6760357025416242 -0.5620982649545264
vn 0.47646749041688424 -0.6760357025416242 -0.5620982649545264
vn 0.20181988163319944 -0.8323414318965411 -0.5162135954486062
vn 0.47646749041688424 -0.6760357025416242 -0.5620982649545264
vn 0.20181988163319944 -0.8323414318965411 -0.5162135954486062
vn 0.20181988163319944 -0.8323414318965411 -0.5162135954486062
vn 0.47646749041688424 -0.6760357025416242 -0.5620982649545264
vn 0.47646749041688424 -0.6760357025416242 -0.5620982649545264
vn 0.20181988163319944 -0.8323414318965411 -0.5162135954486062
vn 0.5324101924679536 -0.7570389935434569 -0.378723314849966
vn 0.20181988163319944 -0.8323414318965411 -0.5162135954486062
vn 0.22149330655090801 -0.9169505949465492 -0.3318769675351319
vn 0.5324101924679536 -0.7570389935434569 -0.378723314849966
vn 0.5324101924679536 -0.7570389935434569 -0.378723314849966
vn 0.22149330655090801 -0.9169505949465492 -0.3318769675351319
vn 0.551110202710436 -0.7842553182178087 -0.2849932285433212
vn 0.22149330655090801 -0.9169505949465492 -0.3318769675351319
vn 0.22149330655090801 -0.9169505949465492 -0.3318769675351319
vn 0.551110202710436 -0.7842553182178087 -0.2849932285433212
vn 0.551110202710436 -0.7842553182178087 -0.2849932285433212
vn 0.22149330655090801 -0.9169505949465492 -0.3318769675351319
vn 0.5713722082499932 -0.8141501507013781 -0.10340856711341584
vn 0.22149330655090801 -0.9169505949465492 -0.3318769675351319
vn 0.23280487442593822 -0.9670256759628755 -0.10326292883734677
vn 0.5713722082499932 -0.8141501507013781 -0.10340856711341584
vn 0.5713722082499932 -0.8141501507013781 -0.10340856711341584
vn 0.23280487442593822 -0.9670256759628755 -0.10326292883734677
vn 0.5713722082499932 -0.8141501507013781 -0.10340856711341584
vn 0.23280487442593822 -0.9670256759628755 -0.10326292883734677
vn 0.23280487442593822 -0.9670256759628755 -0.10326292883734677
vn 0.5713722082499932 -0.8141501507013781 -0.10340856711341584
vn 0.5713722082499932 -0.8141501507013781 -0.10340856711341584
vn 0.23280487442593822 -0.9670256759628755 -0.10326292883734677
vn 0.5713722082499932 -0.8141501507013781 -0.10340856711341584
vn 0.23280487442593822 -0.9670256759628755 -0.10326292883734677
vn 0.23280487442593822 -0.9670256759628755 -0.10326292883734677
vn 0.5713722082499932 -0.8141501507013781 -0.10340856711341584
vn 0.5713722082499932 -0.8141501507013781 -0.10340856711341584
vn 0.23280487442593822 -0.9670256759628755 -0.10326292883734677
vn 0.5740143673236786 -0.8184987926177729 0.02381664521390248
vn 0.23280487442593822 -0.9670256759628755 -0.10326292883734677
vn 0.23367677730404737 -0.9720234317047945 0.023782597957944882
vn 0.5740143673236786 -0.8184987926177729 0.02381664521390248
vn 0.5740143673236786 -0.8184987926177729 0.02381664521390248
vn 0.23367677730404737 -0.9720234317047945 0.023782597957944882
vn 0.5631755457780335 -0.8039930869499514 0.1908623084170943
vn 0.23367677730404737 -0.9720234317047945 0.023782597957944882
vn 0.22894860537766668 -0.9545959719244983 0.19060185329934232
vn 0.5631755457780335 -0.8039930869499514 0.1908623084170943
vn 0.5631755457780335 -0.8039930869499514 0.1908623084170943
vn 0.22894860537766668 -0.9545959719244983 0.19060185329934232
vn 0.5631755457780335 -0.8039930869499514 0.1908623084170943
vn 0.22894860537766668 -0.9545959719244983 0.19060185329934232
vn 0.22894860537766668 -0.9545959719244983 0.19060185329934232
vn 0.5631755457780335 -0.8039930869499514 0.1908623084170943
vn 0.5631755457780335 -0.8039930869499514 0.1908623084170943
vn 0.22894860537766668 -0.9545959719244983 0.19060185329934232
vn 0.5631755457780335 -0.8039930869499514 0.1908623084170943
vn 0.22894860537766668 -0.9545959719244983 0.19060185329934232
vn 0.22894860537766668 -0.9545959719244983 0.19060185329934232
vn 0.5631755457780335 -0.8039930869499514 0.1908623084170943
vn 0.5631755457780335 -0.8039930869499514 0.1908623084170943
vn 0.22894860537766668 -0.9545959719244983 0.19060185329934232
vn 0.5304556991014628 -0.7584093674700705 0.3787241510973734
vn 0.22894860537766668 -0.9545959719244983 0.19060185329934232
vn 0.21034296041271114 -0.8804370242021782 0.42495468631235234
vn 0.5304556991014628 -0.7584093674700705 0.3787241510973734
vn 0.5304556991014628 -0.7584093674700705 0.3787241510973734
vn 0.21034296041271114 -0.8804370242021782 0.42495468631235234
vn 0.5052714813809615 -0.7230899147802881 0.4710007486683267
vn 0.21034296041271114 -0.8804370242021782 0.42495468631235234
vn 0.21034296041271114 -0.8804370242021782 0.42495468631235234
vn 0.5052714813809615 -0.7230899147802881 0.4710007486683267
vn 0.5052714813809615 -0.7230899147802881 0.4710007486683267
vn 0.21034296041271114 -0.8804370242021782 0.42495468631235234
vn 0.4351305003490294 -0.6243937519672419 0.6486862802389716
vn 0.21034296041271114 -0.8804370242021782 0.42495468631235234
vn 0.19184332936349235 -0.8056604203313935 0.5604528741028749
vn 0.4351305003490294 -0.6243937519672419 0.6486862802389716
vn 0.4351305003490294 -0.6243937519672419 0.6486862802389716
vn 0.19184332936349235 -0.8056604203313935 0.5604528741028749
vn 0.4351305003490294 -0.6243937519672419 0.6486862802389716
vn 0.19184332936349235 -0.8056604203313935 0.5604528741028749
vn 0.1671176736717889 -0.7052111773086522 0.6890202308680594
vn 0.4351305003490294 -0.6243937519672419 0.6486862802389716
vn 0.4351305003490294 -0.6243937519672419 0.6486862802389716
vn 0.1671176736717889 -0.7052111773086522 0.6890202308680594
vn 0.4351305003490294 -0.6243937519672419 0.6486862802389716
vn 0.1671176736717889 -0.7052111773086522 0.6890202308680594
vn 0.1671176736717889 -0.7052111773086522 0.6890202308680594
vn 0.4351305003490294 -0.6243937519672419 0.6486862802389716
vn 0.4351305003490294 -0.6243937519672419 0.6486862802389716
vn 0.1671176736717889 -0.7052111773086522 0.6890202308680594
vn 0.33885071194161526 -0.48846409463699036 0.804103863482278
vn 0.1671176736717889 -0.7052111773086522 0.6890202308680594
vn 0.13624432887839757 -0.5792239395445845 0.8037021280965522
vn 0.33885071194161526 -0.48846409463699036 0.804103863482278
vn 0.33885071194161526 -0.48846409463699036 0.804103863482278
vn 0.13624432887839757 -0.5792239395445845 0.8037021280965522
vn 0.28024828975240995 -0.4055667895920747 0.870043950194947
vn 0.13624432887839757 -0.5792239395445845 0.8037021280965522
vn 0.08531447494910037 -0.3703390357673193 0.9249705070709506
vn 0.28024828975240995 -0.4055667895920747 0.870043950194947
vn 0.28024828975240995 -0.4055667895920747 0.870043950194947
vn 0.08531447494910037 -0.3703390357673193 0.9249705070709506
vn 0.180896197143544 -0.26474437754859453 0.9471995462495806
vn 0.08531447494910037 -0.3703390357673193 0.9249705070709506
vn 0.08531447494910037 -0.3703390357673193 0.9249705070709506
vn 0.180896197143544 -0.26474437754859453 0.9471995462495806
vn 0.180896197143544 -0.26474437754859453 0.9471995462495806
vn 0.08531447494910037 -0.3703390357673193 0.9249705070709506
vn 0.180896197143544 -0.26474437754859453 0.9471995462495806
vn 0.08531447494910037 -0.3703390357673193 0.9249705070709506
vn 0.08531447494910037 -0.3703390357673193 0.9249705070709506
vn 0.180896197143544 -0.26474437754859453 0.9471995462495806
vn 0.180896197143544 -0.26474437754859453 0.9471995462495806
vn 0.08531447494910037 -0.3703390357673193 0.9249705070709506
vn 0.04463383507344815 -0.06917492225775498 0.9966055643519505
vn 0.08531447494910037 -0.3703390357673193 0.9249705070709506
vn 0.01776552203454548 -0.08814980105230592 0.9959487932626251
vn 0.04463383507344815 -0.06917492225775498 0.9966055643519505
vn 0.04463383507344815 -0.06917492225775498 0.9966055643519505
vn 0.01776552203454548 -0.08814980105230592 0.9959487932626251
vn 0.04463383507344815 -0.06917492225775498 0.9966055643519505
vn 0.01776552203454548 -0.08814980105230592 0.9959487932626251
vn 0.01776552203454548 -0.08814980105230592 0.9959487932626251
vn 0.04463383507344815 -0.06917492225775498 0.9966055643519505
vn 0.024248983628269962 -0.0865916681315513 -0.9959487285012173
vn -0.0031647494208125373 -0.039533396083432315 -0.9992132379803693
vn 0.024248983628269962 -0.0865916681315513 -0.9959487285012173
vn -0.0031647494208125373 -0.039533396083432315 -0.9992132379803693
vn -0.02437223637610356 -0.1940092410423959 -0.980696899395619
vn 0.024248983628269962 -0.0865916681315513 -0.9959487285012173
vn 0.024248983628269962 -0.0865916681315513 -0.9959487285012173
vn -0.02437223637610356 -0.1940092410423959 -0.980696899395619
vn 0.092365393349144 -0.368643976468288 -0.9249704064050409
vn -0.02437223637610356 -0.1940092410423959 -0.980696899395619
vn -0.02437223637610356 -0.1940092410423959 -0.980696899395619
vn 0.092365393349144 -0.368643976468288 -0.9249704064050409
vn 0.092365393349144 -0.368643976468288 -0.9249704064050409
vn -0.02437223637610356 -0.1940092410423959 -0.980696899395619
vn 0.092365393349144 -0.368643976468288 -0.9249704064050409
vn -0.02437223637610356 -0.1940092410423959 -0.980696899395619
vn -0.06837646829806453 -0.4864223419940464 -0.8710441801608636
vn 0.092365393349144 -0.368643976468288 -0.9249704064050409
vn 0.092365393349144 -0.368643976468288 -0.9249704064050409
vn -0.06837646829806453 -0.4864223419940464 -0.8710441801608636
vn 0.092365393349144 -0.368643976468288 -0.9249704064050409
vn -0.06837646829806453 -0.4864223419940464 -0.8710441801608636
vn -0.06837646829806453 -0.4864223419940464 -0.8710441801608636
vn 0.092365393349144 -0.368643976468288 -0.9249704064050409
vn 0.092365393349144 -0.368643976468288 -0.9249704064050409
vn -0.06837646829806453 -0.4864223419940464 -0.8710441801608636
vn 0.1525192268529043 -0.6225558551147937 -0.7675689498035211
vn -0.06837646829806453 -0.4864223419940464 -0.8710441801608636
vn -0.06837646829806453 -0.4864223419940464 -0.8710441801608636
vn 0.1525192268529043 -0.6225558551147937 -0.7675689498035211
vn 0.1525192268529043 -0.6225558551147937 -0.7675689498035211
vn -0.06837646829806453 -0.4864223419940464 -0.8710441801608636
vn 0.1525192268529043 -0.6225558551147937 -0.7675689498035211
vn -0.06837646829806453 -0.4864223419940464 -0.8710441801608636
vn -0.09736298920717659 -0.6767898902955678 -0.7297094577476414
vn 0.1525192268529043 -0.6225558551147937 -0.7675689498035211
vn 0.1525192268529043 -0.6225558551147937 -0.7675689498035211
vn -0.09736298920717659 -0.6767898902955678 -0.7297094577476414
vn 0.18036454655456155 -0.7408180725848552 -0.6470372583382099
vn -0.09736298920717659 -0.6767898902955678 -0.7297094577476414
vn -0.11906700397516923 -0.8180786244950107 -0.5626459034852459
vn 0.18036454655456155 -0.7408180725848552 -0.6470372583382099
vn 0.18036454655456155 -0.7408180725848552 -0.6470372583382099
vn -0.11906700397516923 -0.8180786244950107 -0.5626459034852459
vn 0.20181988163319944 -0.8323414318965411 -0.5162135954486062
vn -0.11906700397516923 -0.8180786244950107 -0.5626459034852459
vn -0.11906700397516923 -0.8180786244950107 -0.5626459034852459
vn 0.20181988163319944 -0.8323414318965411 -0.5162135954486062
vn 0.20181988163319944 -0.8323414318965411 -0.5162135954486062
vn -0.11906700397516923 -0.8180786244950107 -0.5626459034852459
vn 0.20181988163319944 -0.8323414318965411 -0.5162135954486062
vn -0.11906700397516923 -0.8180786244950107 -0.5626459034852459
vn -0.11906700397516923 -0.8180786244950107 -0.5626459034852459
vn 0.20181988163319944 -0.8323414318965411 -0.5162135954486062
vn 0.20181988163319944 -0.8323414318965411 -0.5162135954486062
vn -0.11906700397516923 -0.8180786244950107 -0.5626459034852459
vn 0.22149330655090801 -0.9169505949465492 -0.3318769675351319
vn -0.11906700397516923 -0.8180786244950107 -0.5626459034852459
vn -0.13423554393559892 -0.9155317404625577 -0.3791865648330829
vn 0.22149330655090801 -0.9169505949465492 -0.3318769675351319
vn 0.22149330655090801 -0.9169505949465492 -0.3318769675351319
vn -0.13423554393559892 -0.9155317404625577 -0.3791865648330829
vn 0.22149330655090801 -0.9169505949465492 -0.3318769675351319
vn -0.13423554393559892 -0.9155317404625577 -0.3791865648330829
vn -0.13940735017746947 -0.9482252500163434 -0.2853672475038782
vn 0.22149330655090801 -0.9169505949465492 -0.3318769675351319
vn 0.22149330655090801 -0.9169505949465492 -0.3318769675351319
vn -0.13940735017746947 -0.9482252500163434 -0.2853672475038782
vn 0.23280487442593822 -0.9670256759628755 -0.10326292883734677
vn -0.13940735017746947 -0.9482252500163434 -0.2853672475038782
vn -0.1453006119507407 -0.9839534766099735 -0.10355331010589011
vn 0.23280487442593822 -0.9670256759628755 -0.10326292883734677
vn 0.23280487442593822 -0.9670256759628755 -0.10326292883734677
vn -0.1453006119507407 -0.9839534766099735 -0.10355331010589011
vn 0.23280487442593822 -0.9670256759628755 -0.10326292883734677
vn -0.1453006119507407 -0.9839534766099735 -0.10355331010589011
vn -0.1453006119507407 -0.9839534766099735 -0.10355331010589011
vn 0.23280487442593822 -0.9670256759628755 -0.10326292883734677
vn 0.23280487442593822 -0.9670256759628755 -0.10326292883734677
vn -0.1453006119507407 -0.9839534766099735 -0.10355331010589011
vn 0.23280487442593822 -0.9670256759628755 -0.10326292883734677
vn -0.1453006119507407 -0.9839534766099735 -0.10355331010589011
vn -0.1453006119507407 -0.9839534766099735 -0.10355331010589011
vn 0.23280487442593822 -0.9670256759628755 -0.10326292883734677
vn 0.23280487442593822 -0.9670256759628755 -0.10326292883734677
vn -0.1453006119507407 -0.9839534766099735 -0.10355331010589011
vn 0.23367677730404737 -0.9720234317047945 0.023782597957944882
vn -0.1453006119507407 -0.9839534766099735 -0.10355331010589011
vn -0.14638906409443433 -0.9889395625040925 0.023849185054623693
vn 0.23367677730404737 -0.9720234317047945 0.023782597957944882
vn 0.23367677730404737 -0.9720234317047945 0.023782597957944882
vn -0.14638906409443433 -0.9889395625040925 0.023849185054623693
vn 0.22894860537766668 -0.9545959719244983 0.19060185329934232
vn -0.14638906409443433 -0.9889395625040925 0.023849185054623693
vn -0.14429145849280456 -0.9709024293315306 0.1911241683412943
vn 0.22894860537766668 -0.9545959719244983 0.19060185329934232
vn 0.22894860537766668 -0.9545959719244983 0.19060185329934232
vn -0.14429145849280456 -0.9709024293315306 0.1911241683412943
vn 0.22894860537766668 -0.9545959719244983 0.19060185329934232
vn -0.14429145849280456 -0.9709024293315306 0.1911241683412943
vn -0.14429145849280456 -0.9709024293315306 0.1911241683412943
vn 0.22894860537766668 -0.9545959719244983 0.19060185329934232
vn 0.22894860537766668 -0.9545959719244983 0.19060185329934232
vn -0.14429145849280456 -0.9709024293315306 0.1911241683412943
vn 0.22894860537766668 -0.9545959719244983 0.19060185329934232
vn -0.14429145849280456 -0.9709024293315306 0.1911241683412943
vn -0.14429145849280456 -0.9709024293315306 0.1911241683412943
vn 0.22894860537766668 -0.9545959719244983 0.19060185329934232
vn 0.22894860537766668 -0.9545959719244983 0.19060185329934232
vn -0.14429145849280456 -0.9709024293315306 0.1911241683412943
vn 0.21034296041271114 -0.8804370242021782 0.42495468631235234
vn -0.14429145849280456 -0.9709024293315306 0.1911241683412943
vn -0.13385140563869408 -0.8947935478492649 0.42594401972075036
vn 0.21034296041271114 -0.8804370242021782 0.42495468631235234
vn 0.21034296041271114 -0.8804370242021782 0.42495468631235234
vn -0.13385140563869408 -0.8947935478492649 0.42594401972075036
vn 0.21034296041271114 -0.8804370242021782 0.42495468631235234
vn -0.13385140563869408 -0.8947935478492649 0.42594401972075036
vn -0.13385140563869408 -0.8947935478492649 0.42594401972075036
vn 0.21034296041271114 -0.8804370242021782 0.42495468631235234
vn 0.21034296041271114 -0.8804370242021782 0.42495468631235234
vn -0.13385140563869408 -0.8947935478492649 0.42594401972075036
vn 0.19184332936349235 -0.8056604203313935 0.5604528741028749
vn -0.13385140563869408 -0.8947935478492649 0.42594401972075036
vn -0.1136929511386951 -0.7520544327611774 0.6492211048831036
vn 0.19184332936349235 -0.8056604203313935 0.5604528741028749
vn 0.19184332936349235 -0.8056604203313935 0.5604528741028749
vn -0.1136929511386951 -0.7520544327611774 0.6492211048831036
vn 0.1671176736717889 -0.7052111773086522 0.6890202308680594
vn -0.1136929511386951 -0.7520544327611774 0.6492211048831036
vn -0.1136929511386951 -0.7520544327611774 0.6492211048831036
vn 0.1671176736717889 -0.7052111773086522 0.6890202308680594
vn 0.1671176736717889 -0.7052111773086522 0.6890202308680594
vn -0.1136929511386951 -0.7520544327611774 0.6492211048831036
vn 0.1671176736717889 -0.7052111773086522 0.6890202308680594
vn -0.1136929511386951 -0.7520544327611774 0.6492211048831036
vn -0.1136929511386951 -0.7520544327611774 0.6492211048831036
vn 0.1671176736717889 -0.7052111773086522 0.6890202308680594
vn 0.1671176736717889 -0.7052111773086522 0.6890202308680594
vn -0.1136929511386951 -0.7520544327611774 0.6492211048831036
vn 0.13624432887839757 -0.5792239395445845 0.8037021280965522
vn -0.1136929511386951 -0.7520544327611774 0.6492211048831036
vn -0.07543886251809374 -0.4853767325233096 0.8710444337385848
vn 0.13624432887839757 -0.5792239395445845 0.8037021280965522
vn 0.13624432887839757 -0.5792239395445845 0.8037021280965522
vn -0.07543886251809374 -0.4853767325233096 0.8710444337385848
vn 0.08531447494910037 -0.3703390357673193 0.9249705070709506
vn -0.07543886251809374 -0.4853767325233096 0.8710444337385848
vn -0.07543886251809374 -0.4853767325233096 0.8710444337385848
vn 0.08531447494910037 -0.3703390357673193 0.9249705070709506
vn 0.08531447494910037 -0.3703390357673193 0.9249705070709506
vn -0.07543886251809374 -0.4853767325233096 0.8710444337385848
vn 0.08531447494910037 -0.3703390357673193 0.9249705070709506
vn -0.07543886251809374 -0.4853767325233096 0.8710444337385848
vn -0.07543886251809374 -0.4853767325233096 0.8710444337385848
vn 0.08531447494910037 -0.3703390357673193 0.9249705070709506
vn 0.08531447494910037 -0.3703390357673193 0.9249705070709506
vn -0.07543886251809374 -0.4853767325233096 0.8710444337385848
vn 0.08531447494910037 -0.3703390357673193 0.9249705070709506
vn -0.07543886251809374 -0.4853767325233096 0.8710444337385848
vn -0.03286422027354448 -0.19275276265040314 0.9806968519968082
vn 0.08531447494910037 -0.3703390357673193 0.9249705070709506
vn 0.08531447494910037 -0.3703390357673193 0.9249705070709506
vn -0.03286422027354448 -0.19275276265040314 0.9806968519968082
vn 0.01776552203454548 -0.08814980105230592 0.9959487932626251
vn -0.03286422027354448 -0.19275276265040314 0.9806968519968082
vn -0.03286422027354448 -0.19275276265040314 0.9806968519968082
vn 0.01776552203454548 -0.08814980105230592 0.9959487932626251
vn 0.01776552203454548 -0.08814980105230592 0.9959487932626251
vn -0.03286422027354448 -0.19275276265040314 0.9806968519968082
vn 0.01776552203454548 -0.08814980105230592 0.9959487932626251
vn -0.03286422027354448 -0.19275276265040314 0.9806968519968082
vn -0.008420866974320915 -0.03875434426368865 0.9992132854401469
vn 0.01776552203454548 -0.08814980105230592 0.9959487932626251
vn -0.0031647494208125373 -0.039533396083432315 -0.9992132379803693
vn -0.018400646515678007 -0.035059146143940685 -0.9992158287774783
vn -0.02437223637610356 -0.1940092410423959 -0.980696899395619
vn -0.018400646515678007 -0.035059146143940685 -0.9992158287774783
vn -0.13173975150964318 -0.22151398827763435 -0.9662174656201955
vn -0.02437223637610356 -0.1940092410423959 -0.980696899395619
vn -0.02437223637610356 -0.1940092410423959 -0.980696899395619
vn -0.13173975150964318 -0.22151398827763435 -0.9662174656201955
vn -0.02437223637610356 -0.1940092410423959 -0.980696899395619
vn -0.13173975150964318 -0.22151398827763435 -0.9662174656201955
vn -0.13173975150964318 -0.22151398827763435 -0.9662174656201955
vn -0.02437223637610356 -0.1940092410423959 -0.980696899395619
vn -0.02437223637610356 -0.1940092410423959 -0.980696899395619
vn -0.13173975150964318 -0.22151398827763435 -0.9662174656201955
vn -0.06837646829806453 -0.4864223419940464 -0.8710441801608636
vn -0.13173975150964318 -0.22151398827763435 -0.9662174656201955
vn -0.13173975150964318 -0.22151398827763435 -0.9662174656201955
vn -0.06837646829806453 -0.4864223419940464 -0.8710441801608636
vn -0.06837646829806453 -0.4864223419940464 -0.8710441801608636
vn -0.13173975150964318 -0.22151398827763435 -0.9662174656201955
vn -0.06837646829806453 -0.4864223419940464 -0.8710441801608636
vn -0.13173975150964318 -0.22151398827763435 -0.9662174656201955
vn -0.2826494607307653 -0.4641308540257306 -0.8394592501664113
vn -0.06837646829806453 -0.4864223419940464 -0.8710441801608636
vn -0.06837646829806453 -0.4864223419940464 -0.8710441801608636
vn -0.2826494607307653 -0.4641308540257306 -0.8394592501664113
vn -0.06837646829806453 -0.4864223419940464 -0.8710441801608636
vn -0.2826494607307653 -0.4641308540257306 -0.8394592501664113
vn -0.2826494607307653 -0.4641308540257306 -0.8394592501664113
vn -0.06837646829806453 -0.4864223419940464 -0.8710441801608636
vn -0.06837646829806453 -0.4864223419940464 -0.8710441801608636
vn -0.2826494607307653 -0.4641308540257306 -0.8394592501664113
vn -0.09736298920717659 -0.6767898902955678 -0.7297094577476414
vn -0.2826494607307653 -0.4641308540257306 -0.8394592501664113
vn -0.35660750681634795 -0.5826038286824005 -0.7303450313973778
vn -0.09736298920717659 -0.6767898902955678 -0.7297094577476414
vn -0.09736298920717659 -0.6767898902955678 -0.7297094577476414
vn -0.35660750681634795 -0.5826038286824005 -0.7303450313973778
vn -0.11906700397516923 -0.8180786244950107 -0.5626459034852459
vn -0.35660750681634795 -0.5826038286824005 -0.7303450313973778
vn -0.4325471479163106 -0.7039356164540855 -0.5633627718591919
vn -0.11906700397516923 -0.8180786244950107 -0.5626459034852459
vn -0.11906700397516923 -0.8180786244950107 -0.5626459034852459
vn -0.4325471479163106 -0.7039356164540855 -0.5633627718591919
vn -0.11906700397516923 -0.8180786244950107 -0.5626459034852459
vn -0.4325471479163106 -0.7039356164540855 -0.5633627718591919
vn -0.4325471479163106 -0.7039356164540855 -0.5633627718591919
vn -0.11906700397516923 -0.8180786244950107 -0.5626459034852459
vn -0.11906700397516923 -0.8180786244950107 -0.5626459034852459
vn -0.4325471479163106 -0.7039356164540855 -0.5633627718591919
vn -0.11906700397516923 -0.8180786244950107 -0.5626459034852459
vn -0.4325471479163106 -0.7039356164540855 -0.5633627718591919
vn -0.4325471479163106 -0.7039356164540855 -0.5633627718591919
vn -0.11906700397516923 -0.8180786244950107 -0.5626459034852459
vn -0.11906700397516923 -0.8180786244950107 -0.5626459034852459
vn -0.4325471479163106 -0.7039356164540855 -0.5633627718591919
vn -0.13423554393559892 -0.9155317404625577 -0.3791865648330829
vn -0.4325471479163106 -0.7039356164540855 -0.5633627718591919
vn -0.49465489448640115 -0.8026510486984951 -0.33326840441880073
vn -0.13423554393559892 -0.9155317404625577 -0.3791865648330829
vn -0.13423554393559892 -0.9155317404625577 -0.3791865648330829
vn -0.49465489448640115 -0.8026510486984951 -0.33326840441880073
vn -0.13940735017746947 -0.9482252500163434 -0.2853672475038782
vn -0.49465489448640115 -0.8026510486984951 -0.33326840441880073
vn -0.49465489448640115 -0.8026510486984951 -0.33326840441880073
vn -0.13940735017746947 -0.9482252500163434 -0.2853672475038782
vn -0.13940735017746947 -0.9482252500163434 -0.2853672475038782
vn -0.49465489448640115 -0.8026510486984951 -0.33326840441880073
vn -0.1453006119507407 -0.9839534766099735 -0.10355331010589011
vn -0.49465489448640115 -0.8026510486984951 -0.33326840441880073
vn -0.5225515484853965 -0.8462723686706929 -0.10374467311630535
vn -0.1453006119507407 -0.9839534766099735 -0.10355331010589011
vn -0.1453006119507407 -0.9839534766099735 -0.10355331010589011
vn -0.5225515484853965 -0.8462723686706929 -0.10374467311630535
vn -0.1453006119507407 -0.9839534766099735 -0.10355331010589011
vn -0.5225515484853965 -0.8462723686706929 -0.10374467311630535
vn -0.5225515484853965 -0.8462723686706929 -0.10374467311630535
vn -0.1453006119507407 -0.9839534766099735 -0.10355331010589011
vn -0.1453006119507407 -0.9839534766099735 -0.10355331010589011
vn -0.5225515484853965 -0.8462723686706929 -0.10374467311630535
vn -0.1453006119507407 -0.9839534766099735 -0.10355331010589011
vn -0.5225515484853965 -0.8462723686706929 -0.10374467311630535
vn -0.5225515484853965 -0.8462723686706929 -0.10374467311630535
vn -0.1453006119507407 -0.9839534766099735 -0.10355331010589011
vn -0.1453006119507407 -0.9839534766099735 -0.10355331010589011
vn -0.5225515484853965 -0.8462723686706929 -0.10374467311630535
vn -0.14638906409443433 -0.9889395625040925 0.023849185054623693
vn -0.5225515484853965 -0.8462723686706929 -0.10374467311630535
vn -0.5255468599546976 -0.850429076167396 0.02389318733084898
vn -0.14638906409443433 -0.9889395625040925 0.023849185054623693
vn -0.14638906409443433 -0.9889395625040925 0.023849185054623693
vn -0.5255468599546976 -0.850429076167396 0.02389318733084898
vn -0.14429145849280456 -0.9709024293315306 0.1911241683412943
vn -0.5255468599546976 -0.850429076167396 0.02389318733084898
vn -0.5164749715766218 -0.834621742563424 0.19146840620666655
vn -0.14429145849280456 -0.9709024293315306 0.1911241683412943
vn -0.14429145849280456 -0.9709024293315306 0.1911241683412943
vn -0.5164749715766218 -0.834621742563424 0.19146840620666655
vn -0.14429145849280456 -0.9709024293315306 0.1911241683412943
vn -0.5164749715766218 -0.834621742563424 0.19146840620666655
vn -0.5164749715766218 -0.834621742563424 0.19146840620666655
vn -0.14429145849280456 -0.9709024293315306 0.1911241683412943
vn -0.14429145849280456 -0.9709024293315306 0.1911241683412943
vn -0.5164749715766218 -0.834621742563424 0.19146840620666655
vn -0.14429145849280456 -0.9709024293315306 0.1911241683412943
vn -0.5164749715766218 -0.834621742563424 0.19146840620666655
vn -0.5164749715766218 -0.834621742563424 0.19146840620666655
vn -0.14429145849280456 -0.9709024293315306 0.1911241683412943
vn -0.14429145849280456 -0.9709024293315306 0.1911241683412943
vn -0.5164749715766218 -0.834621742563424 0.19146840620666655
vn -0.13385140563869408 -0.8947935478492649 0.42594401972075036
vn -0.5164749715766218 -0.834621742563424 0.19146840620666655
vn -0.47669396090544963 -0.7686223433855435 0.42659414070611573
vn -0.13385140563869408 -0.8947935478492649 0.42594401972075036
vn -0.13385140563869408 -0.8947935478492649 0.42594401972075036
vn -0.47669396090544963 -0.7686223433855435 0.42659414070611573
vn -0.13385140563869408 -0.8947935478492649 0.42594401972075036
vn -0.47669396090544963 -0.7686223433855435 0.42659414070611573
vn -0.47669396090544963 -0.7686223433855435 0.42659414070611573
vn -0.13385140563869408 -0.8947935478492649 0.42594401972075036
vn -0.13385140563869408 -0.8947935478492649 0.42594401972075036
vn -0.47669396090544963 -0.7686223433855435 0.42659414070611573
vn -0.1136929511386951 -0.7520544327611774 0.6492211048831036
vn -0.47669396090544963 -0.7686223433855435 0.42659414070611573
vn -0.41987947743955534 -0.6751938641465282 0.6064770978725954
vn -0.1136929511386951 -0.7520544327611774 0.6492211048831036
vn -0.1136929511386951 -0.7520544327611774 0.6492211048831036
vn -0.41987947743955534 -0.6751938641465282 0.6064770978725954
vn -0.1136929511386951 -0.7520544327611774 0.6492211048831036
vn -0.41987947743955534 -0.6751938641465282 0.6064770978725954
vn -0.41987947743955534 -0.6751938641465282 0.6064770978725954
vn -0.1136929511386951 -0.7520544327611774 0.6492211048831036
vn -0.1136929511386951 -0.7520544327611774 0.6492211048831036
vn -0.41987947743955534 -0.6751938641465282 0.6064770978725954
vn -0.1136929511386951 -0.7520544327611774 0.6492211048831036
vn -0.41987947743955534 -0.6751938641465282 0.6064770978725954
vn -0.36152604158394136 -0.5795648683793972 0.730344771047906
vn -0.1136929511386951 -0.7520544327611774 0.6492211048831036
vn -0.1136929511386951 -0.7520544327611774 0.6492211048831036
vn -0.36152604158394136 -0.5795648683793972 0.730344771047906
vn -0.07543886251809374 -0.4853767325233096 0.8710444337385848
vn -0.36152604158394136 -0.5795648683793972 0.730344771047906
vn -0.288654051561002 -0.4604200897415561 0.8394594567218812
vn -0.07543886251809374 -0.4853767325233096 0.8710444337385848
vn -0.07543886251809374 -0.4853767325233096 0.8710444337385848
vn -0.288654051561002 -0.4604200897415561 0.8394594567218812
vn -0.07543886251809374 -0.4853767325233096 0.8710444337385848
vn -0.288654051561002 -0.4604200897415561 0.8394594567218812
vn -0.288654051561002 -0.4604200897415561 0.8394594567218812
vn -0.07543886251809374 -0.4853767325233096 0.8710444337385848
vn -0.07543886251809374 -0.4853767325233096 0.8710444337385848
vn -0.288654051561002 -0.4604200897415561 0.8394594567218812
vn -0.07543886251809374 -0.4853767325233096 0.8710444337385848
vn -0.288654051561002 -0.4604200897415561 0.8394594567218812
vn -0.1391782169368057 -0.2169175900540654 0.966217461576548
vn -0.07543886251809374 -0.4853767325233096 0.8710444337385848
vn -0.07543886251809374 -0.4853767325233096 0.8710444337385848
vn -0.1391782169368057 -0.2169175900540654 0.966217461576548
vn -0.03286422027354448 -0.19275276265040314 0.9806968519968082
vn -0.1391782169368057 -0.2169175900540654 0.966217461576548
vn -0.1391782169368057 -0.2169175900540654 0.966217461576548
vn -0.03286422027354448 -0.19275276265040314 0.9806968519968082
vn -0.03286422027354448 -0.19275276265040314 0.9806968519968082
vn -0.1391782169368057 -0.2169175900540654 0.966217461576548
vn -0.03286422027354448 -0.19275276265040314 0.9806968519968082
vn -0.1391782169368057 -0.2169175900540654 0.966217461576548
vn -0.1391782169368057 -0.2169175900540654 0.966217461576548
vn -0.03286422027354448 -0.19275276265040314 0.9806968519968082
vn -0.03286422027354448 -0.19275276265040314 0.9806968519968082
vn -0.1391782169368057 -0.2169175900540654 0.966217461576548
vn -0.008420866974320915 -0.03875434426368865 0.9992132854401469
vn -0.1391782169368057 -0.2169175900540654 0.966217461576548
vn -0.023123099800897606 -0.03213965436995283 0.9992158750102891
vn -0.008420866974320915 -0.03875434426368865 0.9992132854401469
vn -0.018400646515678007 -0.035059146143940685 -0.9992158287774783
vn -0.12021073759980995 -0.08989775226422221 -0.9886696984855711
vn -0.13173975150964318 -0.22151398827763435 -0.9662174656201955
vn -0.12021073759980995 -0.08989775226422221 -0.9886696984855711
vn -0.12021073759980995 -0.08989775226422221 -0.9886696984855711
vn -0.13173975150964318 -0.22151398827763435 -0.9662174656201955
vn -0.13173975150964318 -0.22151398827763435 -0.9662174656201955
vn -0.12021073759980995 -0.08989775226422221 -0.9886696984855711
vn -0.13173975150964318 -0.22151398827763435 -0.9662174656201955
vn -0.12021073759980995 -0.08989775226422221 -0.9886696984855711
vn -0.12021073759980995 -0.08989775226422221 -0.9886696984855711
vn -0.13173975150964318 -0.22151398827763435 -0.9662174656201955
vn -0.13173975150964318 -0.22151398827763435 -0.9662174656201955
vn -0.12021073759980995 -0.08989775226422221 -0.9886696984855711
vn -0.13173975150964318 -0.22151398827763435 -0.9662174656201955
vn -0.12021073759980995 -0.08989775226422221 -0.9886696984855711
vn -0.3081591946226014 -0.2234874907811021 -0.9247114426857258
vn -0.13173975150964318 -0.22151398827763435 -0.9662174656201955
vn -0.13173975150964318 -0.22151398827763435 -0.9662174656201955
vn -0.3081591946226014 -0.2234874907811021 -0.9247114426857258
vn -0.2826494607307653 -0.4641308540257306 -0.8394592501664113
vn -0.3081591946226014 -0.2234874907811021 -0.9247114426857258
vn -0.4818770967809489 -0.34599122996273396 -0.8050369757885898
vn -0.2826494607307653 -0.4641308540257306 -0.8394592501664113
vn -0.2826494607307653 -0.4641308540257306 -0.8394592501664113
vn -0.4818770967809489 -0.34599122996273396 -0.8050369757885898
vn -0.2826494607307653 -0.4641308540257306 -0.8394592501664113
vn -0.4818770967809489 -0.34599122996273396 -0.8050369757885898
vn -0.4818770967809489 -0.34599122996273396 -0.8050369757885898
vn -0.2826494607307653 -0.4641308540257306 -0.8394592501664113
vn -0.2826494607307653 -0.4641308540257306 -0.8394592501664113
vn -0.4818770967809489 -0.34599122996273396 -0.8050369757885898
vn -0.35660750681634795 -0.5826038286824005 -0.7303450313973778
vn -0.4818770967809489 -0.34599122996273396 -0.8050369757885898
vn -0.4818770967809489 -0.34599122996273396 -0.8050369757885898
vn -0.35660750681634795 -0.5826038286824005 -0.7303450313973778
vn -0.35660750681634795 -0.5826038286824005 -0.7303450313973778
vn -0.4818770967809489 -0.34599122996273396 -0.8050369757885898
vn -0.4325471479163106 -0.7039356164540855 -0.5633627718591919
vn -0.4818770967809489 -0.34599122996273396 -0.8050369757885898
vn -0.6478085072966339 -0.46262336856552766 -0.6052468560275144
vn -0.4325471479163106 -0.7039356164540855 -0.5633627718591919
vn -0.4325471479163106 -0.7039356164540855 -0.5633627718591919
vn -0.6478085072966339 -0.46262336856552766 -0.6052468560275144
vn -0.4325471479163106 -0.7039356164540855 -0.5633627718591919
vn -0.6478085072966339 -0.46262336856552766 -0.6052468560275144
vn -0.6478085072966339 -0.46262336856552766 -0.6052468560275144
vn -0.4325471479163106 -0.7039356164540855 -0.5633627718591919
vn -0.4325471479163106 -0.7039356164540855 -0.5633627718591919
vn -0.6478085072966339 -0.46262336856552766 -0.6052468560275144
vn -0.4325471479163106 -0.7039356164540855 -0.5633627718591919
vn -0.6478085072966339 -0.46262336856552766 -0.6052468560275144
vn -0.7183117788657027 -0.5120145026975597 -0.47103008117333695
vn -0.4325471479163106 -0.7039356164540855 -0.5633627718591919
vn -0.4325471479163106 -0.7039356164540855 -0.5633627718591919
vn -0.7183117788657027 -0.5120145026975597 -0.47103008117333695
vn -0.49465489448640115 -0.8026510486984951 -0.33326840441880073
vn -0.7183117788657027 -0.5120145026975597 -0.47103008117333695
vn -0.7683749649072443 -0.5469594493967964 -0.33231803143877764
vn -0.49465489448640115 -0.8026510486984951 -0.33326840441880073
vn -0.49465489448640115 -0.8026510486984951 -0.33326840441880073
vn -0.7683749649072443 -0.5469594493967964 -0.33231803143877764
vn -0.49465489448640115 -0.8026510486984951 -0.33326840441880073
vn -0.7683749649072443 -0.5469594493967964 -0.33231803143877764
vn -0.7683749649072443 -0.5469594493967964 -0.33231803143877764
vn -0.49465489448640115 -0.8026510486984951 -0.33326840441880073
vn -0.49465489448640115 -0.8026510486984951 -0.33326840441880073
vn -0.7683749649072443 -0.5469594493967964 -0.33231803143877764
vn -0.5225515484853965 -0.8462723686706929 -0.10374467311630535
vn -0.7683749649072443 -0.5469594493967964 -0.33231803143877764
vn -0.8000643790620363 -0.568897183532128 -0.19040216365706206
vn -0.5225515484853965 -0.8462723686706929 -0.10374467311630535
vn -0.5225515484853965 -0.8462723686706929 -0.10374467311630535
vn -0.8000643790620363 -0.568897183532128 -0.19040216365706206
vn -0.5225515484853965 -0.8462723686706929 -0.10374467311630535
vn -0.8000643790620363 -0.568897183532128 -0.19040216365706206
vn -0.8137713477189678 -0.5781222444367401 -0.05958912752407706
vn -0.5225515484853965 -0.8462723686706929 -0.10374467311630535
vn -0.5225515484853965 -0.8462723686706929 -0.10374467311630535
vn -0.8137713477189678 -0.5781222444367401 -0.05958912752407706
vn -0.5225515484853965 -0.8462723686706929 -0.10374467311630535
vn -0.8137713477189678 -0.5781222444367401 -0.05958912752407706
vn -0.8137713477189678 -0.5781222444367401 -0.05958912752407706
vn -0.5225515484853965 -0.8462723686706929 -0.10374467311630535
vn -0.5225515484853965 -0.8462723686706929 -0.10374467311630535
vn -0.8137713477189678 -0.5781222444367401 -0.05958912752407706
vn -0.5255468599546976 -0.850429076167396 0.02389318733084898
vn -0.8137713477189678 -0.5781222444367401 -0.05958912752407706
vn -0.8151020979233503 -0.5788274986042428 0.023817993628943438
vn -0.5255468599546976 -0.850429076167396 0.02389318733084898
vn -0.5255468599546976 -0.850429076167396 0.02389318733084898
vn -0.8151020979233503 -0.5788274986042428 0.023817993628943438
vn -0.5164749715766218 -0.834621742563424 0.19146840620666655
vn -0.8151020979233503 -0.5788274986042428 0.023817993628943438
vn -0.8117662674685661 -0.5761526827627055 0.0953079909844392
vn -0.5164749715766218 -0.834621742563424 0.19146840620666655
vn -0.5164749715766218 -0.834621742563424 0.19146840620666655
vn -0.8117662674685661 -0.5761526827627055 0.0953079909844392
vn -0.5164749715766218 -0.834621742563424 0.19146840620666655
vn -0.8117662674685661 -0.5761526827627055 0.0953079909844392
vn -0.7923040931548131 -0.5617879590482387 0.23800948098456798
vn -0.5164749715766218 -0.834621742563424 0.19146840620666655
vn -0.5164749715766218 -0.834621742563424 0.19146840620666655
vn -0.7923040931548131 -0.5617879590482387 0.23800948098456798
vn -0.5164749715766218 -0.834621742563424 0.19146840620666655
vn -0.7923040931548131 -0.5617879590482387 0.23800948098456798
vn -0.7923040931548131 -0.5617879590482387 0.23800948098456798
vn -0.5164749715766218 -0.834621742563424 0.19146840620666655
vn -0.5164749715766218 -0.834621742563424 0.19146840620666655
vn -0.7923040931548131 -0.5617879590482387 0.23800948098456798
vn -0.47669396090544963 -0.7686223433855435 0.42659414070611573
vn -0.7923040931548131 -0.5617879590482387 0.23800948098456798
vn -0.7386247942326007 -0.5228810786490805 0.42547478296089686
vn -0.47669396090544963 -0.7686223433855435 0.42659414070611573
vn -0.47669396090544963 -0.7686223433855435 0.42659414070611573
vn -0.7386247942326007 -0.5228810786490805 0.42547478296089686
vn -0.47669396090544963 -0.7686223433855435 0.42659414070611573
vn -0.7386247942326007 -0.5228810786490805 0.42547478296089686
vn -0.7386247942326007 -0.5228810786490805 0.42547478296089686
vn -0.47669396090544963 -0.7686223433855435 0.42659414070611573
vn -0.47669396090544963 -0.7686223433855435 0.42659414070611573
vn -0.7386247942326007 -0.5228810786490805 0.42547478296089686
vn -0.41987947743955534 -0.6751938641465282 0.6064770978725954
vn -0.7386247942326007 -0.5228810786490805 0.42547478296089686
vn -0.6502272523091209 -0.4592183556041078 0.605246249249667
vn -0.41987947743955534 -0.6751938641465282 0.6064770978725954
vn -0.41987947743955534 -0.6751938641465282 0.6064770978725954
vn -0.6502272523091209 -0.4592183556041078 0.605246249249667
vn -0.41987947743955534 -0.6751938641465282 0.6064770978725954
vn -0.6502272523091209 -0.4592183556041078 0.605246249249667
vn -0.6502272523091209 -0.4592183556041078 0.605246249249667
vn -0.41987947743955534 -0.6751938641465282 0.6064770978725954
vn -0.41987947743955534 -0.6751938641465282 0.6064770978725954
vn -0.6502272523091209 -0.4592183556041078 0.605246249249667
vn -0.36152604158394136 -0.5795648683793972 0.730344771047906
vn -0.6502272523091209 -0.4592183556041078 0.605246249249667
vn -0.5594171231343766 -0.3940141758830833 0.7292498279377462
vn -0.36152604158394136 -0.5795648683793972 0.730344771047906
vn -0.36152604158394136 -0.5795648683793972 0.730344771047906
vn -0.5594171231343766 -0.3940141758830833 0.7292498279377462
vn -0.288654051561002 -0.4604200897415561 0.8394594567218812
vn -0.5594171231343766 -0.3940141758830833 0.7292498279377462
vn -0.4459409443666296 -0.3127001245543346 0.8386628084284542
vn -0.288654051561002 -0.4604200897415561 0.8394594567218812
vn -0.288654051561002 -0.4604200897415561 0.8394594567218812
vn -0.4459409443666296 -0.3127001245543346 0.8386628084284542
vn -0.288654051561002 -0.4604200897415561 0.8394594567218812
vn -0.4459409443666296 -0.3127001245543346 0.8386628084284542
vn -0.4459409443666296 -0.3127001245543346 0.8386628084284542
vn -0.288654051561002 -0.4604200897415561 0.8394594567218812
vn -0.288654051561002 -0.4604200897415561 0.8394594567218812
vn -0.4459409443666296 -0.3127001245543346 0.8386628084284542
vn -0.1391782169368057 -0.2169175900540654 0.966217461576548
vn -0.4459409443666296 -0.3127001245543346 0.8386628084284542
vn -0.3125380266537653 -0.2173206202420896 0.9247117009711534
vn -0.1391782169368057 -0.2169175900540654 0.966217461576548
vn -0.1391782169368057 -0.2169175900540654 0.966217461576548
vn -0.3125380266537653 -0.2173206202420896 0.9247117009711534
vn -0.1391782169368057 -0.2169175900540654 0.966217461576548
vn -0.3125380266537653 -0.2173206202420896 0.9247117009711534
vn -0.12448416228843401 -0.083880151008559 0.9886697191712349
vn -0.1391782169368057 -0.2169175900540654 0.966217461576548
vn -0.1391782169368057 -0.2169175900540654 0.966217461576548
vn -0.12448416228843401 -0.083880151008559 0.9886697191712349
vn -0.1391782169368057 -0.2169175900540654 0.966217461576548
vn -0.12448416228843401 -0.083880151008559 0.9886697191712349
vn -0.12448416228843401 -0.083880151008559 0.9886697191712349
vn -0.1391782169368057 -0.2169175900540654 0.966217461576548
vn -0.1391782169368057 -0.2169175900540654 0.966217461576548
vn -0.12448416228843401 -0.083880151008559 0.9886697191712349
vn -0.023123099800897606 -0.03213965436995283 0.9992158750102891
vn -0.12448416228843401 -0.083880151008559 0.9886697191712349
vn -0.12448416228843401 -0.083880151008559 0.9886697191712349
vn -0.023123099800897606 -0.03213965436995283 0.9992158750102891
vn -0.12021073759980995 -0.08989775226422221 -0.9886696984855711
vn -0.14515105169480957 -0.037885633095750694 -0.9886838984209386
vn -0.12021073759980995 -0.08989775226422221 -0.9886696984855711
vn -0.14515105169480957 -0.037885633095750694 -0.9886838984209386
vn -0.14515105169480957 -0.037885633095750694 -0.9886838984209386
vn -0.12021073759980995 -0.08989775226422221 -0.9886696984855711
vn -0.12021073759980995 -0.08989775226422221 -0.9886696984855711
vn -0.14515105169480957 -0.037885633095750694 -0.9886838984209386
vn -0.12021073759980995 -0.08989775226422221 -0.9886696984855711
vn -0.14515105169480957 -0.037885633095750694 -0.9886838984209386
vn -0.14515105169480957 -0.037885633095750694 -0.9886838984209386
vn -0.12021073759980995 -0.08989775226422221 -0.9886696984855711
vn -0.12021073759980995 -0.08989775226422221 -0.9886696984855711
vn -0.14515105169480957 -0.037885633095750694 -0.9886838984209386
vn -0.3081591946226014 -0.2234874907811021 -0.9247114426857258
vn -0.14515105169480957 -0.037885633095750694 -0.9886838984209386
vn -0.4249807508143822 -0.10341872060575427 -0.8992752246478899
vn -0.3081591946226014 -0.2234874907811021 -0.9247114426857258
vn -0.3081591946226014 -0.2234874907811021 -0.9247114426857258
vn -0.4249807508143822 -0.10341872060575427 -0.8992752246478899
vn -0.4818770967809489 -0.34599122996273396 -0.8050369757885898
vn -0.4249807508143822 -0.10341872060575427 -0.8992752246478899
vn -0.4249807508143822 -0.10341872060575427 -0.8992752246478899
vn -0.4818770967809489 -0.34599122996273396 -0.8050369757885898
vn -0.4818770967809489 -0.34599122996273396 -0.8050369757885898
vn -0.4249807508143822 -0.10341872060575427 -0.8992752246478899
vn -0.4818770967809489 -0.34599122996273396 -0.8050369757885898
vn -0.4249807508143822 -0.10341872060575427 -0.8992752246478899
vn -0.622584215988108 -0.14896592312172302 -0.7682434820751592
vn -0.4818770967809489 -0.34599122996273396 -0.8050369757885898
vn -0.4818770967809489 -0.34599122996273396 -0.8050369757885898
vn -0.622584215988108 -0.14896592312172302 -0.7682434820751592
vn -0.4818770967809489 -0.34599122996273396 -0.8050369757885898
vn -0.622584215988108 -0.14896592312172302 -0.7682434820751592
vn -0.622584215988108 -0.14896592312172302 -0.7682434820751592
vn -0.4818770967809489 -0.34599122996273396 -0.8050369757885898
vn -0.4818770967809489 -0.34599122996273396 -0.8050369757885898
vn -0.622584215988108 -0.14896592312172302 -0.7682434820751592
vn -0.6478085072966339 -0.46262336856552766 -0.6052468560275144
vn -0.622584215988108 -0.14896592312172302 -0.7682434820751592
vn -0.7743505763566284 -0.1837288869233212 -0.6054955664627736
vn -0.6478085072966339 -0.46262336856552766 -0.6052468560275144
vn -0.6478085072966339 -0.46262336856552766 -0.6052468560275144
vn -0.7743505763566284 -0.1837288869233212 -0.6054955664627736
vn -0.6478085072966339 -0.46262336856552766 -0.6052468560275144
vn -0.7743505763566284 -0.1837288869233212 -0.6054955664627736
vn -0.7743505763566284 -0.1837288869233212 -0.6054955664627736
vn -0.6478085072966339 -0.46262336856552766 -0.6052468560275144
vn -0.6478085072966339 -0.46262336856552766 -0.6052468560275144
vn -0.7743505763566284 -0.1837288869233212 -0.6054955664627736
vn -0.7183117788657027 -0.5120145026975597 -0.47103008117333695
vn -0.7743505763566284 -0.1837288869233212 -0.6054955664627736
vn -0.8583477824041243 -0.20284366816859703 -0.4712680030787468
vn -0.7183117788657027 -0.5120145026975597 -0.47103008117333695
vn -0.7183117788657027 -0.5120145026975597 -0.47103008117333695
vn -0.8583477824041243 -0.20284366816859703 -0.4712680030787468
vn -0.7683749649072443 -0.5469594493967964 -0.33231803143877764
vn -0.8583477824041243 -0.20284366816859703 -0.4712680030787468
vn -0.9179604150162992 -0.21630098153438404 -0.33250949136884134
vn -0.7683749649072443 -0.5469594493967964 -0.33231803143877764
vn -0.7683749649072443 -0.5469594493967964 -0.33231803143877764
vn -0.9179604150162992 -0.21630098153438404 -0.33250949136884134
vn -0.7683749649072443 -0.5469594493967964 -0.33231803143877764
vn -0.9179604150162992 -0.21630098153438404 -0.33250949136884134
vn -0.9179604150162992 -0.21630098153438404 -0.33250949136884134
vn -0.7683749649072443 -0.5469594493967964 -0.33231803143877764
vn -0.7683749649072443 -0.5469594493967964 -0.33231803143877764
vn -0.9179604150162992 -0.21630098153438404 -0.33250949136884134
vn -0.8000643790620363 -0.568897183532128 -0.19040216365706206
vn -0.9179604150162992 -0.21630098153438404 -0.33250949136884134
vn -0.9683035195441946 -0.22733155314062173 -0.10348265064733518
vn -0.8000643790620363 -0.568897183532128 -0.19040216365706206
vn -0.8000643790620363 -0.568897183532128 -0.19040216365706206
vn -0.9683035195441946 -0.22733155314062173 -0.10348265064733518
vn -0.8137713477189678 -0.5781222444367401 -0.05958912752407706
vn -0.9683035195441946 -0.22733155314062173 -0.10348265064733518
vn -0.9683035195441946 -0.22733155314062173 -0.10348265064733518
vn -0.8137713477189678 -0.5781222444367401 -0.05958912752407706
vn -0.8137713477189678 -0.5781222444367401 -0.05958912752407706
vn -0.9683035195441946 -0.22733155314062173 -0.10348265064733518
vn -0.8137713477189678 -0.5781222444367401 -0.05958912752407706
vn -0.9683035195441946 -0.22733155314062173 -0.10348265064733518
vn -0.9683035195441946 -0.22733155314062173 -0.10348265064733518
vn -0.8137713477189678 -0.5781222444367401 -0.05958912752407706
vn -0.8137713477189678 -0.5781222444367401 -0.05958912752407706
vn -0.9683035195441946 -0.22733155314062173 -0.10348265064733518
vn -0.8151020979233503 -0.5788274986042428 0.023817993628943438
vn -0.9683035195441946 -0.22733155314062173 -0.10348265064733518
vn -0.9733317222980825 -0.2281606878793094 0.02383398570714976
vn -0.8151020979233503 -0.5788274986042428 0.023817993628943438
vn -0.8151020979233503 -0.5788274986042428 0.023817993628943438
vn -0.9733317222980825 -0.2281606878793094 0.02383398570714976
vn -0.8117662674685661 -0.5761526827627055 0.0953079909844392
vn -0.9733317222980825 -0.2281606878793094 0.02383398570714976
vn -0.9558117313210339 -0.22348263680954134 0.1909959300973253
vn -0.8117662674685661 -0.5761526827627055 0.0953079909844392
vn -0.8117662674685661 -0.5761526827627055 0.0953079909844392
vn -0.9558117313210339 -0.22348263680954134 0.1909959300973253
vn -0.7923040931548131 -0.5617879590482387 0.23800948098456798
vn -0.9558117313210339 -0.22348263680954134 0.1909959300973253
vn -0.9558117313210339 -0.22348263680954134 0.1909959300973253
vn -0.7923040931548131 -0.5617879590482387 0.23800948098456798
vn -0.7923040931548131 -0.5617879590482387 0.23800948098456798
vn -0.9558117313210339 -0.22348263680954134 0.1909959300973253
vn -0.7923040931548131 -0.5617879590482387 0.23800948098456798
vn -0.9558117313210339 -0.22348263680954134 0.1909959300973253
vn -0.9558117313210339 -0.22348263680954134 0.1909959300973253
vn -0.7923040931548131 -0.5617879590482387 0.23800948098456798
vn -0.7923040931548131 -0.5617879590482387 0.23800948098456798
vn -0.9558117313210339 -0.22348263680954134 0.1909959300973253
vn -0.7386247942326007 -0.5228810786490805 0.42547478296089686
vn -0.9558117313210339 -0.22348263680954134 0.1909959300973253
vn -0.8812921117886314 -0.2051899151568061 0.4257009659574158
vn -0.7386247942326007 -0.5228810786490805 0.42547478296089686
vn -0.7386247942326007 -0.5228810786490805 0.42547478296089686
vn -0.8812921117886314 -0.2051899151568061 0.4257009659574158
vn -0.7386247942326007 -0.5228810786490805 0.42547478296089686
vn -0.8812921117886314 -0.2051899151568061 0.4257009659574158
vn -0.8812921117886314 -0.2051899151568061 0.4257009659574158
vn -0.7386247942326007 -0.5228810786490805 0.42547478296089686
vn -0.7386247942326007 -0.5228810786490805 0.42547478296089686
vn -0.8812921117886314 -0.2051899151568061 0.4257009659574158
vn -0.6502272523091209 -0.4592183556041078 0.605246249249667
vn -0.8812921117886314 -0.2051899151568061 0.4257009659574158
vn -0.741265475500358 -0.1713970899004752 0.648959576865059
vn -0.6502272523091209 -0.4592183556041078 0.605246249249667
vn -0.6502272523091209 -0.4592183556041078 0.605246249249667
vn -0.741265475500358 -0.1713970899004752 0.648959576865059
vn -0.6502272523091209 -0.4592183556041078 0.605246249249667
vn -0.741265475500358 -0.1713970899004752 0.648959576865059
vn -0.741265475500358 -0.1713970899004752 0.648959576865059
vn -0.6502272523091209 -0.4592183556041078 0.605246249249667
vn -0.6502272523091209 -0.4592183556041078 0.605246249249667
vn -0.741265475500358 -0.1713970899004752 0.648959576865059
vn -0.5594171231343766 -0.3940141758830833 0.7292498279377462
vn -0.741265475500358 -0.1713970899004752 0.648959576865059
vn -0.741265475500358 -0.1713970899004752 0.648959576865059
vn -0.5594171231343766 -0.3940141758830833 0.7292498279377462
vn -0.5594171231343766 -0.3940141758830833 0.7292498279377462
vn -0.741265475500358 -0.1713970899004752 0.648959576865059
vn -0.4459409443666296 -0.3127001245543346 0.8386628084284542
vn -0.741265475500358 -0.1713970899004752 0.648959576865059
vn -0.579225647424511 -0.13259716058491267 0.8043106628476803
vn -0.4459409443666296 -0.3127001245543346 0.8386628084284542
vn -0.4459409443666296 -0.3127001245543346 0.8386628084284542
vn -0.579225647424511 -0.13259716058491267 0.8043106628476803
vn -0.4459409443666296 -0.3127001245543346 0.8386628084284542
vn -0.579225647424511 -0.13259716058491267 0.8043106628476803
vn -0.42666121929570927 -0.0962487748459021 0.8992754735284186
vn -0.4459409443666296 -0.3127001245543346 0.8386628084284542
vn -0.4459409443666296 -0.3127001245543346 0.8386628084284542
vn -0.42666121929570927 -0.0962487748459021 0.8992754735284186
vn -0.3125380266537653 -0.2173206202420896 0.9247117009711534
vn -0.42666121929570927 -0.0962487748459021 0.8992754735284186
vn -0.42666121929570927 -0.0962487748459021 0.8992754735284186
vn -0.3125380266537653 -0.2173206202420896 0.9247117009711534
vn -0.3125380266537653 -0.2173206202420896 0.9247117009711534
vn -0.42666121929570927 -0.0962487748459021 0.8992754735284186
vn -0.12448416228843401 -0.083880151008559 0.9886697191712349
vn -0.42666121929570927 -0.0962487748459021 0.8992754735284186
vn -0.14686427836482835 -0.0305773723973497 0.9886839272677854
vn -0.12448416228843401 -0.083880151008559 0.9886697191712349
vn -0.12448416228843401 -0.083880151008559 0.9886697191712349
vn -0.14686427836482835 -0.0305773723973497 0.9886839272677854
vn -0.12448416228843401 -0.083880151008559 0.9886697191712349
vn -0.14686427836482835 -0.0305773723973497 0.9886839272677854
vn -0.14686427836482835 -0.0305773723973497 0.9886839272677854
vn -0.12448416228843401 -0.083880151008559 0.9886697191712349
vn -0.12448416228843401 -0.083880151008559 0.9886697191712349
vn -0.14686427836482835 -0.0305773723973497 0.9886839272677854
vn -0.12448416228843401 -0.083880151008559 0.9886697191712349
vn -0.14686427836482835 -0.0305773723973497 0.9886839272677854
vn -0.14686427836482835 -0.0305773723973497 0.9886839272677854
vn -0.12448416228843401 -0.083880151008559 0.9886697191712349
vn -0.14515105169480957 -0.037885633095750694 -0.9886838984209386
vn -0.032884530883268495 0.003221186359270198 -0.9994539667173403
vn -0.14515105169480957 -0.037885633095750694 -0.9886838984209386
vn -0.032884530883268495 0.003221186359270198 -0.9994539667173403
vn -0.19348305968957602 0.02787058686961966 -0.980707671021647
vn -0.14515105169480957 -0.037885633095750694 -0.9886838984209386
vn -0.14515105169480957 -0.037885633095750694 -0.9886838984209386
vn -0.19348305968957602 0.02787058686961966 -0.980707671021647
vn -0.14515105169480957 -0.037885633095750694 -0.9886838984209386
vn -0.19348305968957602 0.02787058686961966 -0.980707671021647
vn -0.19348305968957602 0.02787058686961966 -0.980707671021647
vn -0.14515105169480957 -0.037885633095750694 -0.9886838984209386
vn -0.14515105169480957 -0.037885633095750694 -0.9886838984209386
vn -0.19348305968957602 0.02787058686961966 -0.980707671021647
vn -0.4249807508143822 -0.10341872060575427 -0.8992752246478899
vn -0.19348305968957602 0.02787058686961966 -0.980707671021647
vn -0.5353444875963094 0.08578245439973303 -0.8402664161546639
vn -0.4249807508143822 -0.10341872060575427 -0.8992752246478899
vn -0.4249807508143822 -0.10341872060575427 -0.8992752246478899
vn -0.5353444875963094 0.08578245439973303 -0.8402664161546639
vn -0.4249807508143822 -0.10341872060575427 -0.8992752246478899
vn -0.5353444875963094 0.08578245439973303 -0.8402664161546639
vn -0.5353444875963094 0.08578245439973303 -0.8402664161546639
vn -0.4249807508143822 -0.10341872060575427 -0.8992752246478899
vn -0.4249807508143822 -0.10341872060575427 -0.8992752246478899
vn -0.5353444875963094 0.08578245439973303 -0.8402664161546639
vn -0.622584215988108 -0.14896592312172302 -0.7682434820751592
vn -0.5353444875963094 0.08578245439973303 -0.8402664161546639
vn -0.5353444875963094 0.08578245439973303 -0.8402664161546639
vn -0.622584215988108 -0.14896592312172302 -0.7682434820751592
vn -0.622584215988108 -0.14896592312172302 -0.7682434820751592
vn -0.5353444875963094 0.08578245439973303 -0.8402664161546639
vn -0.622584215988108 -0.14896592312172302 -0.7682434820751592
vn -0.5353444875963094 0.08578245439973303 -0.8402664161546639
vn -0.5353444875963094 0.08578245439973303 -0.8402664161546639
vn -0.622584215988108 -0.14896592312172302 -0.7682434820751592
vn -0.622584215988108 -0.14896592312172302 -0.7682434820751592
vn -0.5353444875963094 0.08578245439973303 -0.8402664161546639
vn -0.7743505763566284 -0.1837288869233212 -0.6054955664627736
vn -0.5353444875963094 0.08578245439973303 -0.8402664161546639
vn -0.8156963117636952 0.13395418435075748 -0.5627573220048121
vn -0.7743505763566284 -0.1837288869233212 -0.6054955664627736
vn -0.7743505763566284 -0.1837288869233212 -0.6054955664627736
vn -0.8156963117636952 0.13395418435075748 -0.5627573220048121
vn -0.7743505763566284 -0.1837288869233212 -0.6054955664627736
vn -0.8156963117636952 0.13395418435075748 -0.5627573220048121
vn -0.8156963117636952 0.13395418435075748 -0.5627573220048121
vn -0.7743505763566284 -0.1837288869233212 -0.6054955664627736
vn -0.7743505763566284 -0.1837288869233212 -0.6054955664627736
vn -0.8156963117636952 0.13395418435075748 -0.5627573220048121
vn -0.8583477824041243 -0.20284366816859703 -0.4712680030787468
vn -0.8156963117636952 0.13395418435075748 -0.5627573220048121
vn -0.8156963117636952 0.13395418435075748 -0.5627573220048121
vn -0.8583477824041243 -0.20284366816859703 -0.4712680030787468
vn -0.8583477824041243 -0.20284366816859703 -0.4712680030787468
vn -0.8156963117636952 0.13395418435075748 -0.5627573220048121
vn -0.9179604150162992 -0.21630098153438404 -0.33250949136884134
vn -0.8156963117636952 0.13395418435075748 -0.5627573220048121
vn -0.9128925364929601 0.1509106632802586 -0.3792798287857682
vn -0.9179604150162992 -0.21630098153438404 -0.33250949136884134
vn -0.9179604150162992 -0.21630098153438404 -0.33250949136884134
vn -0.9128925364929601 0.1509106632802586 -0.3792798287857682
vn -0.9179604150162992 -0.21630098153438404 -0.33250949136884134
vn -0.9128925364929601 0.1509106632802586 -0.3792798287857682
vn -0.9455012759748787 0.15668341651095222 -0.285442891171477
vn -0.9179604150162992 -0.21630098153438404 -0.33250949136884134
vn -0.9179604150162992 -0.21630098153438404 -0.33250949136884134
vn -0.9455012759748787 0.15668341651095222 -0.285442891171477
vn -0.9683035195441946 -0.22733155314062173 -0.10348265064733518
vn -0.9455012759748787 0.15668341651095222 -0.285442891171477
vn -0.981134417927972 0.16323536688601967 -0.10358314995560887
vn -0.9683035195441946 -0.22733155314062173 -0.10348265064733518
vn -0.9683035195441946 -0.22733155314062173 -0.10348265064733518
vn -0.981134417927972 0.16323536688601967 -0.10358314995560887
vn -0.9683035195441946 -0.22733155314062173 -0.10348265064733518
vn -0.981134417927972 0.16323536688601967 -0.10358314995560887
vn -0.981134417927972 0.16323536688601967 -0.10358314995560887
vn -0.9683035195441946 -0.22733155314062173 -0.10348265064733518
vn -0.9683035195441946 -0.22733155314062173 -0.10348265064733518
vn -0.981134417927972 0.16323536688601967 -0.10358314995560887
vn -0.9683035195441946 -0.22733155314062173 -0.10348265064733518
vn -0.981134417927972 0.16323536688601967 -0.10358314995560887
vn -0.981134417927972 0.16323536688601967 -0.10358314995560887
vn -0.9683035195441946 -0.22733155314062173 -0.10348265064733518
vn -0.9683035195441946 -0.22733155314062173 -0.10348265064733518
vn -0.981134417927972 0.16323536688601967 -0.10358314995560887
vn -0.9733317222980825 -0.2281606878793094 0.02383398570714976
vn -0.981134417927972 0.16323536688601967 -0.10358314995560887
vn -0.9861022822971149 0.1644177137631857 0.023855905962844582
vn -0.9733317222980825 -0.2281606878793094 0.02383398570714976
vn -0.9733317222980825 -0.2281606878793094 0.02383398570714976
vn -0.9861022822971149 0.1644177137631857 0.023855905962844582
vn -0.9558117313210339 -0.22348263680954134 0.1909959300973253
vn -0.9861022822971149 0.1644177137631857 0.023855905962844582
vn -0.9680956686940123 0.1619936540018753 0.19117748904882487
vn -0.9558117313210339 -0.22348263680954134 0.1909959300973253
vn -0.9558117313210339 -0.22348263680954134 0.1909959300973253
vn -0.9680956686940123 0.1619936540018753 0.19117748904882487
vn -0.9558117313210339 -0.22348263680954134 0.1909959300973253
vn -0.9680956686940123 0.1619936540018753 0.19117748904882487
vn -0.9680956686940123 0.1619936540018753 0.19117748904882487
vn -0.9558117313210339 -0.22348263680954134 0.1909959300973253
vn -0.9558117313210339 -0.22348263680954134 0.1909959300973253
vn -0.9680956686940123 0.1619936540018753 0.19117748904882487
vn -0.9558117313210339 -0.22348263680954134 0.1909959300973253
vn -0.9680956686940123 0.1619936540018753 0.19117748904882487
vn -0.9680956686940123 0.1619936540018753 0.19117748904882487
vn -0.9558117313210339 -0.22348263680954134 0.1909959300973253
vn -0.9558117313210339 -0.22348263680954134 0.1909959300973253
vn -0.9680956686940123 0.1619936540018753 0.19117748904882487
vn -0.8812921117886314 -0.2051899151568061 0.4257009659574158
vn -0.9680956686940123 0.1619936540018753 0.19117748904882487
vn -0.8921525240129242 0.15016580717115205 0.42604472095544726
vn -0.8812921117886314 -0.2051899151568061 0.4257009659574158
vn -0.8812921117886314 -0.2051899151568061 0.4257009659574158
vn -0.8921525240129242 0.15016580717115205 0.42604472095544726
vn -0.8812921117886314 -0.2051899151568061 0.4257009659574158
vn -0.8921525240129242 0.15016580717115205 0.42604472095544726
vn -0.8921525240129242 0.15016580717115205 0.42604472095544726
vn -0.8812921117886314 -0.2051899151568061 0.4257009659574158
vn -0.8812921117886314 -0.2051899151568061 0.4257009659574158
vn -0.8921525240129242 0.15016580717115205 0.42604472095544726
vn -0.741265475500358 -0.1713970899004752 0.648959576865059
vn -0.8921525240129242 0.15016580717115205 0.42604472095544726
vn -0.7843714475002257 0.13296124540112064 0.6058735343021544
vn -0.741265475500358 -0.1713970899004752 0.648959576865059
vn -0.741265475500358 -0.1713970899004752 0.648959576865059
vn -0.7843714475002257 0.13296124540112064 0.6058735343021544
vn -0.741265475500358 -0.1713970899004752 0.648959576865059
vn -0.7843714475002257 0.13296124540112064 0.6058735343021544
vn -0.7843714475002257 0.13296124540112064 0.6058735343021544
vn -0.741265475500358 -0.1713970899004752 0.648959576865059
vn -0.741265475500358 -0.1713970899004752 0.648959576865059
vn -0.7843714475002257 0.13296124540112064 0.6058735343021544
vn -0.741265475500358 -0.1713970899004752 0.648959576865059
vn -0.7843714475002257 0.13296124540112064 0.6058735343021544
vn -0.6738835420708484 0.11515704281818433 0.7298080756030436
vn -0.741265475500358 -0.1713970899004752 0.648959576865059
vn -0.741265475500358 -0.1713970899004752 0.648959576865059
vn -0.6738835420708484 0.11515704281818433 0.7298080756030436
vn -0.579225647424511 -0.13259716058491267 0.8043106628476803
vn -0.6738835420708484 0.11515704281818433 0.7298080756030436
vn -0.48380834387337773 0.08429426045963283 0.871105024696829
vn -0.579225647424511 -0.13259716058491267 0.8043106628476803
vn -0.579225647424511 -0.13259716058491267 0.8043106628476803
vn -0.48380834387337773 0.08429426045963283 0.871105024696829
vn -0.42666121929570927 -0.0962487748459021 0.8992754735284186
vn -0.48380834387337773 0.08429426045963283 0.871105024696829
vn -0.48380834387337773 0.08429426045963283 0.871105024696829
vn -0.42666121929570927 -0.0962487748459021 0.8992754735284186
vn -0.42666121929570927 -0.0962487748459021 0.8992754735284186
vn -0.48380834387337773 0.08429426045963283 0.871105024696829
vn -0.42666121929570927 -0.0962487748459021 0.8992754735284186
vn -0.48380834387337773 0.08429426045963283 0.871105024696829
vn -0.48380834387337773 0.08429426045963283 0.871105024696829
vn -0.42666121929570927 -0.0962487748459021 0.8992754735284186
vn -0.42666121929570927 -0.0962487748459021 0.8992754735284186
vn -0.48380834387337773 0.08429426045963283 0.871105024696829
vn -0.14686427836482835 -0.0305773723973497 0.9886839272677854
vn -0.48380834387337773 0.08429426045963283 0.871105024696829
vn -0.1920616175214711 0.03639854109718824 0.9807076431235928
vn -0.14686427836482835 -0.0305773723973497 0.9886839272677854
vn -0.14686427836482835 -0.0305773723973497 0.9886839272677854
vn -0.1920616175214711 0.03639854109718824 0.9807076431235928
vn -0.14686427836482835 -0.0305773723973497 0.9886839272677854
vn -0.1920616175214711 0.03639854109718824 0.9807076431235928
vn -0.1920616175214711 0.03639854109718824 0.9807076431235928
vn -0.14686427836482835 -0.0305773723973497 0.9886839272677854
vn -0.14686427836482835 -0.0305773723973497 0.9886839272677854
vn -0.1920616175214711 0.03639854109718824 0.9807076431235928
vn -0.14686427836482835 -0.0305773723973497 0.9886839272677854
vn -0.1920616175214711 0.03639854109718824 0.9807076431235928
vn -0.03215027903220633 0.007619839461781443 0.9994539997442243
vn -0.14686427836482835 -0.0305773723973497 0.9886839272677854
vn -0.032884530883268495 0.003221186359270198 -0.9994539667173403
vn -0.07785590538906347 0.044651574244357936 -0.9959642036306072
vn -0.19348305968957602 0.02787058686961966 -0.980707671021647
vn -0.07785590538906347 0.044651574244357936 -0.9959642036306072
vn -0.07785590538906347 0.044651574244357936 -0.9959642036306072
vn -0.19348305968957602 0.02787058686961966 -0.980707671021647
vn -0.19348305968957602 0.02787058686961966 -0.980707671021647
vn -0.07785590538906347 0.044651574244357936 -0.9959642036306072
vn -0.19348305968957602 0.02787058686961966 -0.980707671021647
vn -0.07785590538906347 0.044651574244357936 -0.9959642036306072
vn -0.32346517571151834 0.19825815107836553 -0.9252372591032554
vn -0.19348305968957602 0.02787058686961966 -0.980707671021647
vn -0.19348305968957602 0.02787058686961966 -0.980707671021647
vn -0.32346517571151834 0.19825815107836553 -0.9252372591032554
vn -0.5353444875963094 0.08578245439973303 -0.8402664161546639
vn -0.32346517571151834 0.19825815107836553 -0.9252372591032554
vn -0.32346517571151834 0.19825815107836553 -0.9252372591032554
vn -0.5353444875963094 0.08578245439973303 -0.8402664161546639
vn -0.5353444875963094 0.08578245439973303 -0.8402664161546639
vn -0.32346517571151834 0.19825815107836553 -0.9252372591032554
vn -0.5353444875963094 0.08578245439973303 -0.8402664161546639
vn -0.32346517571151834 0.19825815107836553 -0.9252372591032554
vn -0.32346517571151834 0.19825815107836553 -0.9252372591032554
vn -0.5353444875963094 0.08578245439973303 -0.8402664161546639
vn -0.5353444875963094 0.08578245439973303 -0.8402664161546639
vn -0.32346517571151834 0.19825815107836553 -0.9252372591032554
vn -0.5353444875963094 0.08578245439973303 -0.8402664161546639
vn -0.32346517571151834 0.19825815107836553 -0.9252372591032554
vn -0.5439738102101322 0.3375791948826842 -0.7682010029854359
vn -0.5353444875963094 0.08578245439973303 -0.8402664161546639
vn -0.5353444875963094 0.08578245439973303 -0.8402664161546639
vn -0.5439738102101322 0.3375791948826842 -0.7682010029854359
vn -0.5353444875963094 0.08578245439973303 -0.8402664161546639
vn -0.5439738102101322 0.3375791948826842 -0.7682010029854359
vn -0.5439738102101322 0.3375791948826842 -0.7682010029854359
vn -0.5353444875963094 0.08578245439973303 -0.8402664161546639
vn -0.5353444875963094 0.08578245439973303 -0.8402664161546639
vn -0.5439738102101322 0.3375791948826842 -0.7682010029854359
vn -0.8156963117636952 0.13395418435075748 -0.5627573220048121
vn -0.5439738102101322 0.3375791948826842 -0.7682010029854359
vn -0.646691802912424 0.40268668765792387 -0.6477909721730984
vn -0.8156963117636952 0.13395418435075748 -0.5627573220048121
vn -0.8156963117636952 0.13395418435075748 -0.5627573220048121
vn -0.646691802912424 0.40268668765792387 -0.6477909721730984
vn -0.8156963117636952 0.13395418435075748 -0.5627573220048121
vn -0.646691802912424 0.40268668765792387 -0.6477909721730984
vn -0.7261921087690746 0.4531925568921051 -0.5169734302061572
vn -0.8156963117636952 0.13395418435075748 -0.5627573220048121
vn -0.8156963117636952 0.13395418435075748 -0.5627573220048121
vn -0.7261921087690746 0.4531925568921051 -0.5169734302061572
vn -0.8156963117636952 0.13395418435075748 -0.5627573220048121
vn -0.7261921087690746 0.4531925568921051 -0.5169734302061572
vn -0.7261921087690746 0.4531925568921051 -0.5169734302061572
vn -0.8156963117636952 0.13395418435075748 -0.5627573220048121
vn -0.8156963117636952 0.13395418435075748 -0.5627573220048121
vn -0.7261921087690746 0.4531925568921051 -0.5169734302061572
vn -0.9128925364929601 0.1509106632802586 -0.3792798287857682
vn -0.7261921087690746 0.4531925568921051 -0.5169734302061572
vn -0.7996355934579977 0.5000466135432178 -0.33247000159267825
vn -0.9128925364929601 0.1509106632802586 -0.3792798287857682
vn -0.9128925364929601 0.1509106632802586 -0.3792798287857682
vn -0.7996355934579977 0.5000466135432178 -0.33247000159267825
vn -0.9455012759748787 0.15668341651095222 -0.285442891171477
vn -0.7996355934579977 0.5000466135432178 -0.33247000159267825
vn -0.7996355934579977 0.5000466135432178 -0.33247000159267825
vn -0.9455012759748787 0.15668341651095222 -0.285442891171477
vn -0.9455012759748787 0.15668341651095222 -0.285442891171477
vn -0.7996355934579977 0.5000466135432178 -0.33247000159267825
vn -0.981134417927972 0.16323536688601967 -0.10358314995560887
vn -0.7996355934579977 0.5000466135432178 -0.33247000159267825
vn -0.8428887232678273 0.5280462568491299 -0.10346859821005967
vn -0.981134417927972 0.16323536688601967 -0.10358314995560887
vn -0.981134417927972 0.16323536688601967 -0.10358314995560887
vn -0.8428887232678273 0.5280462568491299 -0.10346859821005967
vn -0.981134417927972 0.16323536688601967 -0.10358314995560887
vn -0.8428887232678273 0.5280462568491299 -0.10346859821005967
vn -0.8428887232678273 0.5280462568491299 -0.10346859821005967
vn -0.981134417927972 0.16323536688601967 -0.10358314995560887
vn -0.981134417927972 0.16323536688601967 -0.10358314995560887
vn -0.8428887232678273 0.5280462568491299 -0.10346859821005967
vn -0.981134417927972 0.16323536688601967 -0.10358314995560887
vn -0.8428887232678273 0.5280462568491299 -0.10346859821005967
vn -0.8428887232678273 0.5280462568491299 -0.10346859821005967
vn -0.981134417927972 0.16323536688601967 -0.10358314995560887
vn -0.981134417927972 0.16323536688601967 -0.10358314995560887
vn -0.8428887232678273 0.5280462568491299 -0.10346859821005967
vn -0.9861022822971149 0.1644177137631857 0.023855905962844582
vn -0.8428887232678273 0.5280462568491299 -0.10346859821005967
vn -0.8470154855874197 0.5310338048744269 0.023829923535269956
vn -0.9861022822971149 0.1644177137631857 0.023855905962844582
vn -0.9861022822971149 0.1644177137631857 0.023855905962844582
vn -0.8470154855874197 0.5310338048744269 0.023829923535269956
vn -0.9680956686940123 0.1619936540018753 0.19117748904882487
vn -0.8470154855874197 0.5310338048744269 0.023829923535269956
vn -0.8313684363870835 0.5218778190060446 0.19097137222314198
vn -0.9680956686940123 0.1619936540018753 0.19117748904882487
vn -0.9680956686940123 0.1619936540018753 0.19117748904882487
vn -0.8313684363870835 0.5218778190060446 0.19097137222314198
vn -0.9680956686940123 0.1619936540018753 0.19117748904882487
vn -0.8313684363870835 0.5218778190060446 0.19097137222314198
vn -0.8313684363870835 0.5218778190060446 0.19097137222314198
vn -0.9680956686940123 0.1619936540018753 0.19117748904882487
vn -0.9680956686940123 0.1619936540018753 0.19117748904882487
vn -0.8313684363870835 0.5218778190060446 0.19097137222314198
vn -0.9680956686940123 0.1619936540018753 0.19117748904882487
vn -0.8313684363870835 0.5218778190060446 0.19097137222314198
vn -0.8313684363870835 0.5218778190060446 0.19097137222314198
vn -0.9680956686940123 0.1619936540018753 0.19117748904882487
vn -0.9680956686940123 0.1619936540018753 0.19117748904882487
vn -0.8313684363870835 0.5218778190060446 0.19097137222314198
vn -0.8921525240129242 0.15016580717115205 0.42604472095544726
vn -0.8313684363870835 0.5218778190060446 0.19097137222314198
vn -0.783449587996129 0.4925734684877524 0.37891703737182486
vn -0.8921525240129242 0.15016580717115205 0.42604472095544726
vn -0.8921525240129242 0.15016580717115205 0.42604472095544726
vn -0.783449587996129 0.4925734684877524 0.37891703737182486
vn -0.8921525240129242 0.15016580717115205 0.42604472095544726
vn -0.783449587996129 0.4925734684877524 0.37891703737182486
vn -0.7464832630109777 0.4698046126786254 0.47121795800921074
vn -0.8921525240129242 0.15016580717115205 0.42604472095544726
vn -0.8921525240129242 0.15016580717115205 0.42604472095544726
vn -0.7464832630109777 0.4698046126786254 0.47121795800921074
vn -0.7843714475002257 0.13296124540112064 0.6058735343021544
vn -0.7464832630109777 0.4698046126786254 0.47121795800921074
vn -0.7002368579428364 0.44124382797654255 0.5612238653611865
vn -0.7843714475002257 0.13296124540112064 0.6058735343021544
vn -0.7843714475002257 0.13296124540112064 0.6058735343021544
vn -0.7002368579428364 0.44124382797654255 0.5612238653611865
vn -0.7843714475002257 0.13296124540112064 0.6058735343021544
vn -0.7002368579428364 0.44124382797654255 0.5612238653611865
vn -0.6121338729477561 0.3867078203557565 0.689745738127957
vn -0.7843714475002257 0.13296124540112064 0.6058735343021544
vn -0.7843714475002257 0.13296124540112064 0.6058735343021544
vn -0.6121338729477561 0.3867078203557565 0.689745738127957
vn -0.6738835420708484 0.11515704281818433 0.7298080756030436
vn -0.6121338729477561 0.3867078203557565 0.689745738127957
vn -0.6121338729477561 0.3867078203557565 0.689745738127957
vn -0.6738835420708484 0.11515704281818433 0.7298080756030436
vn -0.6738835420708484 0.11515704281818433 0.7298080756030436
vn -0.6121338729477561 0.3867078203557565 0.689745738127957
vn -0.48380834387337773 0.08429426045963283 0.871105024696829
vn -0.6121338729477561 0.3867078203557565 0.689745738127957
vn -0.5018454143413255 0.3182721701920938 0.8042723455309141
vn -0.48380834387337773 0.08429426045963283 0.871105024696829
vn -0.48380834387337773 0.08429426045963283 0.871105024696829
vn -0.5018454143413255 0.3182721701920938 0.8042723455309141
vn -0.48380834387337773 0.08429426045963283 0.871105024696829
vn -0.5018454143413255 0.3182721701920938 0.8042723455309141
vn -0.31939569953182195 0.2047493213461875 0.9252373222740499
vn -0.48380834387337773 0.08429426045963283 0.871105024696829
vn -0.48380834387337773 0.08429426045963283 0.871105024696829
vn -0.31939569953182195 0.2047493213461875 0.9252373222740499
vn -0.48380834387337773 0.08429426045963283 0.871105024696829
vn -0.31939569953182195 0.2047493213461875 0.9252373222740499
vn -0.31939569953182195 0.2047493213461875 0.9252373222740499
vn -0.48380834387337773 0.08429426045963283 0.871105024696829
vn -0.48380834387337773 0.08429426045963283 0.871105024696829
vn -0.31939569953182195 0.2047493213461875 0.9252373222740499
vn -0.1920616175214711 0.03639854109718824 0.9807076431235928
vn -0.31939569953182195 0.2047493213461875 0.9252373222740499
vn -0.31939569953182195 0.2047493213461875 0.9252373222740499
vn -0.1920616175214711 0.03639854109718824 0.9807076431235928
vn -0.1920616175214711 0.03639854109718824 0.9807076431235928
vn -0.31939569953182195 0.2047493213461875 0.9252373222740499
vn -0.1920616175214711 0.03639854109718824 0.9807076431235928
vn -0.31939569953182195 0.2047493213461875 0.9252373222740499
vn -0.0741144856360945 0.05061821575404422 0.9959642760926588
vn -0.1920616175214711 0.03639854109718824 0.9807076431235928
vn -0.1920616175214711 0.03639854109718824 0.9807076431235928
vn -0.0741144856360945 0.05061821575404422 0.9959642760926588
vn -0.03215027903220633 0.007619839461781443 0.9994539997442243
vn -0.0741144856360945 0.05061821575404422 0.9959642760926588
vn -0.0741144856360945 0.05061821575404422 0.9959642760926588
vn -0.03215027903220633 0.007619839461781443 0.9994539997442243
vn -0.07785590538906347 0.044651574244357936 -0.9959642036306072
vn -0.05473347006748639 0.07101491091715743 -0.9959724542786311
vn -0.07785590538906347 0.044651574244357936 -0.9959642036306072
vn -0.05473347006748639 0.07101491091715743 -0.9959724542786311
vn -0.05473347006748639 0.07101491091715743 -0.9959724542786311
vn -0.07785590538906347 0.044651574244357936 -0.9959642036306072
vn -0.07785590538906347 0.044651574244357936 -0.9959642036306072
vn -0.05473347006748639 0.07101491091715743 -0.9959724542786311
vn -0.32346517571151834 0.19825815107836553 -0.9252372591032554
vn -0.05473347006748639 0.07101491091715743 -0.9959724542786311
vn -0.2222875063393742 0.3070184893006145 -0.9253798742964919
vn -0.32346517571151834 0.19825815107836553 -0.9252372591032554
vn -0.32346517571151834 0.19825815107836553 -0.9252372591032554
vn -0.2222875063393742 0.3070184893006145 -0.9253798742964919
vn -0.32346517571151834 0.19825815107836553 -0.9252372591032554
vn -0.2222875063393742 0.3070184893006145 -0.9253798742964919
vn -0.2222875063393742 0.3070184893006145 -0.9253798742964919
vn -0.32346517571151834 0.19825815107836553 -0.9252372591032554
vn -0.32346517571151834 0.19825815107836553 -0.9252372591032554
vn -0.2222875063393742 0.3070184893006145 -0.9253798742964919
vn -0.32346517571151834 0.19825815107836553 -0.9252372591032554
vn -0.2222875063393742 0.3070184893006145 -0.9253798742964919
vn -0.2222875063393742 0.3070184893006145 -0.9253798742964919
vn -0.32346517571151834 0.19825815107836553 -0.9252372591032554
vn -0.32346517571151834 0.19825815107836553 -0.9252372591032554
vn -0.2222875063393742 0.3070184893006145 -0.9253798742964919
vn -0.5439738102101322 0.3375791948826842 -0.7682010029854359
vn -0.2222875063393742 0.3070184893006145 -0.9253798742964919
vn -0.3722472498620775 0.5203652991559853 -0.7685388346755302
vn -0.5439738102101322 0.3375791948826842 -0.7682010029854359
vn -0.5439738102101322 0.3375791948826842 -0.7682010029854359
vn -0.3722472498620775 0.5203652991559853 -0.7685388346755302
vn -0.5439738102101322 0.3375791948826842 -0.7682010029854359
vn -0.3722472498620775 0.5203652991559853 -0.7685388346755302
vn -0.3722472498620775 0.5203652991559853 -0.7685388346755302
vn -0.5439738102101322 0.3375791948826842 -0.7682010029854359
vn -0.5439738102101322 0.3375791948826842 -0.7682010029854359
vn -0.3722472498620775 0.5203652991559853 -0.7685388346755302
vn -0.646691802912424 0.40268668765792387 -0.6477909721730984
vn -0.3722472498620775 0.5203652991559853 -0.7685388346755302
vn -0.47942162870046573 0.6734090035383964 -0.5627390300020222
vn -0.646691802912424 0.40268668765792387 -0.6477909721730984
vn -0.646691802912424 0.40268668765792387 -0.6477909721730984
vn -0.47942162870046573 0.6734090035383964 -0.5627390300020222
vn -0.7261921087690746 0.4531925568921051 -0.5169734302061572
vn -0.47942162870046573 0.6734090035383964 -0.5627390300020222
vn -0.47942162870046573 0.6734090035383964 -0.5627390300020222
vn -0.7261921087690746 0.4531925568921051 -0.5169734302061572
vn -0.7261921087690746 0.4531925568921051 -0.5169734302061572
vn -0.47942162870046573 0.6734090035383964 -0.5627390300020222
vn -0.7261921087690746 0.4531925568921051 -0.5169734302061572
vn -0.47942162870046573 0.6734090035383964 -0.5627390300020222
vn -0.47942162870046573 0.6734090035383964 -0.5627390300020222
vn -0.7261921087690746 0.4531925568921051 -0.5169734302061572
vn -0.7261921087690746 0.4531925568921051 -0.5169734302061572
vn -0.47942162870046573 0.6734090035383964 -0.5627390300020222
vn -0.7996355934579977 0.5000466135432178 -0.33247000159267825
vn -0.47942162870046573 0.6734090035383964 -0.5627390300020222
vn -0.5459427670769709 0.7688944110485788 -0.3327880402517487
vn -0.7996355934579977 0.5000466135432178 -0.33247000159267825
vn -0.7996355934579977 0.5000466135432178 -0.33247000159267825
vn -0.5459427670769709 0.7688944110485788 -0.3327880402517487
vn -0.7996355934579977 0.5000466135432178 -0.33247000159267825
vn -0.5459427670769709 0.7688944110485788 -0.3327880402517487
vn -0.5459427670769709 0.7688944110485788 -0.3327880402517487
vn -0.7996355934579977 0.5000466135432178 -0.33247000159267825
vn -0.7996355934579977 0.5000466135432178 -0.33247000159267825
vn -0.5459427670769709 0.7688944110485788 -0.3327880402517487
vn -0.8428887232678273 0.5280462568491299 -0.10346859821005967
vn -0.5459427670769709 0.7688944110485788 -0.3327880402517487
vn -0.5751508445052365 0.8114634710938419 -0.10357867128539174
vn -0.8428887232678273 0.5280462568491299 -0.10346859821005967
vn -0.8428887232678273 0.5280462568491299 -0.10346859821005967
vn -0.5751508445052365 0.8114634710938419 -0.10357867128539174
vn -0.8428887232678273 0.5280462568491299 -0.10346859821005967
vn -0.5751508445052365 0.8114634710938419 -0.10357867128539174
vn -0.5751508445052365 0.8114634710938419 -0.10357867128539174
vn -0.8428887232678273 0.5280462568491299 -0.10346859821005967
vn -0.8428887232678273 0.5280462568491299 -0.10346859821005967
vn -0.5751508445052365 0.8114634710938419 -0.10357867128539174
vn -0.8428887232678273 0.5280462568491299 -0.10346859821005967
vn -0.5751508445052365 0.8114634710938419 -0.10357867128539174
vn -0.5751508445052365 0.8114634710938419 -0.10357867128539174
vn -0.8428887232678273 0.5280462568491299 -0.10346859821005967
vn -0.8428887232678273 0.5280462568491299 -0.10346859821005967
vn -0.5751508445052365 0.8114634710938419 -0.10357867128539174
vn -0.8470154855874197 0.5310338048744269 0.023829923535269956
vn -0.5751508445052365 0.8114634710938419 -0.10357867128539174
vn -0.5778105783763554 0.8158221740295118 0.023856149692320486
vn -0.8470154855874197 0.5310338048744269 0.023829923535269956
vn -0.8470154855874197 0.5310338048744269 0.023829923535269956
vn -0.5778105783763554 0.8158221740295118 0.023856149692320486
vn -0.8313684363870835 0.5218778190060446 0.19097137222314198
vn -0.5778105783763554 0.8158221740295118 0.023856149692320486
vn -0.5716771493285421 0.8078759922615772 0.14325368429106364
vn -0.8313684363870835 0.5218778190060446 0.19097137222314198
vn -0.8313684363870835 0.5218778190060446 0.19097137222314198
vn -0.5716771493285421 0.8078759922615772 0.14325368429106364
vn -0.8313684363870835 0.5218778190060446 0.19097137222314198
vn -0.5716771493285421 0.8078759922615772 0.14325368429106364
vn -0.5716771493285421 0.8078759922615772 0.14325368429106364
vn -0.8313684363870835 0.5218778190060446 0.19097137222314198
vn -0.8313684363870835 0.5218778190060446 0.19097137222314198
vn -0.5716771493285421 0.8078759922615772 0.14325368429106364
vn -0.8313684363870835 0.5218778190060446 0.19097137222314198
vn -0.5716771493285421 0.8078759922615772 0.14325368429106364
vn -0.5532126471488649 0.7826136413997454 0.2854324006302999
vn -0.8313684363870835 0.5218778190060446 0.19097137222314198
vn -0.8313684363870835 0.5218778190060446 0.19097137222314198
vn -0.5532126471488649 0.7826136413997454 0.2854324006302999
vn -0.783449587996129 0.4925734684877524 0.37891703737182486
vn -0.5532126471488649 0.7826136413997454 0.2854324006302999
vn -0.5338031708223643 0.7557856523561273 0.37926537215070527
vn -0.783449587996129 0.4925734684877524 0.37891703737182486
vn -0.783449587996129 0.4925734684877524 0.37891703737182486
vn -0.5338031708223643 0.7557856523561273 0.37926537215070527
vn -0.7464832630109777 0.4698046126786254 0.47121795800921074
vn -0.5338031708223643 0.7557856523561273 0.37926537215070527
vn -0.508382213968619 0.7205065669853251 0.4716119288688384
vn -0.7464832630109777 0.4698046126786254 0.47121795800921074
vn -0.7464832630109777 0.4698046126786254 0.47121795800921074
vn -0.508382213968619 0.7205065669853251 0.4716119288688384
vn -0.7002368579428364 0.44124382797654255 0.5612238653611865
vn -0.508382213968619 0.7205065669853251 0.4716119288688384
vn -0.43763636653295623 0.6219870917749571 0.6493123041750889
vn -0.7002368579428364 0.44124382797654255 0.5612238653611865
vn -0.7002368579428364 0.44124382797654255 0.5612238653611865
vn -0.43763636653295623 0.6219870917749571 0.6493123041750889
vn -0.6121338729477561 0.3867078203557565 0.689745738127957
vn -0.43763636653295623 0.6219870917749571 0.6493123041750889
vn -0.43763636653295623 0.6219870917749571 0.6493123041750889
vn -0.6121338729477561 0.3867078203557565 0.689745738127957
vn -0.6121338729477561 0.3867078203557565 0.689745738127957
vn -0.43763636653295623 0.6219870917749571 0.6493123041750889
vn -0.6121338729477561 0.3867078203557565 0.689745738127957
vn -0.43763636653295623 0.6219870917749571 0.6493123041750889
vn -0.43763636653295623 0.6219870917749571 0.6493123041750889
vn -0.6121338729477561 0.3867078203557565 0.689745738127957
vn -0.6121338729477561 0.3867078203557565 0.689745738127957
vn -0.43763636653295623 0.6219870917749571 0.6493123041750889
vn -0.5018454143413255 0.3182721701920938 0.8042723455309141
vn -0.43763636653295623 0.6219870917749571 0.6493123041750889
vn -0.34063714272024104 0.4864382974650624 0.804576981872264
vn -0.5018454143413255 0.3182721701920938 0.8042723455309141
vn -0.5018454143413255 0.3182721701920938 0.8042723455309141
vn -0.34063714272024104 0.4864382974650624 0.804576981872264
vn -0.31939569953182195 0.2047493213461875 0.9252373222740499
vn -0.34063714272024104 0.4864382974650624 0.804576981872264
vn -0.21586413938731083 0.3115680254869404 0.9253799429535661
vn -0.31939569953182195 0.2047493213461875 0.9252373222740499
vn -0.31939569953182195 0.2047493213461875 0.9252373222740499
vn -0.21586413938731083 0.3115680254869404 0.9253799429535661
vn -0.31939569953182195 0.2047493213461875 0.9252373222740499
vn -0.21586413938731083 0.3115680254869404 0.9253799429535661
vn -0.21586413938731083 0.3115680254869404 0.9253799429535661
vn -0.31939569953182195 0.2047493213461875 0.9252373222740499
vn -0.31939569953182195 0.2047493213461875 0.9252373222740499
vn -0.21586413938731083 0.3115680254869404 0.9253799429535661
vn -0.31939569953182195 0.2047493213461875 0.9252373222740499
vn -0.21586413938731083 0.3115680254869404 0.9253799429535661
vn -0.21586413938731083 0.3115680254869404 0.9253799429535661
vn -0.31939569953182195 0.2047493213461875 0.9252373222740499
vn -0.31939569953182195 0.2047493213461875 0.9252373222740499
vn -0.21586413938731083 0.3115680254869404 0.9253799429535661
vn -0.0741144856360945 0.05061821575404422 0.9959642760926588
vn -0.21586413938731083 0.3115680254869404 0.9253799429535661
vn -0.04882927655661014 0.07519597628220127 0.9959725231661386
vn -0.0741144856360945 0.05061821575404422 0.9959642760926588
vn -0.0741144856360945 0.05061821575404422 0.9959642760926588
vn -0.04882927655661014 0.07519597628220127 0.9959725231661386
vn -0.0741144856360945 0.05061821575404422 0.9959642760926588
vn -0.04882927655661014 0.07519597628220127 0.9959725231661386
vn -0.04882927655661014 0.07519597628220127 0.9959725231661386
vn -0.0741144856360945 0.05061821575404422 0.9959642760926588
vn -0.05473347006748639 0.07101491091715743 -0.9959724542786311
vn -0.01113283803822401 0.038064605919221534 -0.9992132633694517
vn -0.05473347006748639 0.07101491091715743 -0.9959724542786311
vn -0.01113283803822401 0.038064605919221534 -0.9992132633694517
vn -0.04636943213259228 0.18995284513749686 -0.9806976049669293
vn -0.05473347006748639 0.07101491091715743 -0.9959724542786311
vn -0.05473347006748639 0.07101491091715743 -0.9959724542786311
vn -0.04636943213259228 0.18995284513749686 -0.9806976049669293
vn -0.2222875063393742 0.3070184893006145 -0.9253798742964919
vn -0.04636943213259228 0.18995284513749686 -0.9806976049669293
vn -0.04636943213259228 0.18995284513749686 -0.9806976049669293
vn -0.2222875063393742 0.3070184893006145 -0.9253798742964919
vn -0.2222875063393742 0.3070184893006145 -0.9253798742964919
vn -0.04636943213259228 0.18995284513749686 -0.9806976049669293
vn -0.2222875063393742 0.3070184893006145 -0.9253798742964919
vn -0.04636943213259228 0.18995284513749686 -0.9806976049669293
vn -0.12030466912074098 0.5287643191953801 -0.8401994295008746
vn -0.2222875063393742 0.3070184893006145 -0.9253798742964919
vn -0.2222875063393742 0.3070184893006145 -0.9253798742964919
vn -0.12030466912074098 0.5287643191953801 -0.8401994295008746
vn -0.2222875063393742 0.3070184893006145 -0.9253798742964919
vn -0.12030466912074098 0.5287643191953801 -0.8401994295008746
vn -0.12030466912074098 0.5287643191953801 -0.8401994295008746
vn -0.2222875063393742 0.3070184893006145 -0.9253798742964919
vn -0.2222875063393742 0.3070184893006145 -0.9253798742964919
vn -0.12030466912074098 0.5287643191953801 -0.8401994295008746
vn -0.3722472498620775 0.5203652991559853 -0.7685388346755302
vn -0.12030466912074098 0.5287643191953801 -0.8401994295008746
vn -0.12030466912074098 0.5287643191953801 -0.8401994295008746
vn -0.3722472498620775 0.5203652991559853 -0.7685388346755302
vn -0.3722472498620775 0.5203652991559853 -0.7685388346755302
vn -0.12030466912074098 0.5287643191953801 -0.8401994295008746
vn -0.3722472498620775 0.5203652991559853 -0.7685388346755302
vn -0.12030466912074098 0.5287643191953801 -0.8401994295008746
vn -0.12030466912074098 0.5287643191953801 -0.8401994295008746
vn -0.3722472498620775 0.5203652991559853 -0.7685388346755302
vn -0.3722472498620775 0.5203652991559853 -0.7685388346755302
vn -0.12030466912074098 0.5287643191953801 -0.8401994295008746
vn -0.47942162870046573 0.6734090035383964 -0.5627390300020222
vn -0.12030466912074098 0.5287643191953801 -0.8401994295008746
vn -0.1666083497153702 0.7430974895824332 -0.6481109309226365
vn -0.47942162870046573 0.6734090035383964 -0.5627390300020222
vn -0.47942162870046573 0.6734090035383964 -0.5627390300020222
vn -0.1666083497153702 0.7430974895824332 -0.6481109309226365
vn -0.47942162870046573 0.6734090035383964 -0.5627390300020222
vn -0.1666083497153702 0.7430974895824332 -0.6481109309226365
vn -0.18638190546804267 0.8352649175900112 -0.51729517952273
vn -0.47942162870046573 0.6734090035383964 -0.5627390300020222
vn -0.47942162870046573 0.6734090035383964 -0.5627390300020222
vn -0.18638190546804267 0.8352649175900112 -0.51729517952273
vn -0.47942162870046573 0.6734090035383964 -0.5627390300020222
vn -0.18638190546804267 0.8352649175900112 -0.51729517952273
vn -0.18638190546804267 0.8352649175900112 -0.51729517952273
vn -0.47942162870046573 0.6734090035383964 -0.5627390300020222
vn -0.47942162870046573 0.6734090035383964 -0.5627390300020222
vn -0.18638190546804267 0.8352649175900112 -0.51729517952273
vn -0.5459427670769709 0.7688944110485788 -0.3327880402517487
vn -0.18638190546804267 0.8352649175900112 -0.51729517952273
vn -0.20085203181913205 0.9032560377498219 -0.3791925521191295
vn -0.5459427670769709 0.7688944110485788 -0.3327880402517487
vn -0.5459427670769709 0.7688944110485788 -0.3327880402517487
vn -0.20085203181913205 0.9032560377498219 -0.3791925521191295
vn -0.5459427670769709 0.7688944110485788 -0.3327880402517487
vn -0.20085203181913205 0.9032560377498219 -0.3791925521191295
vn -0.2076709994843093 0.935647120689759 -0.28537207557529487
vn -0.5459427670769709 0.7688944110485788 -0.3327880402517487
vn -0.5459427670769709 0.7688944110485788 -0.3327880402517487
vn -0.2076709994843093 0.935647120689759 -0.28537207557529487
vn -0.5751508445052365 0.8114634710938419 -0.10357867128539174
vn -0.2076709994843093 0.935647120689759 -0.28537207557529487
vn -0.21489751657509387 0.9711309219309908 -0.1035557330103987
vn -0.5751508445052365 0.8114634710938419 -0.10357867128539174
vn -0.5751508445052365 0.8114634710938419 -0.10357867128539174
vn -0.21489751657509387 0.9711309219309908 -0.1035557330103987
vn -0.5751508445052365 0.8114634710938419 -0.10357867128539174
vn -0.21489751657509387 0.9711309219309908 -0.1035557330103987
vn -0.21489751657509387 0.9711309219309908 -0.1035557330103987
vn -0.5751508445052365 0.8114634710938419 -0.10357867128539174
vn -0.5751508445052365 0.8114634710938419 -0.10357867128539174
vn -0.21489751657509387 0.9711309219309908 -0.1035557330103987
vn -0.5751508445052365 0.8114634710938419 -0.10357867128539174
vn -0.21489751657509387 0.9711309219309908 -0.1035557330103987
vn -0.21489751657509387 0.9711309219309908 -0.1035557330103987
vn -0.5751508445052365 0.8114634710938419 -0.10357867128539174
vn -0.5751508445052365 0.8114634710938419 -0.10357867128539174
vn -0.21489751657509387 0.9711309219309908 -0.1035557330103987
vn -0.5778105783763554 0.8158221740295118 0.023856149692320486
vn -0.21489751657509387 0.9711309219309908 -0.1035557330103987
vn -0.21565734232969286 0.9761777693530613 0.02385106538867909
vn -0.5778105783763554 0.8158221740295118 0.023856149692320486
vn -0.5778105783763554 0.8158221740295118 0.023856149692320486
vn -0.21565734232969286 0.9761777693530613 0.02385106538867909
vn -0.5716771493285421 0.8078759922615772 0.14325368429106364
vn -0.21565734232969286 0.9761777693530613 0.02385106538867909
vn -0.2111887586250225 0.9585767768561557 0.19112789200555194
vn -0.5716771493285421 0.8078759922615772 0.14325368429106364
vn -0.5716771493285421 0.8078759922615772 0.14325368429106364
vn -0.2111887586250225 0.9585767768561557 0.19112789200555194
vn -0.5716771493285421 0.8078759922615772 0.14325368429106364
vn -0.2111887586250225 0.9585767768561557 0.19112789200555194
vn -0.2111887586250225 0.9585767768561557 0.19112789200555194
vn -0.5716771493285421 0.8078759922615772 0.14325368429106364
vn -0.5716771493285421 0.8078759922615772 0.14325368429106364
vn -0.2111887586250225 0.9585767768561557 0.19112789200555194
vn -0.5532126471488649 0.7826136413997454 0.2854324006302999
vn -0.2111887586250225 0.9585767768561557 0.19112789200555194
vn -0.2111887586250225 0.9585767768561557 0.19112789200555194
vn -0.5532126471488649 0.7826136413997454 0.2854324006302999
vn -0.5532126471488649 0.7826136413997454 0.2854324006302999
vn -0.2111887586250225 0.9585767768561557 0.19112789200555194
vn -0.5338031708223643 0.7557856523561273 0.37926537215070527
vn -0.2111887586250225 0.9585767768561557 0.19112789200555194
vn -0.19381902636482456 0.8837426684075126 0.4259496226726356
vn -0.5338031708223643 0.7557856523561273 0.37926537215070527
vn -0.5338031708223643 0.7557856523561273 0.37926537215070527
vn -0.19381902636482456 0.8837426684075126 0.4259496226726356
vn -0.508382213968619 0.7205065669853251 0.4716119288688384
vn -0.19381902636482456 0.8837426684075126 0.4259496226726356
vn -0.19381902636482456 0.8837426684075126 0.4259496226726356
vn -0.508382213968619 0.7205065669853251 0.4716119288688384
vn -0.508382213968619 0.7205065669853251 0.4716119288688384
vn -0.19381902636482456 0.8837426684075126 0.4259496226726356
vn -0.43763636653295623 0.6219870917749571 0.6493123041750889
vn -0.19381902636482456 0.8837426684075126 0.4259496226726356
vn -0.1766063520074818 0.8083758121197133 0.5615503030098046
vn -0.43763636653295623 0.6219870917749571 0.6493123041750889
vn -0.43763636653295623 0.6219870917749571 0.6493123041750889
vn -0.1766063520074818 0.8083758121197133 0.5615503030098046
vn -0.43763636653295623 0.6219870917749571 0.6493123041750889
vn -0.1766063520074818 0.8083758121197133 0.5615503030098046
vn -0.16200417013669227 0.744115459597779 0.6481102002328831
vn -0.43763636653295623 0.6219870917749571 0.6493123041750889
vn -0.43763636653295623 0.6219870917749571 0.6493123041750889
vn -0.16200417013669227 0.744115459597779 0.6481102002328831
vn -0.43763636653295623 0.6219870917749571 0.6493123041750889
vn -0.16200417013669227 0.744115459597779 0.6481102002328831
vn -0.14482084114643523 0.6682382317342758 0.7297154168703627
vn -0.43763636653295623 0.6219870917749571 0.6493123041750889
vn -0.43763636653295623 0.6219870917749571 0.6493123041750889
vn -0.14482084114643523 0.6682382317342758 0.7297154168703627
vn -0.34063714272024104 0.4864382974650624 0.804576981872264
vn -0.14482084114643523 0.6682382317342758 0.7297154168703627
vn -0.10248807041186621 0.48038652391826103 0.8710482093782079
vn -0.34063714272024104 0.4864382974650624 0.804576981872264
vn -0.34063714272024104 0.4864382974650624 0.804576981872264
vn -0.10248807041186621 0.48038652391826103 0.8710482093782079
vn -0.21586413938731083 0.3115680254869404 0.9253799429535661
vn -0.10248807041186621 0.48038652391826103 0.8710482093782079
vn -0.10248807041186621 0.48038652391826103 0.8710482093782079
vn -0.21586413938731083 0.3115680254869404 0.9253799429535661
vn -0.21586413938731083 0.3115680254869404 0.9253799429535661
vn -0.10248807041186621 0.48038652391826103 0.8710482093782079
vn -0.21586413938731083 0.3115680254869404 0.9253799429535661
vn -0.10248807041186621 0.48038652391826103 0.8710482093782079
vn -0.10248807041186621 0.48038652391826103 0.8710482093782079
vn -0.21586413938731083 0.3115680254869404 0.9253799429535661
vn -0.21586413938731083 0.3115680254869404 0.9253799429535661
vn -0.10248807041186621 0.48038652391826103 0.8710482093782079
vn -0.21586413938731083 0.3115680254869404 0.9253799429535661
vn -0.10248807041186621 0.48038652391826103 0.8710482093782079
vn -0.037983431636156174 0.19180607403860653 0.980697552195904
vn -0.21586413938731083 0.3115680254869404 0.9253799429535661
vn -0.21586413938731083 0.3115680254869404 0.9253799429535661
vn -0.037983431636156174 0.19180607403860653 0.980697552195904
vn -0.04882927655661014 0.07519597628220127 0.9959725231661386
vn -0.037983431636156174 0.19180607403860653 0.980697552195904
vn -0.037983431636156174 0.19180607403860653 0.980697552195904
vn -0.04882927655661014 0.07519597628220127 0.9959725231661386
vn -0.04882927655661014 0.07519597628220127 0.9959725231661386
vn -0.037983431636156174 0.19180607403860653 0.980697552195904
vn -0.04882927655661014 0.07519597628220127 0.9959725231661386
vn -0.037983431636156174 0.19180607403860653 0.980697552195904
vn -0.005941823900897151 0.03921035947233219 0.9992133117802131
vn -0.04882927655661014 0.07519597628220127 0.9959725231661386
vn -0.01113283803822401 0.038064605919221534 -0.9992132633694517
vn 0.004294570031325847 0.03947719523743348 -0.9992112427932502
vn -0.04636943213259228 0.18995284513749686 -0.9806976049669293
vn 0.004294570031325847 0.03947719523743348 -0.9992112427932502
vn 0.04049711613401243 0.25532587977782567 -0.9660065624520922
vn -0.04636943213259228 0.18995284513749686 -0.9806976049669293
vn -0.04636943213259228 0.18995284513749686 -0.9806976049669293
vn 0.04049711613401243 0.25532587977782567 -0.9660065624520922
vn -0.04636943213259228 0.18995284513749686 -0.9806976049669293
vn 0.04049711613401243 0.25532587977782567 -0.9660065624520922
vn 0.04049711613401243 0.25532587977782567 -0.9660065624520922
vn -0.04636943213259228 0.18995284513749686 -0.9806976049669293
vn -0.04636943213259228 0.18995284513749686 -0.9806976049669293
vn 0.04049711613401243 0.25532587977782567 -0.9660065624520922
vn -0.12030466912074098 0.5287643191953801 -0.8401994295008746
vn 0.04049711613401243 0.25532587977782567 -0.9660065624520922
vn 0.04049711613401243 0.25532587977782567 -0.9660065624520922
vn -0.12030466912074098 0.5287643191953801 -0.8401994295008746
vn -0.12030466912074098 0.5287643191953801 -0.8401994295008746
vn 0.04049711613401243 0.25532587977782567 -0.9660065624520922
vn -0.12030466912074098 0.5287643191953801 -0.8401994295008746
vn 0.04049711613401243 0.25532587977782567 -0.9660065624520922
vn 0.09904059960596182 0.5849329347080242 -0.8050120629677235
vn -0.12030466912074098 0.5287643191953801 -0.8401994295008746
vn -0.12030466912074098 0.5287643191953801 -0.8401994295008746
vn 0.09904059960596182 0.5849329347080242 -0.8050120629677235
vn -0.12030466912074098 0.5287643191953801 -0.8401994295008746
vn 0.09904059960596182 0.5849329347080242 -0.8050120629677235
vn 0.09904059960596182 0.5849329347080242 -0.8050120629677235
vn -0.12030466912074098 0.5287643191953801 -0.8401994295008746
vn -0.12030466912074098 0.5287643191953801 -0.8401994295008746
vn 0.09904059960596182 0.5849329347080242 -0.8050120629677235
vn -0.12030466912074098 0.5287643191953801 -0.8401994295008746
vn 0.09904059960596182 0.5849329347080242 -0.8050120629677235
vn 0.09904059960596182 0.5849329347080242 -0.8050120629677235
vn -0.12030466912074098 0.5287643191953801 -0.8401994295008746
vn -0.12030466912074098 0.5287643191953801 -0.8401994295008746
vn 0.09904059960596182 0.5849329347080242 -0.8050120629677235
vn -0.1666083497153702 0.7430974895824332 -0.6481109309226365
vn 0.09904059960596182 0.5849329347080242 -0.8050120629677235
vn 0.14041161299992344 0.8150669198640903 -0.5620947385254772
vn -0.1666083497153702 0.7430974895824332 -0.6481109309226365
vn -0.1666083497153702 0.7430974895824332 -0.6481109309226365
vn 0.14041161299992344 0.8150669198640903 -0.5620947385254772
vn -0.18638190546804267 0.8352649175900112 -0.51729517952273
vn 0.14041161299992344 0.8150669198640903 -0.5620947385254772
vn 0.14041161299992344 0.8150669198640903 -0.5620947385254772
vn -0.18638190546804267 0.8352649175900112 -0.51729517952273
vn -0.18638190546804267 0.8352649175900112 -0.51729517952273
vn 0.14041161299992344 0.8150669198640903 -0.5620947385254772
vn -0.18638190546804267 0.8352649175900112 -0.51729517952273
vn 0.14041161299992344 0.8150669198640903 -0.5620947385254772
vn 0.14041161299992344 0.8150669198640903 -0.5620947385254772
vn -0.18638190546804267 0.8352649175900112 -0.51729517952273
vn -0.18638190546804267 0.8352649175900112 -0.51729517952273
vn 0.14041161299992344 0.8150669198640903 -0.5620947385254772
vn -0.20085203181913205 0.9032560377498219 -0.3791925521191295
vn 0.14041161299992344 0.8150669198640903 -0.5620947385254772
vn 0.16124233748358713 0.9292917931133108 -0.3322915464694766
vn -0.20085203181913205 0.9032560377498219 -0.3791925521191295
vn -0.20085203181913205 0.9032560377498219 -0.3791925521191295
vn 0.16124233748358713 0.9292917931133108 -0.3322915464694766
vn -0.2076709994843093 0.935647120689759 -0.28537207557529487
vn 0.16124233748358713 0.9292917931133108 -0.3322915464694766
vn 0.16124233748358713 0.9292917931133108 -0.3322915464694766
vn -0.2076709994843093 0.935647120689759 -0.28537207557529487
vn -0.2076709994843093 0.935647120689759 -0.28537207557529487
vn 0.16124233748358713 0.9292917931133108 -0.3322915464694766
vn -0.21489751657509387 0.9711309219309908 -0.1035557330103987
vn 0.16124233748358713 0.9292917931133108 -0.3322915464694766
vn 0.1708220998511167 0.9798606095450031 -0.10340694398612862
vn -0.21489751657509387 0.9711309219309908 -0.1035557330103987
vn -0.21489751657509387 0.9711309219309908 -0.1035557330103987
vn 0.1708220998511167 0.9798606095450031 -0.10340694398612862
vn -0.21489751657509387 0.9711309219309908 -0.1035557330103987
vn 0.1708220998511167 0.9798606095450031 -0.10340694398612862
vn 0.1708220998511167 0.9798606095450031 -0.10340694398612862
vn -0.21489751657509387 0.9711309219309908 -0.1035557330103987
vn -0.21489751657509387 0.9711309219309908 -0.1035557330103987
vn 0.1708220998511167 0.9798606095450031 -0.10340694398612862
vn -0.21489751657509387 0.9711309219309908 -0.1035557330103987
vn 0.1708220998511167 0.9798606095450031 -0.10340694398612862
vn 0.1708220998511167 0.9798606095450031 -0.10340694398612862
vn -0.21489751657509387 0.9711309219309908 -0.1035557330103987
vn -0.21489751657509387 0.9711309219309908 -0.1035557330103987
vn 0.1708220998511167 0.9798606095450031 -0.10340694398612862
vn -0.21565734232969286 0.9761777693530613 0.02385106538867909
vn 0.1708220998511167 0.9798606095450031 -0.10340694398612862
vn 0.17202444328159588 0.9848047468324269 0.02381599315537298
vn -0.21565734232969286 0.9761777693530613 0.02385106538867909
vn -0.21565734232969286 0.9761777693530613 0.02385106538867909
vn 0.17202444328159588 0.9848047468324269 0.02381599315537298
vn -0.2111887586250225 0.9585767768561557 0.19112789200555194
vn 0.17202444328159588 0.9848047468324269 0.02381599315537298
vn 0.17069299145193378 0.9748894358728074 0.14301919623879006
vn -0.2111887586250225 0.9585767768561557 0.19112789200555194
vn -0.2111887586250225 0.9585767768561557 0.19112789200555194
vn 0.17069299145193378 0.9748894358728074 0.14301919623879006
vn -0.2111887586250225 0.9585767768561557 0.19112789200555194
vn 0.17069299145193378 0.9748894358728074 0.14301919623879006
vn 0.17069299145193378 0.9748894358728074 0.14301919623879006
vn -0.2111887586250225 0.9585767768561557 0.19112789200555194
vn -0.2111887586250225 0.9585767768561557 0.19112789200555194
vn 0.17069299145193378 0.9748894358728074 0.14301919623879006
vn -0.2111887586250225 0.9585767768561557 0.19112789200555194
vn 0.17069299145193378 0.9748894358728074 0.14301919623879006
vn 0.16576638893213982 0.9440878076595765 0.28499072919821994
vn -0.2111887586250225 0.9585767768561557 0.19112789200555194
vn -0.2111887586250225 0.9585767768561557 0.19112789200555194
vn 0.16576638893213982 0.9440878076595765 0.28499072919821994
vn -0.19381902636482456 0.8837426684075126 0.4259496226726356
vn 0.16576638893213982 0.9440878076595765 0.28499072919821994
vn 0.1570356298534295 0.8912558920759095 0.4254441747121606
vn -0.19381902636482456 0.8837426684075126 0.4259496226726356
vn -0.19381902636482456 0.8837426684075126 0.4259496226726356
vn 0.1570356298534295 0.8912558920759095 0.4254441747121606
vn -0.19381902636482456 0.8837426684075126 0.4259496226726356
vn 0.1570356298534295 0.8912558920759095 0.4254441747121606
vn 0.1570356298534295 0.8912558920759095 0.4254441747121606
vn -0.19381902636482456 0.8837426684075126 0.4259496226726356
vn -0.19381902636482456 0.8837426684075126 0.4259496226726356
vn 0.1570356298534295 0.8912558920759095 0.4254441747121606
vn -0.1766063520074818 0.8083758121197133 0.5615503030098046
vn 0.1570356298534295 0.8912558920759095 0.4254441747121606
vn 0.13900546677348027 0.7838338584065845 0.6052123285447295
vn -0.1766063520074818 0.8083758121197133 0.5615503030098046
vn -0.1766063520074818 0.8083758121197133 0.5615503030098046
vn 0.13900546677348027 0.7838338584065845 0.6052123285447295
vn -0.16200417013669227 0.744115459597779 0.6481102002328831
vn 0.13900546677348027 0.7838338584065845 0.6052123285447295
vn 0.13900546677348027 0.7838338584065845 0.6052123285447295
vn -0.16200417013669227 0.744115459597779 0.6481102002328831
vn -0.16200417013669227 0.744115459597779 0.6481102002328831
vn 0.13900546677348027 0.7838338584065845 0.6052123285447295
vn -0.14482084114643523 0.6682382317342758 0.7297154168703627
vn 0.13900546677348027 0.7838338584065845 0.6052123285447295
vn 0.12034453035011948 0.6736133461450104 0.7292203054702546
vn -0.14482084114643523 0.6682382317342758 0.7297154168703627
vn -0.14482084114643523 0.6682382317342758 0.7297154168703627
vn 0.12034453035011948 0.6736133461450104 0.7292203054702546
vn -0.10248807041186621 0.48038652391826103 0.8710482093782079
vn 0.12034453035011948 0.6736133461450104 0.7292203054702546
vn 0.09690945842191627 0.5359946029728263 0.8386407708025964
vn -0.10248807041186621 0.48038652391826103 0.8710482093782079
vn -0.10248807041186621 0.48038652391826103 0.8710482093782079
vn 0.09690945842191627 0.5359946029728263 0.8386407708025964
vn -0.10248807041186621 0.48038652391826103 0.8710482093782079
vn 0.09690945842191627 0.5359946029728263 0.8386407708025964
vn 0.09690945842191627 0.5359946029728263 0.8386407708025964
vn -0.10248807041186621 0.48038652391826103 0.8710482093782079
vn -0.10248807041186621 0.48038652391826103 0.8710482093782079
vn 0.09690945842191627 0.5359946029728263 0.8386407708025964
vn -0.10248807041186621 0.48038652391826103 0.8710482093782079
vn 0.09690945842191627 0.5359946029728263 0.8386407708025964
vn 0.04844195733773848 0.25393834529460724 0.9660065701424217
vn -0.10248807041186621 0.48038652391826103 0.8710482093782079
vn -0.10248807041186621 0.48038652391826103 0.8710482093782079
vn 0.04844195733773848 0.25393834529460724 0.9660065701424217
vn -0.037983431636156174 0.19180607403860653 0.980697552195904
vn 0.04844195733773848 0.25393834529460724 0.9660065701424217
vn 0.04844195733773848 0.25393834529460724 0.9660065701424217
vn -0.037983431636156174 0.19180607403860653 0.980697552195904
vn -0.037983431636156174 0.19180607403860653 0.980697552195904
vn 0.04844195733773848 0.25393834529460724 0.9660065701424217
vn -0.037983431636156174 0.19180607403860653 0.980697552195904
vn 0.04844195733773848 0.25393834529460724 0.9660065701424217
vn 0.04844195733773848 0.25393834529460724 0.9660065701424217
vn -0.037983431636156174 0.19180607403860653 0.980697552195904
vn -0.037983431636156174 0.19180607403860653 0.980697552195904
vn 0.04844195733773848 0.25393834529460724 0.9660065701424217
vn -0.005941823900897151 0.03921035947233219 0.9992133117802131
vn 0.04844195733773848 0.25393834529460724 0.9660065701424217
vn 0.009340038318912045 0.03859485228930995 0.9992112894983561
vn -0.005941823900897151 0.03921035947233219 0.9992133117802131
o logo_1
usemtl clay
s 1
f 1//1 2//2 3//3
f 4//4 5//5 6//6
f 7//7 8//8 9//9
f 10//10 11//11 12//12
f 13//13 14//14 15//15
f 16//16 17//17 18//18
f 19//19 20//20 21//21
f 22//22 23//23 24//24
f 25//25 26//26 27//27
f 28//28 29//29 30//30
f 31//31 32//32 33//33
f 34//34 35//35 36//36
f 37//37 38//38 39//39
f 40//40 41//41 42//42
f 43//43 44//44 45//45
f 46//46 47//47 48//48
f 49//49 50//50 51//51
f 52//52 53//53 54//54
f 55//55 56//56 57//57
f 58//58 59//59 60//60
f 61//61 62//62 63//63
f 64//64 65//65 66//66
f 67//67 68//68 69//69
f 70//70 71//71 72//72
f 73//73 74//74 75//75
f 76//76 77//77 78//78
f 79//79 80//80 81//81
f 82//82 83//83 84//84
f 85//85 86//86 87//87
f 88//88 89//89 90//90
f 91//91 92//92 93//93
f 94//94 95//95 96//96
f 97//97 98//98 99//99
f 100//100 101//101 102//102
f 103//103 104//104 105//105
f 106//106 107//107 108//108
f 109//109 110//110 111//111
f 112//112 113//113 114//114
f 115//115 116//116 117//117
f 118//118 119//119 120//120
f 121//121 122//122 123//123
f 124//124 125//125 126//126
f 127//127 128//128 129//129
f 130//130 131//131 132//132
f 133//133 134//134 135//135
f 136//136 137//137 138//138
f 139//139 140//140 141//141
f 142//142 143//143 144//144
f 145//145 146//146 147//147
f 148//148 149//149 150//150
f 151//151 152//152 153//153
f 154//154 155//155 156//156
f 157//157 158//158 159//159
f 160//160 161//161 162//162
f 163//163 164//164 165//165
f 166//166 167//167 168//168
f 169//169 170//170 171//171
f 172//172 173//173 174//174
f 175//175 176//176 177//177
f 178//178 179//179 180//180
f 181//181 182//182 183//183
f 184//184 185//185 186//186
f 187//187 188//188 189//189
f 190//190 191//191 192//192
f 193//193 194//194 195//195
f 196//196 197//197 198//198
f 199//199 200//200 201//201
f 202//202 203//203 204//204
f 205//205 206//206 207//207
f 208//208 209//209 210//210
f 211//211 212//212 213//213
f 214//214 215//215 216//216
f 217//217 218//218 219//219
f 220//220 221//221 222//222
f 223//223 224//224 225//225
f 226//226 227//227 228//228
f 229//229 230//230 231//231
f 232//232 233//233 234//234
f 235//235 236//236 237//237
f 238//238 239//239 240//240
f 241//241 242//242 243//243
f 244//244 245//245 246//246
f 247//247 248//248 249//249
f 250//250 251//251 252//252
f 253//253 254//254 255//255
f 256//256 257//257 258//258
f 259//259 260//260 261//261
f 262//262 263//263 264//264
f 265//265 266//266 267//267
f 268//268 269//269 270//270
f 271//271 272//272 273//273
f 274//274 275//275 276//276
f 277//277 278//278 279//279
f 280//280 281//281 282//282
f 283//283 284//284 285//285
f 286//286 287//287 288//288
f 289//289 290//290 291//291
f 292//292 293//293 294//294
f 295//295 296//296 297//297
f 298//298 299//299 300//300
f 301//301 302//302 303//303
f 304//304 305//305 306//306
f 307//307 308//308 309//309
f 310//310 311//311 312//312
f 313//313 314//314 315//315
f 316//316 317//317 318//318
f 319//319 320//320 321//321
f 322//322 323//323 324//324
f 325//325 326//326 327//327
f 328//328 329//329 330//330
f 331//331 332//332 333//333
f 334//334 335//335 336//336
f 337//337 338//338 339//339
f 340//340 341//341 342//342
f 343//343 344//344 345//345
f 346//346 347//347 348//348
f 349//349 350//350 351//351
f 352//352 353//353 354//354
f 355//355 356//356 357//357
f 358//358 359//359 360//360
f 361//361 362//362 363//363
f 364//364 365//365 366//366
f 367//367 368//368 369//369
f 370//370 371//371 372//372
f 373//373 374//374 375//375
f 376//376 377//377 378//378
f 379//379 380//380 381//381
f 382//382 383//383 384//384
f 385//385 386//386 387//387
f 388//388 389//389 390//390
f 391//391 392//392 393//393
f 394//394 395//395 396//396
f 397//397 398//398 399//399
f 400//400 401//401 402//402
f 403//403 404//404 405//405
f 406//406 407//407 408//408
f 409//409 410//410 411//411
f 412//412 413//413 414//414
f 415//415 416//416 417//417
f 418//418 419//419 420//420
f 421//421 422//422 423//423
f 424//424 425//425 426//426
f 427//427 428//428 429//429
f 430//430 431//431 432//432
f 433//433 434//434 435//435
f 436//436 437//437 438//438
f 439//439 440//440 441//441
f 442//442 443//443 444//444
f 445//445 446//446 447//447
f 448//448 449//449 450//450
f 451//451 452//452 453//453
f 454//454 455//455 456//456
f 457//457 458//458 459//459
f 460//460 461//461 462//462
f 463//463 464//464 465//465
f 466//466 467//467 468//468
f 469//469 470//470 471//471
f 472//472 473//473 474//474
f 475//475 476//476 477//477
f 478//478 479//479 480//480
f 481//481 482//482 483//483
f 484//484 485//485 486//486
f 487//487 488//488 489//489
f 490//490 491//491 492//492
f 493//493 494//494 495//495
f 496//496 497//497 498//498
f 499//499 500//500 501//501
f 502//502 503//503 504//504
f 505//505 506//506 507//507
f 508//508 509//509 510//510
f 511//511 512//512 513//513
f 514//514 515//515 516//516
f 517//517 518//518 519//519
f 520//520 521//521 522//522
f 523//523 524//524 525//525
f 526//526 527//527 528//528
f 529//529 530//530 531//531
f 532//532 533//533 534//534
f 535//535 536//536 537//537
f 538//538 539//539 540//540
f 541//541 542//542 543//543
f 544//544 545//545 546//546
f 547//547 548//548 549//549
f 550//550 551//551 552//552
f 553//553 554//554 555//555
f 556//556 557//557 558//558
f 559//559 560//560 561//561
f 562//562 563//563 564//564
f 565//565 566//566 567//567
f 568//568 569//569 570//570
f 571//571 572//572 573//573
f 574//574 575//575 576//576
f 577//577 578//578 579//579
f 580//580 581//581 582//582
f 583//583 584//584 585//585
f 586//586 587//587 588//588
f 589//589 590//590 591//591
f 592//592 593//593 594//594
f 595//595 596//596 597//597
f 598//598 599//599 600//600
f 601//601 602//602 603//603
f 604//604 605//605 606//606
f 607//607 608//608 609//609
f 610//610 611//611 612//612
f 613//613 614//614 615//615
f 616//616 617//617 618//618
f 619//619 620//620 621//621
f 622//622 623//623 624//624
f 625//625 626//626 627//627
f 628//628 629//629 630//630
f 631//631 632//632 633//633
f 634//634 635//635 636//636
f 637//637 638//638 639//639
f 640//640 641//641 642//642
f 643//643 644//644 645//645
f 646//646 647//647 648//648
f 649//649 650//650 651//651
f 652//652 653//653 654//654
f 655//655 656//656 657//657
f 658//658 659//659 660//660
f 661//661 662//662 663//663
f 664//664 665//665 666//666
f 667//667 668//668 669//669
f 670//670 671//671 672//672
f 673//673 674//674 675//675
f 676//676 677//677 678//678
f 679//679 680//680 681//681
f 682//682 683//683 684//684
f 685//685 686//686 687//687
f 688//688 689//689 690//690
f 691//691 692//692 693//693
f 694//694 695//695 696//696
f 697//697 698//698 699//699
f 700//700 701//701 702//702
f 703//703 704//704 705//705
f 706//706 707//707 708//708
f 709//709 710//710 711//711
f 712//712 713//713 714//714
f 715//715 716//716 717//717
f 718//718 719//719 720//720
f 721//721 722//722 723//723
f 724//724 725//725 726//726
f 727//727 728//728 729//729
f 730//730 731//731 732//732
f 733//733 734//734 735//735
f 736//736 737//737 738//738
f 739//739 740//740 741//741
f 742//742 743//743 744//744
f 745//745 746//746 747//747
f 748//748 749//749 750//750
f 751//751 752//752 753//753
f 754//754 755//755 756//756
f 757//757 758//758 759//759
f 760//760 761//761 762//762
f 763//763 764//764 765//765
f 766//766 767//767 768//768
f 769//769 770//770 771//771
f 772//772 773//773 774//774
f 775//775 776//776 777//777
f 778//778 779//779 780//780
f 781//781 782//782 783//783
f 784//784 785//785 786//786
f 787//787 788//788 789//789
f 790//790 791//791 792//792
f 793//793 794//794 795//795
f 796//796 797//797 798//798
f 799//799 800//800 801//801
f 802//802 803//803 804//804
f 805//805 806//806 807//807
f 808//808 809//809 810//810
f 811//811 812//812 813//813
f 814//814 815//815 816//816
f 817//817 818//818 819//819
f 820//820 821//821 822//822
f 823//823 824//824 825//825
f 826//826 827//827 828//828
f 829//829 830//830 831//831
f 832//832 833//833 834//834
f 835//835 836//836 837//837
f 838//838 839//839 840//840
f 841//841 842//842 843//843
f 844//844 845//845 846//846
f 847//847 848//848 849//849
f 850//850 851//851 852//852
f 853//853 854//854 855//855
f 856//856 857//857 858//858
f 859//859 860//860 861//861
f 862//862 863//863 864//864
f 865//865 866//866 867//867
f 868//868 869//869 870//870
f 871//871 872//872 873//873
f 874//874 875//875 876//876
f 877//877 878//878 879//879
f 880//880 881//881 882//882
f 883//883 884//884 885//885
f 886//886 887//887 888//888
f 889//889 890//890 891//891
f 892//892 893//893 894//894
f 895//895 896//896 897//897
f 898//898 899//899 900//900
f 901//901 902//902 903//903
f 904//904 905//905 906//906
f 907//907 908//908 909//909
f 910//910 911//911 912//912
f 913//913 914//914 915//915
f 916//916 917//917 918//918
f 919//919 920//920 921//921
f 922//922 923//923 924//924
f 925//925 926//926 927//927
f 928//928 929//929 930//930
f 931//931 932//932 933//933
f 934//934 935//935 936//936
f 937//937 938//938 939//939
f 940//940 941//941 942//942
f 943//943 944//944 945//945
f 946//946 947//947 948//948
f 949//949 950//950 951//951
f 952//952 953//953 954//954
f 955//955 956//956 957//957
f 958//958 959//959 960//960
f 961//961 962//962 963//963
f 964//964 965//965 966//966
f 967//967 968//968 969//969
f 970//970 971//971 972//972
f 973//973 974//974 975//975
f 976//976 977//977 978//978
f 979//979 980//980 981//981
f 982//982 983//983 984//984
f 985//985 986//986 987//987
f 988//988 989//989 990//990
f 991//991 992//992 993//993
f 994//994 995//995 996//996
f 997//997 998//998 999//999
f 1000//1000 1001//1001 1002//1002
f 1003//1003 1004//1004 1005//1005
f 1006//1006 1007//1007 1008//1008
f 1009//1009 1010//1010 1011//1011
f 1012//1012 1013//1013 1014//1014
f 1015//1015 1016//1016 1017//1017
f 1018//1018 1019//1019 1020//1020
f 1021//1021 1022//1022 1023//1023
f 1024//1024 1025//1025 1026//1026
f 1027//1027 1028//1028 1029//1029
f 1030//1030 1031//1031 1032//1032
f 1033//1033 1034//1034 1035//1035
f 1036//1036 1037//1037 1038//1038
f 1039//1039 1040//1040 1041//1041
f 1042//1042 1043//1043 1044//1044
f 1045//1045 1046//1046 1047//1047
f 1048//1048 1049//1049 1050//1050
f 1051//1051 1052//1052 1053//1053
f 1054//1054 1055//1055 1056//1056
f 1057//1057 1058//1058 1059//1059
f 1060//1060 1061//1061 1062//1062
f 1063//1063 1064//1064 1065//1065
f 1066//1066 1067//1067 1068//1068
f 1069//1069 1070//1070 1071//1071
f 1072//1072 1073//1073 1074//1074
f 1075//1075 1076//1076 1077//1077
f 1078//1078 1079//1079 1080//1080
f 1081//1081 1082//1082 1083//1083
f 1084//1084 1085//1085 1086//1086
f 1087//1087 1088//1088 1089//1089
f 1090//1090 1091//1091 1092//1092
f 1093//1093 1094//1094 1095//1095
f 1096//1096 1097//1097 1098//1098
f 1099//1099 1100//1100 1101//1101
f 1102//1102 1103//1103 1104//1104
f 1105//1105 1106//1106 1107//1107
f 1108//1108 1109//1109 1110//1110
f 1111//1111 1112//1112 1113//1113
f 1114//1114 1115//1115 1116//1116
f 1117//1117 1118//1118 1119//1119
f 1120//1120 1121//1121 1122//1122
f 1123//1123 1124//1124 1125//1125
f 1126//1126 1127//1127 1128//1128
f 1129//1129 1130//1130 1131//1131
f 1132//1132 1133//1133 1134//1134
f 1135//1135 1136//1136 1137//1137
f 1138//1138 1139//1139 1140//1140
f 1141//1141 1142//1142 1143//1143
f 1144//1144 1145//1145 1146//1146
f 1147//1147 1148//1148 1149//1149
f 1150//1150 1151//1151 1152//1152
f 1153//1153 1154//1154 1155//1155
f 1156//1156 1157//1157 1158//1158
f 1159//1159 1160//1160 1161//1161
f 1162//1162 1163//1163 1164//1164
f 1165//1165 1166//1166 1167//1167
f 1168//1168 1169//1169 1170//1170
f 1171//1171 1172//1172 1173//1173
f 1174//1174 1175//1175 1176//1176
f 1177//1177 1178//1178 1179//1179
f 1180//1180 1181//1181 1182//1182
f 1183//1183 1184//1184 1185//1185
f 1186//1186 1187//1187 1188//1188
f 1189//1189 1190//1190 1191//1191
f 1192//1192 1193//1193 1194//1194
f 1195//1195 1196//1196 1197//1197
f 1198//1198 1199//1199 1200//1200
f 1201//1201 1202//1202 1203//1203
f 1204//1204 1205//1205 1206//1206
f 1207//1207 1208//1208 1209//1209
f 1210//1210 1211//1211 1212//1212
f 1213//1213 1214//1214 1215//1215
f 1216//1216 1217//1217 1218//1218
f 1219//1219 1220//1220 1221//1221
f 1222//1222 1223//1223 1224//1224
f 1225//1225 1226//1226 1227//1227
f 1228//1228 1229//1229 1230//1230
f 1231//1231 1232//1232 1233//1233
f 1234//1234 1235//1235 1236//1236
f 1237//1237 1238//1238 1239//1239
f 1240//1240 1241//1241 1242//1242
f 1243//1243 1244//1244 1245//1245
f 1246//1246 1247//1247 1248//1248
f 1249//1249 1250//1250 1251//1251
f 1252//1252 1253//1253 1254//1254
f 1255//1255 1256//1256 1257//1257
f 1258//1258 1259//1259 1260//1260
f 1261//1261 1262//1262 1263//1263
f 1264//1264 1265//1265 1266//1266
f 1267//1267 1268//1268 1269//1269
f 1270//1270 1271//1271 1272//1272
f 1273//1273 1274//1274 1275//1275
f 1276//1276 1277//1277 1278//1278
f 1279//1279 1280//1280 1281//1281
f 1282//1282 1283//1283 1284//1284
f 1285//1285 1286//1286 1287//1287
f 1288//1288 1289//1289 1290//1290
f 1291//1291 1292//1292 1293//1293
f 1294//1294 1295//1295 1296//1296
f 1297//1297 1298//1298 1299//1299
f 1300//1300 1301//1301 1302//1302
f 1303//1303 1304//1304 1305//1305
f 1306//1306 1307//1307 1308//1308
f 1309//1309 1310//1310 1311//1311
f 1312//1312 1313//1313 1314//1314
f 1315//1315 1316//1316 1317//1317
f 1318//1318 1319//1319 1320//1320
f 1321//1321 1322//1322 1323//1323
f 1324//1324 1325//1325 1326//1326
f 1327//1327 1328//1328 1329//1329
f 1330//1330 1331//1331 1332//1332
f 1333//1333 1334//1334 1335//1335
f 1336//1336 1337//1337 1338//1338
f 1339//1339 1340//1340 1341//1341
f 1342//1342 1343//1343 1344//1344
f 1345//1345 1346//1346 1347//1347
f 1348//1348 1349//1349 1350//1350
f 1351//1351 1352//1352 1353//1353
f 1354//1354 1355//1355 1356//1356
f 1357//1357 1358//1358 1359//1359
f 1360//1360 1361//1361 1362//1362
f 1363//1363 1364//1364 1365//1365
f 1366//1366 1367//1367 1368//1368
f 1369//1369 1370//1370 1371//1371
f 1372//1372 1373//1373 1374//1374
f 1375//1375 1376//1376 1377//1377
f 1378//1378 1379//1379 1380//1380
f 1381//1381 1382//1382 1383//1383
f 1384//1384 1385//1385 1386//1386
f 1387//1387 1388//1388 1389//1389
f 1390//1390 1391//1391 1392//1392
f 1393//1393 1394//1394 1395//1395
f 1396//1396 1397//1397 1398//1398
f 1399//1399 1400//1400 1401//1401
f 1402//1402 1403//1403 1404//1404
f 1405//1405 1406//1406 1407//1407
f 1408//1408 1409//1409 1410//1410
f 1411//1411 1412//1412 1413//1413
f 1414//1414 1415//1415 1416//1416
f 1417//1417 1418//1418 1419//1419
f 1420//1420 1421//1421 1422//1422
f 1423//1423 1424//1424 1425//1425
f 1426//1426 1427//1427 1428//1428
f 1429//1429 1430//1430 1431//1431
f 1432//1432 1433//1433 1434//1434
f 1435//1435 1436//1436 1437//1437
f 1438//1438 1439//1439 1440//1440
f 1441//1441 1442//1442 1443//1443
f 1444//1444 1445//1445 1446//1446
f 1447//1447 1448//1448 1449//1449
f 1450//1450 1451//1451 1452//1452
f 1453//1453 1454//1454 1455//1455
f 1456//1456 1457//1457 1458//1458
f 1459//1459 1460//1460 1461//1461
f 1462//1462 1463//1463 1464//1464
f 1465//1465 1466//1466 1467//1467
f 1468//1468 1469//1469 1470//1470
f 1471//1471 1472//1472 1473//1473
f 1474//1474 1475//1475 1476//1476
f 1477//1477 1478//1478 1479//1479
f 1480//1480 1481//1481 1482//1482
f 1483//1483 1484//1484 1485//1485
f 1486//1486 1487//1487 1488//1488
f 1489//1489 1490//1490 1491//1491
f 1492//1492 1493//1493 1494//1494
f 1495//1495 1496//1496 1497//1497
f 1498//1498 1499//1499 1500//1500
f 1501//1501 1502//1502 1503//1503
f 1504//1504 1505//1505 1506//1506
f 1507//1507 1508//1508 1509//1509
f 1510//1510 1511//1511 1512//1512
f 1513//1513 1514//1514 1515//1515
f 1516//1516 1517//1517 1518//1518
f 1519//1519 1520//1520 1521//1521
f 1522//1522 1523//1523 1524//1524
f 1525//1525 1526//1526 1527//1527
f 1528//1528 1529//1529 1530//1530
f 1531//1531 1532//1532 1533//1533
f 1534//1534 1535//1535 1536//1536
f 1537//1537 1538//1538 1539//1539
f 1540//1540 1541//1541 1542//1542
f 1543//1543 1544//1544 1545//1545
f 1546//1546 1547//1547 1548//1548
f 1549//1549 1550//1550 1551//1551
f 1552//1552 1553//1553 1554//1554
f 1555//1555 1556//1556 1557//1557
f 1558//1558 1559//1559 1560//1560
f 1561//1561 1562//1562 1563//1563
f 1564//1564 1565//1565 1566//1566
f 1567//1567 1568//1568 1569//1569
f 1570//1570 1571//1571 1572//1572
f 1573//1573 1574//1574 1575//1575
f 1576//1576 1577//1577 1578//1578
f 1579//1579 1580//1580 1581//1581
f 1582//1582 1583//1583 1584//1584
f 1585//1585 1586//1586 1587//1587
f 1588//1588 1589//1589 1590//1590
f 1591//1591 1592//1592 1593//1593
f 1594//1594 1595//1595 1596//1596
f 1597//1597 1598//1598 1599//1599
f 1600//1600 1601//1601 1602//1602
f 1603//1603 1604//1604 1605//1605
f 1606//1606 1607//1607 1608//1608
f 1609//1609 1610//1610 1611//1611
f 1612//1612 1613//1613 1614//1614
f 1615//1615 1616//1616 1617//1617
f 1618//1618 1619//1619 1620//1620
f 1621//1621 1622//1622 1623//1623
f 1624//1624 1625//1625 1626//1626
f 1627//1627 1628//1628 1629//1629
f 1630//1630 1631//1631 1632//1632
f 1633//1633 1634//1634 1635//1635
f 1636//1636 1637//1637 1638//1638
f 1639//1639 1640//1640 1641//1641
f 1642//1642 1643//1643 1644//1644
f 1645//1645 1646//1646 1647//1647
f 1648//1648 1649//1649 1650//1650
f 1651//1651 1652//1652 1653//1653
f 1654//1654 1655//1655 1656//1656
f 1657//1657 1658//1658 1659//1659
f 1660//1660 1661//1661 1662//1662
f 1663//1663 1664//1664 1665//1665
f 1666//1666 1667//1667 1668//1668
f 1669//1669 1670//1670 1671//1671
f 1672//1672 1673//1673 1674//1674
f 1675//1675 1676//1676 1677//1677
f 1678//1678 1679//1679 1680//1680
f 1681//1681 1682//1682 1683//1683
f 1684//1684 1685//1685 1686//1686
f 1687//1687 1688//1688 1689//1689
f 1690//1690 1691//1691 1692//1692
f 1693//1693 1694//1694 1695//1695
f 1696//1696 1697//1697 1698//1698
f 1699//1699 1700//1700 1701//1701
f 1702//1702 1703//1703 1704//1704
f 1705//1705 1706//1706 1707//1707
f 1708//1708 1709//1709 1710//1710
f 1711//1711 1712//1712 1713//1713
f 1714//1714 1715//1715 1716//1716
f 1717//1717 1718//1718 1719//1719
f 1720//1720 1721//1721 1722//1722
f 1723//1723 1724//1724 1725//1725
f 1726//1726 1727//1727 1728//1728
f 1729//1729 1730//1730 1731//1731
f 1732//1732 1733//1733 1734//1734
f 1735//1735 1736//1736 1737//1737
f 1738//1738 1739//1739 1740//1740
f 1741//1741 1742//1742 1743//1743
f 1744//1744 1745//1745 1746//1746
f 1747//1747 1748//1748 1749//1749
f 1750//1750 1751//1751 1752//1752
f 1753//1753 1754//1754 1755//1755
f 1756//1756 1757//1757 1758//1758
f 1759//1759 1760//1760 1761//1761
f 1762//1762 1763//1763 1764//1764
f 1765//1765 1766//1766 1767//1767
f 1768//1768 1769//1769 1770//1770
f 1771//1771 1772//1772 1773//1773
f 1774//1774 1775//1775 1776//1776
f 1777//1777 1778//1778 1779//1779
f 1780//1780 1781//1781 1782//1782
f 1783//1783 1784//1784 1785//1785
f 1786//1786 1787//1787 1788//1788
f 1789//1789 1790//1790 1791//1791
f 1792//1792 1793//1793 1794//1794
f 1795//1795 1796//1796 1797//1797
f 1798//1798 1799//1799 1800//1800
f 1801//1801 1802//1802 1803//1803
f 1804//1804 1805//1805 1806//1806
f 1807//1807 1808//1808 1809//1809
f 1810//1810 1811//1811 1812//1812
f 1813//1813 1814//1814 1815//1815
f 1816//1816 1817//1817 1818//1818
f 1819//1819 1820//1820 1821//1821
f 1822//1822 1823//1823 1824//1824
f 1825//1825 1826//1826 1827//1827
f 1828//1828 1829//1829 1830//1830
f 1831//1831 1832//1832 1833//1833
f 1834//1834 1835//1835 1836//1836
f 1837//1837 1838//1838 1839//1839
f 1840//1840 1841//1841 1842//1842
f 1843//1843 1844//1844 1845//1845
f 1846//1846 1847//1847 1848//1848
f 1849//1849 1850//1850 1851//1851
f 1852//1852 1853//1853 1854//1854
f 1855//1855 1856//1856 1857//1857
f 1858//1858 1859//1859 1860//1860
f 1861//1861 1862//1862 1863//1863
f 1864//1864 1865//1865 1866//1866
f 1867//1867 1868//1868 1869//1869
f 1870//1870 1871//1871 1872//1872
f 1873//1873 1874//1874 1875//1875
f 1876//1876 1877//1877 1878//1878
f 1879//1879 1880//1880 1881//1881
f 1882//1882 1883//1883 1884//1884
f 1885//1885 1886//1886 1887//1887
f 1888//1888 1889//1889 1890//1890
f 1891//1891 1892//1892 1893//1893
f 1894//1894 1895//1895 1896//1896
f 1897//1897 1898//1898 1899//1899
f 1900//1900 1901//1901 1902//1902
f 1903//1903 1904//1904 1905//1905
f 1906//1906 1907//1907 1908//1908
f 1909//1909 1910//1910 1911//1911
f 1912//1912 1913//1913 1914//1914
f 1915//1915 1916//1916 1917//1917
f 1918//1918 1919//1919 1920//1920
f 1921//1921 1922//1922 1923//1923
f 1924//1924 1925//1925 1926//1926
f 1927//1927 1928//1928 1929//1929
f 1930//1930 1931//1931 1932//1932
f 1933//1933 1934//1934 1935//1935
f 1936//1936 1937//1937 1938//1938
f 1939//1939 1940//1940 1941//1941
f 1942//1942 1943//1943 1944//1944
f 1945//1945 1946//1946 1947//1947
f 1948//1948 1949//1949 1950//1950
f 1951//1951 1952//1952 1953//1953
f 1954//1954 1955//1955 1956//1956
f 1957//1957 1958//1958 1959//1959
f 1960//1960 1961//1961 1962//1962
f 1963//1963 1964//1964 1965//1965
f 1966//1966 1967//1967 1968//1968
f 1969//1969 1970//1970 1971//1971
f 1972//1972 1973//1973 1974//1974
f 1975//1975 1976//1976 1977//1977
f 1978//1978 1979//1979 1980//1980
f 1981//1981 1982//1982 1983//1983
f 1984//1984 1985//1985 1986//1986
f 1987//1987 1988//1988 1989//1989
f 1990//1990 1991//1991 1992//1992
f 1993//1993 1994//1994 1995//1995
f 1996//1996 1997//1997 1998//1998
f 1999//1999 2000//2000 2001//2001
f 2002//2002 2003//2003 2004//2004
f 2005//2005 2006//2006 2007//2007
f 2008//2008 2009//2009 2010//2010
f 2011//2011 2012//2012 2013//2013
f 2014//2014 2015//2015 2016//2016
f 2017//2017 2018//2018 2019//2019
f 2020//2020 2021//2021 2022//2022
f 2023//2023 2024//2024 2025//2025
f 2026//2026 2027//2027 2028//2028
f 2029//2029 2030//2030 2031//2031
f 2032//2032 2033//2033 2034//2034
f 2035//2035 2036//2036 2037//2037
f 2038//2038 2039//2039 2040//2040
f 2041//2041 2042//2042 2043//2043
f 2044//2044 2045//2045 2046//2046
f 2047//2047 2048//2048 2049//2049
f 2050//2050 2051//2051 2052//2052
f 2053//2053 2054//2054 2055//2055
f 2056//2056 2057//2057 2058//2058
f 2059//2059 2060//2060 2061//2061
f 2062//2062 2063//2063 2064//2064
f 2065//2065 2066//2066 2067//2067
f 2068//2068 2069//2069 2070//2070
f 2071//2071 2072//2072 2073//2073
f 2074//2074 2075//2075 2076//2076
f 2077//2077 2078//2078 2079//2079
f 2080//2080 2081//2081 2082//2082
f 2083//2083 2084//2084 2085//2085
f 2086//2086 2087//2087 2088//2088
f 2089//2089 2090//2090 2091//2091
f 2092//2092 2093//2093 2094//2094
f 2095//2095 2096//2096 2097//2097
f 2098//2098 2099//2099 2100//2100
f 2101//2101 2102//2102 2103//2103
f 2104//2104 2105//2105 2106//2106
f 2107//2107 2108//2108 2109//2109
f 2110//2110 2111//2111 2112//2112
f 2113//2113 2114//2114 2115//2115
f 2116//2116 2117//2117 2118//2118
f 2119//2119 2120//2120 2121//2121
f 2122//2122 2123//2123 2124//2124
f 2125//2125 2126//2126 2127//2127
f 2128//2128 2129//2129 2130//2130
f 2131//2131 2132//2132 2133//2133
f 2134//2134 2135//2135 2136//2136
f 2137//2137 2138//2138 2139//2139
f 2140//2140 2141//2141 2142//2142
f 2143//2143 2144//2144 2145//2145
f 2146//2146 2147//2147 2148//2148
f 2149//2149 2150//2150 2151//2151
f 2152//2152 2153//2153 2154//2154
f 2155//2155 2156//2156 2157//2157
f 2158//2158 2159//2159 2160//2160
f 2161//2161 2162//2162 2163//2163
f 2164//2164 2165//2165 2166//2166
f 2167//2167 2168//2168 2169//2169
f 2170//2170 2171//2171 2172//2172
f 2173//2173 2174//2174 2175//2175
f 2176//2176 2177//2177 2178//2178
f 2179//2179 2180//2180 2181//2181
f 2182//2182 2183//2183 2184//2184
f 2185//2185 2186//2186 2187//2187
f 2188//2188 2189//2189 2190//2190
f 2191//2191 2192//2192 2193//2193
f 2194//2194 2195//2195 2196//2196
f 2197//2197 2198//2198 2199//2199
f 2200//2200 2201//2201 2202//2202
f 2203//2203 2204//2204 2205//2205
f 2206//2206 2207//2207 2208//2208
f 2209//2209 2210//2210 2211//2211
f 2212//2212 2213//2213 2214//2214
f 2215//2215 2216//2216 2217//2217
f 2218//2218 2219//2219 2220//2220
f 2221//2221 2222//2222 2223//2223
f 2224//2224 2225//2225 2226//2226
f 2227//2227 2228//2228 2229//2229
f 2230//2230 2231//2231 2232//2232
f 2233//2233 2234//2234 2235//2235
f 2236//2236 2237//2237 2238//2238
f 2239//2239 2240//2240 2241//2241
f 2242//2242 2243//2243 2244//2244
f 2245//2245 2246//2246 2247//2247
f 2248//2248 2249//2249 2250//2250
f 2251//2251 2252//2252 2253//2253
f 2254//2254 2255//2255 2256//2256
f 2257//2257 2258//2258 2259//2259
f 2260//2260 2261//2261 2262//2262
f 2263//2263 2264//2264 2265//2265
f 2266//2266 2267//2267 2268//2268
f 2269//2269 2270//2270 2271//2271
f 2272//2272 2273//2273 2274//2274
f 2275//2275 2276//2276 2277//2277
f 2278//2278 2279//2279 2280//2280
f 2281//2281 2282//2282 2283//2283
f 2284//2284 2285//2285 2286//2286
f 2287//2287 2288//2288 2289//2289
f 2290//2290 2291//2291 2292//2292
f 2293//2293 2294//2294 2295//2295
f 2296//2296 2297//2297 2298//2298
f 2299//2299 2300//2300 2301//2301
f 2302//2302 2303//2303 2304//2304
f 2305//2305 2306//2306 2307//2307
f 2308//2308 2309//2309 2310//2310
f 2311//2311 2312//2312 2313//2313
f 2314//2314 2315//2315 2316//2316
f 2317//2317 2318//2318 2319//2319
f 2320//2320 2321//2321 2322//2322
f 2323//2323 2324//2324 2325//2325
f 2326//2326 2327//2327 2328//2328
f 2329//2329 2330//2330 2331//2331
f 2332//2332 2333//2333 2334//2334
f 2335//2335 2336//2336 2337//2337
f 2338//2338 2339//2339 2340//2340
f 2341//2341 2342//2342 2343//2343
f 2344//2344 2345//2345 2346//2346
f 2347//2347 2348//2348 2349//2349
f 2350//2350 2351//2351 2352//2352
f 2353//2353 2354//2354 2355//2355
f 2356//2356 2357//2357 2358//2358
f 2359//2359 2360//2360 2361//2361
f 2362//2362 2363//2363 2364//2364
f 2365//2365 2366//2366 2367//2367
f 2368//2368 2369//2369 2370//2370
f 2371//2371 2372//2372 2373//2373
f 2374//2374 2375//2375 2376//2376
f 2377//2377 2378//2378 2379//2379
f 2380//2380 2381//2381 2382//2382
f 2383//2383 2384//2384 2385//2385
f 2386//2386 2387//2387 2388//2388
f 2389//2389 2390//2390 2391//2391
f 2392//2392 2393//2393 2394//2394
f 2395//2395 2396//2396 2397//2397
f 2398//2398 2399//2399 2400//2400
f 2401//2401 2402//2402 2403//2403
f 2404//2404 2405//2405 2406//2406
f 2407//2407 2408//2408 2409//2409
f 2410//2410 2411//2411 2412//2412
f 2413//2413 2414//2414 2415//2415
f 2416//2416 2417//2417 2418//2418
f 2419//2419 2420//2420 2421//2421
f 2422//2422 2423//2423 2424//2424
f 2425//2425 2426//2426 2427//2427
f 2428//2428 2429//2429 2430//2430
f 2431//2431 2432//2432 2433//2433
f 2434//2434 2435//2435 2436//2436
f 2437//2437 2438//2438 2439//2439
f 2440//2440 2441//2441 2442//2442
f 2443//2443 2444//2444 2445//2445
f 2446//2446 2447//2447 2448//2448
f 2449//2449 2450//2450 2451//2451
f 2452//2452 2453//2453 2454//2454
f 2455//2455 2456//2456 2457//2457
f 2458//2458 2459//2459 2460//2460
f 2461//2461 2462//2462 2463//2463
f 2464//2464 2465//2465 2466//2466
f 2467//2467 2468//2468 2469//2469
f 2470//2470 2471//2471 2472//2472
f 2473//2473 2474//2474 2475//2475
f 2476//2476 2477//2477 2478//2478
f 2479//2479 2480//2480 2481//2481
f 2482//2482 2483//2483 2484//2484
f 2485//2485 2486//2486 2487//2487
f 2488//2488 2489//2489 2490//2490
f 2491//2491 2492//2492 2493//2493
f 2494//2494 2495//2495 2496//2496
f 2497//2497 2498//2498 2499//2499
f 2500//2500 2501//2501 2502//2502
f 2503//2503 2504//2504 2505//2505
f 2506//2506 2507//2507 2508//2508
f 2509//2509 2510//2510 2511//2511
f 2512//2512 2513//2513 2514//2514
f 2515//2515 2516//2516 2517//2517
f 2518//2518 2519//2519 2520//2520
f 2521//2521 2522//2522 2523//2523
f 2524//2524 2525//2525 2526//2526
f 2527//2527 2528//2528 2529//2529
f 2530//2530 2531//2531 2532//2532
f 2533//2533 2534//2534 2535//2535
f 2536//2536 2537//2537 2538//2538
f 2539//2539 2540//2540 2541//2541
f 2542//2542 2543//2543 2544//2544
f 2545//2545 2546//2546 2547//2547
f 2548//2548 2549//2549 2550//2550
f 2551//2551 2552//2552 2553//2553
f 2554//2554 2555//2555 2556//2556
f 2557//2557 2558//2558 2559//2559
f 2560//2560 2561//2561 2562//2562
f 2563//2563 2564//2564 2565//2565
f 2566//2566 2567//2567 2568//2568
f 2569//2569 2570//2570 2571//2571
f 2572//2572 2573//2573 2574//2574
f 2575//2575 2576//2576 2577//2577
f 2578//2578 2579//2579 2580//2580
f 2581//2581 2582//2582 2583//2583
f 2584//2584 2585//2585 2586//2586
f 2587//2587 2588//2588 2589//2589
f 2590//2590 2591//2591 2592//2592
f 2593//2593 2594//2594 2595//2595
f 2596//2596 2597//2597 2598//2598
f 2599//2599 2600//2600 2601//2601
f 2602//2602 2603//2603 2604//2604
f 2605//2605 2606//2606 2607//2607
f 2608//2608 2609//2609 2610//2610
f 2611//2611 2612//2612 2613//2613
f 2614//2614 2615//2615 2616//2616
f 2617//2617 2618//2618 2619//2619
f 2620//2620 2621//2621 2622//2622
f 2623//2623 2624//2624 2625//2625
f 2626//2626 2627//2627 2628//2628
f 2629//2629 2630//2630 2631//2631
f 2632//2632 2633//2633 2634//2634
f 2635//2635 2636//2636 2637//2637
f 2638//2638 2639//2639 2640//2640
f 2641//2641 2642//2642 2643//2643
f 2644//2644 2645//2645 2646//2646
f 2647//2647 2648//2648 2649//2649
f 2650//2650 2651//2651 2652//2652
f 2653//2653 2654//2654 2655//2655
f 2656//2656 2657//2657 2658//2658
f 2659//2659 2660//2660 2661//2661
f 2662//2662 2663//2663 2664//2664
f 2665//2665 2666//2666 2667//2667
f 2668//2668 2669//2669 2670//2670
f 2671//2671 2672//2672 2673//2673
f 2674//2674 2675//2675 2676//2676
f 2677//2677 2678//2678 2679//2679
f 2680//2680 2681//2681 2682//2682
f 2683//2683 2684//2684 2685//2685
f 2686//2686 2687//2687 2688//2688
f 2689//2689 2690//2690 2691//2691
f 2692//2692 2693//2693 2694//2694
f 2695//2695 2696//2696 2697//2697
f 2698//2698 2699//2699 2700//2700
f 2701//2701 2702//2702 2703//2703
f 2704//2704 2705//2705 2706//2706
f 2707//2707 2708//2708 2709//2709
f 2710//2710 2711//2711 2712//2712
f 2713//2713 2714//2714 2715//2715
f 2716//2716 2717//2717 2718//2718
f 2719//2719 2720//2720 2721//2721
f 2722//2722 2723//2723 2724//2724
f 2725//2725 2726//2726 2727//2727
f 2728//2728 2729//2729 2730//2730
f 2731//2731 2732//2732 2733//2733
f 2734//2734 2735//2735 2736//2736
f 2737//2737 2738//2738 2739//2739
f 2740//2740 2741//2741 2742//2742
f 2743//2743 2744//2744 2745//2745
f 2746//2746 2747//2747 2748//2748
f 2749//2749 2750//2750 2751//2751
f 2752//2752 2753//2753 2754//2754
f 2755//2755 2756//2756 2757//2757
f 2758//2758 2759//2759 2760//2760
f 2761//2761 2762//2762 2763//2763
f 2764//2764 2765//2765 2766//2766
f 2767//2767 2768//2768 2769//2769
f 2770//2770 2771//2771 2772//2772
f 2773//2773 2774//2774 2775//2775
f 2776//2776 2777//2777 2778//2778
f 2779//2779 2780//2780 2781//2781
f 2782//2782 2783//2783 2784//2784
f 2785//2785 2786//2786 2787//2787
f 2788//2788 2789//2789 2790//2790
f 2791//2791 2792//2792 2793//2793
f 2794//2794 2795//2795 2796//2796
f 2797//2797 2798//2798 2799//2799
f 2800//2800 2801//2801 2802//2802
f 2803//2803 2804//2804 2805//2805
f 2806//2806 2807//2807 2808//2808
f 2809//2809 2810//2810 2811//2811
f 2812//2812 2813//2813 2814//2814
f 2815//2815 2816//2816 2817//2817
f 2818//2818 2819//2819 2820//2820
f 2821//2821 2822//2822 2823//2823
f 2824//2824 2825//2825 2826//2826
f 2827//2827 2828//2828 2829//2829
f 2830//2830 2831//2831 2832//2832
f 2833//2833 2834//2834 2835//2835
f 2836//2836 2837//2837 2838//2838
f 2839//2839 2840//2840 2841//2841
f 2842//2842 2843//2843 2844//2844
f 2845//2845 2846//2846 2847//2847
f 2848//2848 2849//2849 2850//2850
f 2851//2851 2852//2852 2853//2853
f 2854//2854 2855//2855 2856//2856
f 2857//2857 2858//2858 2859//2859
f 2860//2860 2861//2861 2862//2862
f 2863//2863 2864//2864 2865//2865
f 2866//2866 2867//2867 2868//2868
f 2869//2869 2870//2870 2871//2871
f 2872//2872 2873//2873 2874//2874
f 2875//2875 2876//2876 2877//2877
f 2878//2878 2879//2879 2880//2880
f 2881//2881 2882//2882 2883//2883
f 2884//2884 2885//2885 2886//2886
f 2887//2887 2888//2888 2889//2889
f 2890//2890 2891//2891 2892//2892
f 2893//2893 2894//2894 2895//2895
f 2896//2896 2897//2897 2898//2898
f 2899//2899 2900//2900 2901//2901
f 2902//2902 2903//2903 2904//2904
f 2905//2905 2906//2906 2907//2907
f 2908//2908 2909//2909 2910//2910
f 2911//2911 2912//2912 2913//2913
f 2914//2914 2915//2915 2916//2916
f 2917//2917 2918//2918 2919//2919
f 2920//2920 2921//2921 2922//2922
f 2923//2923 2924//2924 2925//2925
f 2926//2926 2927//2927 2928//2928
f 2929//2929 2930//2930 2931//2931
f 2932//2932 2933//2933 2934//2934
f 2935//2935 2936//2936 2937//2937
f 2938//2938 2939//2939 2940//2940
f 2941//2941 2942//2942 2943//2943
f 2944//2944 2945//2945 2946//2946
f 2947//2947 2948//2948 2949//2949
f 2950//2950 2951//2951 2952//2952
f 2953//2953 2954//2954 2955//2955
f 2956//2956 2957//2957 2958//2958
f 2959//2959 2960//2960 2961//2961
f 2962//2962 2963//2963 2964//2964
f 2965//2965 2966//2966 2967//2967
f 2968//2968 2969//2969 2970//2970
f 2971//2971 2972//2972 2973//2973
f 2974//2974 2975//2975 2976//2976
f 2977//2977 2978//2978 2979//2979
f 2980//2980 2981//2981 2982//2982
f 2983//2983 2984//2984 2985//2985
f 2986//2986 2987//2987 2988//2988
f 2989//2989 2990//2990 2991//2991
f 2992//2992 2993//2993 2994//2994
f 2995//2995 2996//2996 2997//2997
f 2998//2998 2999//2999 3000//3000
f 3001//3001 3002//3002 3003//3003
f 3004//3004 3005//3005 3006//3006
f 3007//3007 3008//3008 3009//3009
f 3010//3010 3011//3011 3012//3012
f 3013//3013 3014//3014 3015//3015
f 3016//3016 3017//3017 3018//3018
f 3019//3019 3020//3020 3021//3021
f 3022//3022 3023//3023 3024//3024
f 3025//3025 3026//3026 3027//3027
f 3028//3028 3029//3029 3030//3030
f 3031//3031 3032//3032 3033//3033
f 3034//3034 3035//3035 3036//3036
f 3037//3037 3038//3038 3039//3039
f 3040//3040 3041//3041 3042//3042
f 3043//3043 3044//3044 3045//3045
f 3046//3046 3047//3047 3048//3048
f 3049//3049 3050//3050 3051//3051
f 3052//3052 3053//3053 3054//3054
f 3055//3055 3056//3056 3057//3057
f 3058//3058 3059//3059 3060//3060
f 3061//3061 3062//3062 3063//3063
f 3064//3064 3065//3065 3066//3066
f 3067//3067 3068//3068 3069//3069
f 3070//3070 3071//3071 3072//3072
f 3073//3073 3074//3074 3075//3075
f 3076//3076 3077//3077 3078//3078
f 3079//3079 3080//3080 3081//3081
f 3082//3082 3083//3083 3084//3084
f 3085//3085 3086//3086 3087//3087
f 3088//3088 3089//3089 3090//3090
f 3091//3091 3092//3092 3093//3093
f 3094//3094 3095//3095 3096//3096
f 3097//3097 3098//3098 3099//3099
f 3100//3100 3101//3101 3102//3102
f 3103//3103 3104//3104 3105//3105
f 3106//3106 3107//3107 3108//3108
f 3109//3109 3110//3110 3111//3111
f 3112//3112 3113//3113 3114//3114
f 3115//3115 3116//3116 3117//3117
f 3118//3118 3119//3119 3120//3120
f 3121//3121 3122//3122 3123//3123
f 3124//3124 3125//3125 3126//3126
f 3127//3127 3128//3128 3129//3129
f 3130//3130 3131//3131 3132//3132
f 3133//3133 3134//3134 3135//3135
f 3136//3136 3137//3137 3138//3138
f 3139//3139 3140//3140 3141//3141
f 3142//3142 3143//3143 3144//3144
f 3145//3145 3146//3146 3147//3147
f 3148//3148 3149//3149 3150//3150
f 3151//3151 3152//3152 3153//3153
f 3154//3154 3155//3155 3156//3156
f 3157//3157 3158//3158 3159//3159
f 3160//3160 3161//3161 3162//3162
f 3163//3163 3164//3164 3165//3165
f 3166//3166 3167//3167 3168//3168
f 3169//3169 3170//3170 3171//3171
f 3172//3172 3173//3173 3174//3174
f 3175//3175 3176//3176 3177//3177
f 3178//3178 3179//3179 3180//3180
f 3181//3181 3182//3182 3183//3183
f 3184//3184 3185//3185 3186//3186
f 3187//3187 3188//3188 3189//3189
f 3190//3190 3191//3191 3192//3192
f 3193//3193 3194//3194 3195//3195
f 3196//3196 3197//3197 3198//3198
f 3199//3199 3200//3200 3201//3201
f 3202//3202 3203//3203 3204//3204
f 3205//3205 3206//3206 3207//3207
f 3208//3208 3209//3209 3210//3210
f 3211//3211 3212//3212 3213//3213
f 3214//3214 3215//3215 3216//3216
f 3217//3217 3218//3218 3219//3219
f 3220//3220 3221//3221 3222//3222
f 3223//3223 3224//3224 3225//3225
f 3226//3226 3227//3227 3228//3228
f 3229//3229 3230//3230 3231//3231
f 3232//3232 3233//3233 3234//3234
f 3235//3235 3236//3236 3237//3237
f 3238//3238 3239//3239 3240//3240
f 3241//3241 3242//3242 3243//3243
f 3244//3244 3245//3245 3246//3246
f 3247//3247 3248//3248 3249//3249
f 3250//3250 3251//3251 3252//3252
f 3253//3253 3254//3254 3255//3255
f 3256//3256 3257//3257 3258//3258
f 3259//3259 3260//3260 3261//3261
f 3262//3262 3263//3263 3264//3264
f 3265//3265 3266//3266 3267//3267
f 3268//3268 3269//3269 3270//3270
f 3271//3271 3272//3272 3273//3273
f 3274//3274 3275//3275 3276//3276
f 3277//3277 3278//3278 3279//3279
f 3280//3280 3281//3281 3282//3282
f 3283//3283 3284//3284 3285//3285
f 3286//3286 3287//3287 3288//3288
f 3289//3289 3290//3290 3291//3291
f 3292//3292 3293//3293 3294//3294
f 3295//3295 3296//3296 3297//3297
f 3298//3298 3299//3299 3300//3300
f 3301//3301 3302//3302 3303//3303
f 3304//3304 3305//3305 3306//3306
f 3307//3307 3308//3308 3309//3309
f 3310//3310 3311//3311 3312//3312
f 3313//3313 3314//3314 3315//3315
f 3316//3316 3317//3317 3318//3318
f 3319//3319 3320//3320 3321//3321
f 3322//3322 3323//3323 3324//3324
f 3325//3325 3326//3326 3327//3327
f 3328//3328 3329//3329 3330//3330
f 3331//3331 3332//3332 3333//3333
f 3334//3334 3335//3335 3336//3336
f 3337//3337 3338//3338 3339//3339
f 3340//3340 3341//3341 3342//3342
f 3343//3343 3344//3344 3345//3345
f 3346//3346 3347//3347 3348//3348
f 3349//3349 3350//3350 3351//3351
f 3352//3352 3353//3353 3354//3354
f 3355//3355 3356//3356 3357//3357
f 3358//3358 3359//3359 3360//3360
f 3361//3361 3362//3362 3363//3363
f 3364//3364 3365//3365 3366//3366
f 3367//3367 3368//3368 3369//3369
f 3370//3370 3371//3371 3372//3372
f 3373//3373 3374//3374 3375//3375
f 3376//3376 3377//3377 3378//3378
f 3379//3379 3380//3380 3381//3381
f 3382//3382 3383//3383 3384//3384
f 3385//3385 3386//3386 3387//3387
f 3388//3388 3389//3389 3390//3390
f 3391//3391 3392//3392 3393//3393
f 3394//3394 3395//3395 3396//3396
f 3397//3397 3398//3398 3399//3399
f 3400//3400 3401//3401 3402//3402
f 3403//3403 3404//3404 3405//3405
f 3406//3406 3407//3407 3408//3408
f 3409//3409 3410//3410 3411//3411
f 3412//3412 3413//3413 3414//3414
f 3415//3415 3416//3416 3417//3417
f 3418//3418 3419//3419 3420//3420
f 3421//3421 3422//3422 3423//3423
f 3424//3424 3425//3425 3426//3426
f 3427//3427 3428//3428 3429//3429
f 3430//3430 3431//3431 3432//3432
f 3433//3433 3434//3434 3435//3435
f 3436//3436 3437//3437 3438//3438
f 3439//3439 3440//3440 3441//3441
f 3442//3442 3443//3443 3444//3444
f 3445//3445 3446//3446 3447//3447
f 3448//3448 3449//3449 3450//3450
f 3451//3451 3452//3452 3453//3453
f 3454//3454 3455//3455 3456//3456
f 3457//3457 3458//3458 3459//3459
f 3460//3460 3461//3461 3462//3462
f 3463//3463 3464//3464 3465//3465
f 3466//3466 3467//3467 3468//3468
f 3469//3469 3470//3470 3471//3471
f 3472//3472 3473//3473 3474//3474
f 3475//3475 3476//3476 3477//3477
f 3478//3478 3479//3479 3480//3480
f 3481//3481 3482//3482 3483//3483
f 3484//3484 3485//3485 3486//3486
f 3487//3487 3488//3488 3489//3489
f 3490//3490 3491//3491 3492//3492
f 3493//3493 3494//3494 3495//3495
f 3496//3496 3497//3497 3498//3498
f 3499//3499 3500//3500 3501//3501
f 3502//3502 3503//3503 3504//3504
f 3505//3505 3506//3506 3507//3507
f 3508//3508 3509//3509 3510//3510
f 3511//3511 3512//3512 3513//3513
f 3514//3514 3515//3515 3516//3516
f 3517//3517 3518//3518 3519//3519
f 3520//3520 3521//3521 3522//3522
f 3523//3523 3524//3524 3525//3525
f 3526//3526 3527//3527 3528//3528
f 3529//3529 3530//3530 3531//3531
f 3532//3532 3533//3533 3534//3534
f 3535//3535 3536//3536 3537//3537
f 3538//3538 3539//3539 3540//3540
f 3541//3541 3542//3542 3543//3543
f 3544//3544 3545//3545 3546//3546
f 3547//3547 3548//3548 3549//3549
f 3550//3550 3551//3551 3552//3552
f 3553//3553 3554//3554 3555//3555
f 3556//3556 3557//3557 3558//3558
f 3559//3559 3560//3560 3561//3561
f 3562//3562 3563//3563 3564//3564
f 3565//3565 3566//3566 3567//3567
f 3568//3568 3569//3569 3570//3570
f 3571//3571 3572//3572 3573//3573
f 3574//3574 3575//3575 3576//3576
f 3577//3577 3578//3578 3579//3579
f 3580//3580 3581//3581 3582//3582
f 3583//3583 3584//3584 3585//3585
f 3586//3586 3587//3587 3588//3588
f 3589//3589 3590//3590 3591//3591
f 3592//3592 3593//3593 3594//3594
f 3595//3595 3596//3596 3597//3597
f 3598//3598 3599//3599 3600//3600
f 3601//3601 3602//3602 3603//3603
f 3604//3604 3605//3605 3606//3606
f 3607//3607 3608//3608 3609//3609
f 3610//3610 3611//3611 3612//3612
f 3613//3613 3614//3614 3615//3615
f 3616//3616 3617//3617 3618//3618
f 3619//3619 3620//3620 3621//3621
f 3622//3622 3623//3623 3624//3624
f 3625//3625 3626//3626 3627//3627
f 3628//3628 3629//3629 3630//3630
f 3631//3631 3632//3632 3633//3633
f 3634//3634 3635//3635 3636//3636
f 3637//3637 3638//3638 3639//3639
f 3640//3640 3641//3641 3642//3642
f 3643//3643 3644//3644 3645//3645
f 3646//3646 3647//3647 3648//3648
f 3649//3649 3650//3650 3651//3651
f 3652//3652 3653//3653 3654//3654
f 3655//3655 3656//3656 3657//3657
f 3658//3658 3659//3659 3660//3660
f 3661//3661 3662//3662 3663//3663
f 3664//3664 3665//3665 3666//3666
f 3667//3667 3668//3668 3669//3669
f 3670//3670 3671//3671 3672//3672
f 3673//3673 3674//3674 3675//3675
f 3676//3676 3677//3677 3678//3678
f 3679//3679 3680//3680 3681//3681
f 3682//3682 3683//3683 3684//3684
f 3685//3685 3686//3686 3687//3687
f 3688//3688 3689//3689 3690//3690
f 3691//3691 3692//3692 3693//3693
f 3694//3694 3695//3695 3696//3696
f 3697//3697 3698//3698 3699//3699
f 3700//3700 3701//3701 3702//3702
f 3703//3703 3704//3704 3705//3705
f 3706//3706 3707//3707 3708//3708
f 3709//3709 3710//3710 3711//3711
f 3712//3712 3713//3713 3714//3714
f 3715//3715 3716//3716 3717//3717
f 3718//3718 3719//3719 3720//3720
f 3721//3721 3722//3722 3723//3723
f 3724//3724 3725//3725 3726//3726
f 3727//3727 3728//3728 3729//3729
f 3730//3730 3731//3731 3732//3732
f 3733//3733 3734//3734 3735//3735
f 3736//3736 3737//3737 3738//3738
f 3739//3739 3740//3740 3741//3741
f 3742//3742 3743//3743 3744//3744
f 3745//3745 3746//3746 3747//3747
f 3748//3748 3749//3749 3750//3750
f 3751//3751 3752//3752 3753//3753
f 3754//3754 3755//3755 3756//3756
f 3757//3757 3758//3758 3759//3759
f 3760//3760 3761//3761 3762//3762
f 3763//3763 3764//3764 3765//3765
f 3766//3766 3767//3767 3768//3768
f 3769//3769 3770//3770 3771//3771
f 3772//3772 3773//3773 3774//3774
f 3775//3775 3776//3776 3777//3777
f 3778//3778 3779//3779 3780//3780
f 3781//3781 3782//3782 3783//3783
f 3784//3784 3785//3785 3786//3786
f 3787//3787 3788//3788 3789//3789
f 3790//3790 3791//3791 3792//3792
f 3793//3793 3794//3794 3795//3795
f 3796//3796 3797//3797 3798//3798
f 3799//3799 3800//3800 3801//3801
f 3802//3802 3803//3803 3804//3804
f 3805//3805 3806//3806 3807//3807
f 3808//3808 3809//3809 3810//3810
f 3811//3811 3812//3812 3813//3813
f 3814//3814 3815//3815 3816//3816
f 3817//3817 3818//3818 3819//3819
f 3820//3820 3821//3821 3822//3822
f 3823//3823 3824//3824 3825//3825
f 3826//3826 3827//3827 3828//3828
f 3829//3829 3830//3830 3831//3831
f 3832//3832 3833//3833 3834//3834
f 3835//3835 3836//3836 3837//3837
f 3838//3838 3839//3839 3840//3840
f 3841//3841 3842//3842 3843//3843
f 3844//3844 3845//3845 3846//3846
f 3847//3847 3848//3848 3849//3849
f 3850//3850 3851//3851 3852//3852
f 3853//3853 3854//3854 3855//3855
f 3856//3856 3857//3857 3858//3858
f 3859//3859 3860//3860 3861//3861
f 3862//3862 3863//3863 3864//3864
f 3865//3865 3866//3866 3867//3867
f 3868//3868 3869//3869 3870//3870
f 3871//3871 3872//3872 3873//3873
f 3874//3874 3875//3875 3876//3876
f 3877//3877 3878//3878 3879//3879
f 3880//3880 3881//3881 3882//3882
f 3883//3883 3884//3884 3885//3885
f 3886//3886 3887//3887 3888//3888
f 3889//3889 3890//3890 3891//3891
f 3892//3892 3893//3893 3894//3894
f 3895//3895 3896//3896 3897//3897
f 3898//3898 3899//3899 3900//3900
f 3901//3901 3902//3902 3903//3903
f 3904//3904 3905//3905 3906//3906
f 3907//3907 3908//3908 3909//3909
f 3910//3910 3911//3911 3912//3912
f 3913//3913 3914//3914 3915//3915
f 3916//3916 3917//3917 3918//3918
f 3919//3919 3920//3920 3921//3921
f 3922//3922 3923//3923 3924//3924
f 3925//3925 3926//3926 3927//3927
f 3928//3928 3929//3929 3930//3930
f 3931//3931 3932//3932 3933//3933
f 3934//3934 3935//3935 3936//3936
f 3937//3937 3938//3938 3939//3939
f 3940//3940 3941//3941 3942//3942
f 3943//3943 3944//3944 3945//3945
f 3946//3946 3947//3947 3948//3948
f 3949//3949 3950//3950 3951//3951
f 3952//3952 3953//3953 3954//3954
f 3955//3955 3956//3956 3957//3957
f 3958//3958 3959//3959 3960//3960
f 3961//3961 3962//3962 3963//3963
f 3964//3964 3965//3965 3966//3966
f 3967//3967 3968//3968 3969//3969
f 3970//3970 3971//3971 3972//3972
f 3973//3973 3974//3974 3975//3975
f 3976//3976 3977//3977 3978//3978
f 3979//3979 3980//3980 3981//3981
f 3982//3982 3983//3983 3984//3984
f 3985//3985 3986//3986 3987//3987
f 3988//3988 3989//3989 3990//3990
f 3991//3991 3992//3992 3993//3993
f 3994//3994 3995//3995 3996//3996
f 3997//3997 3998//3998 3999//3999
f 4000//4000 4001//4001 4002//4002
f 4003//4003 4004//4004 4005//4005
f 4006//4006 4007//4007 4008//4008
f 4009//4009 4010//4010 4011//4011
f 4012//4012 4013//4013 4014//4014
f 4015//4015 4016//4016 4017//4017
f 4018//4018 4019//4019 4020//4020
f 4021//4021 4022//4022 4023//4023
f 4024//4024 4025//4025 4026//4026
f 4027//4027 4028//4028 4029//4029
f 4030//4030 4031//4031 4032//4032
f 4033//4033 4034//4034 4035//4035
f 4036//4036 4037//4037 4038//4038
f 4039//4039 4040//4040 4041//4041
f 4042//4042 4043//4043 4044//4044
f 4045//4045 4046//4046 4047//4047
f 4048//4048 4049//4049 4050//4050
f 4051//4051 4052//4052 4053//4053
f 4054//4054 4055//4055 4056//4056
f 4057//4057 4058//4058 4059//4059
f 4060//4060 4061//4061 4062//4062
f 4063//4063 4064//4064 4065//4065
f 4066//4066 4067//4067 4068//4068
f 4069//4069 4070//4070 4071//4071
f 4072//4072 4073//4073 4074//4074
f 4075//4075 4076//4076 4077//4077
f 4078//4078 4079//4079 4080//4080
f 4081//4081 4082//4082 4083//4083
f 4084//4084 4085//4085 4086//4086
f 4087//4087 4088//4088 4089//4089
f 4090//4090 4091//4091 4092//4092
f 4093//4093 4094//4094 4095//4095
f 4096//4096 4097//4097 4098//4098
f 4099//4099 4100//4100 4101//4101
f 4102//4102 4103//4103 4104//4104
f 4105//4105 4106//4106 4107//4107
f 4108//4108 4109//4109 4110//4110
f 4111//4111 4112//4112 4113//4113
f 4114//4114 4115//4115 4116//4116
f 4117//4117 4118//4118 4119//4119
f 4120//4120 4121//4121 4122//4122
f 4123//4123 4124//4124 4125//4125
f 4126//4126 4127//4127 4128//4128
f 4129//4129 4130//4130 4131//4131
f 4132//4132 4133//4133 4134//4134
f 4135//4135 4136//4136 4137//4137
f 4138//4138 4139//4139 4140//4140
f 4141//4141 4142//4142 4143//4143
f 4144//4144 4145//4145 4146//4146
f 4147//4147 4148//4148 4149//4149
f 4150//4150 4151//4151 4152//4152
f 4153//4153 4154//4154 4155//4155
f 4156//4156 4157//4157 4158//4158
f 4159//4159 4160//4160 4161//4161
f 4162//4162 4163//4163 4164//4164
f 4165//4165 4166//4166 4167//4167
f 4168//4168 4169//4169 4170//4170
f 4171//4171 4172//4172 4173//4173
f 4174//4174 4175//4175 4176//4176
f 4177//4177 4178//4178 4179//4179
f 4180//4180 4181//4181 4182//4182
f 4183//4183 4184//4184 4185//4185
f 4186//4186 4187//4187 4188//4188
f 4189//4189 4190//4190 4191//4191
f 4192//4192 4193//4193 4194//4194
f 4195//4195 4196//4196 4197//4197
f 4198//4198 4199//4199 4200//4200
f 4201//4201 4202//4202 4203//4203
f 4204//4204 4205//4205 4206//4206
f 4207//4207 4208//4208 4209//4209
f 4210//4210 4211//4211 4212//4212
f 4213//4213 4214//4214 4215//4215
f 4216//4216 4217//4217 4218//4218
f 4219//4219 4220//4220 4221//4221
f 4222//4222 4223//4223 4224//4224
f 4225//4225 4226//4226 4227//4227
f 4228//4228 4229//4229 4230//4230
f 4231//4231 4232//4232 4233//4233
f 4234//4234 4235//4235 4236//4236
f 4237//4237 4238//4238 4239//4239
f 4240//4240 4241//4241 4242//4242
f 4243//4243 4244//4244 4245//4245
f 4246//4246 4247//4247 4248//4248
f 4249//4249 4250//4250 4251//4251
f 4252//4252 4253//4253 4254//4254
f 4255//4255 4256//4256 4257//4257
f 4258//4258 4259//4259 4260//4260
f 4261//4261 4262//4262 4263//4263
f 4264//4264 4265//4265 4266//4266
f 4267//4267 4268//4268 4269//4269
f 4270//4270 4271//4271 4272//4272
f 4273//4273 4274//4274 4275//4275
f 4276//4276 4277//4277 4278//4278
f 4279//4279 4280//4280 4281//4281
f 4282//4282 4283//4283 4284//4284
f 4285//4285 4286//4286 4287//4287
f 4288//4288 4289//4289 4290//4290
f 4291//4291 4292//4292 4293//4293
f 4294//4294 4295//4295 4296//4296
f 4297//4297 4298//4298 4299//4299
f 4300//4300 4301//4301 4302//4302
f 4303//4303 4304//4304 4305//4305
f 4306//4306 4307//4307 4308//4308
f 4309//4309 4310//4310 4311//4311
f 4312//4312 4313//4313 4314//4314
f 4315//4315 4316//4316 4317//4317
f 4318//4318 4319//4319 4320//4320
f 4321//4321 4322//4322 4323//4323
f 4324//4324 4325//4325 4326//4326
f 4327//4327 4328//4328 4329//4329
f 4330//4330 4331//4331 4332//4332
f 4333//4333 4334//4334 4335//4335
f 4336//4336 4337//4337 4338//4338
f 4339//4339 4340//4340 4341//4341
f 4342//4342 4343//4343 4344//4344
f 4345//4345 4346//4346 4347//4347
f 4348//4348 4349//4349 4350//4350
f 4351//4351 4352//4352 4353//4353
f 4354//4354 4355//4355 4356//4356
f 4357//4357 4358//4358 4359//4359
f 4360//4360 4361//4361 4362//4362
f 4363//4363 4364//4364 4365//4365
f 4366//4366 4367//4367 4368//4368
f 4369//4369 4370//4370 4371//4371
f 4372//4372 4373//4373 4374//4374
f 4375//4375 4376//4376 4377//4377
f 4378//4378 4379//4379 4380//4380
f 4381//4381 4382//4382 4383//4383
f 4384//4384 4385//4385 4386//4386
f 4387//4387 4388//4388 4389//4389
f 4390//4390 4391//4391 4392//4392
f 4393//4393 4394//4394 4395//4395
f 4396//4396 4397//4397 4398//4398
f 4399//4399 4400//4400 4401//4401
f 4402//4402 4403//4403 4404//4404
f 4405//4405 4406//4406 4407//4407
f 4408//4408 4409//4409 4410//4410
f 4411//4411 4412//4412 4413//4413
f 4414//4414 4415//4415 4416//4416
f 4417//4417 4418//4418 4419//4419
f 4420//4420 4421//4421 4422//4422
f 4423//4423 4424//4424 4425//4425
f 4426//4426 4427//4427 4428//4428
f 4429//4429 4430//4430 4431//4431
f 4432//4432 4433//4433 4434//4434
f 4435//4435 4436//4436 4437//4437
f 4438//4438 4439//4439 4440//4440
f 4441//4441 4442//4442 4443//4443
f 4444//4444 4445//4445 4446//4446
f 4447//4447 4448//4448 4449//4449
f 4450//4450 4451//4451 4452//4452
f 4453//4453 4454//4454 4455//4455
f 4456//4456 4457//4457 4458//4458
f 4459//4459 4460//4460 4461//4461
f 4462//4462 4463//4463 4464//4464
f 4465//4465 4466//4466 4467//4467
f 4468//4468 4469//4469 4470//4470
f 4471//4471 4472//4472 4473//4473
f 4474//4474 4475//4475 4476//4476
f 4477//4477 4478//4478 4479//4479
f 4480//4480 4481//4481 4482//4482
f 4483//4483 4484//4484 4485//4485
f 4486//4486 4487//4487 4488//4488
f 4489//4489 4490//4490 4491//4491
f 4492//4492 4493//4493 4494//4494
f 4495//4495 4496//4496 4497//4497
f 4498//4498 4499//4499 4500//4500
f 4501//4501 4502//4502 4503//4503
f 4504//4504 4505//4505 4506//4506
f 4507//4507 4508//4508 4509//4509
f 4510//4510 4511//4511 4512//4512
f 4513//4513 4514//4514 4515//4515
f 4516//4516 4517//4517 4518//4518
f 4519//4519 4520//4520 4521//4521
f 4522//4522 4523//4523 4524//4524
f 4525//4525 4526//4526 4527//4527
f 4528//4528 4529//4529 4530//4530
f 4531//4531 4532//4532 4533//4533
f 4534//4534 4535//4535 4536//4536
f 4537//4537 4538//4538 4539//4539
f 4540//4540 4541//4541 4542//4542
f 4543//4543 4544//4544 4545//4545
f 4546//4546 4547//4547 4548//4548
f 4549//4549 4550//4550 4551//4551
f 4552//4552 4553//4553 4554//4554
f 4555//4555 4556//4556 4557//4557
f 4558//4558 4559//4559 4560//4560
f 4561//4561 4562//4562 4563//4563
f 4564//4564 4565//4565 4566//4566
f 4567//4567 4568//4568 4569//4569
f 4570//4570 4571//4571 4572//4572
f 4573//4573 4574//4574 4575//4575
f 4576//4576 4577//4577 4578//4578
f 4579//4579 4580//4580 4581//4581
f 4582//4582 4583//4583 4584//4584
f 4585//4585 4586//4586 4587//4587
f 4588//4588 4589//4589 4590//4590
f 4591//4591 4592//4592 4593//4593
f 4594//4594 4595//4595 4596//4596
f 4597//4597 4598//4598 4599//4599
f 4600//4600 4601//4601 4602//4602
f 4603//4603 4604//4604 4605//4605
f 4606//4606 4607//4607 4608//4608
f 4609//4609 4610//4610 4611//4611
f 4612//4612 4613//4613 4614//4614
f 4615//4615 4616//4616 4617//4617
f 4618//4618 4619//4619 4620//4620
f 4621//4621 4622//4622 4623//4623
f 4624//4624 4625//4625 4626//4626
f 4627//4627 4628//4628 4629//4629
f 4630//4630 4631//4631 4632//4632
f 4633//4633 4634//4634 4635//4635
f 4636//4636 4637//4637 4638//4638
f 4639//4639 4640//4640 4641//4641
f 4642//4642 4643//4643 4644//4644
f 4645//4645 4646//4646 4647//4647
f 4648//4648 4649//4649 4650//4650
f 4651//4651 4652//4652 4653//4653
f 4654//4654 4655//4655 4656//4656
f 4657//4657 4658//4658 4659//4659
f 4660//4660 4661//4661 4662//4662
f 4663//4663 4664//4664 4665//4665
f 4666//4666 4667//4667 4668//4668
f 4669//4669 4670//4670 4671//4671
f 4672//4672 4673//4673 4674//4674
f 4675//4675 4676//4676 4677//4677
f 4678//4678 4679//4679 4680//4680
f 4681//4681 4682//4682 4683//4683
f 4684//4684 4685//4685 4686//4686
f 4687//4687 4688//4688 4689//4689
f 4690//4690 4691//4691 4692//4692
f 4693//4693 4694//4694 4695//4695
f 4696//4696 4697//4697 4698//4698
f 4699//4699 4700//4700 4701//4701
f 4702//4702 4703//4703 4704//4704
f 4705//4705 4706//4706 4707//4707
f 4708//4708 4709//4709 4710//4710
f 4711//4711 4712//4712 4713//4713
f 4714//4714 4715//4715 4716//4716
f 4717//4717 4718//4718 4719//4719
f 4720//4720 4721//4721 4722//4722
f 4723//4723 4724//4724 4725//4725
f 4726//4726 4727//4727 4728//4728
f 4729//4729 4730//4730 4731//4731
f 4732//4732 4733//4733 4734//4734
f 4735//4735 4736//4736 4737//4737
f 4738//4738 4739//4739 4740//4740
f 4741//4741 4742//4742 4743//4743
f 4744//4744 4745//4745 4746//4746
f 4747//4747 4748//4748 4749//4749
f 4750//4750 4751//4751 4752//4752
f 4753//4753 4754//4754 4755//4755
f 4756//4756 4757//4757 4758//4758
f 4759//4759 4760//4760 4761//4761
f 4762//4762 4763//4763 4764//4764
f 4765//4765 4766//4766 4767//4767
f 4768//4768 4769//4769 4770//4770
f 4771//4771 4772//4772 4773//4773
f 4774//4774 4775//4775 4776//4776
f 4777//4777 4778//4778 4779//4779
f 4780//4780 4781//4781 4782//4782
f 4783//4783 4784//4784 4785//4785
f 4786//4786 4787//4787 4788//4788
f 4789//4789 4790//4790 4791//4791
f 4792//4792 4793//4793 4794//4794
f 4795//4795 4796//4796 4797//4797
f 4798//4798 4799//4799 4800//4800
f 4801//4801 4802//4802 4803//4803
f 4804//4804 4805//4805 4806//4806
f 4807//4807 4808//4808 4809//4809
f 4810//4810 4811//4811 4812//4812
f 4813//4813 4814//4814 4815//4815
f 4816//4816 4817//4817 4818//4818
f 4819//4819 4820//4820 4821//4821
f 4822//4822 4823//4823 4824//4824
f 4825//4825 4826//4826 4827//4827
f 4828//4828 4829//4829 4830//4830
f 4831//4831 4832//4832 4833//4833
f 4834//4834 4835//4835 4836//4836
f 4837//4837 4838//4838 4839//4839
f 4840//4840 4841//4841 4842//4842
f 4843//4843 4844//4844 4845//4845
f 4846//4846 4847//4847 4848//4848
f 4849//4849 4850//4850 4851//4851
f 4852//4852 4853//4853 4854//4854
f 4855//4855 4856//4856 4857//4857
f 4858//4858 4859//4859 4860//4860
f 4861//4861 4862//4862 4863//4863
f 4864//4864 4865//4865 4866//4866
f 4867//4867 4868//4868 4869//4869
f 4870//4870 4871//4871 4872//4872
f 4873//4873 4874//4874 4875//4875
f 4876//4876 4877//4877 4878//4878
f 4879//4879 4880//4880 4881//4881
f 4882//4882 4883//4883 4884//4884
f 4885//4885 4886//4886 4887//4887
f 4888//4888 4889//4889 4890//4890
f 4891//4891 4892//4892 4893//4893
f 4894//4894 4895//4895 4896//4896
f 4897//4897 4898//4898 4899//4899
f 4900//4900 4901//4901 4902//4902
f 4903//4903 4904//4904 4905//4905
f 4906//4906 4907//4907 4908//4908
f 4909//4909 4910//4910 4911//4911
f 4912//4912 4913//4913 4914//4914
f 4915//4915 4916//4916 4917//4917
f 4918//4918 4919//4919 4920//4920
f 4921//4921 4922//4922 4923//4923
f 4924//4924 4925//4925 4926//4926
f 4927//4927 4928//4928 4929//4929
f 4930//4930 4931//4931 4932//4932
f 4933//4933 4934//4934 4935//4935
f 4936//4936 4937//4937 4938//4938
f 4939//4939 4940//4940 4941//4941
f 4942//4942 4943//4943 4944//4944
f 4945//4945 4946//4946 4947//4947
f 4948//4948 4949//4949 4950//4950
f 4951//4951 4952//4952 4953//4953
f 4954//4954 4955//4955 4956//4956
f 4957//4957 4958//4958 4959//4959
f 4960//4960 4961//4961 4962//4962
f 4963//4963 4964//4964 4965//4965
f 4966//4966 4967//4967 4968//4968
f 4969//4969 4970//4970 4971//4971
f 4972//4972 4973//4973 4974//4974
f 4975//4975 4976//4976 4977//4977
f 4978//4978 4979//4979 4980//4980
f 4981//4981 4982//4982 4983//4983
f 4984//4984 4985//4985 4986//4986
f 4987//4987 4988//4988 4989//4989
f 4990//4990 4991//4991 4992//4992
f 4993//4993 4994//4994 4995//4995
f 4996//4996 4997//4997 4998//4998
f 4999//4999 5000//5000 5001//5001
f 5002//5002 5003//5003 5004//5004
f 5005//5005 5006//5006 5007//5007
f 5008//5008 5009//5009 5010//5010
f 5011//5011 5012//5012 5013//5013
f 5014//5014 5015//5015 5016//5016
f 5017//5017 5018//5018 5019//5019
f 5020//5020 5021//5021 5022//5022
f 5023//5023 5024//5024 5025//5025
f 5026//5026 5027//5027 5028//5028
f 5029//5029 5030//5030 5031//5031
f 5032//5032 5033//5033 5034//5034
f 5035//5035 5036//5036 5037//5037
f 5038//5038 5039//5039 5040//5040
f 5041//5041 5042//5042 5043//5043
f 5044//5044 5045//5045 5046//5046
f 5047//5047 5048//5048 5049//5049
f 5050//5050 5051//5051 5052//5052
f 5053//5053 5054//5054 5055//5055
f 5056//5056 5057//5057 5058//5058
f 5059//5059 5060//5060 5061//5061
f 5062//5062 5063//5063 5064//5064
f 5065//5065 5066//5066 5067//5067
f 5068//5068 5069//5069 5070//5070
f 5071//5071 5072//5072 5073//5073
f 5074//5074 5075//5075 5076//5076
f 5077//5077 5078//5078 5079//5079
f 5080//5080 5081//5081 5082//5082
f 5083//5083 5084//5084 5085//5085
f 5086//5086 5087//5087 5088//5088
f 5089//5089 5090//5090 5091//5091
f 5092//5092 5093//5093 5094//5094
f 5095//5095 5096//5096 5097//5097
f 5098//5098 5099//5099 5100//5100
f 5101//5101 5102//5102 5103//5103
f 5104//5104 5105//5105 5106//5106
f 5107//5107 5108//5108 5109//5109
f 5110//5110 5111//5111 5112//5112
f 5113//5113 5114//5114 5115//5115
f 5116//5116 5117//5117 5118//5118
f 5119//5119 5120//5120 5121//5121
f 5122//5122 5123//5123 5124//5124
f 5125//5125 5126//5126 5127//5127
f 5128//5128 5129//5129 5130//5130
f 5131//5131 5132//5132 5133//5133
f 5134//5134 5135//5135 5136//5136
f 5137//5137 5138//5138 5139//5139
f 5140//5140 5141//5141 5142//5142
f 5143//5143 5144//5144 5145//5145
f 5146//5146 5147//5147 5148//5148
f 5149//5149 5150//5150 5151//5151
f 5152//5152 5153//5153 5154//5154
f 5155//5155 5156//5156 5157//5157
f 5158//5158 5159//5159 5160//5160
f 5161//5161 5162//5162 5163//5163
f 5164//5164 5165//5165 5166//5166
f 5167//5167 5168//5168 5169//5169
f 5170//5170 5171//5171 5172//5172
f 5173//5173 5174//5174 5175//5175
f 5176//5176 5177//5177 5178//5178
f 5179//5179 5180//5180 5181//5181
f 5182//5182 5183//5183 5184//5184
f 5185//5185 5186//5186 5187//5187
f 5188//5188 5189//5189 5190//5190
f 5191//5191 5192//5192 5193//5193
f 5194//5194 5195//5195 5196//5196
f 5197//5197 5198//5198 5199//5199
f 5200//5200 5201//5201 5202//5202
f 5203//5203 5204//5204 5205//5205
f 5206//5206 5207//5207 5208//5208
f 5209//5209 5210//5210 5211//5211
f 5212//5212 5213//5213 5214//5214
f 5215//5215 5216//5216 5217//5217
f 5218//5218 5219//5219 5220//5220
f 5221//5221 5222//5222 5223//5223
f 5224//5224 5225//5225 5226//5226
f 5227//5227 5228//5228 5229//5229
f 5230//5230 5231//5231 5232//5232
f 5233//5233 5234//5234 5235//5235
f 5236//5236 5237//5237 5238//5238
f 5239//5239 5240//5240 5241//5241
f 5242//5242 5243//5243 5244//5244
f 5245//5245 5246//5246 5247//5247
f 5248//5248 5249//5249 5250//5250
f 5251//5251 5252//5252 5253//5253
f 5254//5254 5255//5255 5256//5256
f 5257//5257 5258//5258 5259//5259
f 5260//5260 5261//5261 5262//5262
f 5263//5263 5264//5264 5265//5265
f 5266//5266 5267//5267 5268//5268
f 5269//5269 5270//5270 5271//5271
f 5272//5272 5273//5273 5274//5274
f 5275//5275 5276//5276 5277//5277
f 5278//5278 5279//5279 5280//5280
f 5281//5281 5282//5282 5283//5283
f 5284//5284 5285//5285 5286//5286
f 5287//5287 5288//5288 5289//5289
f 5290//5290 5291//5291 5292//5292
f 5293//5293 5294//5294 5295//5295
f 5296//5296 5297//5297 5298//5298
f 5299//5299 5300//5300 5301//5301
f 5302//5302 5303//5303 5304//5304
f 5305//5305 5306//5306 5307//5307
f 5308//5308 5309//5309 5310//5310
f 5311//5311 5312//5312 5313//5313
f 5314//5314 5315//5315 5316//5316
f 5317//5317 5318//5318 5319//5319
f 5320//5320 5321//5321 5322//5322
f 5323//5323 5324//5324 5325//5325
f 5326//5326 5327//5327 5328//5328
f 5329//5329 5330//5330 5331//5331
f 5332//5332 5333//5333 5334//5334
f 5335//5335 5336//5336 5337//5337
f 5338//5338 5339//5339 5340//5340
f 5341//5341 5342//5342 5343//5343
f 5344//5344 5345//5345 5346//5346
f 5347//5347 5348//5348 5349//5349
f 5350//5350 5351//5351 5352//5352
f 5353//5353 5354//5354 5355//5355
f 5356//5356 5357//5357 5358//5358
f 5359//5359 5360//5360 5361//5361
f 5362//5362 5363//5363 5364//5364
f 5365//5365 5366//5366 5367//5367
f 5368//5368 5369//5369 5370//5370
f 5371//5371 5372//5372 5373//5373
f 5374//5374 5375//5375 5376//5376
f 5377//5377 5378//5378 5379//5379
f 5380//5380 5381//5381 5382//5382
f 5383//5383 5384//5384 5385//5385
f 5386//5386 5387//5387 5388//5388
f 5389//5389 5390//5390 5391//5391
f 5392//5392 5393//5393 5394//5394
f 5395//5395 5396//5396 5397//5397
f 5398//5398 5399//5399 5400//5400
f 5401//5401 5402//5402 5403//5403
f 5404//5404 5405//5405 5406//5406
f 5407//5407 5408//5408 5409//5409
f 5410//5410 5411//5411 5412//5412
f 5413//5413 5414//5414 5415//5415
f 5416//5416 5417//5417 5418//5418
f 5419//5419 5420//5420 5421//5421
f 5422//5422 5423//5423 5424//5424
f 5425//5425 5426//5426 5427//5427
f 5428//5428 5429//5429 5430//5430
f 5431//5431 5432//5432 5433//5433
f 5434//5434 5435//5435 5436//5436
f 5437//5437 5438//5438 5439//5439
f 5440//5440 5441//5441 5442//5442
f 5443//5443 5444//5444 5445//5445
f 5446//5446 5447//5447 5448//5448
f 5449//5449 5450//5450 5451//5451
f 5452//5452 5453//5453 5454//5454
f 5455//5455 5456//5456 5457//5457
f 5458//5458 5459//5459 5460//5460
f 5461//5461 5462//5462 5463//5463
f 5464//5464 5465//5465 5466//5466
f 5467//5467 5468//5468 5469//5469
f 5470//5470 5471//5471 5472//5472
f 5473//5473 5474//5474 5475//5475
f 5476//5476 5477//5477 5478//5478
f 5479//5479 5480//5480 5481//5481
f 5482//5482 5483//5483 5484//5484
f 5485//5485 5486//5486 5487//5487
f 5488//5488 5489//5489 5490//5490
f 5491//5491 5492//5492 5493//5493
f 5494//5494 5495//5495 5496//5496
f 5497//5497 5498//5498 5499//5499
f 5500//5500 5501//5501 5502//5502
f 5503//5503 5504//5504 5505//5505
f 5506//5506 5507//5507 5508//5508
f 5509//5509 5510//5510 5511//5511
f 5512//5512 5513//5513 5514//5514
f 5515//5515 5516//5516 5517//5517
f 5518//5518 5519//5519 5520//5520
f 5521//5521 5522//5522 5523//5523
f 5524//5524 5525//5525 5526//5526
f 5527//5527 5528//5528 5529//5529
f 5530//5530 5531//5531 5532//5532
f 5533//5533 5534//5534 5535//5535
f 5536//5536 5537//5537 5538//5538
f 5539//5539 5540//5540 5541//5541
f 5542//5542 5543//5543 5544//5544
f 5545//5545 5546//5546 5547//5547
f 5548//5548 5549//5549 5550//5550
f 5551//5551 5552//5552 5553//5553
f 5554//5554 5555//5555 5556//5556
f 5557//5557 5558//5558 5559//5559
f 5560//5560 5561//5561 5562//5562
f 5563//5563 5564//5564 5565//5565
f 5566//5566 5567//5567 5568//5568
f 5569//5569 5570//5570 5571//5571
f 5572//5572 5573//5573 5574//5574
f 5575//5575 5576//5576 5577//5577
f 5578//5578 5579//5579 5580//5580
f 5581//5581 5582//5582 5583//5583
f 5584//5584 5585//5585 5586//5586
f 5587//5587 5588//5588 5589//5589
f 5590//5590 5591//5591 5592//5592
f 5593//5593 5594//5594 5595//5595
f 5596//5596 5597//5597 5598//5598
f 5599//5599 5600//5600 5601//5601
f 5602//5602 5603//5603 5604//5604
f 5605//5605 5606//5606 5607//5607
f 5608//5608 5609//5609 5610//5610
f 5611//5611 5612//5612 5613//5613
f 5614//5614 5615//5615 5616//5616
f 5617//5617 5618//5618 5619//5619
f 5620//5620 5621//5621 5622//5622
f 5623//5623 5624//5624 5625//5625
f 5626//5626 5627//5627 5628//5628
f 5629//5629 5630//5630 5631//5631
f 5632//5632 5633//5633 5634//5634
f 5635//5635 5636//5636 5637//5637
f 5638//5638 5639//5639 5640//5640
f 5641//5641 5642//5642 5643//5643
f 5644//5644 5645//5645 5646//5646
f 5647//5647 5648//5648 5649//5649
f 5650//5650 5651//5651 5652//5652
f 5653//5653 5654//5654 5655//5655
f 5656//5656 5657//5657 5658//5658
f 5659//5659 5660//5660 5661//5661
f 5662//5662 5663//5663 5664//5664
f 5665//5665 5666//5666 5667//5667
f 5668//5668 5669//5669 5670//5670
f 5671//5671 5672//5672 5673//5673
f 5674//5674 5675//5675 5676//5676
f 5677//5677 5678//5678 5679//5679
f 5680//5680 5681//5681 5682//5682
f 5683//5683 5684//5684 5685//5685
f 5686//5686 5687//5687 5688//5688
f 5689//5689 5690//5690 5691//5691
f 5692//5692 5693//5693 5694//5694
f 5695//5695 5696//5696 5697//5697
f 5698//5698 5699//5699 5700//5700
f 5701//5701 5702//5702 5703//5703
f 5704//5704 5705//5705 5706//5706
f 5707//5707 5708//5708 5709//5709
f 5710//5710 5711//5711 5712//5712
f 5713//5713 5714//5714 5715//5715
f 5716//5716 5717//5717 5718//5718
f 5719//5719 5720//5720 5721//5721
f 5722//5722 5723//5723 5724//5724
f 5725//5725 5726//5726 5727//5727
f 5728//5728 5729//5729 5730//5730
f 5731//5731 5732//5732 5733//5733
f 5734//5734 5735//5735 5736//5736
f 5737//5737 5738//5738 5739//5739
f 5740//5740 5741//5741 5742//5742
f 5743//5743 5744//5744 5745//5745
f 5746//5746 5747//5747 5748//5748
f 5749//5749 5750//5750 5751//5751
f 5752//5752 5753//5753 5754//5754
f 5755//5755 5756//5756 5757//5757
f 5758//5758 5759//5759 5760//5760
f 5761//5761 5762//5762 5763//5763
f 5764//5764 5765//5765 5766//5766
f 5767//5767 5768//5768 5769//5769
f 5770//5770 5771//5771 5772//5772
f 5773//5773 5774//5774 5775//5775
f 5776//5776 5777//5777 5778//5778
f 5779//5779 5780//5780 5781//5781
f 5782//5782 5783//5783 5784//5784
f 5785//5785 5786//5786 5787//5787
f 5788//5788 5789//5789 5790//5790
f 5791//5791 5792//5792 5793//5793
f 5794//5794 5795//5795 5796//5796
f 5797//5797 5798//5798 5799//5799
f 5800//5800 5801//5801 5802//5802
f 5803//5803 5804//5804 5805//5805
f 5806//5806 5807//5807 5808//5808
f 5809//5809 5810//5810 5811//5811
f 5812//5812 5813//5813 5814//5814
f 5815//5815 5816//5816 5817//5817
f 5818//5818 5819//5819 5820//5820
f 5821//5821 5822//5822 5823//5823
f 5824//5824 5825//5825 5826//5826
f 5827//5827 5828//5828 5829//5829
f 5830//5830 5831//5831 5832//5832
f 5833//5833 5834//5834 5835//5835
f 5836//5836 5837//5837 5838//5838
f 5839//5839 5840//5840 5841//5841
f 5842//5842 5843//5843 5844//5844
f 5845//5845 5846//5846 5847//5847
f 5848//5848 5849//5849 5850//5850
f 5851//5851 5852//5852 5853//5853
f 5854//5854 5855//5855 5856//5856
f 5857//5857 5858//5858 5859//5859
f 5860//5860 5861//5861 5862//5862
f 5863//5863 5864//5864 5865//5865
f 5866//5866 5867//5867 5868//5868
f 5869//5869 5870//5870 5871//5871
f 5872//5872 5873//5873 5874//5874
f 5875//5875 5876//5876 5877//5877
f 5878//5878 5879//5879 5880//5880
f 5881//5881 5882//5882 5883//5883
f 5884//5884 5885//5885 5886//5886
f 5887//5887 5888//5888 5889//5889
f 5890//5890 5891//5891 5892//5892
f 5893//5893 5894//5894 5895//5895
f 5896//5896 5897//5897 5898//5898
f 5899//5899 5900//5900 5901//5901
f 5902//5902 5903//5903 5904//5904
f 5905//5905 5906//5906 5907//5907
f 5908//5908 5909//5909 5910//5910
f 5911//5911 5912//5912 5913//5913
f 5914//5914 5915//5915 5916//5916
f 5917//5917 5918//5918 5919//5919
f 5920//5920 5921//5921 5922//5922
f 5923//5923 5924//5924 5925//5925
f 5926//5926 5927//5927 5928//5928
f 5929//5929 5930//5930 5931//5931
f 5932//5932 5933//5933 5934//5934
f 5935//5935 5936//5936 5937//5937
f 5938//5938 5939//5939 5940//5940
f 5941//5941 5942//5942 5943//5943
f 5944//5944 5945//5945 5946//5946
f 5947//5947 5948//5948 5949//5949
f 5950//5950 5951//5951 5952//5952
f 5953//5953 5954//5954 5955//5955
f 5956//5956 5957//5957 5958//5958
f 5959//5959 5960//5960 5961//5961
f 5962//5962 5963//5963 5964//5964
f 5965//5965 5966//5966 5967//5967
f 5968//5968 5969//5969 5970//5970
f 5971//5971 5972//5972 5973//5973
f 5974//5974 5975//5975 5976//5976
f 5977//5977 5978//5978 5979//5979
f 5980//5980 5981//5981 5982//5982
f 5983//5983 5984//5984 5985//5985
f 5986//5986 5987//5987 5988//5988
f 5989//5989 5990//5990 5991//5991
f 5992//5992 5993//5993 5994//5994
f 5995//5995 5996//5996 5997//5997
f 5998//5998 5999//5999 6000//6000
f 6001//6001 6002//6002 6003//6003
f 6004//6004 6005//6005 6006//6006
f 6007//6007 6008//6008 6009//6009
f 6010//6010 6011//6011 6012//6012
f 6013//6013 6014//6014 6015//6015
f 6016//6016 6017//6017 6018//6018
f 6019//6019 6020//6020 6021//6021
f 6022//6022 6023//6023 6024//6024
f 6025//6025 6026//6026 6027//6027
f 6028//6028 6029//6029 6030//6030
f 6031//6031 6032//6032 6033//6033
f 6034//6034 6035//6035 6036//6036
f 6037//6037 6038//6038 6039//6039
f 6040//6040 6041//6041 6042//6042
f 6043//6043 6044//6044 6045//6045
f 6046//6046 6047//6047 6048//6048
f 6049//6049 6050//6050 6051//6051
f 6052//6052 6053//6053 6054//6054
f 6055//6055 6056//6056 6057//6057
f 6058//6058 6059//6059 6060//6060
f 6061//6061 6062//6062 6063//6063
f 6064//6064 6065//6065 6066//6066
f 6067//6067 6068//6068 6069//6069
f 6070//6070 6071//6071 6072//6072
f 6073//6073 6074//6074 6075//6075
f 6076//6076 6077//6077 6078//6078
f 6079//6079 6080//6080 6081//6081
f 6082//6082 6083//6083 6084//6084
f 6085//6085 6086//6086 6087//6087
f 6088//6088 6089//6089 6090//6090
f 6091//6091 6092//6092 6093//6093
f 6094//6094 6095//6095 6096//6096
f 6097//6097 6098//6098 6099//6099
f 6100//6100 6101//6101 6102//6102
f 6103//6103 6104//6104 6105//6105
f 6106//6106 6107//6107 6108//6108
f 6109//6109 6110//6110 6111//6111
f 6112//6112 6113//6113 6114//6114
f 6115//6115 6116//6116 6117//6117
f 6118//6118 6119//6119 6120//6120
f 6121//6121 6122//6122 6123//6123
f 6124//6124 6125//6125 6126//6126
f 6127//6127 6128//6128 6129//6129
f 6130//6130 6131//6131 6132//6132
f 6133//6133 6134//6134 6135//6135
f 6136//6136 6137//6137 6138//6138
f 6139//6139 6140//6140 6141//6141
f 6142//6142 6143//6143 6144//6144
f 6145//6145 6146//6146 6147//6147
f 6148//6148 6149//6149 6150//6150
f 6151//6151 6152//6152 6153//6153
f 6154//6154 6155//6155 6156//6156
f 6157//6157 6158//6158 6159//6159
f 6160//6160 6161//6161 6162//6162
f 6163//6163 6164//6164 6165//6165
f 6166//6166 6167//6167 6168//6168
f 6169//6169 6170//6170 6171//6171
f 6172//6172 6173//6173 6174//6174
f 6175//6175 6176//6176 6177//6177
f 6178//6178 6179//6179 6180//6180
f 6181//6181 6182//6182 6183//6183
f 6184//6184 6185//6185 6186//6186
f 6187//6187 6188//6188 6189//6189
f 6190//6190 6191//6191 6192//6192
f 6193//6193 6194//6194 6195//6195
f 6196//6196 6197//6197 6198//6198
f 6199//6199 6200//6200 6201//6201
f 6202//6202 6203//6203 6204//6204
f 6205//6205 6206//6206 6207//6207
f 6208//6208 6209//6209 6210//6210
f 6211//6211 6212//6212 6213//6213
f 6214//6214 6215//6215 6216//6216
f 6217//6217 6218//6218 6219//6219
f 6220//6220 6221//6221 6222//6222
f 6223//6223 6224//6224 6225//6225
f 6226//6226 6227//6227 6228//6228
f 6229//6229 6230//6230 6231//6231
f 6232//6232 6233//6233 6234//6234
f 6235//6235 6236//6236 6237//6237
f 6238//6238 6239//6239 6240//6240
f 6241//6241 6242//6242 6243//6243
f 6244//6244 6245//6245 6246//6246
f 6247//6247 6248//6248 6249//6249
f 6250//6250 6251//6251 6252//6252
f 6253//6253 6254//6254 6255//6255
f 6256//6256 6257//6257 6258//6258
f 6259//6259 6260//6260 6261//6261
f 6262//6262 6263//6263 6264//6264
f 6265//6265 6266//6266 6267//6267
f 6268//6268 6269//6269 6270//6270
f 6271//6271 6272//6272 6273//6273
f 6274//6274 6275//6275 6276//6276
f 6277//6277 6278//6278 6279//6279
f 6280//6280 6281//6281 6282//6282
f 6283//6283 6284//6284 6285//6285
f 6286//6286 6287//6287 6288//6288
f 6289//6289 6290//6290 6291//6291
f 6292//6292 6293//6293 6294//6294
f 6295//6295 6296//6296 6297//6297
f 6298//6298 6299//6299 6300//6300